ref_id,work_id,ref_doi,ref_search,oa_title,correct,ref_quality,openalex_id,match_method,confidence
1217_a26,1217,NA,We would like to thank the publishers,We would like to thank the clien,0,anystyle,W7095144952,offline_title_fuzzy,0.949662162162162
529_a14,529,NA,"Diccionario de Uso del Español, Edición en Moliner",Diccionario de uso del español. Ii . H.....Z,0,anystyle,W6990511340,offline_title_fuzzy,0.949637442320369
495_a10,495,NA,The evolution of stylometry in humanities computing Holmes 1998,The Evolution of Stylometry in Humanities Scholarship,0,anystyle,W2118537526,offline_title_fuzzy,0.949629236436166
350_a3,350,NA,La Biblia en la Península Ibérica durante la edad media (siglos XII-XV): el texto y su interpretación Reinhardt 2001,La Biblia en la Península ibérica durante la Edad Media (siglos Xll-XV): el texto y su interpretación. [Reseña],1,anystyle,W401091632,offline_title_fuzzy,0.949608843537415
1717_a6,1717,NA,The Challenges of Digital Scholarship Koh 2012 2012-01-25,The Challenges of Digital Leadership,0,anystyle,W2229075297,offline_title_fuzzy,0.9495904995905
7756_a3,7756,NA,"The Intertextual Web of Johnson's Dictionary and the Concept of Authorship"" McDermott 1994","The Intertextual Web of Johnson's Dictionary and the Concept of Authorship [1994, rptd. 1995, 1996, 2008]",1,anystyle,W1482041471,offline_title_fuzzy,0.94949494949495
1777_a1,1777,NA,No job for Techies: Technical Contribution to Research in the Digital Humanities Bradley 2010,No Job for Techies: Technical Contributions to Research in the Digital Humanities,1,anystyle,W2899214222,offline_title_fuzzy,0.949398734177215
427_a6,427,NA,"Edward Tufte, The Visual Display of Quantitative Information 2001 2001","Edward Tufte, The Visual Display of Quantitative Information, 1983. CSISS Classics",1,anystyle,W861739043,offline_title_fuzzy,0.949367088607595
9850_r7,9850,NA,“Proposal for a Directive of the European Parliament and of the Council on copyright in the Digital Single Market COM/2016/0593” (Copyright Directive / COD). https://eur-lex.europa.eu/legal-content/EN/TXT/?uri=CELEX%3A52016PC0593,Proposal for a Directive of the European Parliament and of the Council on copyright in the Digital Single Market,1,xml_bibl,W4385369170,offline_title_fuzzy,0.949333333333333
2035_a5,2035,NA,The order of things: an archaeology of the human sciences [Mots et les choses Foucault 1970,The order of things an archaeology of the human sciences,1,anystyle,W1488111828,offline_title_fuzzy,0.949333333333333
351_a3,351,NA,Towards a phonology of conversation turn-taking in Local; Kelly; Wells 1986,Towards a phonology of conversation: turn-taking in Tyneside English,1,anystyle,W2162060208,offline_title_fuzzy,0.949253731343284
1067_a17,1067,NA,"Corpus Linguistics, Computer Tools, and Applications","Corpus Linguistics, Computer Tools, and Applications - State of the Art",1,anystyle,W2536442256,offline_title_fuzzy,0.949253731343284
1380_a5,1380,NA,"""Quivering web of living thought:"" Conceptual networks in Swinburne's Songs of the Springtides Swinburne and the singing word Walsh; C 2010",“Quivering Web of Living Thought”: Conceptual Networks in Swinburne’s Songs of the Springtides,1,anystyle,W4250366719,offline_title_fuzzy,0.949180327868852
1944_a5,1944,NA,The Archaeology of Knowledge & The Discourse on Language Foucault 1982,"The archaeology of knowledge ; and, The discourse on language",1,anystyle,W1592182057,offline_title_fuzzy,0.949169859514687
865_a15,865,NA,An Evaluation of Text-Classifi cation Methods for Yu 2007,An Evaluation of Text Classific ation Methods for Literary Study,1,anystyle,W2187171865,offline_title_fuzzy,0.949043367346939
1833_a7,1833,NA,"Keyboard Behavior Based Authentication for Security"" 2013 2013-06-18",Keyboard-Behavior-Based Authentication,1,anystyle,W2032390994,offline_title_fuzzy,0.949019607843137
3772_a8,3772,NA,"The Historical Thesaurus of English, version 4.2 2016",The historical thesaurus of English,1,anystyle,W7010512156,offline_title_fuzzy,0.948936170212766
1454_a1,1454,NA,Explorative visualization and analysis of a social network for arts Buter; Dijkshoorn; Modolo; Nguyen; Noort; Poel; Salah; Salah 2011,Explorative visualization and analysis of a social network for arts: the case of deviantART,1,anystyle,W2138850006,offline_title_fuzzy,0.948888888888889
1995_a11,1995,NA,James Joyce’s Dublin: A Topographical Guide to the Dublin of Ulysses: with 121 Illustrations Gunn; Hart; Beck 2004,James Joyce's Dublin: A Topographical Guide to the Dublin of Ulysses,1,anystyle,W581883242,offline_title_fuzzy,0.948888888888889
319_a10,319,NA,Metadata for Digital Preservation: The CEDARS Project Outline Specification Online Project 2000-03,METADATA FOR DIGITAL PRESERVATION THE CEDARS PROJECT OUTLINE SPECIFICATION DRAFT FOR PUBLIC CONSULTATION,1,anystyle,W7098484420,offline_title_fuzzy,0.948877018043685
527_a3,527,NA,The Tibetan and Himalayan Digital Library,The Tibetan and Himalayan Library,0,anystyle,W1552036924,offline_title_fuzzy,0.948854397634885
1223_a16,1223,NA,The New Review of Hypermedia and,The New Review of Hypermedia and Multimedia,1,anystyle,W2256001706,offline_title_fuzzy,0.948837209302326
1999_a16,1999,NA,"Konkordanz zum hebräischen Alten Testament, nach dem von Paul Kahle in der Biblia Hebraica edidit R. Kittel besorgten masoretischen Text Lisowsky 1958",Konkordanz zum hebräischen Alten Testament : nach dem von PaulKahle in der Biblia Hebraica edidit Rudolf Kittel besorgtenMasoretischen Text,1,anystyle,W2748692849,offline_title_fuzzy,0.948806564391051
905_a30,905,NA,Affective and Emotional Aspects of Human-Computer Interaction,Affective and emotional aspects of human‐computer interaction – Edited by Maja Pivec,1,anystyle,W2001637523,offline_title_fuzzy,0.948780487804878
1242_a80,1242,NA,"Indian Epigraphy, its Bearing on Art History",Indian epigraphy its bearing on the history of art,1,anystyle,W7079208598,offline_title_fuzzy,0.948744186046512
2448_r6,2448,NA,EVT (Edition Visualization Technology). http://sourceforge.net/projects/evt-project/ (accessed 29 February 2016).,EVT - Edition Visualization Technology 2 (v. beta 2),1,xml_bibl,W7009815759,offline_title_fuzzy,0.948726323856794
750_a42,750,NA,• Text Analysis Portal for Research (TAPoR) Project <htt p://www.tapor.ca/>,Text Analysis Portal for Research (TAPoR) Archive,1,anystyle,W6940510207,offline_title_fuzzy,0.948726323856794
883_a19,883,NA,Building Learning Communities in Online Swan 2002,Building Learning Communities,1,anystyle,W4414230788,offline_title_fuzzy,0.948717948717949
909_a12,909,NA,"Intelligence in Everyday Life, LNAI 3864",Intelligence in Everyday Life,1,anystyle,W7125582043,offline_title_fuzzy,0.948717948717949
9024_a4,9024,NA,The Human Presence in Digital Galey 2010,The Human Presence in Digital Artefacts,1,anystyle,W4303092061,offline_title_fuzzy,0.948717948717949
626_a70,626,NA,A Critical Examination of Assumptions Sanford; Aked; Moxey; Mulin 1994,A Critical Examination of ‘Humanity’,0,anystyle,W2904310026,offline_title_fuzzy,0.94870826709062
767_a11,767,NA,Institutional Repositories: Essential Lynch,Institutional repositories (IR),1,anystyle,W6949534959,offline_title_fuzzy,0.948659003831418
10483_r3,10483,NA,Digital Humanities Austria: http://clarin.arz.oeaw.ac.at/dha/.,Digital Humanities Austria Taxonomy,0,xml_bibl,W6921388500,offline_title_fuzzy,0.948571428571429
587_a2,587,NA,Image Retrieval: Theory and Jörgensen 2003,Image Retrieval: Theory and Research,1,anystyle,W2018938181,offline_title_fuzzy,0.948571428571429
1196_a1,1196,NA,Using Corpora in Discourse,Using corpora in discourse analysis,1,anystyle,W4300243878,offline_title_fuzzy,0.948571428571429
1483_a2,1483,NA,Characteristics of a productive research environment: Literature review Bland; Ruffin 1992,Characteristics of a productive research environment,1,anystyle,W1985237176,offline_title_fuzzy,0.948571428571429
1975_a7,1975,NA,"Cartographie Sémantique, des connaissances à la carte, thèse de doctorat Tricot 2006",Cartographie sémantique : des connaissances à la carte,1,anystyle,W2294371598,offline_title_fuzzy,0.948571428571429
3813_a16,3813,NA,Mapping Digital Humanities Sugimoto; Thelwall; Larivière; Ding; Milojevic 2013,Mapping digital humanities in India,0,anystyle,W2610836031,offline_title_fuzzy,0.948571428571429
3905_a5,3905,NA,Processing and Recognition 2014,Processing and Recognition of Voice,1,anystyle,W2020301447,offline_title_fuzzy,0.948571428571429
1653_a1,1653,NA,Should Liberal Arts Campuses Do Digital Humanities? Process and Products in the Small College World. Debates in the Digital Humanities Alexander; Davis 2012,Should Liberal Arts Campuses Do Digital Humanities? Process and Products in the Small College World,1,anystyle,W2496751202,offline_title_fuzzy,0.948484848484848
1909_a1,1909,NA,Should Liberal Arts Campuses Do Digital Humanities? Process and Products in the Small College World.”Debates in the Digital Humanities Alexander; Davis 2012,Should Liberal Arts Campuses Do Digital Humanities? Process and Products in the Small College World,1,anystyle,W2496751202,offline_title_fuzzy,0.948484848484848
1913_a5,1913,NA,Should Liberal Arts Campuses Do Digital Humanities? Process and Products in the Small College World. Debates in the Digital Humanities Alexander; Davis 2012,Should Liberal Arts Campuses Do Digital Humanities? Process and Products in the Small College World,1,anystyle,W2496751202,offline_title_fuzzy,0.948484848484848
2135_a4,2135,NA,"XML-Kodierung des Bonner Frühneuhochdeutschkorpus, Universität Bonn Diel; Fisseni; Lenders; Schmitz 2002",XML-Kodierung des Bonner Frühneuhochdeutschkorpus,1,anystyle,W7044085563,offline_title_fuzzy,0.948484848484848
685_a4,685,NA,Supporting annotation as a scholarly tool: experiences from the Online Bradley; Vetch 2005,Supporting Annotation as a Scholarly Tool--Experiences From the Online Chopin Variorum Edition,1,anystyle,W2122080230,offline_title_fuzzy,0.948387096774194
1397_a5,1397,NA,"How much do formal narrative annotations differ? A Proppian case study Münster: MV-Wissenschaft Bod; Löwe; Saraf 2011 July 4–6, 2011",HOW MUCH DO FORMAL NARRATIVE ANNOTATIONS DIFFER? A Proppian case study,1,anystyle,W184976160,offline_title_fuzzy,0.948387096774194
4016_a3,4016,NA,Graphesis: visual forms of knowledge production. MetaLABprojects Drucker 2014,Graphesis: visual forms of knowledge production,1,anystyle,W2291191114,offline_title_fuzzy,0.948387096774194
701_a13,701,NA,User Centred Interactive Search: A study of humanities users in a digital library environment Warwick; A.; Buchanan 2005 June 15-18,User Centred Interactive Search: a Study of Humanities Researchers in a Digital Library Environment,1,anystyle,W2222490958,offline_title_fuzzy,0.948375537505972
1043_a6,1043,NA,Computational Stylistics and Translated Texts,Computational stylistics and text analysis,0,anystyle,W6999532255,offline_title_fuzzy,0.948253968253968
713_a1,713,NA,"Gender, Genre, and Writing Style in Formal Shimoni","Gender, genre, and writing style in formal written texts",1,anystyle,W2063205814,offline_title_fuzzy,0.948148148148148
714_a1,714,NA,"Gender, Genre and Writing Style in Formal Shimoni","Gender, genre, and writing style in formal written texts",1,anystyle,W2063205814,offline_title_fuzzy,0.948148148148148
746_a4,746,NA,"Gender, Genre, and Writing Style in Formal Shimoni","Gender, genre, and writing style in formal written texts",1,anystyle,W2063205814,offline_title_fuzzy,0.948148148148148
747_a1,747,NA,"Gender, Genre and Writing Style in Formal Shimoni","Gender, genre, and writing style in formal written texts",1,anystyle,W2063205814,offline_title_fuzzy,0.948148148148148
3832_a15,3832,NA,"Towards an Intellectual History of Digitisation: Myths,Dystopias, and Discursive Shifts in Museum Computing” Sartori 2015 2015-03","Towards an intellectual history of digitization: Myths, dystopias, and discursive shifts in museum computing",1,anystyle,W2134764887,offline_title_fuzzy,0.948113553113553
696_a5,696,NA,Automated detection and annotation of term definitions in Storrer; Wellinghoff 2006,Automated detection and annotation of term definitions in German text corpora,1,anystyle,W2756782426,offline_title_fuzzy,0.948051948051948
1881_a7,1881,NA,Learning to extract information from semistructured text using a discriminative context free grammar Viola; Narasimhand 2005,Learning to extract information from semi-structured text using a discriminative context free grammar,1,anystyle,W2041522124,offline_title_fuzzy,0.948019801980198
909_a7,909,NA,Fuzzy Sets and Fuzzy Logic: Theory and Klir; Yuan,Fuzzy sets and fuzzy logic: theory and applications,1,anystyle,W4205471131,offline_title_fuzzy,0.948
324_a9,324,NA,The Devoicing of Fricatives in Standard Velde; Hans; Hout 1996,The Devoicing of Fricatives in a Reading Task,0,anystyle,W7018530521,offline_title_fuzzy,0.947971210076473
1476_a4,1476,NA,Style-markers in authorship attribution: a cross-language study of the authorial fingerprint.Studies in Polish Linguistics 6 Eder 2011,Style-markers in authorship attribution : a cross-language study of the authorial fingerprint,1,anystyle,W2599132864,offline_title_fuzzy,0.947967479674797
3787_a2,3787,NA,Constructing Grounded Theory: A Practical Guide Through Qualitative Analysis The Practice of Everyday Life Charmaz; Certeau 2006 1984,constructing grounded theory a practical guide through qualitative analysis pdf,1,anystyle,W6949015227,offline_title_fuzzy,0.94794454490657
2039_a6,2039,NA,Images du Moyen Âge dans la ville : l'inscription spatiale de médiévalité »Communication et langage Patrick 2012 2012-03,Images du Moyen Âge dans la ville : l’inscription spatiale de médiévalité,1,anystyle,W1990362293,offline_title_fuzzy,0.947916666666667
65_a3,65,NA,Computation into Criticism: a study of Jane Austen and an experiment in method Burrows 1987,Computation into Criticism: A Study of Jane Austen's Novels and an Experiment in Method,1,anystyle,W2316815835,offline_title_fuzzy,0.947900936273029
1241_a14,1241,NA,Disciplinary Differences in Research Data,Disciplinary Differences in Opening Research Data,0,anystyle,W2982041757,offline_title_fuzzy,0.947834743653559
476_a12,476,NA,From Instrumental Texts to Textual Wardrip-Fruin,From Instrumental Texts to Textual Instruments,1,anystyle,W2187919382,offline_title_fuzzy,0.947826086956522
750_a27,750,NA,The Visual Display of Quantitative Tufte,The Visual Display of Quantitative Information,1,anystyle,W2029135525,offline_title_fuzzy,0.947826086956522
1748_a9,1748,NA,Towards Hermeneutic Markup: an Architectural Outline at King's College Piez 2010 2010-07,Towards Hermeneutic Markup: An architectural outline.,1,anystyle,W2185336139,offline_title_fuzzy,0.947826086956522
1934_a2,1934,NA,"Roy Rosenzweig Center for History and New Media, n.d PressForward 2013-10-30",Roy Rosenzweig Center for History and New Media Website Archive,1,anystyle,W6903771659,offline_title_fuzzy,0.947712418300654
2021_a1,2021,NA,The Electronic Scottish National Dictionary (eSND Rennie 2001,The Electronic Scottish National Dictionary (eSND): work in progress,1,anystyle,W2148329989,offline_title_fuzzy,0.947692307692308
3810_a3,3810,NA,A statistical study on Chinese word and character usage in literatures from the Chen; Guo; Liu 2012,A Statistical Study on Chinese Word and Character Usage in Literatures from the Tang Dynasty to the Present,1,anystyle,W2027472019,offline_title_fuzzy,0.947663551401869
2805_r11,2805,NA,Mapping the Republic of Letters. http://republicofletters.stanford.edu/index.html (accessed 8 May 2015).,Mapping the Republic of Letters,1,xml_bibl,W7114803838,offline_title_fuzzy,0.947619047619048
1485_a5,1485,NA,TEI P5: Guidelines for Electronic Text Encoding and Interchange by the TEI Consortium 2008,TEI P5: Guidelines for Electronic Text Encoding and Interchange,1,anystyle,W7082284936,offline_title_fuzzy,0.947619047619048
1485_a6,1485,NA,TEI P5: Guidelines for Electronic Text Encoding and Interchange by the TEI Consortium 2011,TEI P5: Guidelines for Electronic Text Encoding and Interchange,1,anystyle,W7082284936,offline_title_fuzzy,0.947619047619048
2021_a5,2021,NA,ABU : la Bibliothèque Universelleabu.cnam.fr,ABU la bibliothèque universelle,1,anystyle,W6979726395,offline_title_fuzzy,0.947619047619048
7724_a10,7724,NA,"Mapping acidification research: A test of the co-word method, Sci- entometrics p.23 Law; Whittaker 1992",Mapping acidification research: A test of the co-word method,1,anystyle,W2092307040,offline_title_fuzzy,0.9475
602_a13,602,NA,Identifying and Interpreting Wolfram 1993,Identifying and interpreting variables,1,anystyle,W2476460572,offline_title_fuzzy,0.947368421052632
984_a32,984,NA,Computers and the Humanities 25.401-29,Computers and the Humanities,1,anystyle,W2020352922,offline_title_fuzzy,0.947368421052632
1890_a8,1890,NA,Can Digital Technologies increase Engagement with Community History?Digital Engagement 2011 Mellish; Wallace; Tait; Hunter; MacLeod 2011,Can Digital Technologies Increase Engagement with Community History,1,anystyle,W2785243169,offline_title_fuzzy,0.947252747252747
8488_a7,8488,NA,La versione franco-italiana della “Bataille d’Aliscans”: Codex marcianus fr 1985,"La versione franco-italiana della ""Bataille d'Aliscans""",1,anystyle,W629698293,offline_title_fuzzy,0.947222222222222
26_a1,26,NA,Philosophy and Electronic Publishing. Theory and Metatheory in the Development of Text Encoding 1997,Philosophy and Electronic Publishing : The Theory and Metatheory in the Development of Text Encoding,,anystyle,W7005063746,offline_title_fuzzy,0.947155883630048
7748_a3,7748,NA,Philosophy and Electronic Publishing: Theory and Metatheory in the Development of Text Encoding 1997,Philosophy and Electronic Publishing : The Theory and Metatheory in the Development of Text Encoding,,anystyle,W7005063746,offline_title_fuzzy,0.947155883630048
897_a6,897,NA,Text Encoding Initiative Consortium Driscoll 15 August,Text Encoding Initiative (TEI),,anystyle,W4248475796,offline_title_fuzzy,0.947142857142857
3771_a3,3771,10.13125/2039-6597/1392. 10.13125/2039-6597/1392.,Digital Literary and Cultural Studies: State of the Art and Perspectives Ciotti 2014,Digital literary and cultural studies: the state of the art and perspectives,,anystyle,W1544005581,offline_title_fuzzy,0.947079812206573
556_a2,556,NA,Experiential Telepresence (ETP) 2003,Experiential telepresence,,anystyle,W2062982001,offline_title_fuzzy,0.947058823529412
789_a2,789,NA,Viewable with Any Browser Campaign Burstein,Viewable with any browser,,anystyle,W6936783961,offline_title_fuzzy,0.947058823529412
1165_a14,1165,NA,La metrica di Plauto e di,La metrica di Plauto e di Terenzio,,anystyle,W596528390,offline_title_fuzzy,0.947058823529412
2019_a20,2019,NA,"support verb constructions“ (vgl. u.a 2004, Krenn & Erbach 1994, Storrer 2007/2013",support_verb_construction,,anystyle,W6963509666,offline_title_fuzzy,0.947058823529412
2144_a52,2144,NA,The MediaMill TRECVID 2004-2010 semantic video search engine Snoek 2004,The MediaMill TRECVID 2004 Semantic Viedo Search Engine.,,anystyle,W3029031822,offline_title_fuzzy,0.946969696969697
1004_a39,1004,NA,Joseph Smith: The Making of a Prophet Vogel 2004,Joseph Smith: The Making of a Prophet. by Dan Vogel,,anystyle,W2563500175,offline_title_fuzzy,0.946938775510204
1065_a17,1065,NA,"Interactive Drama, Art, and Artificial Mateas 2002","Interactive drama, art and artificial intelligence",,anystyle,W83483150,offline_title_fuzzy,0.946938775510204
992_a10,992,NA,Recent Advances in Techniques for Hyperspectral Plaza,Recent Advances in Techniques for Hyperspectral Image Processing,,anystyle,W7099945631,offline_title_fuzzy,0.946875
965_a7,965,NA,The Making of Americans: Being a Stein 1995,The Making of Americansにおける「グリッド」--ガ-トル-ド・スタインの文体と抽象(2),,anystyle,W1521852997,offline_title_fuzzy,0.94683870967742
4113_a5,4113,NA,"Hubbub: Filth, Noise and Stench in England 1600 - 1700, New Haven [Conn Cockayne 2007","Hubbub: filth, noise, and stench in England, 1600-1770",,anystyle,W1526822160,offline_title_fuzzy,0.946769230769231
2074_a14,2074,NA,"The rarer they are, the more they are, the less they matter Hoover 2012","The Rarer They Are, the More There Are, the Less They Matter.",,anystyle,W2887534290,offline_title_fuzzy,0.946737533488895
3859_a29,3859,NA,"Visualize this: the flowing data guide to design, visualization and statistics Yau 2011","Visualize This: The FlowingData Guide to Design, Visualization, and Statistics",,anystyle,W2160570181,offline_title_fuzzy,0.946701754385965
30_a3,30,NA,Zur Anwendung der TEI-Richtlinien auf die Retrodigitalisierung mittelhochdeutscher Woerterbuecher Burch; Fournier,Zur Anwendung der TEI-Richtlinien bei der Retrodigitalisierung mittelhochdeutscher Wörterbücher,,anystyle,W2488798733,offline_title_fuzzy,0.946681835950035
489_a9,489,NA,Literary and Linguistic Computing (Forthcoming,Literary and Linguistic Computing,,anystyle,W6974234441,offline_title_fuzzy,0.946666666666667
1856_a1,1856,NA,Introduction to Probabilistic Topic Models.www.cs.princeton.edu/~blei/papers/Blei2011.pdf Blei 2011,Introduction to probabilistic topic models,,anystyle,W7101091910,offline_title_fuzzy,0.946543527394591
3784_a15,3784,NA,Father Busa's Female Punched-Card Operators Terras; Nyhan 2016,Father Busa’s Female Punch Card Operatives,,anystyle,W2806297144,offline_title_fuzzy,0.946522702104098
1056_a1,1056,NA,"Dublin Core Metadata Initiative, Dublin Core Metadata",Dublin Core Metadata Initiative Abstract Model,,anystyle,W7037255399,offline_title_fuzzy,0.946506874767744
974_a10,974,NA,A Unified Theory of the Web,A Unified Theory of the Nucleus,,anystyle,W2060200683,offline_title_fuzzy,0.94647550776583
984_a8,984,NA,Analysis of Narrative Style,Analysis of Narrative Structure,,anystyle,W2502954452,offline_title_fuzzy,0.94647550776583
3766_a11,3766,NA,Report on the status of B.C 2010 2010,Report on the Status of <i>ToP</i>,,anystyle,W221356519,offline_title_fuzzy,0.94647550776583
3841_a12,3841,NA,"Photogrammetric Reconstruction and 3D Visualization of Bet Gorgis, a Rock-hewn Church in Ethiopia 2001 2001",Photogrammetric Reconstruction and 3D Visualization of Bet Giorgis Church in Ethiopia.,,anystyle,W3014015382,offline_title_fuzzy,0.946456582633053
3771_a6,3771,NA,L'invenzione della letteratura. Fra modernismo e avanguardia Guglielmi 2001,L'invenzione della letteratura modernismo e avanguardia,,anystyle,W603178680,offline_title_fuzzy,0.946440677966102
529_a3,529,NA,"Diccionario General de la Lengua Española Vox, Edición en",Diccionario General de la Lengua Española,,anystyle,W6990410328,offline_title_fuzzy,0.946428571428571
723_a7,723,NA,An XML Document Corresponds to which FRBR,An XML document corresponds to which FRBR Group 1 entity,,anystyle,W1553112538,offline_title_fuzzy,0.946428571428571
779_a35,779,NA,An XML Document Corresponds to which FRBR,An XML document corresponds to which FRBR Group 1 entity,,anystyle,W1553112538,offline_title_fuzzy,0.946428571428571
3851_a20,3851,NA,Der Zusammenbruch der Quantitat im Spatmittelalter und sein Einfluß auf die Metrik Vennemann 1995,DER ZUSAMMENBRUCH DER QUANTITÄTIM SPÄTMITTELALTER UND SEIN EINFLUSS AUF DIE METRIK,,anystyle,W2405752084,offline_title_fuzzy,0.946370849250661
613_a1,613,NA,A Notional Theory of Syntactic Anderson 1997,A Notional Theory of Syntactic Categories,,anystyle,W4210681794,offline_title_fuzzy,0.946341463414634
768_a15,768,NA,A Wheel of Memory: The Hereford,A wheel of memory: the Hereford Mappamundi,,anystyle,W428095594,offline_title_fuzzy,0.946341463414634
899_a7,899,NA,Keynote Address: Technology and Kenny 2003,Keynote Address: Technology and Innovation,,anystyle,W2588719042,offline_title_fuzzy,0.946341463414634
1559_a8,1559,NA,Imagery and Emotional Response Goertz 1993,Imagery and Emotional Response in Reading.,,anystyle,W2733544830,offline_title_fuzzy,0.946341463414634
8369_a3,8369,NA,On the Complexity of Discourse Biber 1992,On the Complexity of Discourse Complexity *,,anystyle,W4200344230,offline_title_fuzzy,0.946341463414634
4166_a3,4166,NA,The China Biographical Database User's Fuller 2015,The China Biographical Database (2017),,anystyle,W6944197564,offline_title_fuzzy,0.946198830409357
2036_a8,2036,NA,Le Vocabulaire des tragédies de Racine. Analyse statistique Bernet 1983,Le vocabulaire des tragédies de Jean Racine analyse statistique,,anystyle,W7030060698,offline_title_fuzzy,0.946195949644226
536_a9,536,NA,Computer-Assisted Reading; Reconceiving Sinclair,Computer-Assisted Reading: Reconceiving Text Analysis,,anystyle,W2067776268,offline_title_fuzzy,0.946153846153846
3783_a18,3783,NA,Cognitive Metaphor and the “Arab spring Möller 2014,Cognitive metaphor and the “Arab Spring”: Nicole Möller,,anystyle,W2488815803,offline_title_fuzzy,0.946153846153846
3805_a3,3805,NA,Generating an Ordered Data Set from an Crump 2014,Generating an Ordered Data Set from an OCR Text File,,anystyle,W1549562869,offline_title_fuzzy,0.946153846153846
3852_a6,3852,NA,WordNet: An electronic lexical database: Bradford book Fellbaum 1998,WordNet an electronic lexical database,,anystyle,W7016219665,offline_title_fuzzy,0.946153846153846
4022_a1,4022,NA,Paratext or Imagetext? Interpreting the Bushell 2016,Paratext or imagetext? Interpreting the fictional map,,anystyle,W2306257660,offline_title_fuzzy,0.946153846153846
533_a3,533,NA,Computer-mediated Discourse: Reception Schreibman,Computer‐Mediated Discourse,,anystyle,W1544590172,offline_title_fuzzy,0.945945945945946
1941_a12,1941,NA,People of Medieval Scotland 2013,People of Medieval Scotland:1093-1314,,anystyle,W7135823559,offline_title_fuzzy,0.945945945945946
4005_a6,4005,NA,Without a Minority/Identity Matte 2015,Without a Minority/Identity Framework,,anystyle,W2223555527,offline_title_fuzzy,0.945945945945946
1025_a3,1025,NA,"Streams, Structures, Spaces, Scenarios A 2004","Streams, structures, spaces, scenarios, societies (5s)",,anystyle,W2004276548,offline_title_fuzzy,0.945833333333333
1510_a1,1510,NA,The Programming Historian 1st Edition Turkel; MacEachern 2007,The Programming Historian - Print Edition,,anystyle,W2336469181,offline_title_fuzzy,0.945819225819226
29_a5,29,NA,Lexicographic Research on Australian Languages 1968 - 1993 Goddard; Thieberger 1997,Lexicographic research on Australian Aboriginal languages 1968-1993,,anystyle,W1761800042,offline_title_fuzzy,0.945735607675906
4119_a10,4119,NA,Persuade Into What? Why HumanComputer Interaction Needs a Philosophy of Technology Fallman 2007,Persuade Into What? Why Human-Computer Interaction Needs a Philosophy of Technology,,anystyle,W1511711798,offline_title_fuzzy,0.945709123757904
1515_a2,1515,NA,Human Language Technologies (HLT). Module 3.5 P.; Schultze 2010,Human Language Technologies (HLT) Group,,anystyle,W7097321506,offline_title_fuzzy,0.945688545688546
1067_a4,1067,NA,Word frequency and key word statistics in historical corpus linguistics Baron; Rayson; Archer 2009,Word frequency and key word statistics in corpus linguistics,,anystyle,W1824916146,offline_title_fuzzy,0.945680751173709
4181_a12,4181,NA,The perils and possibilities of dance in Bishop 2014,The perils (and possibilities) of paradigm change.,,anystyle,W4247166930,offline_title_fuzzy,0.945572831423895
626_a7,626,NA,Authorship Attribution in a Bailey 1979,Authorship attribution in the wild,,anystyle,W1964642694,offline_title_fuzzy,0.945533769063181
706_a3,706,NA,Research Skills and the New Quarton,RESEARCH SKILLS AND THE REAL WORLD,,anystyle,W6904000475,offline_title_fuzzy,0.945533769063181
1765_a10,1765,NA,Reading behavior in the digital environment: changes in reading behavior over the past 10 years Liu 2005,Reading behavior in the digital environment : changes in reading in past 10 years,,anystyle,W7080025953,offline_title_fuzzy,0.945477083290172
317_a5,317,NA,The Pragmatic Programmer Hunt; Thomas 1999,the pragmatic programmer book pdf,,anystyle,W6930446255,offline_title_fuzzy,0.945454545454546
484_a1,484,NA,The Scriptores Historiae Gurney; Gurney,The Scriptores historiae Augustae /,,anystyle,W6996269090,offline_title_fuzzy,0.945454545454546
646_a2,646,NA,The Heritage of Giotto’s Edgerton 1991,The Heritage of Giotto's Geometry,,anystyle,W4249337848,offline_title_fuzzy,0.945454545454546
795_a15,795,NA,Doing Grounded Theory: Issues and Glaser,Doing grounded theory : issues and discussions,,anystyle,W1533574204,offline_title_fuzzy,0.945454545454546
842_a27,842,NA,The Visual Knowledge Builder: A Second Generation,The Visual Knowledge Builder: A Second Generation Spatial Hypertext,,anystyle,W7100795646,offline_title_fuzzy,0.945454545454546
865_a14,865,NA,Spoken Like a Woman: Speech and Gender in McClure 1999,Spoken Like a Woman: Speech and Gender in Athenian Drama,,anystyle,W7073902757,offline_title_fuzzy,0.945454545454546
905_a22,905,NA,"Immersion, Engagement, and McMahan 2003","Immersion, Engagement, and Presence",,anystyle,W7128589049,offline_title_fuzzy,0.945454545454546
1055_a10,1055,NA,Exploring the Biography and Artworks of Picasso with Interactive Meneses; Furuta; Mallen 2008,Exploring the biography and artworks of Picasso with interactive calendars and timelines,,anystyle,W2239212900,offline_title_fuzzy,0.945454545454546
4022_a14,4022,NA,Literary Geography: Reforging the Saunders 2010,Literary geography: reforging the connections,,anystyle,W2057268284,offline_title_fuzzy,0.945454545454546
4053_a10,4053,NA,Losing My Revolution: How Many Resources Shared on Social Salaheldeen; Nelson 2012,Losing My Revolution: How Many Resources Shared on Social Media Have Been Lost?,,anystyle,W2951554315,offline_title_fuzzy,0.945454545454546
8364_a3,8364,NA,Working Papers from the Wittgenstein Archives at the University of System” 1992,Working Papers from the Wittgenstein Archives at,,anystyle,W7095654555,offline_title_fuzzy,0.945454545454546
1842_a2,1842,NA,"Fighting for Lives in the ODNB, or Taking Prosopography Personally Booth 2005","Fighting for Lives in the<i>ODNB</i>, or Taking Prosopography Personally",,anystyle,W1981662338,offline_title_fuzzy,0.945328874024526
3831_a10,3831,NA,The “South Building” in the Main Urban Sanctuary of Selinus: A Theatral Structure? Marconi; Scahill 2015,The ‘South Building’ in the Main Urban Sanctuary of Selinunte:,,anystyle,W4323055537,offline_title_fuzzy,0.945328118209474
995_a8,995,NA,Information Processing and Management: an International,Information Processing and Management:[8]Patent Information,,anystyle,W2347106545,offline_title_fuzzy,0.945143114717151
1624_a5,1624,NA,Remediating William Blake: Unbinding the Narrative Architectures of Blake’s Songs Saklofske 2011,Remediating William Blake: Unbinding the Network Architectures of Blake's Songs,,anystyle,W2051727300,offline_title_fuzzy,0.945141025641026
1625_a3,1625,NA,Remediating William Blake: Unbinding the Narrative Architectures of Blake’s Songs Saklofske 2011,Remediating William Blake: Unbinding the Network Architectures of Blake's Songs,,anystyle,W2051727300,offline_title_fuzzy,0.945141025641026
1212_a1,1212,NA,Das Deutsche Wörterbuch von Jacob und,Das Deutsche Wörterbuch von Jacob und Wilhelm Grimm,,anystyle,W6990343643,offline_title_fuzzy,0.945098039215686
1226_a10,1226,NA,Swedish Contributions to the Thirteenth International Congress of Slavists 2003-08-15,"Swedish contributions to the Thirteenth International Congress of Slavists, Ljubljana, 15 - 21 August 2003",,anystyle,W7062215011,offline_title_fuzzy,0.945098039215686
8482_a28,8482,NA,An Efficient Generation Algorithm for 1995,An efficient generation algorithm for lexicalist MT,,anystyle,W2171911149,offline_title_fuzzy,0.945098039215686
450_a2,450,NA,Digital Poetics: The Making of Glazier,Digital poetics: the making of e-poetries,,anystyle,W602169109,offline_title_fuzzy,0.945
525_a62,525,NA,On Deciding Cases of Disputed Sarndal,On Deciding Cases of Disputed Authorship,,anystyle,W2796717563,offline_title_fuzzy,0.945
606_a5,606,NA,Copy Description in Incunable Needham,Copy Description in Incunable Catalogues,,anystyle,W2329118736,offline_title_fuzzy,0.945
608_a15,608,NA,Legal Knowledge Based Systems/ JURIX 1999 Verheij 2001 2001,Legal knowledge based systems,,anystyle,W6992385029,offline_title_fuzzy,0.945
1468_a4,1468,NA,Virtual Research Environment. Collaborative Landscape Study. A JISC funded project Carusi; Reimer 2010,Virtual Research Environment Collaborative Landscape Study,,anystyle,W2234154942,offline_title_fuzzy,0.945
3979_a3,3979,NA,Studies in the fornaldarsogur Andrews 1911,Studies in the Fornaldarsǫgur Norđrlanda,,anystyle,W2263699785,offline_title_fuzzy,0.945
11783_r14,11783,NA,International Organization for Standardization (2004). ISO/IEC 5218:2004. .,International Organization for Standardization (ISO) 31000,,xml_bibl,W4252053533,offline_title_fuzzy,0.944939770374553
1239_a11,1239,NA,Cyberinfrastructure for the Humanities and,Cyberinfrastructure for the humanities and social sciences,,anystyle,W2003325168,offline_title_fuzzy,0.944827586206897
3769_a7,3769,NA,The Ultimate Spectacle: A Visual History of Keller 2013,The Ultimate Spectacle: A Visual History of the Crimean War,,anystyle,W2028514359,offline_title_fuzzy,0.944827586206897
9027_a1,9027,NA,Markup Systems and the Future of Scholarly 1987,Markup systems and the future of scholarly text processing,,anystyle,W2094864311,offline_title_fuzzy,0.944827586206897
412_a9,412,NA,The Collected Papers of Charles Sanders Peirce Peirce 1958,The Collected Papers of Charles Darwin,,anystyle,W2042499151,offline_title_fuzzy,0.944795596511844
1680_a8,1680,NA,"Assistive Potencies: Reconfiguring the Scholarly Edition in a Digital Environment, Dissertation Lyman 2009",Assistive Potencies: Reconfiguring the Scholarly Edition in an Electronic Setting.,,anystyle,W219224239,offline_title_fuzzy,0.944793217535153
703_a12,703,NA,Phonetic Symbolism and Literary Criticism,Phonetic symbolism and literacy,,anystyle,W2077513865,offline_title_fuzzy,0.944767899291896
142_a5,142,NA,"Transducteurs pour le traitement automatique des textes "" Le Lexique-grammaire Silberztein 1999",Transducteurs pour le traitement automatique des textes,,anystyle,W86889868,offline_title_fuzzy,0.944736842105263
10678_r5,10678,NA,"John Dupré: Human Nature and the Limits of Science, Clarendon Press 2002.","John Dupré, Human Nature and the Limits of Science, Oxford, Clarendon Press, 2001, X-201 p.",,xml_bibl,W7128163877,offline_title_fuzzy,0.944705882352941
11004_r10,11004,NA,RDF – Resource Description Framework (2014) (eds.) W3C https://www.w3.org/RDF/,RDF (Resource Description Framework),,xml_bibl,W1524639827,offline_title_fuzzy,0.94468085106383
8498_a4,8498,NA,"Making an information system for the Humanities, Computers and the Ore",Making an information system for the humanities,,anystyle,W1979155779,offline_title_fuzzy,0.944615384615385
8450_a21,8450,NA,Parallel Algorithms for the Unit Cost Editing,Parallel Algorithms for the Kinetic Equation,,anystyle,W189977061,offline_title_fuzzy,0.94459595959596
469_a10,469,NA,Radiant Textuality: Literature after the McGann,Radiant textuality: literature after the World Wide Web,,anystyle,W1506026338,offline_title_fuzzy,0.944444444444444
476_a5,476,NA,Radiant Textuality: Literature after the McGann,Radiant textuality: literature after the World Wide Web,,anystyle,W1506026338,offline_title_fuzzy,0.944444444444444
733_a4,733,NA,"A Report from the Archives Community May 28-30, 1997 July/August 1997",A Report from the Archives,,anystyle,W2900223019,offline_title_fuzzy,0.944444444444444
796_a38,796,NA,A Quantitative Approach to the Style of Milic,A Quantitative Approach to the Style of Jonathan Swift,,anystyle,W3192371383,offline_title_fuzzy,0.944444444444444
984_a29,984,NA,Radiant Textuality: Literature after the McGann,Radiant textuality: literature after the World Wide Web,,anystyle,W1506026338,offline_title_fuzzy,0.944444444444444
1556_a2,1556,NA,Annotating multi-media / multimodal resources with Brugman; Russel 2004,Annotating Multi-media/Multi-modal Resources with ELAN,,anystyle,W763498075,offline_title_fuzzy,0.944444444444444
1765_a8,1765,NA,Hypertext: The Convergence of Technology and Contemporary Critical Theory Landow 1992,Hypertext: The Convergence of Contemporary Critical Theory and Technology,,anystyle,W1560210504,offline_title_fuzzy,0.944444444444444
3800_a13,3800,NA,La Belle Époque des Revues 2002,La Belle Epoque des revues : 1880-1914,,anystyle,W7010795007,offline_title_fuzzy,0.944444444444444
4099_a7,4099,NA,"Homer, Hesiod and the Hymns, Cambridge Janko 1982","Homer, Hesiod and the Hymns",,anystyle,W2330761364,offline_title_fuzzy,0.944444444444444
762_a10,762,NA,The Shape of Things to Come: Museums in the Knell,The Shape of Things to Come is Here...,,anystyle,W4248326813,offline_title_fuzzy,0.944425770308123
8450_a19,8450,NA,The Theory and Practice of Sequence Comparison 1983,The Theory and Practice of Peer Counseling,,anystyle,W2335968722,offline_title_fuzzy,0.944389233954451
11827_r4,11827,NA,"Haraway, Donna J. Staying with the Trouble: Making Kin in the Chthulucene . Duke University Press, 2016.","Haraway, Donna J.: Staying with the Trouble. Making Kin in the Chthulucene",,xml_bibl,W2826968191,offline_title_fuzzy,0.944329896907217
1905_a1,1905,NA,Visual GISting: Bringing together corpus linguistics and Geographical Information Systems”Literary and Linguistic Computing Gregory; A 2011,Visual GISting: bringing together corpus linguistics and Geographical Information Systems,,anystyle,W2120154746,offline_title_fuzzy,0.944262295081967
4016_a22,4016,NA,International Federation of Libraries Associations and Institutions 2016,INTERNATIONAL FEDERATION OF LIBRARY ASSOCIATIONS AND INSTITUTIONS,,anystyle,W4234305354,offline_title_fuzzy,0.94421785304248
974_a5,974,NA,Becoming Virtual: Reality in the Levy 1998,"Becoming Virtual, Reality in the Digital Age",,anystyle,W7036397163,offline_title_fuzzy,0.944186046511628
1386_a4,1386,NA,Quantitative Narrative Analysis Los Angelas Franzosi 2010,Quantitative Narrative Analysis,,anystyle,W4298171195,offline_title_fuzzy,0.944186046511628
904_a49,904,NA,A Statistical Study of Superlatives in Tabata 2007,A statistical study of superluminal velocities.,,anystyle,W3014489500,offline_title_fuzzy,0.944164759725401
1515_a5,1515,NA,The Role of the Linguistic Envronment in Second Language Acquisition Long 1996,The Role of the Linguistic Environment in Second Language Acquisition,,anystyle,W34578900,offline_title_fuzzy,0.944160272804774
713_a17,713,NA,Gender Representation and Histoire des Olsen,"Gender, representation and the media",,anystyle,W2340151366,offline_title_fuzzy,0.944073820915926
1750_a3,1750,NA,Nineteenth Century Scholarship Online www.nines.org,Nineteenth-century scholarly editions,,anystyle,W2485632300,offline_title_fuzzy,0.944038155802862
317_a4,317,NA,Design Patterns: Elements of Reusable Gamma; Helm; Johnson; Vlissides,Design patterns: elements of reusable architectures,,anystyle,W2303786417,offline_title_fuzzy,0.944
8369_a5,8369,NA,"The be + past participle construction in spoken English with special emphasis on the passive, North Holland Linguistic Series 49 Granger 1983","The be + past participle construction in spoken English, with special emphasis on the passive",,anystyle,W240916617,offline_title_fuzzy,0.944
3852_a4,3852,NA,Informationstechnische Aspekte des Historical Text Re-use (English: Computational Aspects of Historical Text Re-use Büchler 2013,Informationstechnische Aspekte des Historical Text Re-use: Computational Aspects of Historical Text Re-use,,anystyle,W6991944952,offline_title_fuzzy,0.94393594605984
4007_a1,4007,NA,Object Classification in Images of Handschuh 2017,Object Classification in SIMBAD,,anystyle,W2999192410,offline_title_fuzzy,0.94389190603939
277_r4,277,NA,Guidelines for Implementing DC in XML,Guidelines for implementing HL7.,,xml_biblstruct,W98440232,offline_title_fuzzy,0.943853530950305
1912_a7,1912,NA,National Programme for Estonian Language Technology Keeletehnoloogia,National Programme for Estonian Language Technology: a Pre-final Summary,,anystyle,W2406136128,offline_title_fuzzy,0.943661971830986
1640_a20,1640,NA,Merging Multi-Version Texts: a General Solution to the Overlap Problem Schmidt 2009,Merging Multi-Version Texts: a Generic Solution to the Overlap Problem,,anystyle,W4207017606,offline_title_fuzzy,0.943629677698464
2198_r10,2198,NA,"Technical Services Quarterly,22(1): 21–32.",Technical Services Quarterly,,xml_bibl,W4205444334,offline_title_fuzzy,0.943589743589744
2198_r12,2198,NA,"Technical Services Quarterly,22(3): 29–45.",Technical Services Quarterly,,xml_bibl,W4205444334,offline_title_fuzzy,0.943589743589744
2805_r17,2805,NA,Słownik języka polskiego PWN. http://sjp.pwn.pl/sjp/wizualny;2579950.html (accessed 3 May 2015).,Słownik języka polskiego PWN,,xml_bibl,W7114283551,offline_title_fuzzy,0.943589743589744
9918_r27,9918,NA,"TEI. Text Encoding Initiative, http://www.tei-c.org/ (accessed 2018-10-31).",TEI (Text Encoding Initiative),,xml_bibl,W7034091640,offline_title_fuzzy,0.943589743589744
3887_a3,3887,NA,An Interpretation of Digital Evans; Rees 2012,An Interpretation of Digital Humanities,,anystyle,W7010485521,offline_title_fuzzy,0.943589743589744
4070_a3,4070,NA,The Republic of Mass Culture: Journalism Baughman 2006 2006,The Republic of Mass Culture,,anystyle,W4319587707,offline_title_fuzzy,0.943589743589744
1824_a6,1824,NA,Pleiades: A Community-built Gazetteer and Graph of Ancient Places Bagnall; A.; T.; R.; J.; S.; R.; M.; A.; B 2006,Pleiades: A Community-Built Gazetteer Group of Ancient Places,,anystyle,W4241499999,offline_title_fuzzy,0.943548850574713
1870_a1,1870,NA,"Geisteswissenschaftliches Asset Management System, AMS for the Humanities",Geisteswissenschaftliches Asset Management System GAMS,,anystyle,W6982028871,offline_title_fuzzy,0.943518518518519
542_a9,542,NA,Technology in the Humanities at the,Technology in the humanities: A commentary,,anystyle,W6887922486,offline_title_fuzzy,0.94348643226692
724_a4,724,NA,E-ffective Writing for E-Learning Campbell,E-ffective Writing for E-Learning Environments,,anystyle,W1502900707,offline_title_fuzzy,0.943478260869565
4111_a2,4111,NA,Association of Research Libraries Code of Best 2012,Association of Research Libraries,,anystyle,W7095967320,offline_title_fuzzy,0.943478260869565
1742_a3,1742,NA,Tools for Data-Driven Scholarship: Past Cohen; Fraistat; Kirschenbaum; Scheinfeldt 2009,"Tools for Data-Driven Scholarship: Past, Present, Future",,anystyle,W7006487407,offline_title_fuzzy,0.943396226415094
962_a4,962,NA,The Inhibition of Geographic Information in Digital Humanities Scholarship Jessop,The Inhibition of Geographical Information in Digital Humanities Scholarship,,anystyle,W2005082088,offline_title_fuzzy,0.943385490753912
4076_a18,4076,NA,Metrical Annotation of a Large Corpus of Spanish 2016,Metrical annotation of a large corpus of Spanish Golden Age Sonnets,,anystyle,W2305620442,offline_title_fuzzy,0.943283582089552
3815_a1,3815,NA,Lexicon totius latinitatis ab Aegidio Forcellini 1940,Lexicon totius Latinitatis IVa,,anystyle,W7011147077,offline_title_fuzzy,0.943193538365952
11848_r9,11848,NA,"Latour, Bruno. (2005). Reassembling the Social: An Introduction to Actor-Network Theory. Oxford University Press.","Latour, Bruno, 2005, Reassembling the Social – An Introduction to Actor Network Theory:Book Reviews / Comparative Sociolog",,xml_bibl,W7111663445,offline_title_fuzzy,0.943148278585302
11791_r8,11791,NA,"Peter Lamarque and Stein Haugom Olsen. 1994. Truth, Fiction, and Literature: A Philosophical Perspective.","Peter Lamarque and Stein Haugom Olsen, Truth, Fiction, and Literature: A Philosophical Perspective",,xml_bibl,W3113754950,offline_title_fuzzy,0.943090479260692
904_a24,904,NA,Multivariate Analysis and the Study of Hoover 2003,Multivariate Analysis: and the Debt Ratio,,anystyle,W2485192868,offline_title_fuzzy,0.943065015479876
458_a11,458,NA,Online Chopin Variorum Edition Pilot Project,Online Chopin Variorum Edition (OCVE),,anystyle,W2278348092,offline_title_fuzzy,0.942948815889992
562_a4,562,NA,Keeping In Touch With the World Mahoney,Keeping in touch with the family,,anystyle,W2115413874,offline_title_fuzzy,0.942943548387097
942_a2,942,NA,"Self Directed Learning, Towards a Garrison 1997",Self-directed Learning: Theories,,anystyle,W142518590,offline_title_fuzzy,0.942943548387097
885_a8,885,NA,Foundations of Experiential Learning,Foundations of Experiential Therapy,,anystyle,W4404690573,offline_title_fuzzy,0.942913466461854
1217_a5,1217,NA,Extending knowledge and deepening linguistic processing for question answering.' QA@CLEF 2005,Extending Knowledge and Deepening Linguistic Processing for the Question Answering System InSicht,,anystyle,W1537441789,offline_title_fuzzy,0.942876024319323
525_a18,525,NA,The Disputed Federalist Papers: SVM Feature Fung,The disputed federalist papers,,anystyle,W2008513264,offline_title_fuzzy,0.942857142857143
980_a8,980,NA,Language Structure and Optimal Wang 1981,Language Structure and Optimal Orthography,,anystyle,W3114724060,offline_title_fuzzy,0.942857142857143
1057_a1,1057,NA,Scholarship in the Digital Age: Information Borgman 2007,Scholarship in the Digital Age,,anystyle,W2792974390,offline_title_fuzzy,0.942857142857143
1185_a5,1185,NA,'Scholarly Networks as Learning 2002,Scholarly Networks as Learning Communities,,anystyle,W266571801,offline_title_fuzzy,0.942857142857143
1185_a7,1185,NA,'Current Models of Digital Scholarly 2009,Current Models of Digital Scholarly Communication,,anystyle,W4254114814,offline_title_fuzzy,0.942857142857143
1223_a5,1223,NA,Critical Mass and Network,Critical Mass and Network Size with . . .,,anystyle,W7096074657,offline_title_fuzzy,0.942857142857143
1311_a4,1311,NA,"Analyzing Data Curation Job Descriptions Cragin; Palmer; Varvel; Collie; Dolan 2009 December 2-4, 2009",Analyzing Data Curation Job Descriptions (Poster & Abstract),,anystyle,W95420167,offline_title_fuzzy,0.942857142857143
1894_a2,1894,NA,Conversations with Collections. discontents Sherratt 2013,Conversations with collections,,anystyle,W92368854,offline_title_fuzzy,0.942857142857143
2102_a2,2102,NA,"The Interpretation of Cultures, Basic Books Geertz 1973",The Interpretation of Cultures,,anystyle,W3045966361,offline_title_fuzzy,0.942857142857143
3887_a1,3887,NA,The Digital Future is Now: A Call to Borgman 2009,The Digital Future is Now,,anystyle,W4210552097,offline_title_fuzzy,0.942857142857143
3907_a6,3907,NA,Preservation Policy and Strategy 2016,Preservation: policy and practice,,anystyle,W2054155992,offline_title_fuzzy,0.942857142857143
914_a9,914,NA,Collective Intelligence: Mankinds Emerging Levy,Collective Intelligence in Design,,anystyle,W2066960432,offline_title_fuzzy,0.942793791574279
375_a2,375,NA,- Morphological annotation system for automatic tagging of electronic textual corpora: from English to Romance languages 1999,MORPHOLOGICAL ANNOTATION SYSTEM FOR AUTOMATED TAGGING OF ELECTRONIC TEXTUAL CORPORA: FROM ENGLISH TO ROMANCE LANGUAGES,,anystyle,W7097647589,offline_title_fuzzy,0.942727610553698
1483_a7,1483,NA,From community to ‘collaboratory’? The human genome project and the changing culture of science Glasner 1996,From community to ‘collaboratory’? The Human Genome Mapping Project and the changing culture of science,,anystyle,W1748039712,offline_title_fuzzy,0.942695652173913
777_a15,777,NA,A Natural-language Approach to Modeling Marcoux,A Natural Language Approach to Biomimetic Design,,anystyle,W4214671959,offline_title_fuzzy,0.942678812415654
1514_a24,1514,NA,Dropping Down the Maximum Item Set: Improving the Stylometric Authorship Algorithm in the Text Mining for Authorship Investigation Mustafa 2010,Dropping down the Maximum Item Set: Improving the Stylometric Authorship Attribution Algorithm in the Text Mining for Authorship Investigation,,anystyle,W6958179149,offline_title_fuzzy,0.942668645884876
3821_a30,3821,NA,"Author, Editor, Engineer — Code & the Rewriting of Authorship in Scholarly Editing Zundert 2016","Author, Editor, Engineer — Code &amp; the Rewriting of Authorship in Scholarly Editing",,anystyle,W2417625413,offline_title_fuzzy,0.942631578947369
3976_a9,3976,NA,Photogrammetric Reconstruction of the Grün,Photogrammetric Reconstruction of Petroglyphs | NIST,,anystyle,W2746449560,offline_title_fuzzy,0.942594594594595
8510_a6,8510,NA,On the Mathematical Analysis of Style Fucks 1952,On the Mathematical Analysis of Thick Fluids,,anystyle,W1920147991,offline_title_fuzzy,0.942565812565813
8396_a1,8396,NA,La formazione delle parole nell’Italiano di oggi Dardano 1978,La formazione delle parole in italiano,,anystyle,W2749667985,offline_title_fuzzy,0.942543859649123
761_a8,761,NA,Innovation and Creativity Support Via Llorà,Innovation and creativity at work,,anystyle,W1598260833,offline_title_fuzzy,0.942543129639904
1942_a6,1942,NA,If You Build It Will They Come? The LAIRAH Study: Quantifying the Use of Online Resources in the Arts and Humanities Warwick 2008,If You Build It Will They Come? The LAIRAH Study: Quantifying the Use of Online Resources in the Arts and Humanities through Statistical Analysis of User Log Data,,anystyle,W2173103871,offline_title_fuzzy,0.9425
3804_a8,3804,NA,Realistic Visualisation of Cultural Heritage Objects (Doctor of Philosophy MacDonald 2015-04,Realistic visualisation of cultural heritage objects,,anystyle,W2241427955,offline_title_fuzzy,0.942465753424658
8411_a30,8411,NA,Reciprocal Teaching of Comprehension-Fostering and Monitoring Activities Palinscar; Brown 1984,Reciprocal Teaching of Comprehension-Fostering and Comprehension-Monitoring Activities,,anystyle,W2001564915,offline_title_fuzzy,0.942441860465116
4188_a10,4188,NA,Using Computer Vision to Improve Image Metadata of the early years Reside 2014 2014,Using Computer Vision to Improve Image Metadata.,,anystyle,W2810112877,offline_title_fuzzy,0.942424242424242
10940_r14,10940,NA,"Pereltsvaig, Asya / Lewis, Martin (2015):The Indo-European Controversy. Facts and Fallacies in Historical Linguistics. Cambridge: Cambridge University Press.","[Pereltsvaig, Asya; Lewis, Martin W. The Indo-European controversy: facts and fallacies in historical linguistics]",,xml_bibl,W3186634233,offline_title_fuzzy,0.942348528196325
688_a6,688,NA,The Chronicle of Higher Education’s Chronicle Review,The Chronicle of Higher Education (The Chronicle),,anystyle,W2884692945,offline_title_fuzzy,0.942344062556829
1514_a20,1514,NA,Unediting the Renaissance: Shakespeare Marcus 1996 1996,"Unediting the Renaissance: Shakespeare, Marlowe, Milton",,anystyle,W2268898733,offline_title_fuzzy,0.942307692307692
10678_r13,10678,NA,"Thomas S. Kuhn: The Essential Tension. Selected Studies in Scientific Tradition and Change, University of Chicago Press, 1977.","Thomas S. Kuhn, The essential tension. Selected studies in scientific tradition and change. Chicago: The University of Chicago Press, 1978. Pp. xxiii+ 366.",,xml_bibl,W4252136188,offline_title_fuzzy,0.942303197140925
1278_a11,1278,NA,COLLEX: semantic collections & exhibits for the remixable web 2007,COLLEX: semantic collections &amp; exhibits for the remixable web,,anystyle,W6906644559,offline_title_fuzzy,0.942269187986652
996_a4,996,NA,"SCOPE - A Scientific Compound Object Publishing and Editing System, 3rd International Digital 2007",SCOPE: A Scientific Compound Object Publishing and Editing System,,anystyle,W2057867533,offline_title_fuzzy,0.942222222222222
996_a3,996,NA,The Perseus Digital Library Experience,The Perseus digital library,,anystyle,W1424766866,offline_title_fuzzy,0.942105263157895
492_a9,492,NA,"Teaching, Learning and Research in Final Year Jessop","Teaching, learning and researching reading in EFL",,anystyle,W2215583794,offline_title_fuzzy,0.942099567099567
883_a9,883,NA,"Teaching, Learning and Research in Final year Jessop 2005","Teaching, learning and researching reading in EFL",,anystyle,W2215583794,offline_title_fuzzy,0.942099567099567
1355_a2,1355,NA,No representation without taxonomies: Specifying key terms in digital humanities Caton; Group 2010 2010 2010-07,No Representation Without Taxonomies: Specifying Senses of Key Terms in Digital Humanities,,anystyle,W2188432901,offline_title_fuzzy,0.942085051912957
10484_r5,10484,NA,"Uther, Hans-Jörg (2004): The Types of International Folktales. A Classification and Bibliography. Based on the system of Antti Aarne and Stith Thompson (= FF Communications 284–286). Helsinki: Suomalainen Tiedeakatemia.","Uther, Hans-Jörg 2004: The Types of International Folktales. A Classification and Bibliography. Based on the System of Antti Aarne and Stith Thompson. Part I–II",,xml_bibl,W2912721736,offline_title_fuzzy,0.942041475531647
1828_a3,1828,NA,Mapping Literature: Towards a Geography of Fiction.Cartography and Art Piatti; Bär; Reuschel; Hurni; Cartwright 2009,Mapping Literature: Towards a Geography of Fiction,,anystyle,W7039249544,offline_title_fuzzy,0.942028985507246
974_a7,974,NA,Gender differences in the development of language choice and patterns in the Jørgensen 2005,Gender differences in the development of language choice patterns in the Køge Project,,anystyle,W2137704199,offline_title_fuzzy,0.94195216082107
690_a8,690,NA,The Art of Virtual Restoration: Creating the Digital Archive of Medieval Music 2001,The art of virtual restoration: creating the digital image archive of medieval music (DIAMM),,anystyle,W33535622,offline_title_fuzzy,0.941864876696337
552_a5,552,NA,Information-seeking behavior of historians in archives,Information-Seeking Behavior of Novelists in Archives,,anystyle,W15644610,offline_title_fuzzy,0.941864430468204
1904_a5,1904,NA,"To the Memory of my Beloved, the Author, Mr. William Shakespeare Jonson 1623","To the memory of my beloved, the Author Mr. William Shakespeare: And what he hath left us",,anystyle,W2677091109,offline_title_fuzzy,0.941860465116279
933_a10,933,NA,Methodological Remarks On The Steinkellner,Methodological remarks on legal history,,anystyle,W7120729609,offline_title_fuzzy,0.941821396993811
750_a15,750,NA,"Graphs, Maps, Trees: Abstract Models for a Moretti","Graphs, Maps, Trees: Abstract Models for a Literary Theory",,anystyle,W1606661733,offline_title_fuzzy,0.941818181818182
850_a5,850,NA,"Graphs, Maps, Trees: Abstract Models for a Moretti","Graphs, Maps, Trees: Abstract Models for a Literary Theory",,anystyle,W1606661733,offline_title_fuzzy,0.941818181818182
3959_a3,3959,NA,A Generic Database Schema for CIDOC-CRM 2011,A Generic Database Schema for CIDOC-CRM Data Management.,,anystyle,W2403374080,offline_title_fuzzy,0.941818181818182
7960_a5,7960,NA,A magyar fõnév paradigmatikus rendszere Akadémiai Kiadó 1975,A magyar fönév paradigmatikus rendszere,,anystyle,W7111683806,offline_title_fuzzy,0.941818181818182
1169_a10,1169,NA,"Conseils pour l'édition des textes médiévaux, Fascicule I, Conseils généraux",Conseils pour l'édition des textes médiévaux. 1 : Conseils généraux,,anystyle,W6980697160,offline_title_fuzzy,0.941748444873445
685_a1,685,NA,Finding a Middle Ground between ‘Determinism’ and ‘Aesthetic Indeterminacy: a Bradley 2003,Finding a Middle Ground between 'Determinism' and 'Aesthetic Indeterminacy': a Model for Text Analysis Tools,,anystyle,W2024913223,offline_title_fuzzy,0.941747572815534
885_a30,885,NA,Game-based Learning and Simulation,Game-Based Learning and Gamification,,anystyle,W7130646639,offline_title_fuzzy,0.941671937592241
6492_r1,6492,NA,3D Heritage Online Presenter (3DHOP). http://vcg.isti.cnr.it/3dhop/index.php; last accessed on 04/24/18,3D Heritage Online Presenter : 3DHOP,,xml_bibl,W6974068513,offline_title_fuzzy,0.941666666666667
525_a33,525,NA,Discrimination of Authorship Using Kjell,Discrimination of authorship using visualization,,anystyle,W2055211774,offline_title_fuzzy,0.941666666666667
908_a20,908,NA,As It Almost Was: Historiography of McCarty 2004,As It Almost Was: Historiography of Recent Things,,anystyle,W2057003482,offline_title_fuzzy,0.941666666666667
2037_a7,2037,NA,"Towards Hermeneutic Markup: an Architectural Outline Conference Abstracts"" Piez 2010 2010",Towards Hermeneutic Markup: An architectural outline.,,anystyle,W2185336139,offline_title_fuzzy,0.941666666666667
1637_a16,1637,NA,"A Complex-System Approach: Legal Knowledge, Ontology, Information and Networks. Approaches to Legal Ontologies Mazzega 2011","A Complex-System Approach: Legal Knowledge, Ontology, Information and Networks",,anystyle,W195943560,offline_title_fuzzy,0.941509433962264
4001_a28,4001,NA,Workflows And The Role Of Images For A Virtual 3d Reconstruction Of No Longer Extant Historic Objects Münster 2013,WORKFLOWS AND THE ROLE OF IMAGES FOR VIRTUAL 3D RECONSTRUCTION OF NO LONGER EXTANT HISTORIC OBJECTS,,anystyle,W2152012930,offline_title_fuzzy,0.941494149414942
953_a8,953,NA,"Chronicle of Higher Education, 13 December Future",Chronicle of Higher Education,,anystyle,W2796443302,offline_title_fuzzy,0.941463414634146
1242_a64,1242,NA,Photogrammetry Remote Sensing and Spatial,PHOTOGRAMMETRY & REMOTE SENSING,,anystyle,W2596161715,offline_title_fuzzy,0.941463414634146
750_a31,750,NA,"Computer-Assisted Text Analysis in the Humanities November 19-21, 2004. 2004",Computer assisted text analysis in the social sciences,,anystyle,W2044768379,offline_title_fuzzy,0.941451247165533
751_a8,751,NA,Computer-Assisted Text Analysis in the Humanities,Computer assisted text analysis in the social sciences,,anystyle,W2044768379,offline_title_fuzzy,0.941451247165533
2102_a6,2102,NA,Dictionary of the Khazars. A lexicon novel Pavić 1988,"Dictionary of the Khazars a lexicon novel in 100,000 words",,anystyle,W7056053215,offline_title_fuzzy,0.941379310344828
2253_r3,2253,NA,Trove: Digitised Newspapers. (n.d.). https://trove.nla.gov.au/newspaper.,Trove Digitised Newspaper Charts,,xml_bibl,W6902243299,offline_title_fuzzy,0.941342592592593
1004_a5,1004,NA,Questions of Authorship and Beyond Burrows 2003,Questions of Authorship and Attribution,,anystyle,W4408357559,offline_title_fuzzy,0.94132730015083
1163_a10,1163,NA,"International Federation of Library Associations and Institutions, Amended and corrected version",International Federation of Library Associations and Institutions. Council,,anystyle,W4253217708,offline_title_fuzzy,0.941177330747281
908_a18,908,NA,Issues in the History of Mahoney 1993,Issues in the history of computing,,anystyle,W104387568,offline_title_fuzzy,0.941176470588235
1000_a17,1000,NA,Kaarten met geschiedenis 1989,"Kaarten met geschiedenis, 1550-1800",,anystyle,W4399443000,offline_title_fuzzy,0.941176470588235
1238_a19,1238,NA,The Renaissance Computer: Knowledge,The Renaissance Computer,,anystyle,W604847440,offline_title_fuzzy,0.941176470588235
1478_a14,1478,NA,Palaeography and the “Virtual library” Stokes forthcoming,"Palaeography and the ""Virtual Library"" of Manuscripts",,anystyle,W2804321930,offline_title_fuzzy,0.941176470588235
1847_a5,1847,NA,The Bible in Arabic: The Scriptures of the ‘People of the Book S.H 2013,"The Bible in Arabic: The Scriptures of the ""People of the Book"" in the Language of Islam",,anystyle,W7086619935,offline_title_fuzzy,0.941176470588235
3996_a15,3996,NA,Digitizing Indigenous History: Trends Senier 2014,Digitizing Indigenous History: Trends and Challenges,,anystyle,W1977121452,offline_title_fuzzy,0.941176470588235
665_a3,665,NA,Reconstruction of Ancient Language History,Reconstruction of ancient ruins,,anystyle,W2010691111,offline_title_fuzzy,0.941167434715822
666_a4,666,NA,Reconstruction of Ancient Language History,Reconstruction of ancient ruins,,anystyle,W2010691111,offline_title_fuzzy,0.941167434715822
1787_a11,1787,NA,XML Path Language (XPath) Version 1.0 Consortium 1999,XML path language (XPath) 2.0,,anystyle,W7015982575,offline_title_fuzzy,0.941164021164021
974_a1,974,NA,A methodological perspective in Opas,A Methodological Perspective on Integration,,anystyle,W6983401454,offline_title_fuzzy,0.941146070831433
860_a10,860,NA,Annual Convention of the Modern Initiative,Annual Convention of the CASMT,,anystyle,W4239598008,offline_title_fuzzy,0.941075268817204
148_a15,148,NA,Center for Computer Assisted Research in the Humanities,Center for computer assisted research in the humanities at Stanford University,,anystyle,W4255378025,offline_title_fuzzy,0.941025641025641
796_a25,796,NA,Contrast and Change in the Idiolects of Ben Craig,Contrast and Change in the Idiolects of Ben Jonson Characters,,anystyle,W367202956,offline_title_fuzzy,0.940983606557377
1509_a1,1509,NA,The end of theory: the data deluge that makes the scientific method obsolete Anderson 2008,"""The End of Theory: The Data Deluge Makes the Scientific Method Obsolete""",,anystyle,W4413288418,offline_title_fuzzy,0.940952380952381
9023_a19,9023,NA,Bergen Language and Linguistic (Bells) Series,Bergen Language and Linguistics Studies,,anystyle,W4232942195,offline_title_fuzzy,0.94094613396939
2000_a16,2000,NA,"Les enfants de Socrate, Filiations intellectuelles et transmission du savoir XVIIe-XIXe siècles Waquet 2008",Les enfants de Socrate : Filiation intellectuelle et transmission du savoir XVIIe-XXIe siècle,,anystyle,W418754922,offline_title_fuzzy,0.940869768529343
532_a9,532,NA,Refining Our Notion of What Text Really Is: The Problem of,Refining our Notion of What Text Really Is: The Problem of Overlapping Hierarchies,,anystyle,W1503669979,offline_title_fuzzy,0.940740740740741
1480_a6,1480,NA,Integrating WordNet and Wiktionary with lemon.Proceedings of LDL McCrae; Montiel-Ponsoda; Cimiano 2012 2012,Integrating WordNet and Wiktionary with lemon,,anystyle,W198166843,offline_title_fuzzy,0.940625
7900_a10,7900,NA,Text and context: Explorations in semantics and pragmatics of discourse,Text and context explorations in the semantics and pragmatics of discourse,,anystyle,W7082325222,offline_title_fuzzy,0.940617760617761
1270_a3,1270,NA,From the old to the new: intergrating hypertext into traditional scholarship Crane 1987,From the Old to the New: Integrating Hypertext into Traditional Scholarship.,,anystyle,W2398533612,offline_title_fuzzy,0.940576576576577
619_a19,619,NA,Fairy Tales and the Art of Zipes 1983,Fairy Tales and the Art of Subversion,,anystyle,W4302406201,offline_title_fuzzy,0.940540540540541
984_a38,984,NA,Burrowing into Translation: Character Idiolects in Henryk Sienkiewicz’s Trilogy Rybicki,Burrowing into Translation: Character Idiolects in Henryk Sienkiewicz's Trilogy and its Two English Translations,,anystyle,W2103909773,offline_title_fuzzy,0.940540540540541
113_a1,113,NA,Guidelines for Electronic Text Encoding and Interchange (Text Encoding Initiative P3 1999-05,Guidelines for electronic text encoding and interchange : TEI P4,,anystyle,W613634021,offline_title_fuzzy,0.940483456831026
144_a1,144,NA,Guidelines for Electronic Text Encoding and Interchange (Text Encoding Initiative P3 1999-05,Guidelines for electronic text encoding and interchange : TEI P4,,anystyle,W613634021,offline_title_fuzzy,0.940483456831026
484_a3,484,NA,Authorship Attribution of the Gurney; Gurney,AUTHORSHIP ATTRIBUTION OF ARABIC TEXTS,,anystyle,W7017511891,offline_title_fuzzy,0.940471869328494
4058_a6,4058,NA,"Metadata Analytics, Visualization, and Optimization: Experiments in statistical analysis of the Harper 2016","Metadata Analytics, Visualization, and Optimization: Experiments in statistical analysis of the Digital Public Library of America (DPLA)",,anystyle,W2948029328,offline_title_fuzzy,0.940458015267176
1088_a9,1088,NA,Text Analysis Portal For Research 2008,Text Analysis Portal for Research (TAPoR) Archive,,anystyle,W6940510207,offline_title_fuzzy,0.940425531914894
3981_a11,3981,NA,Oral History and the Hidden Histories Project: Towards Histories of Nyhan; Flinn; Welsh 2013,Oral History and the Hidden Histories project: towards histories of computing in the humanities,,anystyle,W2096394736,offline_title_fuzzy,0.940425531914894
1526_a3,1526,NA,"Old spellings, new methods: automated procedures for indeterminate linguistic data.Literary and Linguistic Computing Craig; Whipp 2010","Old spellings, new methods: automated procedures for indeterminate linguistic data",,anystyle,W2168581589,offline_title_fuzzy,0.940350877192982
1909_a3,1909,NA,Where’s the Pedagogy? The Role of Teaching and Learning in the Digital Humanities.”Debates in the Digital Humanities Brier 2012,Where’s the Pedagogy? The Role of Teaching and Learning in the Digital Humanities,,anystyle,W2497394766,offline_title_fuzzy,0.940350877192982
7752_a7,7752,NA,Guidelines for Electronic Text Encoding and Interchange. Text Encoding Initiative 1994,Guidelines for electronic text encoding and interchange : TEI P4,,anystyle,W613634021,offline_title_fuzzy,0.940215053763441
7752_a6,7752,NA,SGML on the Web : small steps beyond HTML - Prentice Hall Rubinsky; Maloney 1997,SGML on the Web : small steps beyond H.T.M.L.,,anystyle,W564937006,offline_title_fuzzy,0.940198978809195
1423_a13,1423,NA,Multimodal Emotion Recognition in Speech-Based Interaction Using Facial Expression Kessous; Castellano; Caridakis 2004,"Multimodal emotion recognition in speech-based interaction using facial expression, body gesture and acoustic analysis",,anystyle,W2164471543,offline_title_fuzzy,0.94017094017094
160_a2,160,NA,The Digital Atheneum: New Technologies for Restoring and Preserving Old Documents Seales; Griffioen; Kevin Kiernan; Cantara 2000-02,The digital atheneum: New techniques for restoring and preserving old documents,,anystyle,W12048407,offline_title_fuzzy,0.940134952766532
900_a12,900,NA,The digital atheneum: New technologies for restoring and preserving old documents,The digital atheneum: New techniques for restoring and preserving old documents,,anystyle,W12048407,offline_title_fuzzy,0.940134952766532
7915_a31,7915,NA,The Digital Atheneum: New Technologies for Restoring and Preserving Old Documents,The digital atheneum: New techniques for restoring and preserving old documents,,anystyle,W12048407,offline_title_fuzzy,0.940134952766532
7916_a8,7916,NA,The Digital Atheneum: New Technologies for Restoring and Preserving Old Documents,The digital atheneum: New techniques for restoring and preserving old documents,,anystyle,W12048407,offline_title_fuzzy,0.940134952766532
379_a3,379,NA,"Balzac, discours et détours: Pour une stylistique de lÂ’énonciation balzacienne Bordas 1997","Balzac, discours et détours : pour une stylistique de l'énonciation romanesque",,anystyle,W1516938848,offline_title_fuzzy,0.940032373423678
8505_a17,8505,NA,"Artificial Intelligence, Psychology and Linguistics 1987",Artificial Intelligence and Corpus Linguistics,,anystyle,W7140677481,offline_title_fuzzy,0.94003162055336
910_a12,910,NA,"Wmatrix: a web-based corpus processing environment, Computing Department Rayson 2008",Wmatrix: A Web-Based Corpus Processing Environment.,,anystyle,W7096425038,offline_title_fuzzy,0.94
1053_a23,1053,NA,Principle and Practice in Applied Linguistics: Studies in,Principle and Practice in Applied Linguistics: Studies in Honour of H. G. Widdowson,,anystyle,W2067632889,offline_title_fuzzy,0.94
1088_a12,1088,NA,Postcolonial Chaucer and the Tomasch 2000,Postcolonial Chaucer and the Virtual Jew,,anystyle,W2490263824,offline_title_fuzzy,0.94
4016_a4,4016,NA,Visualiser l’information pour la comprendre vite et bien”. Dans L'Usager numérique Fekete 2010 2010-10,Visualiser l'information pour la comprendre vite et bien,,anystyle,W2739486671,offline_title_fuzzy,0.94
7738_a3,7738,NA,Computers and the Humanities (forthcoming,Computers and the Humanities,,anystyle,W2020352922,offline_title_fuzzy,0.94
1049_a4,1049,NA,Our Americas Archive Partnership Narrative,Our Americas archive partnership demonstration,,anystyle,W2001499032,offline_title_fuzzy,0.939894887720975
3795_a1,3795,NA,The eLexicon Mediae et Infimae Latini-tatis Polonorum. The Electronic Dictionary of Polish Medieval Latin' Nowak 2014 2014-07-19,The eLexicon Mediae et Infimae Latinitatis Polonorum. The Electronic Dictionary of Polish Medieval Latin,,anystyle,W2562596893,offline_title_fuzzy,0.939824495892457
1880_a21,1880,NA,An Introduction to Humanities Data Curation Flanders; Munoz,An Introduction to Humanitarian Action,,anystyle,W4406921634,offline_title_fuzzy,0.93980283833405
3907_a16,3907,NA,An Introduction to Humanities Data Curation Muñoz; Flanders 2014,An Introduction to Humanitarian Action,,anystyle,W4406921634,offline_title_fuzzy,0.93980283833405
1882_a4,1882,NA,The Distribution of Family Names in Taiwan Chen; Fried 1968,The Distribution of Family Incomes: A Reexamination,,anystyle,W2319204380,offline_title_fuzzy,0.939725900116144
1954_a8,1954,NA,"University of Wolverhampton, United Kingdom Group",University of Wolverhampton Nursing,,anystyle,W6997321182,offline_title_fuzzy,0.93965367965368
885_a6,885,NA,"Intrinsic motivation and the process of learning: benefi cial effects of hypercontextualization, personalization, and choice Cordova; Lepper 1996","Intrinsic motivation and the process of learning: Beneficial effects of contextualization, personalization, and choice.",,anystyle,W4248242843,offline_title_fuzzy,0.939647862019404
2487_r2,2487,NA,"Digital Archive of Finnish Folk Tunes, http://esavelmat.jyu.fi/index_en.html (accessed 27 October 2015).",Digital archive of Finnish Folk Tunes,,xml_bibl,W7000020179,offline_title_fuzzy,0.939622641509434
1409_a1,1409,NA,"MemoNote, a context-aware annotation tool for teachers.Proceedings of the 7th Azouaou; Desmoulins 2006 2006-07","MemoNote, a context-aware annotation tool for teachers",,anystyle,W4297927784,offline_title_fuzzy,0.939473684210526
1094_a14,1094,NA,The Cartographic Imagination in Smith 2008,The cartographic imaginary,,anystyle,W2961326464,offline_title_fuzzy,0.939454094292804
1487_a4,1487,NA,Historical Thesaurus of the OED Kay; Roberts; Samuels; Wotherspoon 2009,Historical Thesaurus of Scots,,anystyle,W2549956848,offline_title_fuzzy,0.93935997261915
1306_a2,1306,NA,Unsupervised Detection and Visualization of Textual Reuse on Ancient Greek Texts Büchler; Geßner 2010,Unsupervised Detection and Visualisation of Textual Reuse on Ancient Greek Texts,,anystyle,W2195330689,offline_title_fuzzy,0.939303797468354
1208_a5,1208,NA,Correspondence and Cultural Exchange in,Correspondence and Cultural Exchange in Europe 1400-1700,,anystyle,W7135691122,offline_title_fuzzy,0.939285714285714
1972_a2,1972,NA,"Towards a Scholarly Editing System for the Next Decades” Revised Selected Papers Robinson 2009 October 29-31, 2007 May 15-17, 2008",Towards a Scholarly Editing System for the Next Decades,,anystyle,W1550506917,offline_title_fuzzy,0.939240506329114
886_a9,886,NA,Berkeley Insights in Linguistics & Semiotics Series,Berkeley insights in linguistics and semiotics,,anystyle,W7017588819,offline_title_fuzzy,0.939210911867275
3975_a3,3975,NA,Network Visualization: Mapping Grandjean 2015,Network Visualization Map Data,,anystyle,W4394229257,offline_title_fuzzy,0.939080459770115
190_a2,190,NA,'Counting Syllables in the Divine Comedy: A Robey,"Counting Syllables in the ""Divine Comedy"": A Computer Analysis",,anystyle,W2039940250,offline_title_fuzzy,0.938983050847458
1589_a21,1589,NA,Semeiotike. Recherches Pour Une Sémanalyse. Éditions du seuil Kristeva 1969,Sēmeiōtikē recherches pour une sémanalyse,,anystyle,W7005941878,offline_title_fuzzy,0.938983050847458
4128_a3,4128,NA,The Corpus of Historical American English: 400 million words Davies 2010,The Corpus of Historical American English,,anystyle,W4402790747,offline_title_fuzzy,0.938983050847458
1430_a3,1430,NA,The New Penguin Atlas of Ancient History McEvedy 2003,The New Penguin Atlas of Medieval History,,anystyle,W1990642198,offline_title_fuzzy,0.938943089430894
977_a9,977,NA,"Innovation, and Creativity. A report for the",Innovation and Creativity: The EI Factor,,anystyle,W7100143427,offline_title_fuzzy,0.938907038907039
11824_r5,11824,NA,"Bucher, T. (2018). If...then : algorithmic power and politics. Oxford University Press.","Bucher, T. (2018). If … then: Algorithmic power and politics. New York: Oxford University Press. 216 pp.",,xml_bibl,W2950628179,offline_title_fuzzy,0.938901601830664
313_a6,313,NA,Beyond the ‘descriptive vs Piez 2001,Beyond the “descriptive vs. procedural”,,anystyle,W7097037538,offline_title_fuzzy,0.938888888888889
991_a5,991,NA,Teaching Societal and Ethical Implications of Nanotechnology to Engineering Berne; Schummer 2005,Teaching Societal and Ethical Implications of Nanotechnology to Engineering Students Through Science Fiction,,anystyle,W2041662329,offline_title_fuzzy,0.938888888888889
1195_a2,1195,NA,'Digital Editions and Text 2009,Digital Editions and Text Processing,,anystyle,W3171787468,offline_title_fuzzy,0.938888888888889
1212_a6,1212,NA,Archiv für Geschichte des,Archiv für Geschichte des Buchwesens,,anystyle,W4236626479,offline_title_fuzzy,0.938888888888889
1651_a1,1651,NA,"L'affaire Molière. La grande supercherie littéraire, Jean-Cyrille Godefroy Boissier 2004",L'affaire Molière : la grande supercherie littéraire,,anystyle,W621710532,offline_title_fuzzy,0.938888888888889
1695_a6,1695,NA,Analysis Tool or Research Methodology: Is there an Epistemology for Patterns? Understanding Digital Humanities Dixon 2012,Analysis Tool or Research Methodology: Is There an Epistemology for Patterns?,,anystyle,W2222633102,offline_title_fuzzy,0.938888888888889
3805_a7,3805,NA,"La production de l'espace, 4e édition Lefebvre 2000",La production de l’espace,,anystyle,W2280438361,offline_title_fuzzy,0.938888888888889
4117_a3,4117,NA,An Information Extraction Declerck; Scheidel 2010,An Information Extraction Customizer,,anystyle,W102721276,offline_title_fuzzy,0.938888888888889
589_a3,589,NA,Ethical Research in Indigenous Gower 2003,Ethical research in Indian country,,anystyle,W4238578924,offline_title_fuzzy,0.938823529411765
389_a3,389,NA,Questions of Authorship: Attribution and Beyond Burrows 2003,Questions of Authorship and Attribution,,anystyle,W4408357559,offline_title_fuzzy,0.938795986622074
495_a6,495,NA,Questions of authorship : Attribution and beyond Burrows,Questions of Authorship and Attribution,,anystyle,W4408357559,offline_title_fuzzy,0.938795986622074
546_a3,546,NA,Questions of Authorship: Attribution and Beyond Burrows,Questions of Authorship and Attribution,,anystyle,W4408357559,offline_title_fuzzy,0.938795986622074
591_a6,591,NA,Questions of authorship: attribution and beyond Burrows 2003,Questions of Authorship and Attribution,,anystyle,W4408357559,offline_title_fuzzy,0.938795986622074
1253_a3,1253,NA,Questions of authorship: attribution and beyond Burrows 2003,Questions of Authorship and Attribution,,anystyle,W4408357559,offline_title_fuzzy,0.938795986622074
1612_a3,1612,NA,Questions of authorship: attribution and beyond Burrows 2003,Questions of Authorship and Attribution,,anystyle,W4408357559,offline_title_fuzzy,0.938795986622074
2015_a4,2015,NA,Figurative Language: Cross-cultural and Cross-linguistic Perspectives (Current Research in Semantics D.; E 2005,Figurative Language: Cross-Cultural and Cross-Linguistic Perspectives,,anystyle,W607569375,offline_title_fuzzy,0.938775510204082
3837_a1,3837,NA,Regional classification traditional Japanese folk songs Kawase; Tokosumi 2011 1927,Regional Classification of Traditional Japanese Folk Songs,,anystyle,W2330304823,offline_title_fuzzy,0.938746081504702
2150_a3,2150,NA,Understanding the information requirements of arts and humanities scholarship: Implications for digital curation A.; Constantopoulos; Dallas; Gavrilis 2010,Understanding the Information Requirements of Arts and Humanities Scholarship,,anystyle,W2113000441,offline_title_fuzzy,0.938738738738739
3857_a7,3857,10.1504/ijmso.201,State of the Art on Methodologies for the Development of Dublin Core Application Profiles Curado Malta; Baptista 2013,State of the Art on Methodologies for the Development of a Metadata Application Profile,,anystyle,W2140041682,offline_title_fuzzy,0.938683326875888
9144_a8,9144,NA,Large-Scale Structure of Semantic Networks,Large Scale Structure of Metric Spaces,,anystyle,W7029768677,offline_title_fuzzy,0.938680033416875
3832_a6,3832,NA,"Licensing Images from Russian Museums for an Academic Project within Russian Legislation"" 2016",Licensing Images from Russian Museums for an Academic Project,,anystyle,W2538185836,offline_title_fuzzy,0.938636363636364
710_a4,710,NA,Figur und Person - Beitrag zur historischen Narratologie Jannidis 2004,Figur und Person Beitrag zu einer historischen Narratologie,,anystyle,W7047091486,offline_title_fuzzy,0.938606403013183
3857_a11,3857,NA,Megarep: A comprehensive research tool in medieval and renaissance poetic and metrical repertoires” E.; Seláf 2014,Megarep: A comprehensive research tool in Medieval and Renaissance poetic and metrical repertoires: Elena González-Blanco García – Levente Sélaf,,anystyle,W2491215544,offline_title_fuzzy,0.938571428571429
9861_r5,9861,NA,"Latour, Bruno. (2005). Reassembling the Social: An Introduction to Actor-Network-Theory. Oxford: Oxford University Press.","Latour, Bruno, 2005, Reassembling the Social – An Introduction to Actor Network Theory:Book Reviews / Comparative Sociolog",,xml_bibl,W7111663445,offline_title_fuzzy,0.938484472049689
4040_a13,4040,NA,The Balance between On-line and Inperson Interactions: Methods for the Development of Digital Humanities Collaboration Siemens 2011,The Balance between On-line and In-person Interactions: Methods for the Development of Digital Humanities Collaboration,,anystyle,W1707236347,offline_title_fuzzy,0.938476024916703
735_a5,735,NA,Just Different Layers? Stylesheets and Digital Pierazzo,Just different layers? Stylesheets and digital edition methodology,,anystyle,W7135722063,offline_title_fuzzy,0.938461538461539
969_a3,969,NA,Technology and Architecture - White Paper,Technology and Architecture,,anystyle,W4249127831,offline_title_fuzzy,0.938461538461539
1014_a10,1014,NA,Stylistic Choice in Machine DiMarco 1994,Stylistic Choice in Machine Translation,,anystyle,W3037923076,offline_title_fuzzy,0.938461538461539
1718_a11,1718,NA,Computing in Canada: a history of the incunabular years.Digital Humanities 2011 Rockwell; Smith; Hoosein 2011,Computing in Canada: a History of the Incunabular Years.,,anystyle,W2893072254,offline_title_fuzzy,0.938461538461539
9734_r6,9734,NA,Design and Art Australia Online (n.d.). About the DAAO. Retrieved from https://www.daao.org.au,Design and Art Australia Online (DAAO),,xml_bibl,W6927298941,offline_title_fuzzy,0.938444444444444
703_a9,703,NA,Control methods used in a study of the identification of vowels Peterson; Barney 1952,Control Methods Used in a Study of the Vowels,,anystyle,W4250530039,offline_title_fuzzy,0.938412698412699
79_a1,79,NA,comparative evaluation of display technologies for reading Gujar; Fishkin 1998 1998,Comparative Evaluation of Display Technologies for Collaborative Design Review,,anystyle,W2169153363,offline_title_fuzzy,0.938373121131742
883_a5,883,NA,New Learning Environments for the 21st S 2006,New Learning Environments for Street Children,,anystyle,W4316649787,offline_title_fuzzy,0.938362573099415
2090_a2,2090,NA,"Understanding Infrastructure: Dynamics, Tensions and Designhdl.handle.net/2027.42/49353 Edwards; Jackson; Bowker; Knobel","Understanding Infrastructure: Dynamics, Tensions, and Design",,anystyle,W1536857969,offline_title_fuzzy,0.938322368421053
1790_a7,1790,NA,"A comparative study of machine learning methods for authorship attribution,Literary and Lingistic Computing Jockers; Witten 2010",A comparative study of machine learning methods for authorship attribution,,anystyle,W2095069785,offline_title_fuzzy,0.938317757009346
2143_a2,2143,NA,The structure of historical narrative White 2010,The Structure of Historical Inquiry,,anystyle,W2508445660,offline_title_fuzzy,0.938258811807199
380_a5,380,NA,'Windowing the past: a seventeenth century technological archive and its electronic exploitation' New Technologies and Information Services Paterson 1991 July 8-12 1991,Windowing the Past: A Seventeenth Century Technological Archive and Its Electronic Exploitation,,anystyle,W1559717516,offline_title_fuzzy,0.938235294117647
4104_a2,4104,NA,Semiautomatic Recognition and Georeferencing of 2013,Semiautomatic recognition and georeferencing of places in early maps,,anystyle,W2070841287,offline_title_fuzzy,0.938235294117647
4167_a1,4167,NA,Semiautomatic Recognition and Georeferencing of 2013,Semiautomatic recognition and georeferencing of places in early maps,,anystyle,W2070841287,offline_title_fuzzy,0.938235294117647
1012_a8,1012,NA,Can computers help us read history better? computerised text-analysis of four editions of the outline of american history Welling,CAN COMPUTERS HELP US READ HISTORY BETTER? COMPUTERIZED TEXT-ANALYSIS OF FOUR EDITIONS OF <i>THE OUTLINE OF AMERICAN HISTORY</i>,,anystyle,W2181231256,offline_title_fuzzy,0.938167976868167
795_a21,795,NA,Changing Research Practices in the Digital Information and,Changing Research Practices in the Digital Information and Communication Environment,,anystyle,W2154697467,offline_title_fuzzy,0.938095238095238
1025_a9,1025,NA,Electronic Representations of Literary Texts,Electronic Representation of Line Reflex,,anystyle,W7046876870,offline_title_fuzzy,0.938080808080808
6347_r1,6347,NA,18thConnect Eighteenth-century Scholarship Online (2009). Available at: http://www.18thConnect.org (Accessed 17 November 2017).,18thConnect: Eighteenth‐Century Scholarship Online,,xml_bibl,W1753910986,offline_title_fuzzy,0.938028169014085
94_a5,94,NA,Making Sense of Corpus Data: A Case Study of Verbs of Sound Levin; Song; Atkins 1997,Making Sense of Corpus Data: a Case Study,,anystyle,W2746524068,offline_title_fuzzy,0.937931034482759
7999_a23,7999,NA,The General Inquirer: a Computer Approach to Content Analysis in the Behavioral Sciences Stone; Dunphy; Smith; Ogilvie 1966,The general inquirer: A computer approach to content analysis.,,anystyle,W2082291422,offline_title_fuzzy,0.937931034482759
8385_a2,8385,NA,The Provenance of 'De Doctrina Christiana': An Interim Report Campbell; Corns; Hale; Holmes; Tweedie 1995 1995-07,The Provenance of De Doctrina Christiana,,anystyle,W1985548902,offline_title_fuzzy,0.937931034482759
3997_a7,3997,NA,"Project-based digital humanities and social, digital Robinson 2016 2016","Project-based digital humanities and social, digital, and scholarly editions",,anystyle,W2522997537,offline_title_fuzzy,0.937837837837838
134_a1,134,NA,"Commonalities, difference and limitations of text analysis software: The results of a review Alexa; Zuell 1999","Commonalities, differences and limitations of text analysis software: the results of a review",,anystyle,W2269730688,offline_title_fuzzy,0.937802197802198
6338_r1,6338,NA,Center for Digital Storytelling. Storycenter.org,Center for Digital Storytelling (United States),,xml_bibl,W4251323301,offline_title_fuzzy,0.937777777777778
1343_a17,1343,NA,"Yesterday’s Words: Contemporary, Current and Future Lexicography, Historiographia Linguistica Mooijaart 2009","Yesterday's words contemporary, current and future lexicography",,anystyle,W6997578949,offline_title_fuzzy,0.937777777777778
1798_a7,1798,NA,Challenges of applying ethnography to study software practices.Proceedings of the ACM-IEEE Passos; Cruzes; Dybå 2012,Challenges of applying ethnography to study software practices,,anystyle,W2118709876,offline_title_fuzzy,0.937777777777778
1964_a1,1964,NA,SPEC Kit 326: Digital Humanities Bryson; Posner; Pierre; Alain 2011,SPEC Kit 326: Digital Humanities (November 2011),,anystyle,W2783829816,offline_title_fuzzy,0.937777777777778
451_a12,451,NA,The Rhetorical Parsing of Unrestricted Texts: A Marcu,The Rhetorical Parsing of Unrestricted Natural Language Texts,,anystyle,W7061720195,offline_title_fuzzy,0.937776193870278
1615_a7,1615,NA,The beauty of inflections: Literary investigations in historical method and theory McGann 1988,The Beauty of InflectionsLiterary Investigations in Historical Method and Theory,,anystyle,W1487155074,offline_title_fuzzy,0.937530864197531
9023_a2,9023,NA,A Practical Introduction to Statistics using R,A practical introduction to Bayesian Statistics,,anystyle,W6888934492,offline_title_fuzzy,0.937522576097969
1004_a18,1004,NA,A Stylometric Analysis of Mormon Holmes 1992,A Stylometric Analysis of Horror Fiction,,anystyle,W7024660157,offline_title_fuzzy,0.9375
2015_a1,2015,NA,"Die Fackel. Herausgeber: Karl Kraus, Wien 1899-1936"" Corpus; Version",Die Fackel. Herausgeber Karl Kraus,,anystyle,W657632337,offline_title_fuzzy,0.9375
3823_a9,3823,NA,Die Signifikativen Funktionen Der Wulff 1988,Die signifikativen Funktionen der Farben im Film,,anystyle,W2989761562,offline_title_fuzzy,0.9375
3878_a1,3878,NA,Digital Humanities in Cultural Areas Using,Digital Humanities in Cultural Preservation,,anystyle,W4229702028,offline_title_fuzzy,0.937472688635479
3771_a12,3771,NA,Miti e coscienza del decadentismo europeo Salinari 1960,Miti e coscienza del decadentismo italiano,,anystyle,W7112308348,offline_title_fuzzy,0.93739837398374
10730_r5,10730,NA,"Hausendorf, Heiko / Kesselheim, Wolfgang (2008): Textlinguistik fürs Examen. Göttingen: Vandenhoeck & Ruprecht.","Hausendorf, Heiko/Kesselheim, Wolfgang (2008): Textlinguistik fürs Examen",,xml_bibl,W7010129533,offline_title_fuzzy,0.937373737373737
2129_a2,2129,NA,The Treasure Act 1996 Code of Practice (2nd Revision) England and Wales Culture 1996,The Treasure Act 1996 Code of Practice (England and Wales),,anystyle,W7025320712,offline_title_fuzzy,0.93731884057971
8450_a10,8450,NA,"Enumerating, Ranking and Unranking Binary Trees; The Computer Journal Pallo","Enumerating, Ranking and Unranking Binary Trees",,anystyle,W2010788995,offline_title_fuzzy,0.937313432835821
977_a10,977,NA,National Research Council of the National Academics,National Research Council of Canada : Publications,,anystyle,W4205830725,offline_title_fuzzy,0.937303921568628
1739_a2,1739,NA,"The Voice in the Machine: Hazlitt, Hardy, James Clayton 1997","The Voice in the Machine Hazlitt, Austen, Hardy, and James",,anystyle,W4388060837,offline_title_fuzzy,0.937272727272727
319_a32,319,NA,Metadata for Long-Term Preservation Lupovici; Masanés,Metadata for Long Term Preservation of Product Data,,anystyle,W2403151608,offline_title_fuzzy,0.937254901960784
7900_a9,7900,NA,Studying writing: Linguistic perspectives,Studying writing : linguistic approaches,,anystyle,W626134578,offline_title_fuzzy,0.9371826625387
312_a4,312,NA,Women's Literary History 2001,Women’s Literary History in Ireland,,anystyle,W3033606235,offline_title_fuzzy,0.937142857142857
688_a5,688,NA,The Next Wave: Liberation Unsworth 2004,The Next Wave: Liberation Technology,,anystyle,W2563905189,offline_title_fuzzy,0.937142857142857
699_a9,699,NA,Graph Clustering by Flow Dongen 2000,Graph Clustering by Flow Simulation,,anystyle,W7028615529,offline_title_fuzzy,0.937142857142857
916_a3,916,NA,Encoded Archival Context 2004,Encoded Archival Context Activities,,anystyle,W7056411260,offline_title_fuzzy,0.937142857142857
1041_a3,1041,NA,In Praise of the Variant: A Critical Cerquiglini 1999,“In Praise of the Variant”,,anystyle,W4408470259,offline_title_fuzzy,0.937142857142857
1474_a5,1474,NA,An Analysis of Research in Computing Disciplines.Communications of the Glass; Ramesh; Vessey 2004,An analysis of research in computing disciplines,,anystyle,W2164222795,offline_title_fuzzy,0.937142857142857
1832_a2,1832,NA,Distributed Digital Music Archives and Libraries Diva.js github.com/DDMAL/Diva.js 2014 2014-03,Distributed digital music archives and libraries,,anystyle,W1969472424,offline_title_fuzzy,0.937142857142857
938_a8,938,NA,Introducción a una historia de la novela en Montesinos,Introducción a una historia de las perversiones.,,anystyle,W7010830047,offline_title_fuzzy,0.93709638538931
8392_a7,8392,NA,Aligning Sentences in Bilingual Corpora,Aligning sentences in bilingual texts,,anystyle,W2091917347,offline_title_fuzzy,0.937075537075537
92_a1,92,NA,COMLEX Syntax: A Large Syntactic Dictionary for Natural Language Processing. Computers and the Humanities (CHUM Macleod; Grishman; Meyers 1997/1998,COMLEX Syntax – A Large Syntactic Dictionary for Natural Language Processing,,anystyle,W1507533093,offline_title_fuzzy,0.937037037037037
1833_a4,1833,NA,A Comparative Study of Machine Learning Methods for Authorship Attribution”.Literary and Linguistic Computing Jockers; Witten 2010,A comparative study of machine learning methods for authorship attribution,,anystyle,W2095069785,offline_title_fuzzy,0.937037037037037
7959_a31,7959,NA,Guidelines for Electronic Text Encoding and Interchange (TEI P3) Text Encoding Initiative 1994,Guidelines for electronic text encoding and interchange : TEI P4,,anystyle,W613634021,offline_title_fuzzy,0.937004078605858
9779_r12,9779,NA,"Communications in Computer and Information Science series Dresden, Germany",Communications in Computer and Information Science,,xml_bibl,W2575007773,offline_title_fuzzy,0.936986301369863
1386_a14,1386,NA,National Historical Geographic Information System 2008 Minnesota Population,National Historical Geographic Information System: Version 20.0,,anystyle,W6944003605,offline_title_fuzzy,0.936881720430108
896_a3,896,NA,New Directions in Statistical Stylistics and Hoover 2002,New Directions in Statistical Physics,,anystyle,W2487878123,offline_title_fuzzy,0.936851526851527
541_a9,541,NA,The Chronology of Shakespeare’s Plays: A Brainerd,The chronology of Shakespeare's plays: A statistical study,,anystyle,W1983222731,offline_title_fuzzy,0.936842105263158
796_a4,796,NA,The Chronology of Shakespeare’s Plays: A Brainerd,The chronology of Shakespeare's plays: A statistical study,,anystyle,W1983222731,offline_title_fuzzy,0.936842105263158
860_a13,860,NA,Electronic Textual Editing and the TEI Unsworth,Electronic textual editing,,anystyle,W640273511,offline_title_fuzzy,0.936842105263158
904_a6,904,NA,The Chronology of Shakespeare’s Plays: A Brainerd 1980,The chronology of Shakespeare's plays: A statistical study,,anystyle,W1983222731,offline_title_fuzzy,0.936842105263158
914_a3,914,NA,"Denken in Parijs: taal en Lacan, Foucault Berns","Denken in Parijs : taal en Lacan, Foucault, Althusser, Derrida",,anystyle,W2522236102,offline_title_fuzzy,0.936842105263158
953_a9,953,NA,Digital Scholarly Editions Price 2007,Digital Scholarly Editions Beyond Text,,anystyle,W6941041086,offline_title_fuzzy,0.936842105263158
7914_a4,7914,NA,Authorial Attribution and Computational Stylistics: If You Can Tell Authors Apart,"Authorial attribution and computational stylistics: if you can tell authors apart, have you learned anything about them?",,anystyle,W2120341822,offline_title_fuzzy,0.936752136752137
1467_a5,1467,NA,Something Borrowed: Sequence Alignment and the Detection of Similar Passages in Large Text Collections Horton; Olsen; Roe 2010,Something Borrowed: Sequence Alignment and the Identification of Similar Passages in Large Text Collections,,anystyle,W1951628766,offline_title_fuzzy,0.936699047263217
879_a3,879,NA,Bowling alone: the collapse and revival of Putnam 2000,Bowling Alone: The Collapse and Revival of American Community,,anystyle,W2048500668,offline_title_fuzzy,0.936666666666667
7276_a4,7276,NA,Terminologie et intelligence artificielle. La Banque des mots Otman 1989,Terminologie et intelligence artificielle,,anystyle,W1974192239,offline_title_fuzzy,0.936666666666667
1793_a15,1793,NA,Mental Models: Aligning Digital Strategy with Human Behaviour Young 2008,Mental models aligning design strategy with human behavior,,anystyle,W2000728664,offline_title_fuzzy,0.93662486938349
564_a22,564,NA,Technology in the Humanities 2005,Technology in the humanities: A commentary,,anystyle,W6887922486,offline_title_fuzzy,0.936585365853659
776_a1,776,NA,Trees and Hierarchies in SQL for Smarties Celko,Trees and Hierarchies in SQL,,anystyle,W3021891919,offline_title_fuzzy,0.936585365853659
779_a49,779,NA,Technology in the Humanities,Technology in the humanities: A commentary,,anystyle,W6887922486,offline_title_fuzzy,0.936585365853659
884_a15,884,NA,Middle English Medical Texts = Taavitsainen 2005,Middle English medical texts,,anystyle,W587670244,offline_title_fuzzy,0.936585365853659
888_a20,888,NA,"What is text analysis, really? Literary and Rockwell 2003","What is Text Analysis, Really?",,anystyle,W1993610807,offline_title_fuzzy,0.936585365853659
908_a10,908,NA,Technology in the Humanities,Technology in the humanities: A commentary,,anystyle,W6887922486,offline_title_fuzzy,0.936585365853659
9918_r24,9918,NA,"SKOS. Simple Knowledge Organization System, https://www.w3.org/2004/02/skos/ (accessed 2018-10-31).",SKOS Simple Knowledge Organization System Primer,,xml_bibl,W2183679927,offline_title_fuzzy,0.936538461538462
3783_a30,3783,NA,"Natur und Staat, Beiträge zur naturwissenschaftlichen Gesellschaftslehre 1903",Natur und Staat Beiträge zur naturwissenschaftlichen Gesellschaftslehre ; eine Sammlung von Preisschriften,,anystyle,W7112650728,offline_title_fuzzy,0.936538461538462
1508_a10,1508,NA,"What you see is what you get?: Visualscapes, visual genesis and hierarchy Llobera 2006",What you see is what you get? Genesis and hierarchy in visualscapes,,anystyle,W14114768,offline_title_fuzzy,0.936530136530137
324_a1,324,NA,Computer-mediated communication as a force in language change” Baron 1984,Computer‐mediated communication as a learning resource,,anystyle,W2166884983,offline_title_fuzzy,0.936494160505732
8016_a2,8016,NA,Computer-mediated communication as a force in language change S 1984,Computer‐mediated communication as a learning resource,,anystyle,W2166884983,offline_title_fuzzy,0.936494160505732
3986_a10,3986,NA,How Social Media Affects the Annual Malcolm 2016,How Social Media Affects Formula One,,anystyle,W7112956766,offline_title_fuzzy,0.936461853558628
1861_a10,1861,NA,The Extensible Stylesheet Language Family (XSL,The Extensible Stylesheet Language Transformation (XSLT),,anystyle,W188548805,offline_title_fuzzy,0.936416881998277
1242_a27,1242,NA,'Madinat al-zahraí: Investigación y representación 2004,Madinat al-Zahraí: Investigation and Representation,,anystyle,W7067288661,offline_title_fuzzy,0.936388888888889
11936_r8,11936,NA,"Piper, Andrew. Enumerations: data and literary study. University of Chicago Press, 2018.","Piper, Andrew. Enumerations: Data and Literary Study. Chicago, University of Chicago Press, 2018, 258 págs.",,xml_bibl,W4387103741,offline_title_fuzzy,0.936388272973639
9850_r11,9850,NA,World Intellectual Property Organisation (WIPO). “WIPO Copyright Treaty (WCT).” http://www.wipo.int/treaties/en/ip/wct/,World Intellectual Property Organization: Copyright Treaty,,xml_bibl,W2602603406,offline_title_fuzzy,0.936380564086272
11740_r3,11740,NA,Computational Literary Studies. Accessed 10 April 2022: https://arxiv.org/abs/1808.03137.,Computational literary studies,,xml_bibl,W2972646354,offline_title_fuzzy,0.936363636363636
1741_a14,1741,NA,"Designing Qualitative Research, Thousand Oaks Marshall; Rossman 1999",Designing Qualitative Research,,anystyle,W639040412,offline_title_fuzzy,0.936363636363636
1762_a3,1762,NA,Políticos de la monarquía hispánica (1469-1700 García Hernán 2002,Políticos de la monarquia hispánica (1469-1700) : ensayo y diccionario,,anystyle,W6986484304,offline_title_fuzzy,0.936363636363636
2044_a4,2044,NA,Landscape as a historical object: 3D Reconstruction and Evaluation of a Relief Model from the 18th Century The International Archives of the Photogrammetry Niederoest 2002,Landscape as a historical object: 3D reconstruction and evaluation of a relief model from the 18th century,,anystyle,W1759416923,offline_title_fuzzy,0.936363636363636
3809_a3,3809,NA,Authenticating the writings of Daelemans 2016,Authenticating the writings of Julius Caesar,,anystyle,W2470484508,offline_title_fuzzy,0.936363636363636
525_a47,525,NA,A Comparative Study of Discrimination Problem,A Comparative Study of Dynamic . . .,,anystyle,W7097995983,offline_title_fuzzy,0.936296986641814
350_a1,350,NA,The Cambridge History of the Bible vol. 2: The West from the Fathers to the Reformation,"The Cambridge History of the Bible, 2: The West from the Fathers to the Reformation",,anystyle,W2797081026,offline_title_fuzzy,0.936267247639797
4142_a10,4142,NA,Essentially Speaking: Feminism Three Guineas Fuss 2013 1938,"Essentially speaking feminism, nature & difference",,anystyle,W7073871098,offline_title_fuzzy,0.936259277585354
605_a2,605,NA,L’explication grammaticale de textes anglais Cotte 1996,L'explication grammaticale anglaise,,anystyle,W649174659,offline_title_fuzzy,0.936233766233766
1242_a72,1242,NA,Journal of the Indian Society of,Journal of the Indian Society of Remote Sensing,,anystyle,W6992062201,offline_title_fuzzy,0.936170212765958
3841_a36,3841,NA,Photogrammetrische Auswertung historischer Fotografien am Potsdamer Stadtschloss,Photogrammetrische Auswertung historischer Fotografien und Messbilder,,anystyle,W2505925504,offline_title_fuzzy,0.936132246376812
713_a23,713,NA,Large Quadratic Programs in Training Support Vector,Large quadratic programs in training Gaussian support vector machines,,anystyle,W7029624804,offline_title_fuzzy,0.936061381074169
751_a2,751,NA,A Cambridge Companion to Willa Cather Lindemann,A Cambridge Companion to Textual Scholarship,,anystyle,W2768097001,offline_title_fuzzy,0.936008736008736
409_a4,409,NA,Message understanding conference 6: A bried history Grishman; Sundheim 1996,Message Understanding Conference-6,,anystyle,W2068882115,offline_title_fuzzy,0.936
662_a5,662,NA,Scribal Publication in Seventeenth Love 1993,Scribal Publication in Seventeenth-Century England,,anystyle,W4289877390,offline_title_fuzzy,0.936
963_a4,963,NA,Death Sentences: Styles of Dying in Stewart,Death Sentences: Styles of Dying in British Fiction,,anystyle,W2012949899,offline_title_fuzzy,0.936
2055_a3,2055,NA,Speculative Computing: Aesthetic Provocations in Humanities Computing. Companion to Digital Humanities Drucker; Nowviskie 2004,Speculative Computing: Aesthetic Provocations in Humanities Computing,,anystyle,W1495047203,offline_title_fuzzy,0.936
2055_a5,2055,NA,Speculative Computing: Aesthetic Provocations in Humanities Computing. Companion to Digital Humanities Drucker; Nowviskie 2004,Speculative Computing: Aesthetic Provocations in Humanities Computing,,anystyle,W1495047203,offline_title_fuzzy,0.936
8015_a4,8015,NA,Message Understanding Conference - 6: a brief history Grishman; Sundheim 1996,Message Understanding Conference-6,,anystyle,W2068882115,offline_title_fuzzy,0.936
1921_a2,1921,NA,'‘Delta’: A measure of stylistic difference and a guide to likely authorship'.Literary and Linguistic Computing Burrows 2002,'Delta': a Measure of Stylistic Difference and a Guide to Likely Authorship,,anystyle,W2107317033,offline_title_fuzzy,0.935849056603774
665_a2,665,NA,Structural Phylogenetics and the 2005,Structural Phylogenetics with Confidence,,anystyle,W3017061775,offline_title_fuzzy,0.935846774193548
666_a3,666,NA,Structural Phylogenetics and the 2005,Structural Phylogenetics with Confidence,,anystyle,W3017061775,offline_title_fuzzy,0.935846774193548
3826_a3,3826,NA,Textual Transmission and Translation in the Middle Ages Elizabeth Archibald et al Ellis 1994 1994,Textual Transmission and Translation in the Middle Ages,,anystyle,W2001928029,offline_title_fuzzy,0.935802469135803
3813_a8,3813,NA,Correspondence Analysis and Co-word Analysis,Correspondence analysis and two-way clustering,,anystyle,W7027510474,offline_title_fuzzy,0.935731225296443
3988_a1,3988,NA,The Annals of Humanities Computing: The Busa 1980,THE ANNALS OF HUMANITIES COMPUTING: THE INDEX THOMISTICUS,,anystyle,W3140339200,offline_title_fuzzy,0.935714285714286
4144_a7,4144,NA,"Word Vectors in the Eighteenth Century, Episode 2: Methods Heuser 2016 2016-06-01",Word Vectors in the Eighteenth Century.,,anystyle,W2810108248,offline_title_fuzzy,0.935714285714286
1137_a5,1137,NA,College Students' Use of Online Social,College Students' Use of Cocaine,,anystyle,W1992272530,offline_title_fuzzy,0.935710549258936
992_a11,992,NA,"Image Processing, Remote Sensing of Environment",Image Processing: Remote Sensing Image,,anystyle,W7096430162,offline_title_fuzzy,0.935648816518382
8510_a5,8510,NA,A Statistical Method for determining Ellegard,A statistical method for PWM clustering,,anystyle,W2567778580,offline_title_fuzzy,0.935630341880342
1760_a7,1760,NA,Reischauer Institute of Japanese Studies 2011,"Reischauer Institute of Japanese Studies, Harvard University",,anystyle,W7005535786,offline_title_fuzzy,0.935593220338983
1458_a3,1458,NA,Foundations of Statistical Language Processing Manning; Schütze 1999,Foundations of statistical natural language processing,,anystyle,W2045812729,offline_title_fuzzy,0.935587761674718
319_a57,319,NA,The Extensible Stylesheet Language (XSL Consortium W3C,The Extensible Stylesheet Language Transformation (XSLT),,anystyle,W188548805,offline_title_fuzzy,0.935477582846004
7959_a30,7959,NA,Looking Up An account of the COBUILD Project in lexical computing and the development of the Sinclair 1987,Looking up : an account of the COBUILD Project in lexical computing and the development of the Collins COBUILD English Language Dictionary,,anystyle,W623622508,offline_title_fuzzy,0.935294117647059
3909_a7,3909,NA,Can Information be Unfettered? Race and the New Digital Humanities Canon. Debates in the Digital Humanities Earhart 2012,Can Information Be Unfettered? Race and the New Digital Humanities Canon,,anystyle,W2298725699,offline_title_fuzzy,0.935238095238095
3891_a7,3891,NA,Dictionary of literary terms and literary theory Cuddon 2012,"Dictionary of Literary Terms and Literary Theory, J.A. Cuddon, 5th Edition",,anystyle,W1933226936,offline_title_fuzzy,0.935211267605634
984_a28,984,NA,Foundations of Cognitive Grammar: Theoretical Prerequisites,Foundations of cognitive grammar. Volume 1. Theoretical prerequisites,,anystyle,W1490542880,offline_title_fuzzy,0.93520329387545
402_a19,402,NA,Non-Traditional Authorship Attribution Studies: Ignis Fatuus or Rosetta Stone? Rudman 2000,Non-traditional Authorship Attribution Studies in the Historia Augusta: Some Caveats,,anystyle,W2060978735,offline_title_fuzzy,0.935189882336363
3976_a16,3976,NA,"Voyage autour du Caucase, chez les Tcherkesses et les Abkhases, en Colchide Montperreux 1840","Voyage autour du Caucase, chez les Tcherkesses et les Abkhases, en Colchide, en Géorgie, en Arménie et en Crimée.",,anystyle,W7006735402,offline_title_fuzzy,0.935185185185185
626_a80,626,NA,Developments in Forensic Linguistics,Developments in forensic sciences,,anystyle,W2049769234,offline_title_fuzzy,0.935151515151515
1854_a8,1854,NA,"Layers of Silence, Arenas of Voice: The Ecology of Visible and Invisible Work.”Computer Supported Cooperative Work Star; Strauss 1999","Layers of Silence, Arenas of Voice: The Ecology of Visible and Invisible Work",,anystyle,W4231114334,offline_title_fuzzy,0.935135135135135
3839_a7,3839,NA,"Python Language Reference, version 3.6 Foundation XXXX",Python Language Reference,,anystyle,W2484238088,offline_title_fuzzy,0.935135135135135
8451_a8,8451,NA,A Generalized Approach to Goldfarb,A Generalized Approach to Degradation,,anystyle,W2292640221,offline_title_fuzzy,0.935135135135135
609_a29,609,NA,Aby Warburg et l’image en mouvement Michaud 1998,Aby Warburg et l’image en procès,,anystyle,W2300297387,offline_title_fuzzy,0.935
775_a8,775,NA,Aelfric’s Catholic Homilies: Introduction Godden,Aelfric's Catholic homilies,,anystyle,W3162514505,offline_title_fuzzy,0.935
1148_a9,1148,NA,'A Tool for Literary Studies: Intertextual,A Tool for Literary Studies,,anystyle,W7097318412,offline_title_fuzzy,0.935
1637_a19,1637,NA,High-Throughput Crowdsourcing Mechanisms for Complex Tasks. Social Informatics Springer Sautter; Böhm 2011,High-Throughput Crowdsourcing Mechanisms For Complex Tasks,,anystyle,W4300078631,offline_title_fuzzy,0.934883720930233
8456_a2,8456,NA,Approaches to the Planning of Hovy 1991,Approaches to the Planning of Coherent Text,,anystyle,W1992702627,offline_title_fuzzy,0.934883720930233
19_a6,19,NA,The Humanities Computing Yearbook 1989-90 A Comprehensive Guide to Software and other Resources 1991,The humanities computing yearbook a comprehensive guide to software and other resources,,anystyle,W6982343729,offline_title_fuzzy,0.934882032667877
789_a3,789,NA,Cross Browser Compatibility and Website Cockburn,Cross Browser Compatibility Issues,,anystyle,W2294158775,offline_title_fuzzy,0.934875687247604
577_a11,577,NA,Text categorization with Support Joachims 1998,Text Categorization with ILA,,anystyle,W141548771,offline_title_fuzzy,0.934821428571429
100_a1,100,NA,"Nuovi orientamenti nella didattica dell'italiano come L2"" Ambroso 1999",Nuovi orientamenti nella didattica dell'improvvisazione musicale (1),,anystyle,W2461150365,offline_title_fuzzy,0.934797435269133
2578_r1,2578,NA,Mapping the Republic of Letters. (accessed March 7th 2016).,Mapping the Republic of Letters,,xml_bibl,W7114803838,offline_title_fuzzy,0.934782608695652
995_a27,995,NA,Toward Alternative Measures for Yan 2007,Toward alternative measures for ranking venues,,anystyle,W2145305331,offline_title_fuzzy,0.934782608695652
1763_a2,1763,NA,A Model Curriculum for A Liberal Arts Degree in Computer Science.Communications of the ACM 29(3 Gibbs; Tucker 1986,A model curriculum for a liberal arts degree in computer science,,anystyle,W2051662158,offline_title_fuzzy,0.934736842105263
3984_a1,3984,NA,"Werther-Roman und Werther-Figur in der deutschen Prosa des Wilhelminischen Zeitalters, St Horré 1997",Werther-Roman und Werther-Figur in der deutschen Prosa des Wilhelminischen Zeitalters Variationen über ein Thema von J. W. Goethe,,anystyle,W7072087263,offline_title_fuzzy,0.934735146743021
64_a2,64,NA,Analisi Multidimensionale dei dati. Carocci Editore Bolasco 1999,ANALISI MULTIDIMENSIONALE DEI DATI CON UN'INTERFACCIA AD ALBERO,,anystyle,W6989185178,offline_title_fuzzy,0.934730158730159
2334_r6,2334,NA,Global Outlook::Digital Humanities. (2013). About page. http://www.globaloutlookdh.org/about/.,Global Outlook::Digital Humanities,,xml_bibl,W6959888254,offline_title_fuzzy,0.93469387755102
1344_a12,1344,NA,"The works of Laurence Sterne, containing the life and opinions of Tristram Shandy, gentleman Sterne 1847","The Works of Laurence Sterne containing the life and opinions of Tristram Shandy, a sentimental Journey ... Sermons, Letters etc.",,anystyle,W7072141827,offline_title_fuzzy,0.934690653077096
2559_r17,2559,NA,"TEI - Text Encoding Initiative. http://www.tei-c.org, (accessed 30 October 2015).",TEI: Text Encoding Initiative #TEI,,xml_bibl,W2612965807,offline_title_fuzzy,0.934659090909091
2078_a6,2078,NA,Digitale Forschungsinfrastrukturen in den Geistes- und Geschichtswissenschaften. Genf: Haute école de gestion de Genève Hügi; Schneider 2013,Digitale Forschungsinfrastrukturen in den Geistes- und Geschichtswissenschaften.,,anystyle,W157761796,offline_title_fuzzy,0.93448275862069
1057_a2,1057,NA,"Infrastructure, and the Internet",Infrastructure and the integration of Europe,,anystyle,W3042980780,offline_title_fuzzy,0.934457478005865
1777_a4,1777,NA,Open Educational Resources Programme Phase 2http://www.jisc.ac.uk/whatwedo/programmes/elearning/oer2.aspx 2011,Open Educational Resources (OERs),,anystyle,W1489403521,offline_title_fuzzy,0.934457478005865
3848_a18,3848,NA,"What is in a Model? Combining Theoretical and Material Models to Develop Intelligible, Modeling Biology: Structures, Behaviors, Evolution Leonelli 2007",What Is in a Model? Combining Theoretical and Material Models to Develop Intelligible Theories,,anystyle,W4242809372,offline_title_fuzzy,0.934457478005865
3832_a16,3832,NA,Preface from the Editor of the Russian Edition' Sher 1983,Preface from the editor of this issue,,anystyle,W2055099004,offline_title_fuzzy,0.934449667058363
733_a13,733,NA,Towards a Social Theory of Appraisal Eastwood,Towards a social theory of mental handicap,,anystyle,W167965485,offline_title_fuzzy,0.934415584415585
319_a34,319,NA,Preservation Metadata for Digital Preservation Metadata,Preservation Metadata for Software,,anystyle,W7132532501,offline_title_fuzzy,0.934402852049911
528_a5,528,NA,International Standard for a Linguistic Ide; Romary,INTERNATIONAL STANDARD FOR VITAMIN E,,anystyle,W4235008630,offline_title_fuzzy,0.934382284382284
9024_a10,9024,NA,Effects of Digitalization on Ideas,Effects of Digitalization on Organizations,,anystyle,W2587335094,offline_title_fuzzy,0.9343662464986
9024_a15,9024,NA,Effects of Digitalization on Ideas,Effects of Digitalization on Organizations,,anystyle,W2587335094,offline_title_fuzzy,0.9343662464986
795_a1,795,NA,Cyberinfrastructure for Humanities and Social Sciences,Cyberinfrastructure for the humanities and social sciences,,anystyle,W2003325168,offline_title_fuzzy,0.934355044699872
846_a8,846,NA,Cyberinfrastructure for Humanities and Social Sciences,Cyberinfrastructure for the humanities and social sciences,,anystyle,W2003325168,offline_title_fuzzy,0.934355044699872
1865_a9,1865,NA,Post-scriptum sur les sociétés de contrôle Deleuze 1990,Post-scriptum sur les sociétés de recherche-création,,anystyle,W3047583982,offline_title_fuzzy,0.934322344322344
2144_a24,2144,NA,'A YouTube of one's Own?': 'Coming out' narratives as rhetorical action Losh; Alexander 2010,“A YouTube of One’s Own?”: “Coming Out” Videos as Rhetorical Action,,anystyle,W2893606775,offline_title_fuzzy,0.934303118387586
7911_a8,7911,NA,Is Humanities Computing a Discipline?,Is Humanities Computing an Academic Discipline,,anystyle,W2982415327,offline_title_fuzzy,0.934299516908213
319_a20,319,NA,Moving Theory into Practice: Digital Imaging for Kenney; Rieger,Moving theory into practice : digital imaging for libraries and archives,,anystyle,W7075632455,offline_title_fuzzy,0.934285714285714
1076_a1,1076,NA,Scholarly Work in the Humanities and the Evolving 2001,Scholarly Work in the Humanities and the Evolving Information Environment,,anystyle,W1521953641,offline_title_fuzzy,0.934246575342466
8416_a11,8416,NA,"Voice, genre, and intentionality: an integrated methods study of voice criteria examined in the context of large scale-writing assessment Jeffrey 2010","Voice, Genre, and Intentionality: An Integrated Methods Study of Voice Criteria in the Evaluation of Secondary Students' Writing.",,anystyle,W167487289,offline_title_fuzzy,0.934238593799728
1239_a6,1239,NA,"'Teaching, Learning and Research in Final Year Humanities 2005","Teaching, Learning and Research in Final Year Humanities Computing Student Projects",,anystyle,W2158791046,offline_title_fuzzy,0.934146341463415
507_a9,507,NA,The Dictionary of Heraldry – Feudal Coats of Arms and Pedigrees. With an introduction by J.P.B Foster,The Dictionary of Heraldry: Feudal Coats of Arms and Pedigrees,,anystyle,W1505590044,offline_title_fuzzy,0.934065934065934
373_a3,373,NA,Oskar Rosenfeld und Oskar Singer - zwei Autoren des Lodzer Gettos Feuchert,Oskar Rosenfeld und Oskar Singer zwei Autoren des Lodzer Gettos ; Studien zur Holocaustliteratur,,anystyle,W7033050095,offline_title_fuzzy,0.934042553191489
1406_a5,1406,NA,The effect of author set size and data size in authorship attribution.Literary and Linguistic Computing Luyckx; Daelemans 2010,The effect of author set size and data size in authorship attribution,,anystyle,W2098434511,offline_title_fuzzy,0.933980582524272
1514_a17,1514,NA,Fixing the Federalist: Correcting Results and Evaluating Attribution Levitan; Argamon 2006,Fixing the Federalist: Correcting Results and Evaluating Editions for Automated Attribution,,anystyle,W7046879757,offline_title_fuzzy,0.933963515754561
8450_a7,8450,NA,International Organization for Standardization; Information Processing – Text and,International Organization for Standardization ISO Central Secretariat,,anystyle,W7097013469,offline_title_fuzzy,0.933919413919414
796_a42,796,NA,Statistical Methods and Large Corpora Nakamura,Statistical Methods and Error Handling,,anystyle,W1593154527,offline_title_fuzzy,0.933880770722876
2095_a1,2095,NA,"The Dickens Lexicon Project.""ERA, Vol.25 Imahayashi; Hori; Jimura; Tabata 2008",The Dickens Lexicon ProjectとLexiconの利用法--コンピュータを利用した英語学習と研究の紹介を含む,,anystyle,W372165929,offline_title_fuzzy,0.933849138976474
859_a4,859,NA,Frequency-based Dynamic Models for the Analysis of English and Hungarian Literary Works and Csernoch 2006,Frequency-based dynamic models for the analysis of English and Hungarian literary works and coursebooks for English as a second language,,anystyle,W2478225327,offline_title_fuzzy,0.933823529411765
525_a71,525,NA,"Linguistic Evidence, Statistical Wachal","Linguistic Evidence, Status of",,anystyle,W1560984183,offline_title_fuzzy,0.933704115684093
1381_a8,1381,NA,A Probabilistic Analysis of a Medieval English Text Thaisen 2010,A probabilistic analysis of a leader election algorithm,,anystyle,W2953089287,offline_title_fuzzy,0.933614081996435
499_a21,499,NA,Cognitive Implications of Writing and Reading,Cognitive implications of learning to read,,anystyle,W2023402548,offline_title_fuzzy,0.933406593406594
11825_r4,11825,NA,"Westad, Odd Arne. Restless empire: China and the world since 1750. Hachette UK, 2012.","Westad, Odd Arne. Restless Empire: China and the World since 1750. Nueva York: Basic Books, 2012, 515 p",,xml_bibl,W2611168431,offline_title_fuzzy,0.933400330710457
862_a7,862,NA,"Scholarly Editions, and Tutorials",Scholarly Editions and Translations (NEH),,anystyle,W4401638680,offline_title_fuzzy,0.933369520264682
4051_a11,4051,NA,The TXM Platform: Building OpenSource Textual Analysis Software Compatible with the TEI Encoding Scheme Heiden 2010,The TXM Platform: Building Open-Source Textual Analysis Software Compatible with the TEI Encoding Scheme,,anystyle,W7025098309,offline_title_fuzzy,0.933352370074243
10755_r4,10755,NA,"GAMS - Geisteswissenschaftliches Asset Management System, http://gams.uni-graz.at, [letzter Zugriff 2017-08-29].",GAMS - Geisteswissenschaftliches Asset Management System,,xml_bibl,W7139270142,offline_title_fuzzy,0.933333333333333
375_a4,375,NA,"Dublin Core Metadata Element Set, Version 1.1: Reference Description 2003","Dublin Core Metadata Element Set, Version 1.1",,anystyle,W7046533357,offline_title_fuzzy,0.933333333333333
495_a19,495,NA,Computers and the Humanities (ALLC/ACH 2004,Computers and the Humanities,,anystyle,W2020352922,offline_title_fuzzy,0.933333333333333
767_a18,767,NA,The Future of Scholarly Publishing: Report of the Ad,The Future of Scholarly Publishing,,anystyle,W562571661,offline_title_fuzzy,0.933333333333333
841_a2,841,NA,The Cervantes Project: Steps to a Customizable and Interlinked On-Line Electronic,The Cervantes Project: Steps to a Customizable and Interlinked On-Line Electronic Variorum Edition Supporting Scholarship,,anystyle,W1501913748,offline_title_fuzzy,0.933333333333333
974_a12,974,NA,Language Change In Real Time. Evidence from the Danish Laboratory,Language change in real time: evidence from the Danish laboratory: the work of the LANCHART Centre,,anystyle,W2024164467,offline_title_fuzzy,0.933333333333333
1354_a4,1354,NA,Speculative computing: Aesthetic provocations in humanities computing A Companion to Digital Humanities Drucker,Speculative Computing: Aesthetic Provocations in Humanities Computing,,anystyle,W1495047203,offline_title_fuzzy,0.933333333333333
1570_a7,1570,NA,The Poem and the Network: Editing Poetry Electronically Electronic Textual Editing Fraistat; Jones; Burnard; Unsworth 2006 2006,The Poem and the Network: Editing Poetry Electronically,,anystyle,W2611813221,offline_title_fuzzy,0.933333333333333
1690_a8,1690,NA,Staccato: Segmentation Agreement Calculator Lücking; Ptock; Bergmann 2011,Staccato: Segmentation Agreement Calculator according to Thomann,,anystyle,W12098914,offline_title_fuzzy,0.933333333333333
1866_a21,1866,NA,"The Participatory Museum, Museums 2.0 Simon 2010",The Participatory Museum,,anystyle,W2914291483,offline_title_fuzzy,0.933333333333333
1885_a13,1885,NA,Institute for the Future of the Book 2013-10-17,INSTITUTE FOR THE FUTURE,,anystyle,W6982547663,offline_title_fuzzy,0.933333333333333
1885_a14,1885,NA,Institute for the Future of the Book 2013-10-17,INSTITUTE FOR THE FUTURE,,anystyle,W6982547663,offline_title_fuzzy,0.933333333333333
3832_a12,3832,NA,Benefits of Collaborative Digitization Navarette 2015,Benefits of collaborative digitization projects in Europe,,anystyle,W1615150536,offline_title_fuzzy,0.933333333333333
3927_a5,3927,NA,A Journey through the Crimea to Constantinople Craven 1789,A journey through the Crimea to Constantinople in a series of letters,,anystyle,W7066812325,offline_title_fuzzy,0.933333333333333
4019_a2,4019,NA,Teaching History for the Barton; Levstik 2004,Teaching History for the Common Good,,anystyle,W1518449464,offline_title_fuzzy,0.933333333333333
4131_a2,4131,NA,The Advanced Cyberinfrastructure Research and Education Facilitators Virtual Residency: Toward a National Cyberinfrastructure Work Neeman 2016,The Advanced Cyberinfrastructure Research and Education Facilitators Virtual Residency,,anystyle,W2516954234,offline_title_fuzzy,0.933333333333333
4135_a2,4135,NA,Innovation: The History of a Buzzword Green 2013,Innovation: the history of a category,,anystyle,W3118160444,offline_title_fuzzy,0.933333333333333
4144_a6,4144,NA,"Word Vectors in the Eighteenth Century, Episode 1: Concepts Heuser 2016 2016-04-14",Word Vectors in the Eighteenth Century.,,anystyle,W2810108248,offline_title_fuzzy,0.933333333333333
929_a6,929,NA,"The Linguistic Association of Finland, Special",The Linguistic Association of Liberia,,anystyle,W4252648338,offline_title_fuzzy,0.933316173316173
1511_a9,1511,NA,The Marriage of Philology and Informatics Vickers 2009,The marriage of Philology and Mercury,,anystyle,W575687608,offline_title_fuzzy,0.93329338207387
1104_a6,1104,NA,Mobile Augmented Reality Systems for Exploring the,Mobile Augmented Reality System for Preschool Education,,anystyle,W2945374838,offline_title_fuzzy,0.933212121212121
4178_a2,4178,NA,Holding On Upside Down: The Life and Leavell 2014,HOLDING ON UPSIDE DOWN: THE LIFE OF MARIANNE MOORE,,anystyle,W4302441453,offline_title_fuzzy,0.933061224489796
1630_a24,1630,NA,Citation context versus frequency counts of citation histories Maričić; Spaventi; Pavičić; Pifat-Mrzljak 1998,Citation context versus the frequency counts of citation histories,,anystyle,W3005131619,offline_title_fuzzy,0.933040078201369
819_a3,819,NA,IFLA Study Group on the Functional Requirements of,IFLA Study Group on the Functional Requirements for Bibliographic Records,,anystyle,W7095242053,offline_title_fuzzy,0.932986301369863
7163_a6,7163,NA,Reference grammars for the Latin,Reference grammars for the computational age,,anystyle,W7115236637,offline_title_fuzzy,0.932954545454546
7737_a3,7737,NA,Mathematical Linguistics and Formal Language Theory C.; Hankamer; Wood 1996,Mathematical Linguistics and Proof Theory,,anystyle,W110913329,offline_title_fuzzy,0.932928668653202
4064_a3,4064,NA,Linking Motif Sequences to Tale Types by Machine Learning Ofek; Daranyi; Rokach 2013,Linking Motif Sequences with Tale Types by Machine Learning,,anystyle,W1507181716,offline_title_fuzzy,0.932750307973323
1953_a12,1953,NA,A Distributed Archival Network for Process-Oriented Autonomic Subotic,A Distributed Archival Network for Process-Oriented Autonomic Long-Term Digital Preservation,,anystyle,W6903779917,offline_title_fuzzy,0.932608695652174
1885_a9,1885,NA,Online Humanities Scholarship: The Shape of Things to Come McGann 2010,Online Humanities Scholarship: The Shape of Things to Come: Advance Papers and Responses,,anystyle,W6974067088,offline_title_fuzzy,0.932558139534884
1224_a6,1224,NA,'From Virtual Reality to Augmented,From virtual reality to metaverses,,anystyle,W7137741777,offline_title_fuzzy,0.932552707603418
1568_a4,1568,NA,Informations- und Kommunikationsstruktur der Zukunft 2009 2012-03,Informations- und Kommunikations-Infrastrukturen,,anystyle,W579594814,offline_title_fuzzy,0.932510334888307
10990_r11,10990,NA,„WissKI – Wissenschaftliche Kommunikations-Infrastruktur”http://www.gnm.de/forschung/archiv-forschungsprojekte/wisski/ [letzter Zugriff: 07.07.2017].,WissKI – Wissenschaftliche Kommunikations-Infrastruktur,,xml_bibl,W6912613340,offline_title_fuzzy,0.9325
713_a9,713,NA,Performing Gender: Automatic Stylistic Analysis of,Performing Gender: Automatic Stylistic Analysis of Shakespeare's Characters,,anystyle,W71354798,offline_title_fuzzy,0.932432432432433
746_a9,746,NA,Performing Gender: Automatic Stylistic Analysis of,Performing Gender: Automatic Stylistic Analysis of Shakespeare's Characters,,anystyle,W71354798,offline_title_fuzzy,0.932432432432433
865_a7,865,NA,Performing Gender: Automatic Stylistic Analysis of,Performing Gender: Automatic Stylistic Analysis of Shakespeare's Characters,,anystyle,W71354798,offline_title_fuzzy,0.932432432432433
9023_a7,9023,NA,"Authorial attribution and computational stylistics: if you tell authors apart, have you learned anything about them? Literary and Craig 1999","Authorial attribution and computational stylistics: if you can tell authors apart, have you learned anything about them?",,anystyle,W2120341822,offline_title_fuzzy,0.932417582417582
916_a7,916,NA,Knowledge Management: Evaluation of Automated Link,Knowledge Management Evaluation. Comparative Study,,anystyle,W2307832999,offline_title_fuzzy,0.932415757000475
540_a4,540,NA,Legitimizing Electronic Scholarly Publication Heimpel,LEGITIMIZING ELECTRONIC SCHOLARLY PUBLICATIONS: A DISCURSIVE PROPOSAL,,anystyle,W1481276028,offline_title_fuzzy,0.932352941176471
1455_a4,1455,NA,Preservation in the Age of Google: Digitization Conway 2010,Preservation in the Age of Large-Scale Digitization,,anystyle,W6898974886,offline_title_fuzzy,0.932328158766034
667_a11,667,NA,Linguistics and Cognitive History,Linguistics and Cognitive Science,,anystyle,W1544723719,offline_title_fuzzy,0.932251082251082
277_r7,277,NA,Metadata Object Description Schema (MODS),Metadata Object Description Schema: MODS (Library of Congress),,xml_biblstruct,W6917998218,offline_title_fuzzy,0.932203389830509
1251_a18,1251,NA,"Walking the Tightrope: The Balancing Acts of a Large e-Research Project., ” Computer Supported Cooperative Work Lawrence 2006",Walking the Tightrope: The Balancing Acts of a Large e-Research Project,,anystyle,W2111183635,offline_title_fuzzy,0.932075471698113
1265_a5,1265,NA,"Theory and typology of proper names, Mouton de Gruyter Langendonck 2007",Theory and Typology of Proper Names,,anystyle,W572534550,offline_title_fuzzy,0.932075471698113
3821_a12,3821,NA,Macroanalysis: Digital Methods and Jockers 2013,Macroanalysis: digital methods and literary history,,anystyle,W561535798,offline_title_fuzzy,0.932
3971_a12,3971,NA,Macroanalysis: Digital Methods and Jockers 2013,Macroanalysis: digital methods and literary history,,anystyle,W561535798,offline_title_fuzzy,0.932
3986_a12,3986,NA,The Net Delusion: The Dark Side of Morozov 2012,The Net Delusion: The Dark Side of Internet Freedom,,anystyle,W342802699,offline_title_fuzzy,0.932
1526_a12,1526,NA,Probabilistic Analysis of Middle English Orthography Stanford Thaisen 2011 2011,Probabilistic Analysis of Middle English Orthography: the Auchinleck Manuscript.,,anystyle,W2894060849,offline_title_fuzzy,0.93198533142004
1809_a9,1809,NA,"Supporting Exploratory Text Analysis Literature Study, Literary and linguistic computing Muralidharan; Hearst 2011",Supporting exploratory text analysis in literature study. Literary and Linguistic Computing 28,,anystyle,W7099127595,offline_title_fuzzy,0.931924360400445
1636_a10,1636,NA,Twelfth-century epistolary language of friendship reconsidered Moens 2010,Twelfth-century Epistolary Language of Friendship Reconsidered. The Case of Guibert of Gembloux,,anystyle,W1964095726,offline_title_fuzzy,0.931914893617021
1814_a6,1814,NA,"North Carolina: A State of Shock, Southern Spaces Carter 2013",North Carolina: A State of Shock,,anystyle,W2300709612,offline_title_fuzzy,0.931914893617021
3871_a1,3871,NA,Multi-Paragraph Segmentation of Hearst 1994,Multi-paragraph segmentation of expository text,,anystyle,W2100873065,offline_title_fuzzy,0.931914893617021
7721_a2,7721,NA,Histoire Auguste. Les Empereurs Romains des IIe et IIIe Siècles Chastagnol 1994,"Histoire Auguste : les empereurs romains des IIe et IIIe siècles : édition bilingue, latin-français",,anystyle,W642820354,offline_title_fuzzy,0.931914893617021
1578_a6,1578,NA,Defining What Digital Curations Do and What They Need to Know: The Digcurr Project Lee; Tibbo; Schaefer 2007,Defining what digital curators do and what they need to know: the DigCCurr project,,anystyle,W7095460242,offline_title_fuzzy,0.931895608688858
53_a4,53,NA,"Integration and Involvement in Speaking, Writing, and Oral Literature Chafe 1982",Integration and Involvement in Spoken and Written Language,,anystyle,W204507929,offline_title_fuzzy,0.931613258571029
3783_a11,3783,NA,Erkenntnis durch Metapher? Methodologische Bemerkungen zur Metaphernforschung Gehring 2010,Erkenntnis durch Metaphern? Methodologische Bemerkungen zur Metaphernforschung,,anystyle,W99342226,offline_title_fuzzy,0.931613123718387
1362_a3,1362,NA,"British Fiction,1800–1829: A Database of Production Garside; E.Belanger; Ragaz 2004","British fiction 1800-1829: A database of production, circulation and reception",,anystyle,W1508577512,offline_title_fuzzy,0.931578947368421
3989_a1,3989,NA,The Digital Humanities Are Alive and Maron 2015,The Digital Humanities and its Users,,anystyle,W2496641781,offline_title_fuzzy,0.931541218637993
905_a5,905,NA,Aspects of Human-Computer Interaction: Game-Based and,Aspects of human–computer interaction (HCI),,anystyle,W19881538,offline_title_fuzzy,0.931519699812383
1462_a1,1462,NA,Bilingual concordancers and translation memories: A comparative evaluation Bowker; Barlow 2004 2004-08-28,Bilingual concordancers and translation memories,,anystyle,W2001995283,offline_title_fuzzy,0.931506849315068
409_a7,409,NA,"Design, Implementation and Evaluation of Named-Entity Recognizer for Swedish Kokkinakis 2001","Design, Implementation, and Evaluation of Data-driven Algorithms for Networking",,anystyle,W6990438633,offline_title_fuzzy,0.931486121721416
984_a31,984,NA,Statistical Analysis of Literature: A Retrospective Potter,Statistical analysis of historical temperature series,,anystyle,W7135630145,offline_title_fuzzy,0.931465408805032
542_a21,542,NA,"Is Humanities Computing an Academic Discipline?"" Paper delivered at IATH 1999-11-05",Is Humanities Computing an Academic Discipline,,anystyle,W2982415327,offline_title_fuzzy,0.931428571428571
905_a26,905,NA,Narrative as Virtual Reality: Immersion and Ryan,Narrative as Virtual Reality 2,,anystyle,W4230794088,offline_title_fuzzy,0.931428571428571
1828_a5,1828,NA,The Production of Space.Oxford Lefebvre 2005,The Production of Space (1991),,anystyle,W7140109371,offline_title_fuzzy,0.931428571428571
6475_r12,6475,NA,"INKE. ""Implementing New Knowledge Environments"". 2012. September 22, 2012. < http://inke.ca>.",INKE: Implementing New Knowledge Environments,,xml_bibl,W6973887787,offline_title_fuzzy,0.93134328358209
884_a17,884,NA,Regional dialects and spelling conventions in Late Middle English Stenroos 2004,Regional Dialects and Spelling Conventions in Late Middle English: Searches for (th) in the LALME Data,,anystyle,W3165298716,offline_title_fuzzy,0.931313131313131
8362_a1,8362,NA,Information Processing – Text and Office,Information Processing— Two Input Devices,,anystyle,W2395119756,offline_title_fuzzy,0.931300309597523
8363_a1,8363,NA,Information Processing – Text and Office,Information Processing— Two Input Devices,,anystyle,W2395119756,offline_title_fuzzy,0.931300309597523
513_a19,513,NA,Applied Linguistics Association of Australia Occasional paper,Applied Linguistics Association of Australia 2016,,anystyle,W2557350046,offline_title_fuzzy,0.931214452994313
903_a3,903,NA,"Discourse, power, and Ecriture feminine: the text mining gender difference in 18th and 19th century French literature Argamon 2007","Discourse, Power and Écriture Féminine: Text Mining Gender Difference in 18th and 19th Century French Literature",,anystyle,W6981150398,offline_title_fuzzy,0.931164274322169
1816_a8,1816,NA,High Performance Sound Technologies for Access and Scholarship project blogs.ischool.utexas.edu/hipstas/,High Performance Sound Technologies for Access and Scholarship Research and Development with Repositories,,anystyle,W6889720381,offline_title_fuzzy,0.931115551115551
4019_a6,4019,NA,Mixed Reality Application for Cultural Heritage 2012-03-26,Mixed Reality Applications for Teaching Structural Design,,anystyle,W4224100753,offline_title_fuzzy,0.931061233101255
467_a5,467,NA,Computer-mediated Texts and Textuality Schreibman,Computer-mediated Texts and Textuality: Theory and Practice,,anystyle,W2171538950,offline_title_fuzzy,0.931034482758621
750_a23,750,NA,Computer-mediated Texts and Textuality Schreibman,Computer-mediated Texts and Textuality: Theory and Practice,,anystyle,W2171538950,offline_title_fuzzy,0.931034482758621
789_a11,789,NA,Computer-mediated Texts and Textuality Schreibman,Computer-mediated Texts and Textuality: Theory and Practice,,anystyle,W2171538950,offline_title_fuzzy,0.931034482758621
1014_a37,1014,NA,selected papers from the Fifteenth CLIN,Selected Papers From the Fifth HEFAT Conference,,anystyle,W2145977776,offline_title_fuzzy,0.930974182038012
635_a8,635,NA,Automatic Detection of Genre,Automatic Detection of Gust Fronts,,anystyle,W2029942201,offline_title_fuzzy,0.930963154492566
904_a32,904,NA,The diagnostic potential of semantic prosodies’,The Diagnostic Potential of Amyloidogenic Proteins,,anystyle,W3152883168,offline_title_fuzzy,0.930940711462451
494_a3,494,NA,Association for Computational Linguistics. Also available as Xerox,Association for Computational Linguistics (ACL),,anystyle,W7096352621,offline_title_fuzzy,0.930940170940171
375_a3,375,NA,- XSL Transformations (XSLT) Version 1.0 - W3C Recommendation CLARK 1999,XSL Transformations (XSLT) Version 1.0,,anystyle,W13024833,offline_title_fuzzy,0.930909090909091
3927_a11,3927,NA,Reassembling the Republic of Letters,Reassembling the Republic of Letters in the Digital Age,,anystyle,W4288842212,offline_title_fuzzy,0.930909090909091
7872_a4,7872,NA,Presenting Archaeology to the Public Public Archaeology Copeland 2004,Presenting Archaeology to the Public,,anystyle,W4417381608,offline_title_fuzzy,0.930909090909091
635_a3,635,NA,The Computational Analysis of English: A,The computational analysis of DNA sequences,,anystyle,W7055512159,offline_title_fuzzy,0.930849305733027
8483_a5,8483,NA,Clitics and Constituents in Phrase Miller 1991,Clitics and constituents in phrase structure grammar,,anystyle,W1520976986,offline_title_fuzzy,0.930769230769231
1703_a6,1703,NA,New Ratings of Humanities Journals Do More Than Rank They Rankle. The Chronicle of Higher Education Howard 2008,New Ratings of Humanities Journals Do More than Rank--They Rankle.,,anystyle,W172403311,offline_title_fuzzy,0.930612244897959
1112_a7,1112,NA,Measurement of Reflection Properties in Ancient,Measurement of Reflection Properties in Ancient Japanese Drawing Ukiyo-e,,anystyle,W2133636902,offline_title_fuzzy,0.930555555555556
500_a3,500,NA,Genesis and Structure of the Literary Field,Genesis and structure of the influence anxiety,,anystyle,W7028648863,offline_title_fuzzy,0.930447745715693
1242_a10,1242,NA,The Promise of Digital History',The Promise of Digital History | Jason A. Heppler,,anystyle,W2768105807,offline_title_fuzzy,0.930434782608696
8431_a7,8431,NA,Lexicogrammatical cartography: English systems Ongoing expanding draft Matthiessen 1992 1992,Lexicogrammatical cartography : English systems,,anystyle,W1608717043,offline_title_fuzzy,0.930434782608696
314_a5,314,NA,Conceptual Modelling and Markup Languages” Cover,Conceptual Modelling and Concept Languages,,anystyle,W7100868039,offline_title_fuzzy,0.930371660859466
1880_a18,1880,NA,Anthropology in and of the Archives: Possible Futures and Contingent Pasts Zeitlin 2012,Anthropology in and of the Archives: Possible Futures and Contingent Pasts. Archives as Anthropological Surrogates,,anystyle,W2128017058,offline_title_fuzzy,0.930357142857143
10984_r13,10984,NA,"Smiraglia, Richard P. (2015):Domain Analysis for Knowledge Organization. Tools for Ontology Extraction. Witney, Oxfordshire: Chandos Publishing.","Smiraglia, Richard P. 2015. Domain analysis for knowledge organization: Tools for ontology extraction. Chandos Information Professional Series. Waltham: Elsevier Chandos Pub",,xml_bibl,W2801596482,offline_title_fuzzy,0.930349275891445
93_a9,93,NA,Error Bounds for Convolution Codes and an Asymptotically Optimal Decoding Algorithm Viterbi 1967,Error Bounds for Convolutional Codes and an Asymptotically Optimum Decoding Algorithm,,anystyle,W2183473391,offline_title_fuzzy,0.930233876683204
2578_r3,2578,NA,Six Degrees of Francis Bacon. http://sixdegreesoffrancisbacon.com (accessed March 7th 2016).,Six Degrees of Francis Bacon,,xml_bibl,W2289180881,offline_title_fuzzy,0.930232558139535
869_a13,869,NA,Measures of Lexical Richness in Perspective” Be?,Measures of Lexical Richness,,anystyle,W1567923459,offline_title_fuzzy,0.930232558139535
1195_a11,1195,NA,'Hierarchical Catalog Records: Implementing a,Hierarchical Catalog Records,,anystyle,W1998161216,offline_title_fuzzy,0.930232558139535
7_a3,7,NA,"English literature, electronic text and computer analysis: an impossible combination? Forthcoming in Computers and the Humanities Warwick 2000","English literature, electronic text, and computer analysis: An impossible combination?",,anystyle,W7047048207,offline_title_fuzzy,0.93015873015873
1219_a11,1219,NA,President Lincoln’s Cottage. entry of August,President Lincoln's Cottage: A Retreat,,anystyle,W1566769422,offline_title_fuzzy,0.930158612785152
433_a2,433,NA,The changing image of the city. A study of the transformation of the townscape using Computer assisted Design and visualisation techniques 1993,The changing image of the city : a study of the transformation of the townscape using computer-aided architectural design and visualization techniques : a case study: Heusden,,anystyle,W2124197469,offline_title_fuzzy,0.930075126841649
848_a1,848,NA,On Plug-ins and Extensible Birsan 2005,On Plug-ins and Extensible Architectures,,anystyle,W2002170195,offline_title_fuzzy,0.93
1206_a2,1206,NA,"Text Editing, Print and the","Text Editing, Print and the Digital World",,anystyle,W2300829581,offline_title_fuzzy,0.93
1217_a8,1217,NA,Working Notes for the CLEF,Working Notes for the CLEF 2008 Workshop,,anystyle,W2542843105,offline_title_fuzzy,0.93
8016_a23,8016,NA,Cultural Formations in Text-based Reid 1994,Cultural formations in the Caribbean,,anystyle,W2890406941,offline_title_fuzzy,0.929972135144549
666_a1,666,NA,NeighborNet: an agglomerative algorithm for theconstruction of phylogenetic networks Bryant; Moulton 2004,NeighborNet: An Agglomerative Method for the Construction of Planar Phylogenetic Networks,,anystyle,W4252270004,offline_title_fuzzy,0.929888915933093
1713_a3,1713,10.1093/llc/fqp005.,TEI Analytics: converting documents into a TEI format for cross-collection text analysis.Literary and Linguistic Computing 24(2):187-192 Pytlik Zillig 2009,TEI Analytics: converting documents into a TEI format for cross-collection text analysis,,anystyle,W2123703620,offline_title_fuzzy,0.929850746268657
628_a3,628,NA,"Using Technology, Making History: A Collaborative E xperiment in Interdisciplinary Teaching and Dennis; Smith; Smith","Using technology, making history: a collaborative experiment in interdisciplinary teaching and scholarship1",,anystyle,W2002742553,offline_title_fuzzy,0.929831029185868
966_a2,966,NA,Arts and Humanities Data Service (AHDS aspx> Project Bamboo <http://projectbamboo.uchicago.edu/>,Arts and Humanities Data Service (AHDS),,anystyle,W1578719732,offline_title_fuzzy,0.929824561403509
1834_a2,1834,NA,A Description of a Chart of Biography Priestley 1764,A Description of a Chart of Biography: By Joseph Priestley. ...,,anystyle,W7008984460,offline_title_fuzzy,0.929824561403509
3932_a7,3932,NA,"Don’t bother me mom, i’m learning!”: How computer and video games are preparing your kids Prensky 2006","""Don't bother me Mom, I'm learning!"" : how computer and video games are preparing your kids for 21st century success and how you can help!",,anystyle,W1492860439,offline_title_fuzzy,0.929770992366412
626_a18,626,NA,Empirical Evaluations of Chaski 2001,Empirical evaluations of transformers,,anystyle,W6959263287,offline_title_fuzzy,0.92972972972973
8482_a23,8482,NA,Problems in Studying the Johansson 1975,Problems in Studying the Arms Dynamic,,anystyle,W2357963611,offline_title_fuzzy,0.92972972972973
1777_a3,1777,NA,Open Educational Resources Programme Phase one 2010,OPEN EDUCATIONAL RESOURCES MANAGEMENT (OERM),,anystyle,W1503895858,offline_title_fuzzy,0.929638477464564
991_a11,991,NA,Escape Velocity: Cyberculture at the Dery 1996,Escape velocity: cyberculture at the end of the century,,anystyle,W2061583773,offline_title_fuzzy,0.92962962962963
4001_a25,4001,NA,"Applications Of Case Study Research, Thousand Oaks, Sage Yin 2003",Applications of case study research,,anystyle,W1496698723,offline_title_fuzzy,0.92962962962963
3973_a10,3973,NA,Technological Change in 20th-Century America,Technological Change in the Chemical Industry,,anystyle,W2913112452,offline_title_fuzzy,0.92959595959596
1511_a3,1511,NA,Ngram and Bayesian Classification of Documents Clement; Sharp 2003,Ngram and Bayesian Classification of Documents for Topic and Authorship,,anystyle,W2065910179,offline_title_fuzzy,0.929577464788732
915_a1,915,NA,Authorship Attribution for the Rest of Us,Authorship Attribution for English Short Texts,,anystyle,W4403311384,offline_title_fuzzy,0.929530613383937
917_a1,917,NA,Authorship Attribution for the Rest of Us,Authorship Attribution for English Short Texts,,anystyle,W4403311384,offline_title_fuzzy,0.929530613383937
1042_a9,1042,NA,Authorship Attribution for the Rest of Us Juola 2008,Authorship Attribution for English Short Texts,,anystyle,W4403311384,offline_title_fuzzy,0.929530613383937
1043_a30,1043,NA,Authorship Attribution for the Rest of Us Juola 2008,Authorship Attribution for English Short Texts,,anystyle,W4403311384,offline_title_fuzzy,0.929530613383937
1647_a9,1647,NA,A Multimedia Information Repository for Cross Cultural Dance Studies in Multimedia Tools and Applications Golshani; Vissicaro; Park 2004,A Multimedia Information Repository for Cross Cultural Dance Studies,,anystyle,W2136586915,offline_title_fuzzy,0.92952380952381
1515_a7,1515,NA,A Theoretical foundation for development of pedagogical tasks in computer mediated communication Salaberry 1996,A Theoretical Foundation for the Development of Pedagogical Tasks in Computer Mediated Communication,,anystyle,W1877540009,offline_title_fuzzy,0.9295
2052_a4,2052,NA,"Émergence, norme et variation dans les langues des signes: vers une redéfinition notionnelle Sourds et langues des signes: norme et variations” C.; E 2010","Émergence, norme et variation dans les langues des signes : vers une redéfinition notionnelle",,anystyle,W1977292476,offline_title_fuzzy,0.929496402877698
1476_a9,1476,NA,Close only counts in horseshoes and... authorship attribution? Noecker; Ryan; Juola; Sgroi; Levine; Wells 2009,Close Only Counts in Horseshoes and Math,,anystyle,W4297875222,offline_title_fuzzy,0.92948275862069
2043_a6,2043,NA,The Transformation of Narrative and the Materiality of Hayles 2001,THE TRANSFORMATION OF NARRATIVE IN THE AGE OF DATA REGIMES,,anystyle,W7135024787,offline_title_fuzzy,0.929456840207347
521_a7,521,NA,A Logic Programming Environment for Document,A Logic Programming Environment for Document Semantics and Inference,,anystyle,W2042140475,offline_title_fuzzy,0.929411764705882
836_a6,836,NA,Electronic Text: Investigations in 1997,Electronic Text: Investigations in Method and Theory,,anystyle,W640913867,offline_title_fuzzy,0.929411764705882
851_a18,851,NA,Don’t make me think! Web Usability Krug 2006,Don't make me think Web usability - das intuitive Web,,anystyle,W6999996484,offline_title_fuzzy,0.929411764705882
3872_a7,3872,NA,The Information Science Question in Clement 2015,The Information Science Discipline,,anystyle,W4224282358,offline_title_fuzzy,0.929405969284265
4155_a1,4155,NA,Twentieth Century Literary Letters Project (n.d,Twentieth-Century Literature in Retrospect,,anystyle,W649953468,offline_title_fuzzy,0.929389233954451
875_a5,875,NA,Burrowing into Translation: Character Rybicki 2006,Burrowing into Translation: A Case Study,,anystyle,W3100685799,offline_title_fuzzy,0.929380341880342
1020_a8,1020,NA,Burrowing into Translation: Character Rybicki 2006,Burrowing into Translation: A Case Study,,anystyle,W3100685799,offline_title_fuzzy,0.929380341880342
1043_a20,1043,NA,Burrowing into Translation: Character Rybicki 2006,Burrowing into Translation: A Case Study,,anystyle,W3100685799,offline_title_fuzzy,0.929380341880342
1560_a4,1560,NA,Conclusion: An Agenda for Historical GIS Knowles; Hillier; Balstad 2008,Conclusion: An Agenda for Citizenship,,anystyle,W4313344086,offline_title_fuzzy,0.929380341880342
1561_a6,1561,NA,Conclusion: An Agenda for Historical GIS Knowles; Hillier; Balstad 2008,Conclusion: An Agenda for Citizenship,,anystyle,W4313344086,offline_title_fuzzy,0.929380341880342
9952_r14,9952,NA,Mapping the Republic of Letters. http://republicofletters.stanford.edu/ (accessed 23 November 2018).,Mapping the Republic of Letters,,xml_bibl,W7114803838,offline_title_fuzzy,0.929166666666667
903_a9,903,NA,Japanese Morphological Analysis Matsumoto 2003,Japanese Morphological Analysis of Picture Books,,anystyle,W2331665035,offline_title_fuzzy,0.929166666666667
149_a4,149,NA,Introduction to the formal analysis of natural languages Chomsky; Miller 1963,INTRODUCTION TO THE FORMAL ANALYSIS OF SOCIAL NETWORKS,,anystyle,W2332543647,offline_title_fuzzy,0.929165259484408
1124_a7,1124,NA,Interdisciplinary Journal for the Study of,Interdisciplinary Journal of Education,,anystyle,W7057539114,offline_title_fuzzy,0.929087424443462
1257_a7,1257,NA,Automated Classification of Taiwanese Land Deeds Lu 2008,Automated Classification of Deep-Sea Sediments,,anystyle,W2112494733,offline_title_fuzzy,0.929037267080745
1514_a31,1514,NA,Multiple Authorship and the Question of Authority Stillinger 1991,Multiple authorship and the myth of solitary genius,,anystyle,W7030281718,offline_title_fuzzy,0.929032946511938
690_a3,690,NA,Information Retrieval and the future of Musicology,Information retrieval and the loss of information,,anystyle,W2098889323,offline_title_fuzzy,0.928905552918842
629_a13,629,NA,Immersion and Interactivity in Literature and,Immersion and Interactivity in Hypertext,,anystyle,W6908412096,offline_title_fuzzy,0.928888888888889
1518_a2,1518,NA,English Short Title Catalogue. British Library 2011,English Short Title Catalogue,,anystyle,W246881147,offline_title_fuzzy,0.928888888888889
3782_a20,3782,NA,Manual de Literatura Española. 9: Generación de 1987,Manual de literatura espanola,,anystyle,W1966128566,offline_title_fuzzy,0.928888888888889
866_a16,866,NA,"Postmodernism, or, the cultural logic of late capitalism Why the future doesn’t need us Jameson; Verso. Joy 1991 2000","Postmodernism, or, the Cultural Logic of Late Capitalism (review)",,anystyle,W2044534347,offline_title_fuzzy,0.92887632185411
2597_r8,2597,NA,"Wenger, E. (1998). Communities of Practice: Learning, Meaning, and Identity, Cambridge: Cambridge University Press.","Wenger, E. (1998). Communities of practice: Learning, meaning and identity",,xml_bibl,W2191385409,offline_title_fuzzy,0.928846153846154
10564_r13,10564,NA,Salomon Ludwig Steinheim-Institut für deutsch-jüdische Geschichte (o. J.): http://www.steinheim-institut.de [letzter Zugriff 16. Februar 2016].,Salomon Ludwig Steinheim-Institut für deutsch-jüdische Geschichte e.V,,xml_bibl,W4241068715,offline_title_fuzzy,0.928813738151309
6502_r2,6502,NA,"Hurston, Zora Neale. Their Eyes Were Watching God. 1937. HarperPerennial, 2006.","Hurston, Zora Neale: Their Eyes Were Watching God",,xml_bibl,W3101654756,offline_title_fuzzy,0.928767123287671
3848_a27,3848,NA,"Conceptualisation and Evolution of Concepts. The example of French Linguist Gustave Guillaume, Academic discourse - multidisciplinary approaches, Kj Valette 2003",Conceptualisation and Evolution of concepts. The example of French Linguist Gustave Guillaume,,anystyle,W2508012437,offline_title_fuzzy,0.928671328671329
811_a1,811,NA,The Information Seeking Habits of Graduate Barrett,The Information-Seeking Habits of In-Service Educators,,anystyle,W2053023417,offline_title_fuzzy,0.928624338624339
3833_a10,3833,NA,Developing and Sustaining Collaborative Research in the Humanities Coles; McCurdy 2016 2016-01,Developing and Sustaining Collaborative Relationships in Communities,,anystyle,W3106679569,offline_title_fuzzy,0.928588476993263
6411_r1,6411,NA,"Biblioteca digital de la medicina tradicional mexicana (2009). Available at: http://medicinatradicionalmexicana.unam.mx/index.php (Accessed: 27 October, 2017).",Biblioteca Digital de la Medicina Tradicional Mexicana,,xml_bibl,W2899969846,offline_title_fuzzy,0.928571428571429
645_a5,645,NA,Computers in the Humanities Working Papers,Computers in the Humanities,,anystyle,W1967765192,offline_title_fuzzy,0.928571428571429
888_a15,888,NA,Collected Papers of Charles Peirce 1931,Collected Papers of Charles Sanders Peirce.,,anystyle,W4206657241,offline_title_fuzzy,0.928571428571429
1559_a11,1559,NA,Canada Council for the Arts Reading Series University 2012,Canada Council for the Arts,,anystyle,W4234967341,offline_title_fuzzy,0.928571428571429
3848_a26,3848,NA,Analyse de données textuelles sous R Sciences Cognitives Turenne 2016 coll,Analyse de données textuelles sous R,,anystyle,W2900039117,offline_title_fuzzy,0.928571428571429
989_a1,989,NA,Crises and Opportunities: The Futures of 2003,Crises and opportunities for peace,,anystyle,W6999473448,offline_title_fuzzy,0.928424074344378
1241_a23,1241,NA,'Grids als neue Komponenten des Integrierten 2009,Grids als neue Komponenten des Integrierten Informationsmanagements,,anystyle,W2094565776,offline_title_fuzzy,0.928358208955224
125_a23,125,NA,Introduction to models of Information Retrieval G.; Mc Gill 1983,"Introduction to ""Models of Income Determination""",,anystyle,W1550797738,offline_title_fuzzy,0.928338710769161
2608_r6,2608,NA,Papers of the War Department. (2012). Wardepartmentpapers.org. Available at: http://wardepartmentpapers.org/ [Accessed 27 Oct. 2015].,"Papers of the War Department, 1784-1800",,xml_bibl,W4237052409,offline_title_fuzzy,0.928337510442774
7108_a7,7108,NA,A tutorial introduction to SGML architectures Kimber 1997,A Tutorial Introduction to Mathematica,,anystyle,W596322042,offline_title_fuzzy,0.928337510442774
3814_a9,3814,NA,A Quantitative Analysis for the Authorship of Saikaku's Posthumous Works Compared with Dansui's Works Uesaka 2015,A Quantitative Analysis for the Authorship of Saikaku's Posthumous Works in the Seventeenth Century.,,anystyle,W2811431318,offline_title_fuzzy,0.928269297517987
463_a2,463,NA,Chapter 11: Transcriptions of Speech,CHAPTER 11. Transcription of Manuscripts,,anystyle,W2476912901,offline_title_fuzzy,0.928209706959707
1195_a10,1195,NA,Framework for Distributed Digital Object,Framework for distributed virtual honeynets,,anystyle,W2060114878,offline_title_fuzzy,0.928139534883721
743_a11,743,NA,"Word Frequency, Statistical Stylistics, and Hoover","Word Frequency, Statistical Stylistics and Authorship Attribution",,anystyle,W4246781344,offline_title_fuzzy,0.928125
744_a22,744,NA,"Word Frequency, Statistical Stylistics, and Hoover","Word Frequency, Statistical Stylistics and Authorship Attribution",,anystyle,W4246781344,offline_title_fuzzy,0.928125
1788_a2,1788,NA,Transcendental data: Towards a cultural history and aesthetics of the new encoded discourse Liu 2004,Transcendental Data: Toward a Cultural History and Aesthetics of the New Encoded Discourse,,anystyle,W2003065959,offline_title_fuzzy,0.928114856429463
1890_a6,1890,NA,"Community Histories, Community Archives: Some Opportunities and Challenges 1 in Journal of the Society of Archivists Flinn 2007","Community Histories, Community Archives: Some Opportunities and Challenges1",,anystyle,W1975739711,offline_title_fuzzy,0.928070175438597
525_a43,525,NA,Confidence Interval for a Likelihood Ratio,Confidence interval for value at risk,,anystyle,W7045999898,offline_title_fuzzy,0.928041486865016
3929_a5,3929,NA,On the Applicability of Zipf’s Law in Xiao 2008,On the Applicability of WTO Rules in China,,anystyle,W2379114017,offline_title_fuzzy,0.928041486865016
8504_a13,8504,NA,Proceedings of the Third Message 1991,Proceedings of the third annual meeting,,anystyle,W4240645262,offline_title_fuzzy,0.928012820512821
525_a56,525,NA,A Value Analysis of the Disputed Rokeach,A value analysis of the disputed Federalist papers.,,anystyle,W2021392329,offline_title_fuzzy,0.928
1301_a10,1301,NA,"So the colors cover the wires"": Interface, aesthetics, and usability. A Companion to Digital Humanities S Kirschenbaum 2004","“So the Colors Cover the Wires”: Interface, Aesthetics, and Usability",,anystyle,W1523857954,offline_title_fuzzy,0.928
3831_a11,3831,NA,Cultic Theatres and Ritual Drama Nielsen 2002,Cultic theatres and ritual drama in ancient Greece,,anystyle,W2115738249,offline_title_fuzzy,0.928
8369_a18,8369,NA,"Directions in Corpus Linguistics, Mouton de Gruyter",Directions in Corpus Linguistics,,anystyle,W614559689,offline_title_fuzzy,0.928
8504_a12,8504,NA,"A Note on Socio-Technical Graphs, Social Studies of Latour; Teil 1992",A Note on Socio-Technical Graphs,,anystyle,W2128443304,offline_title_fuzzy,0.928
626_a45,626,NA,Towards a Methodology of Forensic Authorship,TOWARDS A METHODOLOGY OF PRODUCTION STUDIES,,anystyle,W7095810680,offline_title_fuzzy,0.927898845340706
529_a6,529,NA,"Diccionario de Uso del Español Actual, Edición en CD-ROM",Diccionario de uso del español en CD-ROM edición electrónica,,anystyle,W7114073160,offline_title_fuzzy,0.927884505431675
779_a16,779,NA,Humanities Computing: Essential Problems McCarty,"Humanities Computing: Essential Problems, Experimental Practice",,anystyle,W2151726861,offline_title_fuzzy,0.927868852459016
885_a11,885,NA,What Video Games Have to Teach Us About Gee 2003,What Video Games Have to Teach Us About Learning and Literacy,,anystyle,W760719305,offline_title_fuzzy,0.927868852459016
904_a19,904,NA,Contrast and Change in the Idiolects of Craig 1999,Contrast and Change in the Idiolects of Ben Jonson Characters,,anystyle,W367202956,offline_title_fuzzy,0.927868852459016
1835_a53,1835,NA,"Digital Literacy in Higher Education Project, and the Digitally",Digital Literacy in Higher Education: The Rhetoric and the Reality,,anystyle,W1207689926,offline_title_fuzzy,0.92767663575813
1757_a2,1757,10.1093/llc/fqs004.,Transcription Maximized; Expense Minimized? Crowdsourcing and Editing Causer; Tonra; Wallace 2012,Transcription maximized; expense minimized? Crowdsourcing and editing The Collected Works of Jeremy Bentham*,,anystyle,W2149151630,offline_title_fuzzy,0.927619047619048
855_a9,855,NA,An Unregulated Woman: A computational stylistic analysis of Elizabeth Cary’s The Tragedy of Mariam Connors 2006,"An Unregulated Woman: A Computational Stylistics Analysis of Elizabeth Cary's The Tragedy of Mariam, The Faire Queene of Jewry",,anystyle,W2131971671,offline_title_fuzzy,0.927585633521783
10802_r3,10802,NA,"Guidelines for Electronic Text Encoding and Interchange, edited by TEI Consortium. 1990-, P1--P5. ,",Guidelines for electronic text encoding and interchange : TEI P4,,xml_bibl,W613634021,offline_title_fuzzy,0.927561439089731
3851_a10,3851,NA,Binary Codes Capable of Correcting Deletions Levenshtein 1966,"Binary codes capable of correcting deletions, insertions and reversals",,anystyle,W1647671624,offline_title_fuzzy,0.927536231884058
3838_a7,3838,NA,Artificial Intelligence Course Creates AI Teaching Assistant Maderer 2016 2016-05-09,Artificial Intelligence in Practical Use (Teaching Note),,anystyle,W3216794423,offline_title_fuzzy,0.927516339869281
1419_a1,1419,NA,Fast Similarity Search in Large Dictionaries Bocek; Hunt; Stiller 2007,Fast Similarity Search in XML Data,,anystyle,W1808417564,offline_title_fuzzy,0.927439839572192
4048_a8,4048,NA,Lista de encabezamientos de materia de la Biblioteca del Congreso de los Salta; C.; Saloj 2005,Lista de encabezamientos de materia de la Biblioteca del Congreso de los Estados Unidos: características generales,,anystyle,W1578307001,offline_title_fuzzy,0.927433628318584
9918_r17,9918,NA,"METS. Metadata Encoding and Transmission Standard, http://www.loc.gov/standards/mets (accessed 2018-10-31).",METS metadata encoding and transmission standard : Official web site,,xml_bibl,W7058498610,offline_title_fuzzy,0.927426810477658
10011_r1,10011,NA,"Altick, Richard D. The English Common Reader: A Social History of the Mass Reading Public, 1800-1900. Columbus: Ohio State UP, 1998.","Altick, Richard D. The English Common Reader: A Social History of the Mass Reading",,xml_bibl,W7096105732,offline_title_fuzzy,0.92741935483871
964_a8,964,NA,The life and death of Mother Shipton Head,The Life and Death of Mother Marie de Saint Joseph,,anystyle,W4243714702,offline_title_fuzzy,0.927333333333333
521_a6,521,NA,Conceptual Modeling and Markup Languages Cover,Conceptual modeling and programming languages,,anystyle,W2018453069,offline_title_fuzzy,0.927309941520468
779_a5,779,NA,Conceptual Modeling and Markup Languages Cover,Conceptual modeling and programming languages,,anystyle,W2018453069,offline_title_fuzzy,0.927309941520468
11770_r7,11770,NA,"Richardson, Brian, «Manuscript Culture in Renaissance Italy» Cambridge University Press, (2009).","Richardson, Brian. Manuscript Culture in Renaissance Italy",,xml_bibl,W3009570060,offline_title_fuzzy,0.927272727272727
12038_r3,12038,NA,Best Practices for TEI in Libraries. (n.d.). https://tei-c.org/extra/teiinlibraries/ (accessed 1 December 2021).,Best Practices for TEI in Libraries,,xml_bibl,W2612832063,offline_title_fuzzy,0.927272727272727
129_a25,129,NA,The Other Tradition of Modern Architecture Wilson 1995,The Other Tradition of Modern Architecture: The Uncompleted Project,,anystyle,W585012232,offline_title_fuzzy,0.927272727272727
552_a16,552,NA,The Information Needs and Habits of Watson-Boone,The Information Needs and Habits of Humanities Scholars.,,anystyle,W1514823463,offline_title_fuzzy,0.927272727272727
541_a44,541,NA,ラリーの科学 (‘The Computer Analysis of the Contemporary,THE COMPUTER ANALYSIS OF PROSODY,,anystyle,W4400947258,offline_title_fuzzy,0.927174796747967
1467_a2,1467,NA,"Alignment of noisy unstructured data, IJCAI-2007 Bourdaillet; Ganascia 2007 2007-01-08",Alignment of Noisy Unstructured Text Data,,anystyle,W1523376717,offline_title_fuzzy,0.927123802577876
10821_r4,10821,NA,Geisteswissenschaftliches Asset Management System – GAMS. http://gams.uni-graz.at [letzter Zugriff 22. August 2017],Geisteswissenschaftliches Asset Management System GAMS,,xml_bibl,W6982028871,offline_title_fuzzy,0.927058823529412
2123_a6,2123,NA,Conventional implicature and expressive content Potts 2012,Conventional Implicature And Semantic Theory,,anystyle,W4249373793,offline_title_fuzzy,0.927030947775629
711_a6,711,NA,Improving the Usability of Language Kageura,Improving the Usability of a MAS DSML,,anystyle,W2956273623,offline_title_fuzzy,0.926924066924067
541_a41,541,NA,Investigating Stylistic Variation in Dickens through Tabata,Investigating Stylistic Variation,,anystyle,W1563052720,offline_title_fuzzy,0.926923076923077
8369_a10,8369,NA,From CA to CIA and back: an integrated contrastive approach to computerized bilingual and learner corpora Forthcoming,From CA to CIA and back: An integrated approach to computerized bilingual and learner corpora,,anystyle,W1740969138,offline_title_fuzzy,0.926923076923077
2722_r3,2722,NA,Definition of the Europeana Data Model v5.2.6 (2014). http://pro.europeana.eu/files/Europeana_Professional/Share_your_data/Technical_requirements/EDM_Documentation//EDM%20Definition%20v5.2.6_01032015.pdf (accessed 29 February 2016),Definition of the Europeana Data Model v5.2.5,,xml_bibl,W115055724,offline_title_fuzzy,0.926898839137645
1051_a13,1051,NA,L’expertise des écritures médiévales Gilissen 1973,L'expertise des écritures manuscrites,,anystyle,W6983112086,offline_title_fuzzy,0.926886563983338
1783_a14,1783,NA,Graduate Education and the Ethics of the Digital Humanities. Debates in the Digital Humanities Reid 2012,Graduate Education and the Ethics of the Digital Humanities,,anystyle,W2480892474,offline_title_fuzzy,0.926881720430108
578_a9,578,NA,Cognitive Science and the Future of Literary Studies Death Is the Mother of Beauty Richardson 1999 Mark 1987,Cognitive Science and the Future of Literary Studies,,anystyle,W2026243148,offline_title_fuzzy,0.926829268292683
738_a3,738,NA,Corpus Linguistics: What can it do with Frantzi,Corpus Linguistics: what it is and what it can do,,anystyle,W3049771683,offline_title_fuzzy,0.926754385964912
1580_a19,1580,NA,Don’t Think of an Elephant!: Know Your Values and Frame the Debate Lakoff 2004,Don't Think of an Elephant!: Know Your Values and Frame the Debate--The Essential Guide for Progressives,,anystyle,W631469306,offline_title_fuzzy,0.926732673267327
1673_a5,1673,NA,The Digital Reproduction of Inequality Social Stratification Hargittai 2008,The Digital Reproduction of Inequality,,anystyle,W2566747599,offline_title_fuzzy,0.926666666666667
9143_a8,9143,NA,"A Feeling for Books: The Bookof-the-Month Club, Literary Taste, and Middle-Class Radway 1997","A Feeling for Books: The Book-of-the-Month Club, Literary Taste, and Middle-Class Desire.",,anystyle,W1965680285,offline_title_fuzzy,0.926631016042781
1977_a3,1977,NA,"Cultura Escrita, Literatura E História: Conversas De Roger Chartier Com Carlos Aguirre Anaya, Jesús Anaya Rosique, Daniel Goldin E Antônio Saborit Chartier 2001","Cultura escrita, literatura e historia. Conversaciones de Roger Chartier con Carlos Aguirre Anaya, Jesús Anaya Rosique, Daniel Goldin y Antonio Saborit.",,anystyle,W1538677972,offline_title_fuzzy,0.92659849675561
10891_r15,10891,NA,Textdatenbank und Wörterbuch das Klassischen Maya: http://mayawoerterbuch.de [letzter Zugriff 1.10.2018].,Textdatenbank und Wörterbuch des Klassischen Maya,,xml_bibl,W7071352228,offline_title_fuzzy,0.926585034013606
10011_r9,10011,NA,"_____. Lo Spectator e i giornali veneziani del Settecento. Bari: Adriatica editrice, 1966.","Lo ""Spectator"" e i giornali veneziani del settecento",,xml_bibl,W7048728180,offline_title_fuzzy,0.926582278481013
4082_a8,4082,NA,"Putting the Human Back into the Digital Humanities: Feminism, Generosity, and Mess Losh; Wernimont; Wexler; Wu 2016",Putting the Human Back into the Digital Humanities:,,anystyle,W3020493253,offline_title_fuzzy,0.926582278481013
3865_a12,3865,NA,"Wie Hochschulleitungen die Entwicklung des Forschungsdatenmanagements steuern können. Orientierungspfade, Handlungsoptionen, Szenarien 2015","Wie Hochschulleitungen die Entwicklung des Forschungsdatenmanagements steuern können Orientierungspfade, Handlungsoptionen, Szenarien : Empfehlung der 19. Mitgliederversammlung der HRK am 10. November 2015 in Kiel",,anystyle,W6988118811,offline_title_fuzzy,0.926570048309179
7163_a2,7163,NA,Reference grammars for the Vernacular,Reference grammars for the computational age,,anystyle,W7115236637,offline_title_fuzzy,0.926564532446885
1242_a3,1242,NA,'Advanced Semantic Management of 2007,Advanced Semantic Management of Digital Resources,,anystyle,W2098505434,offline_title_fuzzy,0.926530612244898
8482_a1,8482,NA,"Computers, Language Learning and 1985","Computers, Language Learning and Language Teaching",,anystyle,W2074414832,offline_title_fuzzy,0.926530612244898
1861_a1,1861,NA,"EUR-Lex Access to European Union, eur-lex.europa.eu/en/index.htm",EUR-LEX: Access to European Union Law,,anystyle,W6990932656,offline_title_fuzzy,0.926519916142558
319_a4,319,NA,Old English Verse Texts from Many Sources: A,Old English verse texts from many sources : a comprehensive collection,,anystyle,W2513609053,offline_title_fuzzy,0.926470588235294
1272_a3,1272,NA,Codename: Revolution: The Nintendo Wii Video Game Console Jones; Forthcoming 2012,Codename revolution: the Nintendo Wii platform,,anystyle,W559974119,offline_title_fuzzy,0.926435082532644
10751_r22,10751,NA,D3 – Data-Driven Documents: https://d3js.org/,D3 Data-Driven Documents Pocket Primer,,xml_bibl,W2747951366,offline_title_fuzzy,0.926315789473684
795_a38,795,NA,"English Literature, Electronic Text and Warwick",English literature [electronic resource] /,,anystyle,W7028316756,offline_title_fuzzy,0.926315789473684
1559_a13,1559,NA,The Machine is Us/ing Us (Final Version Wesch 2007,The Machine is Us/ing Us,,anystyle,W1037661681,offline_title_fuzzy,0.926315789473684
1695_a4,1695,NA,'D3: Data-Driven Documents Bostock; Ogievetsky; Heer 2011,D3 Data-Driven Documents Pocket Primer,,anystyle,W2747951366,offline_title_fuzzy,0.926315789473684
1785_a1,1785,NA,D3: Data-Driven Documents Bostock; Ogievetsky; Heer 2011 2011-10,D3 Data-Driven Documents Pocket Primer,,anystyle,W2747951366,offline_title_fuzzy,0.926315789473684
2039_a7,2039,NA,"Découvrir l’architecture, du Linteau éd Eiler 2002 1959","""Découvrir l'architecture""",,anystyle,W7055848418,offline_title_fuzzy,0.926315789473684
3962_a5,3962,NA,D3 data-driven documents Bostock; Ogievetsky; Heer 2011,D3 Data-Driven Documents Pocket Primer,,anystyle,W2747951366,offline_title_fuzzy,0.926315789473684
1242_a60,1242,NA,High-Resolution Imagery for Delhi,High-Resolution Imagery of Earth at Night,,anystyle,W6887578203,offline_title_fuzzy,0.926195074267458
29_a13,29,NA,"Electronic Dictionaries with Particular Reference to an Electronic Bilingual Dictionary for English-speaking Learners of Japanese"" Sharpe 1995",Electronic Dictionaries with Particular Reference to the Design of an Electronic Bilingual Dictionary for English-speaking Learners of Japanese,,anystyle,W2057395636,offline_title_fuzzy,0.926156014528108
7172_a6,7172,NA,"Computing Machinery and Intelligence"". Originally published in 1950 Turing",Computing Machinery and Intelligence (1950),,anystyle,W2145482038,offline_title_fuzzy,0.926153846153846
1239_a3,1239,NA,'Rethinking the Boundaries of Educational Discourse 1994,"Rethinking the Boundaries of ""Criminal Justice""",,anystyle,W2902998578,offline_title_fuzzy,0.926095238095238
4162_a5,4162,NA,Building Complex Research Collections in Digital Libraries: A Survey of Ontology Implications 2015 2015,Building Complex Research Collections in Digital Libraries,,anystyle,W2019773980,offline_title_fuzzy,0.926086956521739
1211_a27,1211,NA,'Women’s Economies in North America before 1820 2006,Women's Economies in North America before 1820: Special Forum Introduction,,anystyle,W2130018686,offline_title_fuzzy,0.926027397260274
857_a10,857,NA,Practical Machine Learning Tools and Techniques,Practical machine learning in smart homes,,anystyle,W2796126726,offline_title_fuzzy,0.926015349739164
7717_a11,7717,NA,A Statistical Approach to the Problem of the Chronology of Shakespeare's Plays Yardi 1946,A STATISTICAL APPROACH TO THE PROBLEM OF THE PHYLOGENY OF A GENUS OF FERNS,,anystyle,W2055540783,offline_title_fuzzy,0.926010281234162
4070_a5,4070,NA,Auto-encoder-based shared midlevel visual dictionary learning for scene classification using very high resolution remote sensing images Cheng 2015,Auto‐encoder‐based shared mid‐level visual dictionary learning for scene classification using very high resolution remote sensing images,,anystyle,W1963500125,offline_title_fuzzy,0.925936819172113
2438_r1,2438,NA,Max-Planck-Institut für Informatik: YAGO (2011). https://www.mpi-inf.mpg.de/departments/databases-and-information-systems/research/yago-naga/yago/ (accessed 3.01.2016).,"Max-Planck-Institut fur Informatik,",,xml_bibl,W7098305749,offline_title_fuzzy,0.925925925925926
1955_a10,1955,NA,Political Communication in Media Society: Does Democracy Still Enjoy an Epistemic Dimension? Habermas 2006 2006,Political Communication in Media Society: Does Democracy Still Enjoy an Epistemic Dimension? The Impact of Normative Theory on Empirical Research,,anystyle,W7118892387,offline_title_fuzzy,0.925874125874126
761_a6,761,NA,Analyzing Trends in the Blogosphere Using Human-Centered,Analyzing Trends in the Blogosphere Using Human-Centered Analysis and Visualization Tools,,anystyle,W2296640281,offline_title_fuzzy,0.925842696629214
3976_a17,3976,NA,Julfa: The Annihilation of Armenian Cemetery by Nakhichevan's Azerbaijani Authorities Armenian Architecture 2006,Julfa the annihilation of the Armenian Cemetery by Nakhijevan's Azerbaijani Authorities,,anystyle,W7057475281,offline_title_fuzzy,0.925773042910559
991_a24,991,NA,Worlds Apart: Narratology of Malmgren 1991,Worlds apart: narratology of science fiction,,anystyle,W2091610055,offline_title_fuzzy,0.925581395348837
1004_a16,1004,NA,Vocabulary Richness and the Holmes 1991,Vocabulary Richness and the Prophetic Voice,,anystyle,W1988325585,offline_title_fuzzy,0.925581395348837
2167_r1,2167,NA,"Borgatti, S. P., Everett, M. G. and Johnson, J. C. (2013). Analyzing Social Networks. SAGE.","Borgatti, S. P., Everett, M. G., & Johnson, J. C. (2013). Analyzing Social Networks",,xml_bibl,W2258587574,offline_title_fuzzy,0.925569520816968
469_a7,469,NA,Multi Dimensional Texts in a One Huitfeldt,Multi-dimensional texts in a one-dimensional medium,,anystyle,W2061569511,offline_title_fuzzy,0.925490196078431
748_a4,748,NA,Multi-dimensional Texts in a One Huitfeldt,Multi-dimensional texts in a one-dimensional medium,,anystyle,W2061569511,offline_title_fuzzy,0.925490196078431
799_a4,799,NA,Edutainment in 3D Virtual Worlds Experience,Edutainment in 3D virtual worlds. The SEE experience,,anystyle,W6981306686,offline_title_fuzzy,0.925490196078431
1217_a7,1217,NA,Cross-Language System Evaluation 2005,Cross-language system evaluation: the CLEF campaigns,,anystyle,W7132477728,offline_title_fuzzy,0.925490196078431
1164_a9,1164,NA,"ProPOSEL, a Prosody and PoS English Lexicon'",ProPOSEL: A Prosody and POS English Lexicon for Language Engineering,,anystyle,W200561625,offline_title_fuzzy,0.925373134328358
1964_a2,1964,NA,Humanistic approaches to graphical display Drucker 2011,Humanistic Approaches to Financial Therapy,,anystyle,W22940196,offline_title_fuzzy,0.925353925353925
3910_a3,3910,NA,The Use of Literary Quotations in the OED” Brewer 2010,The Use of Literary Quotations in the Oxford English Dictionary,,anystyle,W2042053729,offline_title_fuzzy,0.925280681378242
6494_r13,6494,NA,"Wenger, E. (1998). Communities of practice: Learning, meaning, and identity. Cambridge, UK: Cambridge University Press.","Wenger, E. (1998). Communities of practice: Learning, meaning and identity",,xml_bibl,W2191385409,offline_title_fuzzy,0.925233644859813
1256_a8,1256,NA,"Representative Irish Tales, Humanities Press Yeats 1979",Representative Irish tales : second series /,,anystyle,W7033349714,offline_title_fuzzy,0.925219638242894
12014_r10,12014,NA,Corpus-Based Language Studies: An Advanced Resource Book Routledge & CRC Press (accessed 28 April 2022).,Corpus-Based Language Studies: An Advanced Resource Book (review),,xml_bibl,W1522084886,offline_title_fuzzy,0.925046514437598
10990_r6,10990,NA,SPECTRUM The UK Museum Documentation Standard. http://museumswesen.smwk.sachsen.de/download/spectrum-de-3-1_21-1-2013.pdf [letzter Zugriff: 05.07.2019].,SPECTRUM : The UK Museum Documentation Standard,,xml_bibl,W643288696,offline_title_fuzzy,0.925
546_a1,546,NA,'Delta': a Measure of Stylistic Difference and a Burrows,'Delta': a Measure of Stylistic Difference and a Guide to Likely Authorship,,anystyle,W2107317033,offline_title_fuzzy,0.925
840_a1,840,NA,Clustering versus Faceted Categories for Hearst,Clustering versus faceted categories for information exploration,,anystyle,W2053606794,offline_title_fuzzy,0.925
934_a10,934,NA,Irish students at Leuven University Nilis 2006,"Irish Students at Leuven University, 1548-1797 (With Index)",,anystyle,W2801762679,offline_title_fuzzy,0.925
995_a19,995,NA,Using Citations for Ranking in Larse 2006,Using citations for ranking in digital libraries,,anystyle,W2018319765,offline_title_fuzzy,0.925
2005_a2,2005,NA,A New History of English Metre Modern Humanities Duffell 2008,A new history of English metre,,anystyle,W7049085547,offline_title_fuzzy,0.925
3868_a3,3868,NA,Geographical information and historical research Gregory; Kemp; Mostern 2001,Geographical information on the sample orchards.,,anystyle,W6904325551,offline_title_fuzzy,0.924936087745341
451_a14,451,NA,Neural computation in stylometry: An application to the works of Shakespeare and Matthews; Merriam,Neural Computation in Stylometry II: An Application to the Works of Shakespeare and Marlowe,,anystyle,W4250551670,offline_title_fuzzy,0.924922644163151
3780_a1,3780,NA,Advocating for the Humanities,Advocating for the Human Rights of Prisoners,,anystyle,W4399903924,offline_title_fuzzy,0.924921630094044
2153_a4,2153,NA,"Geographical and linguistic diversity in the Digital Humanties, Literary and Linguistic Computing Galina 2014",Geographical and linguistic diversity in the Digital Humanities,,anystyle,W2076771101,offline_title_fuzzy,0.924900793650794
10582_r1,10582,NA,DARIAH-DE. Digital Research Infrasructure for the Arts and Humanities. Göttingen https://de.dariah.eu/.,DARIAH-DE : Digital Research Infrastructure for the Arts and Humanities,,xml_bibl,W6927172215,offline_title_fuzzy,0.924749163879599
1434_a6,1434,NA,An Introduction to Bibliography for Literary Students. 2nd impression with corrections McKerrow 1928,An introduction to bibliography for literary students,,anystyle,W7086593123,offline_title_fuzzy,0.924705882352941
1797_a11,1797,NA,What Narratology and Stylistics Can Do for Each Other. A Companion to Narrative Theory Shen,What Narratology and Stylistics Can Do for Each Other,,anystyle,W1562487381,offline_title_fuzzy,0.924705882352941
1054_a10,1054,NA,"Information Society Directorate-General, <http://www",Information Society Directive,,anystyle,W2953330663,offline_title_fuzzy,0.924668435013263
3833_a22,3833,NA,Reading Machines: Toward an Algorithmic Criticism. Topics in the Digital Humanities Ramsay 2011,Reading Machines. Toward an Algorithmic Criticism. Stephen Ramsay.,,anystyle,W2130006213,offline_title_fuzzy,0.92459594645387
767_a16,767,NA,Culture and Technology: The Way We Live McGann,"Culture and technology: the way we live now, what is to be done?",,anystyle,W2091504144,offline_title_fuzzy,0.924590163934426
899_a10,899,NA,Culture and Technology: The Way We Live McGann,"Culture and technology: the way we live now, what is to be done?",,anystyle,W2091504144,offline_title_fuzzy,0.924590163934426
1964_a4,1964,NA,The Digital Humanities as a Laboratory Under advance contract Earhart XXXX,The Digital Humanities as a Laboratory,,anystyle,W3085239473,offline_title_fuzzy,0.924590163934426
3841_a2,3841,NA,Virtual reality tools for the West Gouranton 2014,Virtual reality tools for Internet robotics,,anystyle,W2119248152,offline_title_fuzzy,0.924572503419973
1453_a1,1453,NA,Switching Codes. Thinking through New Technology in the Humanities and the Arts 2011,Switching codes: thinking through digital technology in the humanities and the arts,,anystyle,W167093669,offline_title_fuzzy,0.924567854909318
18_a3,18,NA,Implementing the Seven Principles Chickering; Ehrmann 1997,IMPLEMENTING THE SEVEN PRINCIPLES: Technology as Lever,,anystyle,W36403859,offline_title_fuzzy,0.924528301886793
2020_a7,2020,10.1007/s00371-013-0884-3.,Detecting Siblings in Image Pairs.”The Visual Computer Vieira; Bottino; Laurentini; Simone 2013,Detecting siblings in image pairs,,anystyle,W2123619251,offline_title_fuzzy,0.924528301886793
2448_r18,2448,NA,- TEI (Text Encoding Initiative). http://www.tei-c.org/index.xml (accessed 29 February 2016).,TEI (Text Encoding Initiative),,xml_bibl,W7034091640,offline_title_fuzzy,0.924444444444445
2608_r7,2608,NA,TEI: Text Encoding Initiative (2013). tei-c.org. Available at: http://tei-c.org/index.xml/ [Accessed on 27 Oct. 2015].,TEI (Text Encoding Initiative),,xml_bibl,W7034091640,offline_title_fuzzy,0.924444444444445
10522_r2,10522,NA,Berlin-Brandenburgische Akademie der Wissenschaften (2007-2015): Deutsches Textarchivwww.deutschestextarchiv.de.,Berlin-Brandenburgische Akademie der Wissenschaften,,xml_bibl,W2794746432,offline_title_fuzzy,0.924390243902439
984_a7,984,NA,Word Patterns and Story Shapes: The Statistical,Word-Patterns and Story-Shapes: The Statistical Analysis of Narrative Style,,anystyle,W2064762878,offline_title_fuzzy,0.924324324324324
463_a1,463,NA,The Center for Research on Tibet's Web Site,The Center for Research on Extreme Batteries | NIST,,anystyle,W2896246472,offline_title_fuzzy,0.924311817750356
7087_a2,7087,NA,"Cultural Transmission and Evolution: a quantitative approach, monographs in population biology, 16 Cavallai-Sforza; Feldman",Cultural transmission and evolution: A quantitative approach,,anystyle,W2266332169,offline_title_fuzzy,0.92421052631579
7872_a3,7872,NA,"Localised, Personalised and Constructivist: A Space for On­Line Museum Learning Digital Cultural Heritage: a critical discourse Parry; Arbach 2006","Localised, Personalised and Constructivist: A Space for On-Line Museum Learning",,anystyle,W2475952013,offline_title_fuzzy,0.924193548387097
869_a7,869,NA,"Corpus Stylistics, Stylometry, and the Hoover 2007","Corpus Stylistics, Stylometry, and the Styles of Henry James",,anystyle,W235857814,offline_title_fuzzy,0.924137931034483
2519_r12,2519,NA,"Wenger, E. (1998). Communities of Practice: Learning, Meaning, and Identity, Cambridge, U.K.: Cambridge University Press.","Wenger, E. (1998). Communities of practice: Learning, meaning and identity",,xml_bibl,W2191385409,offline_title_fuzzy,0.924074074074074
748_a14,748,NA,Transcription of the Manuscripts of the Wife of Bath's,Transcription of the Manuscript Text,,anystyle,W4321345978,offline_title_fuzzy,0.924074074074074
992_a8,992,NA,Image Restoration of Damaged or Knox,Image restoration of damaged or erased manuscripts,,anystyle,W1575884470,offline_title_fuzzy,0.924
1119_a5,1119,NA,On Challenges And Opportunities',On Challenges and Opportunities of Adult Education,,anystyle,W2360226910,offline_title_fuzzy,0.924
2334_r8,2334,NA,"INKE (Implementing New Knowledge Environments). (2012). Havana Gathering 2012, http://inke.ca/projects/inke-conference-2012-havana/.",INKE: Implementing New Knowledge Environments,,xml_bibl,W6973887787,offline_title_fuzzy,0.923943661971831
507_a7,507,NA,Facsimile of the original edition by 1969,Facsimile of the Original Handwritten Text,,anystyle,W2483610643,offline_title_fuzzy,0.92390873015873
551_a3,551,NA,Development in Information Retrieval 2002,development in Information-Centric Systems,,anystyle,W7095421488,offline_title_fuzzy,0.92390873015873
801_a17,801,NA,Bootstrapping Multilingual Geographical Erp 2006,Bootstrapping Multilingual Geographical Gazetteers from Corpora,,anystyle,W2101160152,offline_title_fuzzy,0.923809523809524
4081_a7,4081,NA,Emotion analysis as a regression problem: Dimensional models and their implications on emotion representation and metrical evaluation Buechel; Hahn 2016,Emotion Analysis as a Regression Problem &amp;ndash; Dimensional Models and Their Implications on Emotion Representation and Metrical Evaluation,,anystyle,W2573032414,offline_title_fuzzy,0.923794280836534
1589_a18,1589,NA,Macroanalysis: Digital Methods and Literary History (Topics in the Digital Humanities Jockers 2013,Macroanalysis. Digital Methods and Literary History. Matthew L. Jockers.,,anystyle,W1970074551,offline_title_fuzzy,0.923702161587527
8041_a2,8041,NA,A Statistical Method for Determining Authorship Ellegård 1962 1769,"A statistical method for determining authorship : the Junius letters, 1769-1772",,anystyle,W571631301,offline_title_fuzzy,0.923684210526316
3986_a15,3986,NA,Modular Decomposition of Markov Chain: Detecting Overlapping and Hierarchically Organized Communities in Networks Okamoto; Qiu 2015,Modular decomposition of Markov chain: detecting hierarchical organization of pervasive communities,,anystyle,W2972993373,offline_title_fuzzy,0.92359693877551
10995_r14,10995,NA,"Nünning, Vera / Nünning, Ansgar (eds. 2010): Methoden der literatur- und kulturwissenschaftlichen Textanalyse: Ansätze – Grundlagen – Modellanalysen. Stuttgart, Weimar: Metzler.","Nünning, Vera; Nünning, Ansgar (Hrsg.): Methoden der literatur- und kulturwissenschaftlichen Textanalyse. Ansätze – Grundlagen – Modellanalysen",,xml_bibl,W2612294391,offline_title_fuzzy,0.923516387079353
1724_a7,1724,NA,Information technology — Document Schema Definition Language (DSDL) — Part 2: Regular-grammar-based validation 2008,Information technology — Document Schema Definition Languages (DSDL) — Part 3: Rule-based validation using Schematron,,anystyle,W7137723163,offline_title_fuzzy,0.923453221535746
495_a18,495,NA,Literary and Linguistic Computing and the Association for,Literary and Linguistic Computing [Guest Editors],,anystyle,W63136445,offline_title_fuzzy,0.923438189283654
906_a6,906,NA,The Digital Queer: Weblogs and Rak 2005,The Digital Queer: Weblogs and Internet Identity,,anystyle,W2109369188,offline_title_fuzzy,0.923404255319149
1072_a3,1072,NA,Thinking about Interpretation Bradley 2008,Thinking about interpretation: A reply to Snyder,,anystyle,W2051425034,offline_title_fuzzy,0.923404255319149
2076_a5,2076,NA,Scholarly use of web archives Hockx-Yu 2013-02-15,Scholarly Use of Web Archives in Ireland [Report],,anystyle,W7070946949,offline_title_fuzzy,0.923404255319149
4059_a1,4059,NA,The Stakes in the Google Book Courant 2009,The Stakes in the Google Book Search Settlement,,anystyle,W4234893380,offline_title_fuzzy,0.923404255319149
3808_a7,3808,NA,Convolutional Networks for Large-Scale Image Recognition,Convolutional networks for vehicle track segmentation,,anystyle,W2748167234,offline_title_fuzzy,0.923393980233603
541_a19,541,NA,"Style, Precept, Personality: A Test Case Cluett","Style, precept, personality: A test case (Thomas Sprat, 1635–1713)",,anystyle,W2329200280,offline_title_fuzzy,0.923333333333333
796_a18,796,NA,"Style, Precept, Personality: A Test Case Cluett","Style, precept, personality: A test case (Thomas Sprat, 1635–1713)",,anystyle,W2329200280,offline_title_fuzzy,0.923333333333333
801_a15,801,NA,Identifying Named Entities in Text Sporleder; Erp; Bosch; Arntzen,Identifying Named Entities as they are Typed,,anystyle,W3156695367,offline_title_fuzzy,0.923262032085562
375_a6,375,NA,"Proceedings of the 1st Workshop on Text, Speech and Dialogue",Proceedings of the 1st Workshop on Human Factors in Hypertext,,anystyle,W7070733848,offline_title_fuzzy,0.923242829507148
2144_a5,2144,NA,"The digital archive: The data deluge arrives in the humanities. Time Will Tell, But Epistemology Won't Borgman 2010-05",The Digital Archive: The Data Deluge arrives in the Humanities,,anystyle,W249960284,offline_title_fuzzy,0.923232323232323
1455_a7,1455,NA,Digital Preservation and Deep Infrastructure Granger 2002,Digital Preservation and the Cedars Project,,anystyle,W2035785869,offline_title_fuzzy,0.9231556693001
2105_a3,2105,NA,For more information about REST APIs 2014-03,"For more information about this research, contact:",,anystyle,W7097568649,offline_title_fuzzy,0.923134920634921
1675_a8,1675,NA,Forschung am rande des palographischen zweifels: Die edv-basierte erfassung individueller schriftzge im projekt damals Hofmeister; Hofmeister-Winter; Thallinger 2009,Forschung am Rande des paläographischen Zweifels: Die EDV-basierte Erfassung individueller Schriftzüge im Projekt DAmalS,,anystyle,W1590078908,offline_title_fuzzy,0.923134381957911
4016_a5,4016,NA,Data Visualization for Human Perception ” Few 2013,Data Visualization for History,,anystyle,W6885934983,offline_title_fuzzy,0.923113553113553
491_a1,491,NA,Database Support for Image-based Dekhtyar,Database Support for Image-Based Electronic Editions,,anystyle,W157617979,offline_title_fuzzy,0.923076923076923
1004_a33,1004,NA,The Founder of Mormonism: A Psychological Riley 1902,"The founder of Mormonism : a psychological study of Joseph Smith, Jr.",,anystyle,W242391635,offline_title_fuzzy,0.923076923076923
1224_a10,1224,NA,'The Computer and Urban Modelling: Experiences Through 2000,The computer and Urban Modelling,,anystyle,W155707718,offline_title_fuzzy,0.923076923076923
496_a8,496,NA,"Probabilistic relations between words: Evidence from reduction in lexical production."" Frequency and the emergence of linguistic structure",Probabilistic Relations between Words: Evidence from Reduction in Lexical Production,,anystyle,W7097428434,offline_title_fuzzy,0.922962962962963
79_a4,79,NA,The role of digital libraries in future educational systems Barker 1998,The Role of Digital Libraries in Higher Education,,anystyle,W2289010651,offline_title_fuzzy,0.922882508935778
998_a2,998,NA,Classification and Its Consequences,"Classification and Its Consequences: The Case of ""Fiber Art""",,anystyle,W2070544205,offline_title_fuzzy,0.92280701754386
1664_a2,1664,NA,Trier Center for Digital Humanities,Trier Center for Digital Humanities: Doktorandenstipendium,,anystyle,W6936892556,offline_title_fuzzy,0.92280701754386
4051_a4,4051,NA,Open Source Software for Exploring and Manipulating,Open-Source Software for Learning Management,,anystyle,W2496327344,offline_title_fuzzy,0.922757706186688
375_a9,375,NA,Electronic Text Encoding and Interchange - TEI,Electronic Text Encoding in the Humanities,,anystyle,W4246747837,offline_title_fuzzy,0.922750672750673
11783_r8,11783,NA,Deutsche Nationalbibliothek (2019a). GND Gender .,Deutsche Nationalbibliothek,,xml_bibl,W4250889277,offline_title_fuzzy,0.922727272727273
1956_a4,1956,NA,Las Humanidades Digitales vistas desde España González-Blanco,Las Humanidades Digitales desde Argentina,,anystyle,W2464649758,offline_title_fuzzy,0.922675795179004
1791_a11,1791,NA,Is humanities computing an academic discipline? An interdisciplinary seminar Nowviskie; Unsworth 1999,Is Humanities Computing an Academic Discipline,,anystyle,W2982415327,offline_title_fuzzy,0.922666666666667
1734_a6,1734,NA,Archaeology 2.0: New Approaches to Communication and Collaboration Location: Cotsen Institute of Archaeology Kansa; Kansa; Watrall 2011,Archaeology 2.0: New Approaches to Communication and Collaboration,,anystyle,W6955627455,offline_title_fuzzy,0.922641509433962
3981_a1,3981,NA,Digital Publishing in the Tradition of Ball 2013,Digital Publishing in the Arts and Humanities,,anystyle,W2295693160,offline_title_fuzzy,0.922623224728488
775_a20,775,NA,Editor's Introduction: Image-based Kirschenbaum,Editor's Introduction: Imaging and Printers.,,anystyle,W2404849391,offline_title_fuzzy,0.922594609691384
609_a20,609,NA,Le Délire et les rêves dans la « Gradiva Freud 1907 1986,"Le délire et les rêves dans « La Gradiva » de Jensen, S. Freud (1907a)",,anystyle,W2137195689,offline_title_fuzzy,0.92258064516129
542_a13,542,NA,Towards a Curriculum for Humanities Computing Hockey,Towards a curriculum for ethnic minority pupils,,anystyle,W1977023803,offline_title_fuzzy,0.922543965865191
864_a4,864,NA,Building a syntactically annotated corpus Hajič 1998,Building a Syntactically Annotated Historical Corpus of Basque,,anystyle,W4308558537,offline_title_fuzzy,0.922501966955153
1423_a3,1423,NA,Multi-Modal Emotion Recognition from Speech and Text Chuang; Wu 2004,"Multi-modal emotion recognition - more ""cognitive"" machines,",,anystyle,W3130131340,offline_title_fuzzy,0.922456673761022
3831_a8,3831,NA,Nuovi dati sui culti del settore meri-dionale del grande santuario urbano” Marconi 2013,Nuovi dati sui culti del settore meridionale del grande santuario urbano di Selinunte,,anystyle,W2952459466,offline_title_fuzzy,0.922449637389202
1608_a3,1608,NA,Reinventing Research?: Information Practices in the Humanities. A Research Information Network Report Bulger; Meyer; Flor; Terras; Wyatt; Jirotka; Eccles; Madsen 2011,Reinventing Research? Information Practices in the Humanities,,anystyle,W6917831531,offline_title_fuzzy,0.922448979591837
4059_a4,4059,NA,The HathiTrust Research Center Workset Ontology: A,The HathiTrust Research Center,,anystyle,W1965879352,offline_title_fuzzy,0.922448979591837
797_a8,797,NA,The Accuracy and Consistency of the Census Holmes,[The accuracy and consistency of dental radiometers].,,anystyle,W2461102588,offline_title_fuzzy,0.922426065162907
1937_a19,1937,NA,"Evidence of Intertextuality: Investigating Paul the Deacon's Angustae Vitae, Literary and Linguistic Computing 26.3.285-296 Forstall; Jacobson; Scheirer 2011",Evidence of intertextuality: investigating Paul the Deacon's Angustae Vitae,,anystyle,W2168297987,offline_title_fuzzy,0.922314049586777
2034_a10,2034,NA,Managing the Lifecycle of Information DeFerrari 2002,Managing the lifecycle of your robot,,anystyle,W2202663323,offline_title_fuzzy,0.922162162162162
2034_a16,2034,NA,Managing the Lifecycle of Information DeFerrari 2002,Managing the lifecycle of your robot,,anystyle,W2202663323,offline_title_fuzzy,0.922162162162162
1422_a1,1422,NA,Measuring the Usefulness of Function Words for Authorship Attribution.Proceedings of the 2005 ACH/ALLC conference Argamon; Levitan 2005 2005-06,Measuring the usefulness of function words for authorship attribution,,anystyle,W7058186782,offline_title_fuzzy,0.92212389380531
769_a8,769,NA,Linguistics Association of Australia 17 1998,LINGUISTICS ASSOCIATION OF GREAT BRITAIN,,anystyle,W4205282128,offline_title_fuzzy,0.922109557109557
46_a2,46,NA,Stijn Streuvels. De teleurgang van den Waterhoek. Elektronisch-kritische editie Smedt; Vanhoutte 2000,Stijn Streuvels - De teleurgang van den Waterhoek,,anystyle,W6996576875,offline_title_fuzzy,0.922077922077922
1420_a9,1420,NA,Achievements and Challenges in the Description of the Languages of Melanesia Hammarström; Nordhoff,Achievements and challenges in the management of inflammatory bowel disease,,anystyle,W2141450133,offline_title_fuzzy,0.922045407636739
1311_a17,1311,NA,"A Survey of Digital Humanities Centers in the United States, Council on Library and Information Resources Zorich 2008",A Survey of Digital Humanities Centers in the United States. CLIR Publication No. 143.,,anystyle,W1600464810,offline_title_fuzzy,0.922031358149247
2656_r10,2656,NA,"Postman, N. (1992). Technopoly: The surrender of culture to technology (Reprint edition). New York: Vintage.","Postman, N. (1992). Technopoly: The surrender of culture to technology. New York: Knopf. 222 pp., $21.00",,xml_bibl,W1971776098,offline_title_fuzzy,0.921967500524826
319_a7,319,NA,A Strategic Policy Framework for Creating and Beagrie; Greenstein,A strategic policy framework for equality issues,,anystyle,W7034118361,offline_title_fuzzy,0.921959064327485
2306_r5,2306,NA,Data Information Literacy. (n.d.). http://wiki.lib.purdue.edu/display/ste/Home (accessed 28 May 2014).,Data Information Literacy,,xml_bibl,W4301878089,offline_title_fuzzy,0.921951219512195
3979_a14,3979,NA,Hromundar saga Gripssonar and the Griplur Hooper 1934,Hrómundar saga Gripssonar,,anystyle,W7130638358,offline_title_fuzzy,0.921951219512195
3782_a19,3782,NA,Manual de literatura española. 7: Época del realismo 1983,manual de literatura española pdf,,anystyle,W6892772959,offline_title_fuzzy,0.921939393939394
9144_a9,9144,NA,Statistical Analyses and a Model of Semantic Growth',"Statistical Analyses and the ""Laws"" of Price",,anystyle,W2128689064,offline_title_fuzzy,0.921876067500171
312_a3,312,NA,Intertextual Encoding in the Writing of Gomboc; Renear; Wood 2001,Intertextual Encoding in the Writing of Women's Literary History,,anystyle,W1963832348,offline_title_fuzzy,0.921875
1164_a14,1164,NA,'Text Analysis and Word Pronunciation in,Text Analysis and Word Pronunciation in Text-to-speech Synthesis,,anystyle,W1514554603,offline_title_fuzzy,0.921875
11936_r5,11936,NA,"Frye, Northrop. Anatomy of criticism: Four essays. Princeton University Press, 2020.","Frye, Northrop. Anatomy of Criticism: Four Essays. Toronto: University of Toronto Press, 2006, 450 p",,xml_bibl,W181751396,offline_title_fuzzy,0.921856347662799
841_a8,841,NA,The Complete Writings and Pictures of Dante Gabriel Rossetti. Institute for Advanced Technology in the Humanities,The Complete Writings and Pictures of Dante Gabriel Rossetti: A Hypermedia Research Archive,,anystyle,W2045774087,offline_title_fuzzy,0.921851073762839
966_a7,966,NA,Scholarly Communication Institute 6: Humanities Research,Scholarly Communication Institute Website,,anystyle,W6906762396,offline_title_fuzzy,0.921805674000796
6456_r3,6456,NA,"Pons, Anaclet. El desorden digital: guía para historiadores y humanistas, Siglo XXI de España Editores, S.A., 2014.","PONS Anaclet, El desorden digital: guía para historiadores y humanistas, Madrid, Siglo XXI, 2013, 318 págs., ISBN 978-84-323-1642-5",,xml_bibl,W2518755426,offline_title_fuzzy,0.921779914485636
645_a3,645,NA,Bilingual Dictionaries in an Lancashire 1996,Bilingual Dictionaries in Language Cultivation,,anystyle,W6980224244,offline_title_fuzzy,0.921739130434783
1405_a3,1405,NA,Amended Settlement Agreement Google 2011 2012,AMENDED SETTLEMENT AGREEMENT TABLE OF CONTENTS,,anystyle,W7097117625,offline_title_fuzzy,0.921739130434783
1752_a1,1752,NA,"AusStage: e-Research in the performing arts,Australasian Drama Studies Bollen; Harvey; Holledge; McGillivray 2009",AusStage: e-Research in the Performing Arts,,anystyle,W1598623029,offline_title_fuzzy,0.921739130434783
8487_a1,8487,NA,Bilingual Dictionaries in an Lancashire 1992,Bilingual Dictionaries in Language Cultivation,,anystyle,W6980224244,offline_title_fuzzy,0.921739130434783
1450_a3,1450,NA,"Universe of the Mind: A Semiotic Theory of Culture, tr. Ann Shukman, intro Umberto Eco Lotman 1990","UNIVERSE OF THE MIND - A SEMIOTIC THEORY OF CULTURE - LOTMAN,YM",,anystyle,W2581252304,offline_title_fuzzy,0.92171841343748
747_a4,747,NA,"Implementation, and Use of the Ngram Statistic Package",Implementation and use of accounting software packages,,anystyle,W2901517316,offline_title_fuzzy,0.921645330597559
1727_a8,1727,NA,Crowdsourcing in the cultural heritage domain: opportunities and challenges Oomen; Aroyo 2011,Crowdsourcing in the cultural heritage domain,,anystyle,W1991111340,offline_title_fuzzy,0.921621621621622
3986_a17,3986,NA,The Social Side of the Internet | Pew Research Center Raine; Purcell; Smith 2016 2016-02-01,The social side of the internet,,anystyle,W1029975075,offline_title_fuzzy,0.92156862745098
3834_a2,3834,NA,Digital Scholarship Centers: Trends and Good Practices Lipponcott; Goldenberg-Hart 2014,Digital Scholarship Centers and Maker Spaces,,anystyle,W7118008772,offline_title_fuzzy,0.921568422373761
512_a2,512,NA,A Quantitative Analysis of Unqualified Dublin Core Ward,A Quantitative Analysis of Indian Music,,anystyle,W2315875016,offline_title_fuzzy,0.921527373527374
8383_a2,8383,NA,"Models, Processes, Principles & Strategies: Second Language Acquisition Inside and Outside the Classroom Andersen 1990","Models, Processes, Principles, and Strategies: Second Language Acquisition in and out of the Classroom.",,anystyle,W53626156,offline_title_fuzzy,0.921439774855924
738_a15,738,NA,Language and Cognition in Text Analysis,Language and Cognition in Mental Retardation,,anystyle,W50310776,offline_title_fuzzy,0.921435231435231
909_a10,909,NA,Common Sense Reasoning – From Cyc to Panton,Common Sense Reasoning – From Cyc to Intelligent Assistant,,anystyle,W7334523,offline_title_fuzzy,0.921428571428572
2785_r7,2785,NA,Pelagios: Enable Linked Ancient Geodata In Open Systems. [Online] Available from: http://pelagios-project.blogspot.co.at/p/about-pelagios.html [Accessed 4 March 2016].,Pelagios: Enable Linked Ancient Geodata In Open Systems,,xml_bibl,W6899105074,offline_title_fuzzy,0.921348314606742
10436_r1,10436,NA,Herzog-August-Bibliothek Wolfenbüttel (2015): DHd Working Papers. http://dhd-wp.hab.de/.,Herzog-August-Bibliothek Wolfenbüttel,,xml_bibl,W6991626949,offline_title_fuzzy,0.921311475409836
1093_a7,1093,NA,Metadata Encoding and Transmission Standard: Primer and Reference Manual 2007-09-01~,• Metadata Encoding and Transmission Standard (METS),,anystyle,W7095950454,offline_title_fuzzy,0.921244131455399
596_a17,596,NA,A Multi-Scale Timeline Slider for Stream Richter; Brotherton; Abowd; Truong 1999,A Multi-Scale Timeline Slider for Stream Visualization and Control,,anystyle,W47864230,offline_title_fuzzy,0.921212121212121
582_a1,582,NA,De la lexicométrie à la stylostatistique : peut-on mesurer le style ? Bandry-Scubbi; Deconinck-Brossard 2005,« De la lexicométrie à la stylostatistique? Sterne et Swift : textes croisés »,,anystyle,W7046564700,offline_title_fuzzy,0.921152164979266
3869_a1,3869,NA,Center for Open Data in the Humanities (CODH,Center for Open Data in the Humanities (CODH): Activities and Future Plans,,anystyle,W2889005437,offline_title_fuzzy,0.92112676056338
1543_a3,1543,NA,Building Digital Humanities in the Undergraduate Classroom Croxall; Berens 2011,Building Digital Humanities at Liberal Arts Colleges,,anystyle,W1653907637,offline_title_fuzzy,0.920965959328028
797_a5,797,NA,Making Sense of the Census Revisited: Census Higgs,Making Sense of the Census,,anystyle,W7137656735,offline_title_fuzzy,0.92093023255814
1183_a9,1183,NA,Archiving and Preservation in a Distributed,Archiving and Preservation,,anystyle,W6980040404,offline_title_fuzzy,0.92093023255814
1307_a6,1307,NA,"A Treatise on Lovesickness Beecher, Donald A Ferrand 1990 1623",A treatise on lovesickness,,anystyle,W2005025046,offline_title_fuzzy,0.92093023255814
1805_a3,1805,NA,The Long Now of Technology Infrastructure: Articulating Tensions in Development.Journal of the Association for Information Systems Ribes; Finholt 2009,The Long Now of Technology Infrastructure: Articulating Tensions in Development,,anystyle,W2789638995,offline_title_fuzzy,0.92093023255814
2043_a16,2043,NA,"Montréal, l’avenir du passé: le 19ième siècle Sweeny 2010","Montreal, l'avenir du passe",,anystyle,W3017728936,offline_title_fuzzy,0.92093023255814
2690_r15,2690,NA,Food and Agriculture Organisation of the United Nations (2016): Agris. (Accessed: 31 October 2015).,Food and Agriculture Organisation of the United Nations,,xml_bibl,W7097620341,offline_title_fuzzy,0.920879120879121
1505_a4,1505,NA,"Towards a Scholarly Editing System for the Next Decades Prov- idence Revised Selected Papers Robinson 2009 October 29-31, 2007 May 15-17, 2008",Towards a Scholarly Editing System for the Next Decades,,anystyle,W1550506917,offline_title_fuzzy,0.920879120879121
12061_r5,12061,NA,"Music Encoding Initiative (MEI). (2019). https://music-encoding.org/ (accessed April 28, 2022).",Music Encoding Initiative (MEI),,xml_bibl,W7021107613,offline_title_fuzzy,0.920833333333333
2012_a23,2012,NA,"Extension of the type/token distinction to document structure held August 3-6, 2010 in Montréal, Canada Huitfeldt; Marcoux; Sperberg-McQueen 2010 2010",Extension of the type/token distinction to document structure,,anystyle,W1913668621,offline_title_fuzzy,0.920792079207921
998_a25,998,NA,The Literary Mind: The Origins of Turner 1996,The literary mind : [The origins of Thought and Language],,anystyle,W7120327764,offline_title_fuzzy,0.920754716981132
1065_a19,1065,NA,The Literary Mind: The Origins of Turner 1996,The literary mind : [The origins of Thought and Language],,anystyle,W7120327764,offline_title_fuzzy,0.920754716981132
1999_a11,1999,NA,"Ḳonḳordantsyah ḥadashah le-Torah, Nevʼim, u-Khetuvim: botsar leshon ha-Miḳra - ʻIvrit ṿa-Aramit: shorashim, milim, shemot peratiyim, tserufim ṿe-nirdafim Even-Shoshan 1977","Konkordantsyah ḥadashah le-Torah, Neviʾim, u-Khetuvim : otsar leshon ha-Miḳra ʿIvrit ṿa-Aramit shorashim, milim, shemot peratiyim tserufim ve-nildafim",,anystyle,W1551005673,offline_title_fuzzy,0.920646729157367
1960_a12,1960,NA,"Narrative, interactivity, play, and games” Zimmerman 2004","Narrative, Interactivity, PLay and Games: Four Naughty Concepts in",,anystyle,W7096936906,offline_title_fuzzy,0.920634920634921
995_a12,995,NA,"Testing the Calculation of a Realistic hindex in Google Scholar, Scopus, and Web of Science for Jacso 2008","Testing the Calculation of a Realistic h-index in Google Scholar, Scopus, and Web of Science for F. W. Lancaster",,anystyle,W6997054633,offline_title_fuzzy,0.920609318996416
8505_a24,8505,NA,"L’intelligence artificielle et le langage, processus de compréhension Sabah",L'intelligence artificielle et le langage,,anystyle,W4297749792,offline_title_fuzzy,0.920588235294118
952_a1,952,NA,TEI Special Interest Group on Manuscripts,TEI: Special Interest Groups (SIGs),,anystyle,W6936849838,offline_title_fuzzy,0.920508130081301
913_a1,913,NA,Silchester Roman Town Insula IX: The Development of an,Silchester Roman Town Insula IX: The Development of an Urban Property c. AD 40-50 - c. AD 250,,anystyle,W1980343832,offline_title_fuzzy,0.920454545454546
1655_a5,1655,NA,Bibliography and National Canons: Women Writers in France Hoogenboom 2013 1800,"Bibliography and National Canons: Women Writers in France, England, Germany, and Russia (1800–2010)",,anystyle,W2600608585,offline_title_fuzzy,0.920430107526882
373_a8,373,NA,Literarische Reaktionen auf den Holocaust Rosenfeld; Schweigen 2000,Literarische Reaktionen auf den 11. September,,anystyle,W7067197364,offline_title_fuzzy,0.92039911308204
4086_a6,4086,NA,The Science and Art of Receiving Feedback Well,The science and art of reviewing,,anystyle,W2602458929,offline_title_fuzzy,0.920380434782609
2840_r2,2840,NA,Cultural Heritage Imaging. (2016). http://culturalheritageimaging.org/ (accessed 10 March 2016).,Cultural Heritage Imaging -CHI,,xml_bibl,W6955241411,offline_title_fuzzy,0.920376175548589
7722_a2,7722,NA,Modeling the Operation of Theory Havholm; Stewart 1990-03,Modeling the operation of a pneumatic borer,,anystyle,W2015028680,offline_title_fuzzy,0.920368217054264
1653_a26,1653,NA,Taking TEI Further: Teaching with TEI Project 2012 2012-08-20,Taking TEI Further: Teaching and Publication,,anystyle,W2728104186,offline_title_fuzzy,0.920364987080103
1524_a1,1524,NA,"The Modalities of Media: A Model for Understanding Intermedial Relations Media borders, multimodality and intermediality Elleström 2010",The Modalities of Media: A Model for Understanding Intermedial Relations,,anystyle,W1503292535,offline_title_fuzzy,0.920338983050847
8063_a7,8063,NA,Head-Driven Phrase Structure Grammar. Studies in Comtemporary Linguistics 1994 1994,Head-Driven Phrase Structure Grammar Michigan State University,,anystyle,W7096579810,offline_title_fuzzy,0.920313164449304
1193_a1,1193,NA,"'WikiPhiloSofia: Extraction and Visualization of Facts, Relations, and Networks Concerning","WikiPhiloSofia: extraction and visualization of facts, relations, and networks concerning philosophers using Wikipedia. To be presented at the 2009",,anystyle,W7099298558,offline_title_fuzzy,0.92027972027972
466_a7,466,NA,The languages of abstract and virtual worlds Holtzman,The languages of abstraction:,,anystyle,W4410141283,offline_title_fuzzy,0.92012987012987
3832_a9,3832,NA,Ministry of Culture of the Russian Federation The 2016,Ministry of Culture of the USSR,,anystyle,W4315744877,offline_title_fuzzy,0.920078999341672
2103_a7,2103,NA,Unsupervised feature learning and deep learning tutorial Ngiam 2011,Unsupervised feature learning for spam email filtering,,anystyle,W2911273633,offline_title_fuzzy,0.920039682539683
3760_r3,3760,NA,"Danielewski, M. Z. (2000). House of Leaves. New York: Pantheon Books.","Danielewski M.Z. (2000), House of leaves.",,xml_bibl,W7113570480,offline_title_fuzzy,0.92
10011_r16,10011,NA,"_____. Index to book reviews in England, 1775-1800. London: British Library, 1997.",Index to Book Reviews in England 1775‐1800,,xml_bibl,W1579185791,offline_title_fuzzy,0.92
801_a4,801,NA,Human Language Technology for Automatic Annotation and,Human Language Technology for Automatic Annotation and Indexing of Digital Library Content,,anystyle,W4235789277,offline_title_fuzzy,0.92
1020_a15,1020,NA,Computational Stylometry Vogel; Lynch 2008,Computational Stylometry: Who’s in a Play?,,anystyle,W1570651926,offline_title_fuzzy,0.92
1102_a1,1102,NA,"Medieval Manuscripts, Hypertext and Reading Carlquist 2004","Medieval Manuscripts, Hypertext and Reading. Visions of Digital Editions",,anystyle,W2019520758,offline_title_fuzzy,0.92
3910_a7,3910,NA,Forum: Using OED Evidence” in Dictionaries Coleman 2013,FORUM: Using OED Evidence,,anystyle,W2071559388,offline_title_fuzzy,0.92
4088_a4,4088,NA,"OCR of Historical Printings of Latin Texts: Problems, Prospects, Progress Springmann; Najock; Morgenroth; Schmid; Gotscharek; Fink 2014",OCR of historical printings of Latin texts,,anystyle,W2088483389,offline_title_fuzzy,0.92
883_a11,883,NA,Humanities Computing Research as a Medium for Teaching and Learning in the Digital Humanities’ Jessop,Humanities Computing Research Projects as a Medium for Teaching and Learning in the Digital Humanities,,anystyle,W2736899063,offline_title_fuzzy,0.919987349778621
10652_r5,10652,NA,"Skirl, Helge / Schwarz-Friesel, Monika (2007): Metapher. Universitätsverlag Winter.","Skirl. Helge / Schwarz-Friesel, Monika: Metapher. Heidelberg: Winter, 2007.",,xml_bibl,W2942572725,offline_title_fuzzy,0.919962484478614
2140_a4,2140,NA,Meaning and Mining: The Implicit Assumptions in Data Mining for the Humanities Scully; Pasanek 2008,Meaning and mining: the impact of implicit assumptions in data mining for the humanities,,anystyle,W2095885230,offline_title_fuzzy,0.919868637110016
552_a13,552,NA,Association for Computers and the Humanities- Association for Literary and Linguistic Computing June 9-13,ASSOCIATION FOR COMPUTERS AND THE HUMANITIES ASSOCIATION FOR LITERARY AND LINGUISTIC COMPUTING 1993 JOINT INTERNATIONAL CONFERENCE ACH-ALLC93 16–19 JUNE 1993,,anystyle,W4229524274,offline_title_fuzzy,0.919745222929936
1234_a2,1234,NA,Beitrag zur historischen Narratologie,Beitrag zur historischen Litteratur Englands.,,anystyle,W7064362607,offline_title_fuzzy,0.91970866970867
1586_a5,1586,NA,The Transformation of experience in narrative syntax. Language in the Inner City 354-396 Labov 1972,The transformation of experience in narrative syntax,,anystyle,W3216043304,offline_title_fuzzy,0.919540229885058
775_a5,775,NA,"King’s College London Medieval Studies, 1",King's College London Medicine,,anystyle,W6992046692,offline_title_fuzzy,0.91952380952381
2666_r7,2666,NA,"Schreibman S., Siemens R., Unsworth J. (2004) A Companion to Digital Humanities. Blackwell Publishing. http://www.digitalhumanities.org/companion/","Schreibman (S.), Siemens (R.), Unsworth (J.) (eds). ""A Companion to Digital Humanities"". Blackwell Publishing, Oxford.",,xml_bibl,W2225688256,offline_title_fuzzy,0.919510436001919
424_a1,424,NA,The English-Swedish Parallel Corpus (ESPC). Manual of enlarged version Altenberg; Aijmer; Svensson 2001,The English-Swedish Parallel Corpus (ESPC),,anystyle,W6945169230,offline_title_fuzzy,0.919402985074627
612_a7,612,NA,TEI P4: Guidelines for Electronic Text 2002,TEI P4 Guidelines for Electronic Text Encoding and Interchange,,anystyle,W6930948789,offline_title_fuzzy,0.919354838709677
635_a16,635,NA,TEI P4: Guidelines for Electronic Text 2002,TEI P4 Guidelines for Electronic Text Encoding and Interchange,,anystyle,W6930948789,offline_title_fuzzy,0.919354838709677
1658_a4,1658,NA,TEI P5: Guidelines for Electronic Text Burnard,TEI P5: Guidelines for Electronic Text Encoding and Interchange,,anystyle,W7082284936,offline_title_fuzzy,0.919354838709677
405_a8,405,NA,A Corpus Based Approach to the Interpretation of Aerial Images Robertson 1999,A corpus-based approach to register variation,,anystyle,W3214655744,offline_title_fuzzy,0.919309221244705
10899_r6,10899,NA,"Düring, Marten / Eumann, Ulrich / Stark, Martin / Keyserlingk, Linda v. (2016) (eds.): Handbuch Historische Netzwerkforschung. Grundlagen und Anwendungen. Berlin: LIT Verlag.","Düring, Marten, Eumann, Ulrich, Stark, Martin y Von Keyserlingk, Linda (Hg.): Handbuch historische Netzwerkforschung. Grundlagen und Anwendungen. Berlin, LIT Verlag, 2016. 211 pp.",,xml_bibl,W2741963271,offline_title_fuzzy,0.919305845990244
3831_a2,3831,NA,The Virtual Reconstruction of an Ancient Bellia 2015,The Virtual Reconstruction of a Small Medieval Town:,,anystyle,W4398190467,offline_title_fuzzy,0.919287228404876
3988_a6,3988,NA,Computation and the Humanities: towards and Oral History Nyhan; Flinn 2016,Computation and the Humanities. Towards an Oral History of Digital Humanities,,anystyle,W2594707105,offline_title_fuzzy,0.919282296650718
6648_r9,6648,NA,Report of the Commission on Campus Computing. 1998,Report of the Commission on Narcotic Drugs,,xml_biblstruct,W6996265928,offline_title_fuzzy,0.919256933542648
2045_a6,2045,NA,Pundit Semantic Annotation Tool: thepund.it,Pundit. Semantic Annotation for Digital Humanities.,,anystyle,W2885402723,offline_title_fuzzy,0.919256933542648
11004_r14,11004,NA,TEI P5: Guidelines for Electronic Text Encoding and Interchange (2019). Version 3.6.0 (eds.) the TEI Consortium https://tei-c.org/release/doc/tei-p5-doc/en/Guidelines.pdf,TEI P5: Guidelines for Electronic Text Encoding and Interchange,,xml_bibl,W7082284936,offline_title_fuzzy,0.919230769230769
2067_a2,2067,NA,The state of the digital humanities: A report and a critique. ” Arts and Humanities in Higher Education Liu 2012 2012,The state of the digital humanities: A report and a critique,,anystyle,W7052674758,offline_title_fuzzy,0.919191919191919
616_a7,616,NA,Using Authentic Video in the Sherman 2003,Using Authentic Video in the Language Classroom,,anystyle,W285410868,offline_title_fuzzy,0.919148936170213
927_a13,927,NA,Authorship Attribution : What Mixtureof Juola 2008,Authorship Attribution with Essay Corpus,,anystyle,W2794730010,offline_title_fuzzy,0.919135954135954
108_a1,108,NA,Visual access to visual images: The UC Berkeley image experience with electronic databases project Besser 1990,Visual Access to Visual Images: The UC Berkeley Image Database Project,,anystyle,W1544750308,offline_title_fuzzy,0.919079635440012
149_a22,149,NA,Finite state transducers and the processing of natural languages Silberztein 1999,Finite-state transducers and speech recognition in Slovak language,,anystyle,W3150932776,offline_title_fuzzy,0.919076541274817
1241_a24,1241,NA,Akademien der Wissenschaft - H-Soz-u-Kult /,Akademien der Wissenschaften,,anystyle,W2481910563,offline_title_fuzzy,0.919047619047619
1521_a1,1521,NA,Modeling Machine Learning Problems with FO(· Blockeel; Bogaerts; Bruynooghe; Cat; Pooter; Denecker; Labarre; Ramon 2012,Modeling Machine Learning,,anystyle,W4377943271,offline_title_fuzzy,0.919047619047619
8509_a10,8509,NA,On a Distribution Law for Sichel 1975,On a Distribution Law for Word Frequencies,,anystyle,W2014143342,offline_title_fuzzy,0.919047619047619
542_a8,542,NA,Distinguished Speakers Series of the Maryland Institute for,"""Distinguished Speakers Series"" Continues at USD March 1",,anystyle,W6981258575,offline_title_fuzzy,0.919011747825307
7901_a8,7901,NA,Research Challenges in Digital Archiving and Preservation,Research Challenges in Digital Image Processing,,anystyle,W6922317703,offline_title_fuzzy,0.9188927347382
1508_a1,1508,NA,QueryArch3D: Querying and visualising three-dimensional archaeological models in a web-based interface G.; Remondino; Girardi; Schwerin; Richards-Rissetto; Amicis 2011,QueryArch3D: Querying and Visualising 3D Models of a Maya Archaeological Site in a Web-Based Interface,,anystyle,W2025968644,offline_title_fuzzy,0.918854466091771
319_a53,319,NA,Conference of the Society for Textual Scholarship Online 2001-04-19,"Conference of the Society for Consumer Psychology, Austin, Texas",,anystyle,W2739017846,offline_title_fuzzy,0.918840836582772
1440_a1,1440,NA,"The Corpus of Historical American English: 400 million words, 1810-2009 Davies 2010",The Corpus of Historical American English,,anystyle,W4402790747,offline_title_fuzzy,0.918840579710145
1611_a11,1611,NA,Current Use and Future Development of the Database of the St Velios; Pickwoad 2005,Current use and future development of the database of the St. Catherine's Library Conservation Project,,anystyle,W2065515429,offline_title_fuzzy,0.918811881188119
12061_r2,12061,NA,"International Image Interoperability Framework (IIIF). (2020). API Specifications. https://iiif.io/api / (accessed April 28, 2022).",International Image Interoperability Framework (IIIF): a panoramic view,,xml_bibl,W2590863303,offline_title_fuzzy,0.918782347857034
10891_r10,10891,NA,GODOT – Graph of Dated Objects and Texts: https://godot.date/home [letzter Zugriff 1.10.2018].,GODOT - Graph of Dated Objects and Texts,,xml_bibl,W7065950192,offline_title_fuzzy,0.91875
3788_a17,3788,NA,Visualizing the Dynamics of Character Networks” Xanthos; Pante; Rochat; Grandjean 2016,Visualizing the Dynamics of Structural Brain Change,,anystyle,W2622450138,offline_title_fuzzy,0.918743149433687
191_a1,191,NA,Accent and Rhythm. Prosodic Features of Latin and Greek W.S 1973,Accent and Rhythm: Prosodic Features of Latin and Greek: A Study in Theory and Reconstruction,,anystyle,W2163914493,offline_title_fuzzy,0.918681318681319
611_a5,611,NA,Techniques in the Study of Texts: A HyperNet,Techniques in the study of short term memory,,anystyle,W2041891391,offline_title_fuzzy,0.918653219816011
541_a42,541,NA,Correspondence Analysis of Word-Class Distribution,Correspondence Analysis of Two Transition Tables,,anystyle,W1795890040,offline_title_fuzzy,0.918608527131783
3991_a3,3991,NA,"Computer Games, and Software Studies",Computer games and software engineering,,anystyle,W7018232683,offline_title_fuzzy,0.918608058608059
855_a7,855,NA,"Social cognition and the future of stylistics, or Clark 2005",Social Cognition and the Acquisition of Self,,anystyle,W1495145394,offline_title_fuzzy,0.918484848484849
4016_a21,4016,NA,International Federation of Libraries Associations and Institutions Functional Requirements for Bibliographic Records (FRBR 2008,International Federation of Library Associations and Institutions FUNCTIONAL REQUIREMENTS FOR BIBLIOGRAPHIC RECORDS,,anystyle,W7099146525,offline_title_fuzzy,0.91847944880019
1594_a1,1594,NA,Data Visualization for the Web,Data Visualization for Threat Analytics,,anystyle,W2527516765,offline_title_fuzzy,0.918461538461538
1868_a8,1868,NA,Evaluating Digital Scholarship – Introduction Schreibman; Mandell; al 2011 2011 10.1632/prof.2011.2011.1.123,Evaluating Digital Scholarly Editions,,anystyle,W6955532552,offline_title_fuzzy,0.918393906902799
1088_a11,1088,NA,"The Canterbury Tales, complete in a Modern Version",The Canterbury tales : complete,,anystyle,W420858011,offline_title_fuzzy,0.918367346938776
1859_a26,1859,NA,A Survey of Modern Authorship Stamatatos 2009,A survey of modern authorship attribution methods,,anystyle,W4250089123,offline_title_fuzzy,0.918367346938776
879_a6,879,NA,Report of the Taskforce on Active Citizenship Active Citizenship 2007,Report of the Taskforce on Composition.,,anystyle,W337014016,offline_title_fuzzy,0.918293773649811
3857_a3,3857,NA,"Las Humanidades Digitales o el ornitorrinco"" Bosch; Riande; del 2016",Las humanidades digitales: contexto e importancia,,anystyle,W6982964263,offline_title_fuzzy,0.918254323196184
738_a10,738,NA,Forensic Linguistics: An Introduction to Gibbons,"Forensic Linguistics: An Introduction to Language, Crime and the Law",,anystyle,W352849039,offline_title_fuzzy,0.918181818181818
3785_a4,3785,NA,Exploring the Biography and Artworks of Picasso with,Exploring the biography and artworks of Picasso with interactive calendars and timelines,,anystyle,W2239212900,offline_title_fuzzy,0.918181818181818
3813_a7,3813,NA,Analyzing Structures and Evolution of Digital Humanities Based on Wang; Inaba 2009,Analyzing structures and evolution of digital humanities based on correspondence analysis and co-word analysis,,anystyle,W611004758,offline_title_fuzzy,0.918181818181818
10994_r11,10994,NA,"Klein, Thomas / Solms, Hans-Joachim / Wegera, Klaus-Peter (2018): Mittelhochdeutsche Grammatik. Teil II: Flexionsmorphologie. Berlin, Boston: de Gruyter.","Klein, Thomas ; Solms, Hans-Joachim ; Wegera, Klaus-Peter (Hrsg.): Mittelhochdeutsche Grammatik. Teil II: Flexionsmorphologie. 2 Bände. Berlin ; Boston, 2018",,xml_bibl,W6982767664,offline_title_fuzzy,0.918118725186207
1463_a1,1463,NA,Design and Implementation of a Retrieval System for the Chinese Recorder Index Kong 2011,Design and Implementation of a YARP Device Driver Interface: The Depth-Sensor Case,,anystyle,W2797236861,offline_title_fuzzy,0.918111332266583
596_a2,596,NA,Representation of Temporal Intervals and Relations: Information L.; C 2001,Representation of temporal intervals and relations: information visualization aspects and their evaluation,,anystyle,W2153912990,offline_title_fuzzy,0.918095238095238
913_a3,913,NA,The use of barcodes in excavation projects: examples from Mosel Dibble; Marean 2007,The Use of Barcodes in Excavation Projects: Examples from Mossel Bay (South Africa) and Roc de Marsal (France),,anystyle,W1560871848,offline_title_fuzzy,0.918095238095238
1803_a1,1803,NA,Archives de littérature du moyen âge Brun 2012,Archives de Littérature du Moyen Age - ArLiMA (repertorio online),,anystyle,W2974328260,offline_title_fuzzy,0.918032786885246
3927_a10,3927,NA,New Approaches to European Women Writers (NEWW,New Approaches to European History,,anystyle,W2998176792,offline_title_fuzzy,0.917957516339869
2104_a7,2104,NA,Capturing Visitor Experiences for Study and Preservation.Proceedings of Digital Humanities 2010 Guy; Dunn; Gold 2010,Capturing Visitor Experiences for Study and Preservation,,anystyle,W2158409647,offline_title_fuzzy,0.917894736842105
684_a6,684,NA,Collective intelligence : mankind’s emerging world in cyberspace; translated from the French by Robert Bononno Lévy 1997,Collective intelligence mankind's emerging world in cyberspace. - mankind's emerging world in cyberspace,,anystyle,W7018028098,offline_title_fuzzy,0.917873662825697
7915_a15,7915,NA,Modern Language Association and the TEI Consortium,Modern Language Association (MLA) Advanced Search Tutorial,,anystyle,W2794583069,offline_title_fuzzy,0.917850931677019
2097_a7,2097,NA,Precedents for the Design of Locative Media The Practice of Everyday Life Charitos; Certeau 2009 1984,Precedents for the Design of Locative Media,,anystyle,W87496073,offline_title_fuzzy,0.917808219178082
849_a10,849,NA,"Computational Linguistics, and Speech Recognition, Upper Saddle",Computational Linguistics and Deep Learning,,anystyle,W2180877453,offline_title_fuzzy,0.917727792603889
635_a10,635,NA,Towards Automatic Annotation of Text Type,Towards automatic annotation of video documents,,anystyle,W2144302284,offline_title_fuzzy,0.917690134348152
555_a4,555,NA,Handling of Unconventional Digital Corpora,[Handling of unconventional pathogens].,,anystyle,W2417375850,offline_title_fuzzy,0.91765873015873
1252_a21,1252,NA,Information Retrieval Based on Domain-Specific Word Associations Y. 1999 1999-06,Information retrieval based on framework of semantic association,,anystyle,W2373242757,offline_title_fuzzy,0.91765350877193
1779_a2,1779,NA,"Power Laws and Rich Get Richer Phenomena. Networks, Crowds, and Markets Easley; Kleinberg 2010",Power Laws and Rich-Get-Richer Phenomena,,anystyle,W1421809139,offline_title_fuzzy,0.91764705882353
918_a1,918,NA,Automatically Sharing Web Experiences through a 2003,Automatically sharing web experiences through a hyperdocument recommender system,,anystyle,W4238180061,offline_title_fuzzy,0.9175
1004_a34,1004,NA,The Personal Writings of Joseph Smith Smith; Jessee 2002,The Personal Writings of Joseph Smith Dean C. Jessee comp. and ed.,,anystyle,W2515527357,offline_title_fuzzy,0.917460317460317
11783_r9,11783,NA,Deutsche Nationalbibliothek (2019b). GND Ontology .,Deutsche Nationalbibliothek,,xml_bibl,W4250889277,offline_title_fuzzy,0.917391304347826
3987_a27,3987,NA,Digital Humanities Handbuch Medienwissenschaft Reichert 2014 2014,Digital Humanities Handbuch,,anystyle,W6946333985,offline_title_fuzzy,0.917391304347826
6585_r2,6585,NA,"Freire, Paulo. Pedagogy of the Oppressed. Continuum, 1993.","Freire, Paulo ‘Pedagogy of the Oppressed’, Continuum Publication, New York, 2005",,xml_bibl,W2469129991,offline_title_fuzzy,0.917338092809791
1944_a10,1944,NA,"Rethinking personal digital archiving, Part 1: Four challenges from the field Marshall 2008","Rethinking Personal Digital Archiving, Part 1",,anystyle,W2003314968,offline_title_fuzzy,0.917333333333333
492_a11,492,NA,Experiential Learning: Experience at the Source of Kolb,Experiential Learning : Experience as the Source of Learning and Development,,anystyle,W2170644967,offline_title_fuzzy,0.917314763743335
1742_a23,1742,NA,National Endowment for the Humanities Digital Humanities Implementation Grants.http://www.neh.gov/grants/guidelines/digitalhumanitiesimplementation.html 2010,"National Endowment for the Humanities Grants: Humanities, Science, Technology",,anystyle,W2520028028,offline_title_fuzzy,0.917306117306117
1790_a14,1790,NA,Applications of Statistical methods to Dream of the Red Chamber Yu 1998,Applications of statistical methods to American football,,anystyle,W1978300513,offline_title_fuzzy,0.917301587301587
1958_a4,1958,NA,Max Beckmann. Die Skizzenbücher. Ein kritischer Katalog Zeiller 2010,Max Beckmann : die Skizzenbücher = The sketchbooks,,anystyle,W6983396790,offline_title_fuzzy,0.917289737880386
10941_r2,10941,NA,Digital Humanities Course Registry. Dariah/Clarin 2014-2018. https://registries.clarin-dariah.eu/courses/,Digital Humanities Course Registry,,xml_bibl,W1637970804,offline_title_fuzzy,0.917241379310345
2022_a5,2022,NA,Visualization in the digital humanities: Tool or ‘discipline’? Zepel 2013,Visualization in the Digital Humanities: Moving Toward Stronger Collaborations,,anystyle,W3044361417,offline_title_fuzzy,0.917129422301836
3992_a1,3992,NA,The Right to Be Forgotten and the Image-Crimes of Digital Culture Performing Subject in the Space of Technology Causey; Causey 2015,The Right to be Forgotten and the Image-Crimes of Digital Culture,,anystyle,W2503315821,offline_title_fuzzy,0.917117117117117
660_a4,660,NA,Cultural History and Aesthetics of XML and Database,Cultural history and aesthetics of nursing care,,anystyle,W7018184528,offline_title_fuzzy,0.917075511055486
1088_a5,1088,NA,A Companion to Chaucer’s Hallissy 1995,A companion to Chaucer's Canterbury tales,,anystyle,W578323354,offline_title_fuzzy,0.917073170731707
1088_a38,1088,NA,Wordsworth’s 19th century audience,Wordsworth’s 19th Century American Critics,,anystyle,W2903669320,offline_title_fuzzy,0.917068762989067
848_a9,848,NA,Strategies and Tools for Textual Ott 2000,Strategies and Tools for Learning to Think,,anystyle,W2565352958,offline_title_fuzzy,0.91702380952381
801_a10,801,NA,Distance-based Outliers in Large Datasets,Distance-Based Outliers in Sequences,,anystyle,W1489312849,offline_title_fuzzy,0.916990121514118
1847_a6,1847,NA,The Arabic Versions of the Gospels. The Manuscripts and their Families (Arbeiten zur neutestamentlichen Textforschung 42 Kashouh 2011,The Arabic Versions of the Gospels: The Manuscripts and Their Families,,anystyle,W2500144315,offline_title_fuzzy,0.916949152542373
1468_a5,1468,NA,CAQDAS Comparability. What about CAQDAS Data Exchange? Forum: Qualitative Social Research 12 Corti; Gregory 2011,CAQDAS Comparability. What about CAQDAS Data Exchange?,,anystyle,W2151271762,offline_title_fuzzy,0.91685393258427
7_a2,7,NA,An investigation into the use of electronic resources in the field of Modern Languages Pine-Coffin 1999,An investigation into the use of electrodynamic wheels for high-speed ground transportation,,anystyle,W3011652679,offline_title_fuzzy,0.916840974745008
966_a8,966,NA,Digital Research Infrastructure for the Arts and Humanities,Digital Research Infrastructures: DARIAH,,anystyle,W2526661443,offline_title_fuzzy,0.916818774445893
919_a1,919,NA,Research practices of humanities scholars in an online environment Bates; Wilde; Siegfried 1995,Research practices of humanities scholars in an online environment: The Getty online searching project report no. 3,,anystyle,W2025899028,offline_title_fuzzy,0.916814159292036
7756_a5,7756,NA,Dictionnaire de l'Académie française: Base Échantillon / Sample Database 1996,Dictionnaire de l'Académie Française. Complement au [6. éd.],,anystyle,W7065307547,offline_title_fuzzy,0.916738623695146
1507_a2,1507,NA,Literary Quotations in the OED Brewer 2009,"Literary quotations in the ""Corpus Aristotelicum""",,anystyle,W7057824461,offline_title_fuzzy,0.916737588652482
129_a4,129,NA,"Eating the Image: the graphic designer and the starving audience in Design Discourse: history, theory, criticism Butler 1989",Eating the Image: The Graphic Designer and the Starving Audience,,anystyle,W2325484266,offline_title_fuzzy,0.916666666666667
744_a12,744,NA,Function Words in Authorship Garcia; Martin,Function Words in Authorship Attribution Studies,,anystyle,W1966290122,offline_title_fuzzy,0.916666666666667
2097_a5,2097,NA,Playing the Tourist in Early Modern London Bly 2007,Playing the Tourist in Early Modern London: Selling the Liberties Onstage,,anystyle,W2053290547,offline_title_fuzzy,0.916666666666667
928_a2,928,NA,"Electronic Text Encoding and Interchange, at",Electronic Text Encoding in the Humanities,,anystyle,W4246747837,offline_title_fuzzy,0.916648209671465
2675_r4,2675,NA,Europeana Network of Ancient Greek and Latin Epigrapy (EAGLE). http://eagle-network.eu(accessed 6 March 2016).,Europeana network of Ancient Greek and Latin Epigraphy e le sue molteplici sfide,,xml_bibl,W6942785017,offline_title_fuzzy,0.916626984126984
1627_a8,1627,NA,#Alt-Academy: Alternative Academic Careers for Humanities Scholars 2011,#Alt-Academy: Alternative Careers for Academic Scholars,,anystyle,W6887722990,offline_title_fuzzy,0.916568396226415
491_a5,491,NA,"Promoting Collaborative Research, Teaching, and Learning",Promoting collaborative learning in higher education,,anystyle,W2088994677,offline_title_fuzzy,0.916559829059829
1493_a3,1493,NA,Analytische Forschungen zu Handschriften des 19. Jahrhunderts Bockelkamp 1982,Analytische Forschungen zu Handschriften des 19. Jahrhunderts am Beisp. d. Heine-Handschr. d. Bibl. Nat. Paris,,anystyle,W7017505241,offline_title_fuzzy,0.916504854368932
1014_a9,1014,NA,Discourse and Literature: An Introductory Reader in,Discourse and Literature: The Interplay of Form and Mind,,anystyle,W2972315922,offline_title_fuzzy,0.916490118577075
2056_a19,2056,NA,A New Environment For Literary Analysis.Perspectives in Computing 4 Smith 1984 1984,A New Environment for Literary Analysis.,,anystyle,W341593433,offline_title_fuzzy,0.916417910447761
903_a12,903,NA,Japanese prime ministers’ addresses over time,Japanese prime ministers and party leadership,,anystyle,W4288040364,offline_title_fuzzy,0.916410046410046
3766_a4,3766,NA,Research ethics for protecting indigenous knowledge and heritage Battiste 2008,Research Ethics for Protecting Indigenous Knowledge and Heritage: Institutional and Researcher Responsibilities,,anystyle,W2497392659,offline_title_fuzzy,0.916363636363636
8430_a4,8430,NA,Le Vocabulaire de Jean Giraudoux” Brunet,Le Vocabulaire de Jean Giraudoux. Structure et Evolution,,anystyle,W2333422056,offline_title_fuzzy,0.916363636363636
542_a29,542,NA,An interpretative approach to teaching and learning Rowland,An interpretative approach to speech,,anystyle,W2015194049,offline_title_fuzzy,0.916339869281046
1075_a7,1075,NA,Integrating drama management into a playable game experience,Integrating Drama Management into an Adventure Game,,anystyle,W53881843,offline_title_fuzzy,0.916334185848252
665_a5,665,NA,Parametric Comparison and Guardino 2005,Parametric comparison and dialect variation,,anystyle,W2884200249,offline_title_fuzzy,0.916279069767442
1711_a4,1711,NA,"Biographie, autobiographie, Memoirenliteratur Hickethier 1986",Biographie/Autobiographie,,anystyle,W4249850492,offline_title_fuzzy,0.916279069767442
2133_a7,2133,NA,"Biographie, Autobiographie, Memoirenliteratur Hickethier 2006 1986",Biographie/Autobiographie,,anystyle,W4249850492,offline_title_fuzzy,0.916279069767442
7747_a26,7747,NA,"English pronunciation and its dictionary representation"" 1985",English pronunciation and production tendencies in Gibraltar,,anystyle,W2572849691,offline_title_fuzzy,0.916270396270396
53_a11,53,NA,Binomial Expressions in Present-day English Gustafsson 1975,Binomial expressions in present-day English: A syntactic and semantic study,,anystyle,W605327311,offline_title_fuzzy,0.916216216216216
541_a37,541,NA,Statistical Methods and Large Corpora: A New Nakamura,Statistical Methods and Large Corpora — A New Tool for Describing Text Types,,anystyle,W2496789308,offline_title_fuzzy,0.916216216216216
1520_a2,1520,NA,Thirty Times More Fair Than Black: Shakespeare Retranslation as Political Restatement Cheesman 2011,Thirty Times ‘More Fair than Black’: Othello Re-Translation as Political Re-Statement,,anystyle,W2191447792,offline_title_fuzzy,0.916164924506388
856_a3,856,NA,"Gender, Race, and Nationality in Black Drama Stein","Gender, Race and National Identity",,anystyle,W4206219360,offline_title_fuzzy,0.916142996788158
865_a3,865,NA,"Gender, Race and Nationality in Black Drama Argamon; Cooney; Horton; Olsen; Stein","Gender, Race and National Identity",,anystyle,W4206219360,offline_title_fuzzy,0.916142996788158
3800_a3,3800,NA,"Revistas de Ideias e Cultura, http://ric.slhi.pt/A Aguia/um voo singular e longo Andrade XXXX",Revistas de Ideias e Cultura - Sítio Seara Nova,,anystyle,W3119418483,offline_title_fuzzy,0.916131159226588
1630_a15,1630,NA,Citation studies in the humanities and social sciences: A selective and annotated bibliography Hérubel; Buchanan 1994,Citation Studies in the Humanities and Social Sciences,,anystyle,W2245393327,offline_title_fuzzy,0.916129032258065
7082_a2,7082,NA,``NACSIS Electronic Library System: Its Hashizume,NACSIS Electronic Library System: Its Design and Implementation,,anystyle,W2474080420,offline_title_fuzzy,0.916129032258065
1053_a25,1053,NA,Narrative Style and the Frequencies of Very Common Words: A Corpus-based Approach to Tabata 1995,Narrative Style and the Frequencies of Very Common Words: A Corpus-Based Approach to Dickens&amp;apos;s First Person and Third Person Narratives,,anystyle,W7096860875,offline_title_fuzzy,0.916083916083916
1237_a1,1237,NA,Growth and System of the Language of Dickens: An,Growth and System of the Language of Dickens: An Introduction to a Dickens Lexicon.,,anystyle,W2796407549,offline_title_fuzzy,0.916049382716049
1339_a9,1339,NA,"Measuring syntactic variation in Dutch dialects, ” Literary and Linguistic Computing Spruit 2006",Measuring Syntactic Variation in Dutch Dialects,,anystyle,W2108545867,offline_title_fuzzy,0.916049382716049
2130_a2,2130,NA,Statistical Stylistics and Authorship Attribution: An Empirical Investigation Multivariate Analysis and the Study of Style Variation Hoover; L 2003 2003 2003,Statistical Stylistics and Authorship Attribution: an Empirical Investigation,,anystyle,W2053967177,offline_title_fuzzy,0.916030534351145
1585_a1,1585,NA,"Sorting Things Out: Classification and Its Consequences Changing minds: Computers, learning, and literacy Bowker; Star; diSessa 1999 2000","Sorting Things Out. Classification and its Consequences, Geoffrey C. Bowker and Susan Leigh Star.",,anystyle,W1599903980,offline_title_fuzzy,0.916029414001308
492_a5,492,NA,The Pedagogy of the Oppressed Freire,The Pedagogy of the Oppressed: North American Style,,anystyle,W2616524250,offline_title_fuzzy,0.916
1773_a11,1773,NA,Social Science and Humanities Publishing 2009–2010 Information 2010,Social Science and Humanities,,anystyle,W4391209411,offline_title_fuzzy,0.916
2037_a12,2037,NA,Markup systems and the future of scholarly text processing Digital Representation and the Text Model Coombs; DeRose; Renear; Buzzetti 1987 2002 2001,Markup systems and the future of scholarly text processing,,anystyle,W2094864311,offline_title_fuzzy,0.916
8491_a2,8491,NA,Critique Littéraire et l’Ordinateur,Critique littéraire et littérature européenne,,anystyle,W6990240800,offline_title_fuzzy,0.915985060690943
3798_a4,3798,NA,The development of compositional strategies in children's drawings Golomb 1987,The Development of Composition-rhetoric as a Discipline,,anystyle,W2360720967,offline_title_fuzzy,0.915897435897436
1716_a12,1716,NA,Network for Digital Methods in the Arts and Humanities (http://nedimah.eu). NeDiMAH is funded by the European Science Foundation,Network for Digital Methods in the Arts and Humanities (NeDiMAH),,anystyle,W6974196602,offline_title_fuzzy,0.91588785046729
1942_a5,1942,NA,Studying e-journal user behaviour using log files: the experience of SuperJournal Yu; Apps 2000,Studying E-Journal User Behavior Using Log Files,,anystyle,W193819363,offline_title_fuzzy,0.915833333333333
799_a1,799,NA,Synthetic Worlds: The Business and Castronova,Synthetic worlds the business and culture of online games,,anystyle,W7062193603,offline_title_fuzzy,0.915789473684211
989_a18,989,NA,The Access Principle: the Case for Willinsky 2006,The access principle: The case for open access to research,,anystyle,W1595946397,offline_title_fuzzy,0.915789473684211
7747_a9,7747,NA,"The Oxford Concise Dictionary of Pronunciation"" Kretzschmar 1994",The Oxford Concise Dictionary of Linguistics (2nd ed.),,anystyle,W1577560831,offline_title_fuzzy,0.9157757885763
577_a16,577,NA,A Fast Algorithm for Training Support Vector,A Fast Algorithm for Transistor Folding,,anystyle,W2126311241,offline_title_fuzzy,0.915720945720946
1507_a14,1507,NA,"Historical, Political, and Miscellaneous Works Milton 1698","Historical, political, and social context",,anystyle,W3082871544,offline_title_fuzzy,0.915720945720946
4160_a1,4160,NA,The role of dialogue in language acquisition Bruner 1978,The Role of Dialogue in Managing Change,,anystyle,W3080089898,offline_title_fuzzy,0.915720945720946
4095_a2,4095,NA,Performative Materiality and Drucker 2013,Performative Materiality of Book Inserts,,anystyle,W4388798801,offline_title_fuzzy,0.915714285714286
1243_a2,1243,NA,'Experiments in Automated Linking of TEI 2008,Experiments in automated load balancing,,anystyle,W2115729180,offline_title_fuzzy,0.915705128205128
1270_a5,1270,NA,"Modelling Intellectual Processes: The FRBR - CRM Harmonization., ” Digital Libraries: Research and Development Doerr; LeBoeuf 2007",Modelling Intellectual Processes: The FRBR - CRM Harmonization,,anystyle,W695700,offline_title_fuzzy,0.915686274509804
1942_a1,1942,NA,Evaluating consumer website logs: a case study of Nicholas 2000,Evaluating consumer website logs: a case study of The Times/The Sunday Times website,,anystyle,W4236074721,offline_title_fuzzy,0.91566265060241
1007_a1,1007,NA,Persuasive Communication: Towards a Visual Rhetoric Bonsiepe 1961,Persuasive Communication for Crucial Conversations,,anystyle,W4399944154,offline_title_fuzzy,0.915636363636364
1053_a40,1053,NA,In Honour of Professor Hiroyuki Ito,In honour of Professor Hans Kuhn,,anystyle,W2075374999,offline_title_fuzzy,0.915628306878307
1435_a16,1435,NA,"Computer-Mediated Conversation, Part I 2010",Computer-mediated conversation Part II: Introduction and overview,,anystyle,W2766079409,offline_title_fuzzy,0.915625
1570_a2,1570,NA,Critical Editing in a Digital Horizon Electronic Textual Editing Buzzetti; McGann; O’Keeffe; Unsworth 2006 2006,Critical Editing in a Digital Horizon,,anystyle,W3006182496,offline_title_fuzzy,0.915625
984_a43,984,NA,Profane Stoical Paradoxes: The Tragedy of Mariam and Sidney Closet Drama,“Profane Stoical Paradoxes”: <i>The Tragedie of Mariam</i> and Sidnean Closet Drama,,anystyle,W2060457018,offline_title_fuzzy,0.915615961911124
1578_a4,1578,NA,International Data Curation Education Action (IDEA) Working Group: A Report from the Second Workshop of the IDEA Hank; Davidson 2009,International Data curation Education Action (IDEA) Working Group,,anystyle,W2046286207,offline_title_fuzzy,0.915596330275229
1859_a2,1859,NA,Interdisciplinary Journal for the Study of Discourse,Interdisciplinary Journal of Sociality Studies,,anystyle,W7066614238,offline_title_fuzzy,0.915575728619207
2041_a3,2041,NA,The Central State Hospital,The central State Hospital linkage task force,,anystyle,W241268691,offline_title_fuzzy,0.915555555555556
3773_a6,3773,NA,Codicology and Paleography in the Digital Age Rehbein; Sahle; Schassan 2009,Codicology and Paleography,,anystyle,W6964445744,offline_title_fuzzy,0.915555555555556
1819_a11,1819,NA,In countries so unciviliz’d as those?’: Notions of Civility in the British Experience of the World Alexander; Struan 2013,’In Countries so Unciviliz’d as Those?’: The Language of Incivility and the British Experience of the World,,anystyle,W120186173,offline_title_fuzzy,0.915530723747382
1871_a11,1871,NA,In countries so unciviliz’d as those?’: Notions of Civility in the British Experience of the World Alexander; Struan 2013,’In Countries so Unciviliz’d as Those?’: The Language of Incivility and the British Experience of the World,,anystyle,W120186173,offline_title_fuzzy,0.915530723747382
2103_a4,2103,NA,The Application of Electronic Computers in Research of the Ancient Maya Writing Evrenov; Kosarev; Ustinov 1961,The Application of Electronic Chip in the Management of Tree Shrews,,anystyle,W2371286457,offline_title_fuzzy,0.915509889694662
127_a4,127,NA,Introduction [to Perspectives on...Author Co-Citation Analysis White 1990,"Introduction to ""Perspectives on the Economics of Aging""",,anystyle,W184045858,offline_title_fuzzy,0.915489642184557
1760_a4,1760,NA,Design consideration for collaborative visual analytics Heer; Agrawala,[Design consideration for clinical trials].,,anystyle,W2464827236,offline_title_fuzzy,0.915454545454545
1102_a2,1102,NA,Wife of Bath’s Prologue on CDROM Chaucer 1996,Wife of Bath's Prologue Nexus File,,anystyle,W4393898316,offline_title_fuzzy,0.915441176470588
1831_a13,1831,NA,"Art et archives: une perspective archivistique, Encontros Bibli, édition spéciale Lemay 2009",ART ET ARCHIVES: UNE PERSPECTIVE ARCHIVISTIQUE,,anystyle,W2942068906,offline_title_fuzzy,0.915384615384615
4181_a2,4181,NA,Qu'est-ce que la documentation ? Édit On An/No-tations » Briet; deLahunta; Kim; Whatley 1951 2015,Qu'est-ce que la documentation ?,,anystyle,W582523504,offline_title_fuzzy,0.915384615384615
1457_a4,1457,NA,Kansallisen digitaalisen kirjaston palvelukonseptin testaaminen Lavikainen 2012,Kansallisen digitaalisen kirjaston asiakasliittymä valmistuu,,anystyle,W6992016763,offline_title_fuzzy,0.915335775335775
4076_a14,4076,NA,"Métrica y poética de Antonio Colinas (PhD Dissertation from UNED, Spain Martínez Cantón 2011",Métrica y poética de Antonio Colinas [RESEÑA],,anystyle,W1193708043,offline_title_fuzzy,0.915335355578025
801_a12,801,NA,Detection and Correction in Textual Databases,Detection and correction of influential data.,,anystyle,W2885308564,offline_title_fuzzy,0.915300372142477
1051_a2,1051,NA,Handwriting Identification on Medieval Documents,Handwriting identification: Challenges and solutions,,anystyle,W2990130290,offline_title_fuzzy,0.915235978112175
136_a14,136,NA,The Cathedral and the Bazaar: Musing on Linux and Open Raymond,The cathedral and the bazaar: musings on Linux and open source by an accidental revolutionary,,anystyle,W1510316655,offline_title_fuzzy,0.915217391304348
125_a10,125,NA,"Introduction à la méthodologie de la pensée écrite, Presses de l'Université du Québec, Québec LACHARITÉ 1989",Introduction à la méthodologie de la pensée écrite: Édition revue et corrigée,,anystyle,W6982571023,offline_title_fuzzy,0.9151995373048
562_a5,562,NA,Commencement Address delivered at Brevard College 16 May,Commencement Address Delivered by Charles S. Rhyne,,anystyle,W7036615889,offline_title_fuzzy,0.915181682429069
876_a4,876,NA,Spotting and Discovering Terms through Jacquemin 2001,Spotting and Discovering Terms through Natural Language Processing,,anystyle,W1606527432,offline_title_fuzzy,0.915151515151515
7952_a1,7952,NA,"The Student Edition of MINITAB for Windows, Version 9.Reading McKenzie; Schaefer; Farber 1995",The student edition of Minitab for Windows 95 and Windows NT: Release 12 [Book Review],,anystyle,W2036634993,offline_title_fuzzy,0.91510652780614
7955_a1,7955,NA,"The Student Edition of MINITAB for Windows, Version 9.Reading McKenzie; Schaefer; Farber 1995",The student edition of Minitab for Windows 95 and Windows NT: Release 12 [Book Review],,anystyle,W2036634993,offline_title_fuzzy,0.91510652780614
8505_a1,8505,NA,A New Approach to the Logic Theory of Interrogatives,A new approach to the logic of discovery,,anystyle,W3092408248,offline_title_fuzzy,0.915101214574899
863_a6,863,NA,"Ontologies in Information Systems, IOS Press 1998",Ontologies in Information Retrieval,,anystyle,W10802434,offline_title_fuzzy,0.914877290751259
1217_a11,1217,NA,Representation and the Semantics of Natural,Representation and the Semiotic Circuit,,anystyle,W4254242782,offline_title_fuzzy,0.914851450419166
468_a2,468,NA,A Spreading Activation Model for Information Preese,A Spreading Activation Model for Vocabulary Merging,,anystyle,W7100311354,offline_title_fuzzy,0.9148292883587
2043_a10,2043,NA,Embracing the Power of Archives.”The American Archivist Jimerson 2006,Embracing the Power of Archives,,anystyle,W1903199657,offline_title_fuzzy,0.914814814814815
1421_a3,1421,NA,"What is to be done, Sandra? Learning in cultural institutions in the 21st century Cutler 2010",WHAT IS TO BE DONE – SANDRA? LEARNING WITH YOUNG PEOPLE IN CULTURAL INSTITUTIONS OF THE 21ST CENTURY,,anystyle,W4249343629,offline_title_fuzzy,0.91478533211536
449_a3,449,NA,Texts into databases: The Evolving Field of New-style Prosopography given at ACH/ALLC conference Athens Georgia 2003 Bradley; Harold,Texts into Databases: The Evolving Field of New-style Prosopography,,anystyle,W2053804523,offline_title_fuzzy,0.914782608695652
148_a7,148,NA,Computational Model of Beat Induction: The Desain; Honing 1999,Computational model of behavior.,,anystyle,W6941276582,offline_title_fuzzy,0.914767085379419
4019_a13,4019,NA,NMC Horizon Report: 2016 Higher Education Edition Johnson; Adams Becker; Cummins; Estrada; Freeman; Hall 2016,NMC Horizon Report: 2016 Museum Edition,,anystyle,W2781803031,offline_title_fuzzy,0.914731682146543
1188_a2,1188,NA,Representation and the Text Model',Representation and the Third AI Debate,,anystyle,W2548244263,offline_title_fuzzy,0.914596051256668
1868_a5,1868,NA,Guidelines for Evaluating Work in Digital Humanities and Digital Media 2012,Guidelines for Evaluating Work with Digital Media in the Modern Languages,,anystyle,W4247838586,offline_title_fuzzy,0.914565708264338
3839_a5,3839,NA,Guidelines for Evaluating Work in Digital Humanities and Digital Media,Guidelines for Evaluating Work with Digital Media in the Modern Languages,,anystyle,W4247838586,offline_title_fuzzy,0.914565708264338
3928_a5,3928,NA,Guidelines for Evaluating Work in Digital Humanities and Digital Media” Association 2012,Guidelines for Evaluating Work with Digital Media in the Modern Languages,,anystyle,W4247838586,offline_title_fuzzy,0.914565708264338
564_a4,564,NA,"Designing documents to enhance the performance of digital libraries: Time, space, people and a digital library of London Crane 2000",Designing Documents to Enhance the Performance of Digital Libraries,,anystyle,W2032750552,offline_title_fuzzy,0.914529914529915
1985_a2,1985,NA,"Geschichte des Osmanischen Reichs nach seinem Anwachse und Abnehmen. Beschrieben von Demetrie Kantemir, ehemaligem Fürsten in Moldau Cantemir 1745",Geschichte des osmanischen Reichs nach seinem Anwachse und Abnehmen (vollständige digitalisierte Ausgabe),,anystyle,W7038133795,offline_title_fuzzy,0.914529880660255
881_a24,881,NA,"Comprehension Strategies, Worth and Credibility",Comprehension strategies during reading,,anystyle,W4243675114,offline_title_fuzzy,0.914518235387801
2488_r40,2488,NA,"DigiPal: Digital Resource and Database of Manuscripts, Palaeography and Diplomatic http://www.digipal.eu/ (accessed 27 February 2016a).","DigiPal: Digital Resource and Database of Palaeography, Manuscript Studies and Diplomatic",,xml_bibl,W4320013818,offline_title_fuzzy,0.91440922027307
656_a4,656,NA,A Unified Model for the description of the Medieval Manuscripts?” Miltenova; Radoslavova 2003,A Unified Model For The Simulation Of Small-geometry Devices,,anystyle,W1937578378,offline_title_fuzzy,0.914391534391534
657_a4,657,NA,A Unified Model for the description of the Medieval Manuscripts?” Miltenova; Radoslavova 2003,A Unified Model For The Simulation Of Small-geometry Devices,,anystyle,W1937578378,offline_title_fuzzy,0.914391534391534
760_a5,760,NA,"Preserving, and Presenting the Past on the Web Gathering",Preserving and presenting the evidence,,anystyle,W4248845519,offline_title_fuzzy,0.914290271132376
1211_a6,1211,NA,"Preserving, and Presenting the Past on the Web",Preserving and presenting the evidence,,anystyle,W4248845519,offline_title_fuzzy,0.914290271132376
1219_a2,1219,NA,"Preserving, and Presenting the Past on the Web",Preserving and presenting the evidence,,anystyle,W4248845519,offline_title_fuzzy,0.914290271132376
10992_r5,10992,NA,Cybernetic Serendipity Music (1968). ICA [LP]. https://cyberneticserendipity.net/ [6.1.2020].,Cybernetic Serendipity Music,,xml_bibl,W7064939333,offline_title_fuzzy,0.914285714285714
393_a2,393,NA,Meaning and Interpretation of Markup not as simple as you think Sperberg-McQueen; Huitfeldt; Renear 2000-08-15,Meaning and interpretation of markup,,anystyle,W2021856532,offline_title_fuzzy,0.914285714285714
502_a4,502,NA,Retrieval of Archival Finding Aids Using Feeney,Retrieval of Archival Finding Aids Using World-Wide-Web Search Engines,,anystyle,W2177399631,offline_title_fuzzy,0.914285714285714
540_a10,540,NA,Permanent Web Publishing and Access System,Permanent web publishing,,anystyle,W1677206658,offline_title_fuzzy,0.914285714285714
703_a24,703,NA,"Phonetic symbolism in English word-formation, Indogermanische Forschungen v 64 Marchand 1959",Phonetic symbolism in English word-formation,,anystyle,W2795128687,offline_title_fuzzy,0.914285714285714
801_a11,801,NA,Spotting the 'Odd-One-Out': Data-Driven Error Sporleder; Erp; Bosch,Spotting the odd one out,,anystyle,W2609928758,offline_title_fuzzy,0.914285714285714
876_a2,876,NA,Exploring the Limits of Preclassical Mechanics: A Study of Conceptual Development in Early Modern Science 2004,"Exploring the Limits of Preclassical Mechanics : A Study of Conceptual Development in Early Modern Science: Free Fall and Compounded Motion in the Work of Descartes, Galileo and Beeckman",,anystyle,W1587516135,offline_title_fuzzy,0.914285714285714
989_a6,989,NA,Campus-Based Publishing Partnerships Crow 2009,Campus-based publishing partnerships: A guide to critical issues,,anystyle,W56996276,offline_title_fuzzy,0.914285714285714
1479_a3,1479,NA,Multimedia and documentation of endangered languages Language Documentation and Description Csató; Nathan 2003,Multimedia and documentation of endangered languages,,anystyle,W615145417,offline_title_fuzzy,0.914285714285714
314_a7,314,NA,Electronic Text Encoding and Interchange 1994 1997,Electronic Text Encoding in the Humanities,,anystyle,W4246747837,offline_title_fuzzy,0.914257703081232
732_a1,732,NA,Electronic Text Encoding and Interchange,Electronic Text Encoding in the Humanities,,anystyle,W4246747837,offline_title_fuzzy,0.914257703081232
760_a2,760,NA,Electronic Text Encoding and Interchange,Electronic Text Encoding in the Humanities,,anystyle,W4246747837,offline_title_fuzzy,0.914257703081232
777_a1,777,NA,Electronic Text Encoding and Interchange,Electronic Text Encoding in the Humanities,,anystyle,W4246747837,offline_title_fuzzy,0.914257703081232
803_a1,803,NA,Electronic Text Encoding and Interchange,Electronic Text Encoding in the Humanities,,anystyle,W4246747837,offline_title_fuzzy,0.914257703081232
862_a1,862,NA,Electronic Text Encoding and Interchange,Electronic Text Encoding in the Humanities,,anystyle,W4246747837,offline_title_fuzzy,0.914257703081232
872_a20,872,NA,Electronic Text Encoding and Interchange,Electronic Text Encoding in the Humanities,,anystyle,W4246747837,offline_title_fuzzy,0.914257703081232
936_a2,936,NA,"Electronic Text Encoding and Interchange, available at",Electronic Text Encoding in the Humanities,,anystyle,W4246747837,offline_title_fuzzy,0.914257703081232
980_a7,980,NA,Electronic Text Encoding and Interchange,Electronic Text Encoding in the Humanities,,anystyle,W4246747837,offline_title_fuzzy,0.914257703081232
1110_a12,1110,NA,Electronic Text Encoding and Interchange,Electronic Text Encoding in the Humanities,,anystyle,W4246747837,offline_title_fuzzy,0.914257703081232
1243_a1,1243,NA,Electronic Text Encoding and Interchange,Electronic Text Encoding in the Humanities,,anystyle,W4246747837,offline_title_fuzzy,0.914257703081232
4181_a10,4181,NA,"Video recording and documentation of scenic arts : from the annotation to the visualization of metadata, the example of the Rekall software » Bardiot 2015","Video recording and documentation of the performing arts: from the annotation to the visualization of metadata, the example of the Rekall software",,anystyle,W3017382155,offline_title_fuzzy,0.914145043982505
1400_a3,1400,NA,The International Scenario of Digital Humanities Fiormonte 2010,The international scenario of coal science,,anystyle,W2063493868,offline_title_fuzzy,0.914140926640927
1808_a3,1808,NA,Solving the Problem of Language Identification Johnson 1993,Solving the problem of longitude,,anystyle,W1992385311,offline_title_fuzzy,0.914130434782609
4068_a9,4068,NA,Minimal Computing: a working group of GO::DH Computing XXXX,Minimal Computing: A Workshop.,,anystyle,W2885414505,offline_title_fuzzy,0.914021164021164
1314_a4,1314,NA,"Pour une anthropologie du cyberespace, París La Découverte Lévy 1994",Pour une anthropologie du service public en Méditerranée,,anystyle,W3176514052,offline_title_fuzzy,0.914010025062657
687_a2,687,NA,Revolutionary Approach to Humanities Computing?,Revolutionary Approach to Reparations,,anystyle,W7005665962,offline_title_fuzzy,0.913962811916776
2143_a14,2143,NA,Digitized corpora as theory-building resource: New methods for narrative inquiry Salway; And Herman 2011,Digitized Corpora as Theory-Building Resource:,,anystyle,W4239049603,offline_title_fuzzy,0.913924050632911
753_a3,753,NA,The Text Encoding Initiative: Background and Contents,The Text Encoding Initiative as an Infrastructure,,anystyle,W2949506700,offline_title_fuzzy,0.913919413919414
636_a17,636,NA,Education and democracy: The missing link may be ours Willinsky 2002,Education and democracy in dangerous times,,anystyle,W2944896877,offline_title_fuzzy,0.9139060126865
8383_a5,8383,NA,Cicero's De Officiis. A Commentary Dyck 1996,"Cicero's ""De officiis"" a critical guide",,anystyle,W7073881029,offline_title_fuzzy,0.913905463905464
9716_r2,9716,NA,"Berry, D. M., ed. (2012). Understanding Digital Humanities, Basingstoke: Palgrave Macmillan.","Berry, D. M. (Ed.). (2012). Understanding Digital Humanities. Houndmills Basingstoke Hampshire; New York: Palgrave Macmillan.",,xml_bibl,W6965245440,offline_title_fuzzy,0.913847180513847
2021_a3,2021,NA,"What is a word, What is a sentence? Grefenstette; Tapanainen 1994","What is a word, What is a sentence? Problems of Tokenization",,anystyle,W7098734314,offline_title_fuzzy,0.913793103448276
10135_r7,10135,NA,"Internet Shakespeare Editions, (2016). http://internetshakespeare.uvic.ca/ (accessed 20 November 2017).",Internet Shakespeare Editions,,xml_bibl,W2995414014,offline_title_fuzzy,0.913725490196078
2258_r3,2258,NA,"DigiPal: Digital Resource and Database of Manuscripts, Palaeography and Diplomatic. (2011–2014). London. http://www.digipal.eu/.","DigiPal: Digital Resource and Database of Palaeography, Manuscript Studies and Diplomatic",,xml_bibl,W4320013818,offline_title_fuzzy,0.9136754730505
3788_a12,3788,NA,Automatic Text Localization in Scanned Comic Books” Rigaud; Karatzas; Weijer; Burie; Ogier 2013,Automatic Text Localization in Natural Scene Images,,anystyle,W121752733,offline_title_fuzzy,0.913658263305322
881_a25,881,NA,"Monitoring, and Evaluations: Cold and Hot Cognition When",Monitoring and evaluation in health promotion,,anystyle,W2557232408,offline_title_fuzzy,0.913650793650794
1324_a3,1324,NA,Documentation Technology for the 21st Century Fox 2000,"Documentation Technology Report,",,anystyle,W137840353,offline_title_fuzzy,0.913548387096774
865_a10,865,NA,Linguistic Construction of Gender in Shakespeare via Text,Linguistic construction of Ivan Ohiienko's epistolary: gender aspect,,anystyle,W4285581039,offline_title_fuzzy,0.913525196981599
4170_a2,4170,NA,The Muse at Play: Riddles and Wordplay in Greek and Latin Poetry Kwapisz 2013,"The Muse at Play. Riddles and Wordplay in Greek and Latin Poetry Berlin/Boston:De Gruyter ,2013 978-3-11-027000-6",,anystyle,W6983540877,offline_title_fuzzy,0.913513513513514
167_r6,167,NA,XML Path Language (XPath) Version 1.0. W3C Recommendation 16 November 1999 1999,"XML path language (XPath) Version 1.0. W3C recommendation, The World Wide Web Consortium",,xml_biblstruct,W7095697287,offline_title_fuzzy,0.91350684403316
3928_a2,3928,NA,Guidelines for the Evaluation of Digital Scholarship in Art and Architectural Association 2016,Guidelines for the Evaluation of Digital Humanities Projects,,anystyle,W2002111294,offline_title_fuzzy,0.913490544543176
2051_a3,2051,NA,"Crowd-Sourcing Scoping Study: Engaging the Crowd with Humanities Research’. Centre for e-Research, Department of Digital Humanities Dunn; Hedges",Crowd-Sourcing Scoping Study: Engaging the Crowd with Humanities Research,,anystyle,W2288353117,offline_title_fuzzy,0.913385826771654
29_a10,29,NA,Introduction to WordNet: An On-line Lexical Database WordNet: An electronic lexical database Miller; Beckwith; Fellbaum; Gross; Miller 1993 1998,Introduction to WordNet: An On-line Lexical Database,,anystyle,W4388152766,offline_title_fuzzy,0.913333333333333
811_a9,811,NA,Reasons for the Use and Non-use of Talja; Maula,Reasons for the Use and Non-Use of Booster Seats in Winnipeg,,anystyle,W4212775664,offline_title_fuzzy,0.913333333333333
1420_a2,1420,NA,Linked Data in Linguistics. Representing Language Data and Metadata 2012 2012-03,Linked data in linguistics : representing and connecting language data and language metadata,,anystyle,W587990970,offline_title_fuzzy,0.913333333333333
1890_a10,1890,10.1145/90417.90738.,Achieving application requirements ACM Press Frontier Series Spector 1989,Achieving application requirements,,anystyle,W1490704196,offline_title_fuzzy,0.913333333333333
1777_a2,1777,NA,Centre for Excellence in Teaching and Learning (CETL) Open Educational Resources Universities 2010,Centre for Excellence in Teaching and Learning (CETL) in Reusable Learning Objects London Metropolitan University,,anystyle,W7096789026,offline_title_fuzzy,0.913328788328788
12015_r6,12015,NA,"van Dijck, J., Poell, T., and de Waal, M . (2018). The Platform Society: Public Values in a Connective World. New York: Oxford University Press.","Van Dijck J., Poell T., and De Waal M., (2018), The Platform Society, New York: Oxford University Press",,xml_bibl,W2999701744,offline_title_fuzzy,0.913315217391304
351_a9,351,NA,"Sociolinguistic Patterns of British English, pp.101–121",Sociolinguistic patterns in British English,,anystyle,W4206062520,offline_title_fuzzy,0.91328123358753
6538_r14,6538,NA,"Joint Steering Committee for Development of RDA, Resource Description and Access (RDA) (http://www.iccu.sbn.it/opencms/export/sites/iccu/documenti/2015/RDA_Traduzione_ICCU_5_Novembre_REV.pdf)",Joint Steering Committee for Development of RDA,,xml_bibl,W7010826871,offline_title_fuzzy,0.913253012048193
710_a1,710,NA,"Les Actants, les Acteurs et les Greimas 1983","""les actants, les acteurs et les figures”, de a. j. greimas",,anystyle,W1893853603,offline_title_fuzzy,0.913207547169811
1580_a8,1580,NA,A Manifesto for the Humanities in a Technological Age Davidson; Goldberg 2004 13 Feb,A manifesto for the humanities,,anystyle,W2275604277,offline_title_fuzzy,0.913207547169811
3778_a7,3778,NA,A Tutorial on Hidden Markov Models and Selected Applications in Speech Recogni-tion.”Markov Models and Selected Applications in Speech Recognition Rabiner 1989,A Tutorial on Hidden Markov Models and Selected Applications in Speech Recognition,,anystyle,W4253573210,offline_title_fuzzy,0.913103448275862
4183_a1,4183,NA,history.state.gov: A case study of Digital Humanities in Government Wicentowski 2011,A Case Study of Digital Content Business in China,,anystyle,W3123727852,offline_title_fuzzy,0.913095238095238
4190_a1,4190,NA,history.state.gov: A case study of Digital Humanities in Government Wicentowski 2011,A Case Study of Digital Content Business in China,,anystyle,W3123727852,offline_title_fuzzy,0.913095238095238
53_a2,53,NA,The Language of News Media Bell 1996,The language of news media ByAllan Bell (review),,anystyle,W591242297,offline_title_fuzzy,0.91304347826087
1746_a3,1746,NA,Geographic Search: Catalogs Buckland; Chen; Gey; Larson; Mostern; Petras 2007,"Geographic Search: Catalogs, Gazetteers, and Maps",,anystyle,W1967891066,offline_title_fuzzy,0.91304347826087
3793_a1,3793,NA,The Invisible Substrate of Bates 1999,The Invisible Substrate of Information Science,,anystyle,W7100738417,offline_title_fuzzy,0.91304347826087
3995_a2,3995,NA,Instrumental Idiom in the 16th Century: Embellishment,Instrumental Idiom In The 16Th Century: Embellishment Patterns In Arrangements Of Vocal Music.,,anystyle,W2530499219,offline_title_fuzzy,0.91304347826087
1465_a10,1465,NA,Performative Materiality and Interpretative Interface Drucker 2011,Performative Materiality and Theoretical Approaches to Interface,,anystyle,W2408099484,offline_title_fuzzy,0.912929245283019
1461_a11,1461,NA,Experiments and Evaluation in Information Retrieval Voorhees; TREC,Experiments and Evaluations: A Reexamination,,anystyle,W2488273355,offline_title_fuzzy,0.912909256725946
10896_r13,10896,NA,XML Forms Data Format Specification: https://web.archive.org/web/20160408204348/https://partners.adobe.com/public/developer/en/xml/XFDF_Spec_3.0.pdf [letzter Zugriff 05.10.2018].,XML Forms Data Format Specification,,xml_bibl,W7099335431,offline_title_fuzzy,0.912903225806452
1419_a4,1419,NA,Medusa. Performante Textstatistiken auf großen Textmengen: Kookkurrenzanalyse in Theorie und Anwendung Büchler 2008,Medusa: Performante Textstatistiken auf großen Textmengen:,,anystyle,W7058047128,offline_title_fuzzy,0.912871287128713
8369_a8,8369,NA,"English Language Corpora: Design, Analysis and Exploitation","English language corpora: Design, analysis and exploitation. Hrsg. J. Aarts [u.a.] Amsterdam, Niederlande 1993",,anystyle,W7065663794,offline_title_fuzzy,0.912871287128713
8424_a5,8424,NA,"English language corpora: design, analysis and exploitation 1993","English language corpora: Design, analysis and exploitation. Hrsg. J. Aarts [u.a.] Amsterdam, Niederlande 1993",,anystyle,W7065663794,offline_title_fuzzy,0.912871287128713
1085_a6,1085,NA,A Qualitative Study on African Hall-Greene 2000,A qualitative study on artist-in-residence,,anystyle,W3121917244,offline_title_fuzzy,0.912857142857143
1868_a6,1868,NA,How to evaluate digital scholarship Presner 2011,How to Evaluate Digital Information,,anystyle,W4416154175,offline_title_fuzzy,0.912857142857143
3821_a20,3821,NA,How to Evaluate Digital Scholarship Presner 2012,How to Evaluate Digital Information,,anystyle,W4416154175,offline_title_fuzzy,0.912857142857143
953_a1,953,NA,Supporting Digital Scholarly Editions 2008,Supporting Digital Scholarship in Research,,anystyle,W2395250760,offline_title_fuzzy,0.912853925353925
2147_a2,2147,NA,"What Is Humanities Computing And What Is Not? Jahrbuch für Computerphilologie, 4 Unsworth 2002",What is Humanities Computing and What is Not,,anystyle,W2289722317,offline_title_fuzzy,0.912820512820513
2147_a4,2147,NA,"What Is Humanities Computing And What Is Not? Jahrbuch für Computerphilologie, 4 Unsworth 2002",What is Humanities Computing and What is Not,,anystyle,W2289722317,offline_title_fuzzy,0.912820512820513
9163_a20,9163,NA,Plato’s Rhapsody and Homer’s Music: The Poetics of the Nagy,Plato's Rhapsody and Homer's Music: The Poetics of the Panathenaic Festival in Classical Athens,,anystyle,W2086989874,offline_title_fuzzy,0.912765957446808
46_a3,46,NA,Textual Criticism and the Text Encoding Initiative Sperberg-McQueen 1994 1994,Textual Criticism and the New Testament Text,,anystyle,W4249994888,offline_title_fuzzy,0.912759906759907
1580_a14,1580,NA,The Crisis of the Humanities Officially Arrives Fish 2010 11 October,The Crisis of the Humanities in Egypt,,anystyle,W2611391828,offline_title_fuzzy,0.912743304232666
28_a4,28,NA,Humanities Computing as Interdiscipline McCarty,Humanities Computing as Digital Humanities,,anystyle,W7139931759,offline_title_fuzzy,0.91273432449903
806_a15,806,NA,Humanities Computing as Interdiscipline McCarty,Humanities Computing as Digital Humanities,,anystyle,W7139931759,offline_title_fuzzy,0.91273432449903
1137_a1,1137,NA,'Social Network Sites: Definition 2007,"Social network sites: definition, history, and scholarship",,anystyle,W2134172592,offline_title_fuzzy,0.912727272727273
577_a7,577,NA,Studies in honour of Jan Svartvik,Συγχάρματα : Studies in Honour of Jan Fredrik Kindstrand,,anystyle,W590231272,offline_title_fuzzy,0.912709995680738
391_a4,391,NA,De jeeste van Walewein en het schaakbord van Penninc en Pieter Vostaert 1957,De jeeste van Walewein en het schaakbord,,anystyle,W7113499927,offline_title_fuzzy,0.912676056338028
546_a5,546,NA,De jeeste van Walewein en het schaakbord van Penninc en Pieter Vostaert 1957,De jeeste van Walewein en het schaakbord,,anystyle,W7113499927,offline_title_fuzzy,0.912676056338028
905_a18,905,NA,The Body in the Mind: The Bodily Basis of Routledge; Johnson 2003 1987,"The Body in the Mind: The Bodily Basis of Meaning, Imagination, and Reason",,anystyle,W3137012968,offline_title_fuzzy,0.912676056338028
1736_a2,1736,NA,Sustaining Digital Scholarship Final Report 2004,Sustaining Digital Scholarship: keeping research data alive,,anystyle,W6950653593,offline_title_fuzzy,0.912564789641481
447_a5,447,NA,International Organization for Standardization Information Processing: Text and Office Systems: Standard Generalized Markup Language (SGML 1986,International Organization for Standardization. Information Processing Systems { Open Systems Interconnection { The Directory,,anystyle,W7096257006,offline_title_fuzzy,0.912552786431291
887_a10,887,NA,"Analyzing, and Comparing Series of Artworks 2003",Analyzing and Comparing Tools of Writing Courseware,,anystyle,W2388586453,offline_title_fuzzy,0.91233893557423
19_a8,19,NA,"You Can�t Always Get What You Want: Deep Encoding of Manuscripts and the Limits of Retrieval"" Neuman 1996",You Can’t Always Get What You Want: Victim Impact Statements and Offender Remorse,,anystyle,W6922688821,offline_title_fuzzy,0.912296124927704
495_a21,495,NA,Proving and Improving Authorship Juola; Sofko,Proving and Improving Authorship Attribution Technologies,,anystyle,W2170190737,offline_title_fuzzy,0.912280701754386
1684_a1,1684,NA,"Is Humanities Computing an Academic Discipline? or, Why Humanities Computing Matters Burnard 1999",Is Humanities Computing an Academic Discipline,,anystyle,W2982415327,offline_title_fuzzy,0.91219512195122
7959_a27,7959,NA,Computational Morphology Practical Mechanisms for the English Lexicon ACL-MIT Press Series in Natural Language Processing A Ritchie; W.; Russell; Pulman 1992,Computational Morphology: Practical Mechanisms for the English Lexicon,,anystyle,W7017949953,offline_title_fuzzy,0.91219512195122
1185_a6,1185,NA,Virtual Communities in the Service of Learning,VIRTUAL COMMUNITIES IN THE FOREIGN SCIENTISTS’ RESEARCHES,,anystyle,W2740274177,offline_title_fuzzy,0.912083568605308
433_a16,433,NA,From point cloud to surface: the modeling and visualisation problem Â– International Archives of the Photogrammetry,From point cloud to surface: the modeling and visualization problem,,anystyle,W1520738631,offline_title_fuzzy,0.912013944757308
1635_a13,1635,NA,Internet Addiction: The New Mental Health Disorder? Walton 2012,Internet Addiction—The Next New Fad Diagnosis,,anystyle,W2955239159,offline_title_fuzzy,0.912004186289901
128_a4,128,NA,The Aesthetics of Ambivalence: Rethinking Science Fiction Landon,The aesthetics of ambivalence: rethinking science fiction film in the age of electronic (re)production,,anystyle,W560144549,offline_title_fuzzy,0.912
541_a5,541,NA,Interpretation in Historical Linguistics,Interpretation in History,,anystyle,W2325010821,offline_title_fuzzy,0.912
1771_a6,1771,NA,Understanding Personal Digital Collections: an Interdisciplinary Exploration Feinberg; Geisler; Whitworth; Clark 2012,Understanding personal digital collections,,anystyle,W2021069822,offline_title_fuzzy,0.912
1859_a8,1859,NA,Machine Learning Methods for Authorship Attribution”.Literary and Linguistic Computing,Machine Learning Methods for Stylometry: Authorship Attribution and Author Profiling,,anystyle,W3089536748,offline_title_fuzzy,0.911956059532247
1042_a2,1042,NA,Geometric and Probabilistic Foundations,Geometric and Probabilistic Structures in Dynamics,,anystyle,W2768101278,offline_title_fuzzy,0.911948717948718
1043_a2,1043,NA,Geometric and Probabilistic Foundations,Geometric and Probabilistic Structures in Dynamics,,anystyle,W2768101278,offline_title_fuzzy,0.911948717948718
616_a2,616,NA,Innovation in Economics and Business Administration’,INNOVATION IN ECONOMICS AND FINANCE,,anystyle,W2952525481,offline_title_fuzzy,0.911922587216705
1667_a4,1667,NA,What is Digital Humanities and What is it Doing in English Departments? Debates in Digital Humanities Kirschenbaum 2012,What Is Digital Humanities and What's It Doing in English Departments?,,anystyle,W4214934265,offline_title_fuzzy,0.911913043478261
3872_a21,3872,NA,Education and the Ethics of the Digital Humanities Reid 2012,Education and the Ethics of Discrimination,,anystyle,W2032208052,offline_title_fuzzy,0.911899749373434
2743_r4,2743,NA,Modern Language Association (2011). Guidelines for Editors of Scholarly Editions.,Modern Language Association Prize for a Distinguished Scholarly Edition,,xml_bibl,W4237744897,offline_title_fuzzy,0.911889518931773
4058_a1,4058,NA,Report and Recommendations from the Task Force on Metadata Quality Dangerfield 2015,Report and Recommendations of the Graduate Assistant Task Force,,anystyle,W6986821868,offline_title_fuzzy,0.911852177953873
714_a17,714,NA,Machine Learning Tools and Technique. 2nd,Machine Learning Tools and Techniques for Prediction of Droughts,,anystyle,W4297627545,offline_title_fuzzy,0.911746794871795
964_a6,964,NA,The Strange and wonderful history of Mother,The strange and wonderful history and prophesies of mother Shipton,,anystyle,W7024995374,offline_title_fuzzy,0.91169837914024
2019_a12,2019,NA,Multi-objective frequent termset clustering.Knowledge and Information Systems Morik; Kaspari; Wurst; Skirzynski 2012 DOI:10.1007/s10115-011-0431-3,Multi-objective Frequent Termset Clustering,,anystyle,W7097304225,offline_title_fuzzy,0.911688311688312
458_a7,458,NA,Early English Books Online: The Holy Grail of online resources? Leon,Early English Books Online – Ein Erfahrungsbericht,,anystyle,W6955402567,offline_title_fuzzy,0.911633821648646
1422_a6,1422,NA,Feature instability as a criterion for selecting potential style markers: Special Topic Section on Computational Analysis of Style Koppel; Akiva; Dagan 2006,Feature instability as a criterion for selecting potential style markers,,anystyle,W2031474728,offline_title_fuzzy,0.911627906976744
1754_a11,1754,NA,SNAC: The Social Networks and Archival Context Project Pitti,SNAC: The Social Networks and Archival Context project - Towards an archival authority cooperative,,anystyle,W4253605488,offline_title_fuzzy,0.911578947368421
851_a3,851,NA,"Schriften zur Medienpädagogik Nr.26, Gesellschaft für",Schriften zur Medienpädagogik,,anystyle,W7024439648,offline_title_fuzzy,0.911538461538462
3794_a3,3794,NA,Stylometry with R: A Suite of Tools (Abstract of Poster Session)” Eder; Kestemont; Rybiki 2013,Stylometry with R : a suite of tools,,anystyle,W2802579689,offline_title_fuzzy,0.911475409836066
689_a6,689,NA,Digital Re_Discovery of Culture (Physicality of Soul) – Playing Digital,DIGITAL RE-DISCOVERY OF CULTURE GAME OF INQUIRY & THE PHYSICALITY OF SOUL,,anystyle,W2159983939,offline_title_fuzzy,0.911451895452316
1493_a4,1493,NA,Romanzen vom Rosenkranz. Frühe Fassungen Brentano 2006 2006,Romanzen vom Rosenkranz : Gedichte,,anystyle,W1823586697,offline_title_fuzzy,0.911446886446887
1604_a7,1604,NA,'From the Native’s Point of View': On the Nature of Anthropological Understanding”. Local Knowledge: Further Essays in Interpretative Anthropology Geertz 1983,"""From the Native's Point of View"": On the Nature of Anthropological Understanding",,anystyle,W17480234,offline_title_fuzzy,0.911428571428571
1292_a8,1292,NA,"Aegyptische Urkunden aus den Königlichen (later Staatlichen) Museen zu Berlin, Griechische Urkunden",Aegyptische Urkunden aus den Koeniglichen Museen zu Berlin : Griechische Urkunden,,anystyle,W651720658,offline_title_fuzzy,0.911418776371308
499_a8,499,NA,How We Became Posthuman: Virtual Hayles,How We Became Posthuman (N. Katherine Hayles),,anystyle,W7010337967,offline_title_fuzzy,0.911398908840511
991_a17,991,NA,How We Became Posthuman: Virtual Hayles 1999,How We Became Posthuman (N. Katherine Hayles),,anystyle,W7010337967,offline_title_fuzzy,0.911398908840511
2151_a3,2151,NA,"Spectral Imaging at the Library of St Father Justin Sinaites Nov 19, 2012 www.loc.gov/preservation/outreach/tops/ancient_text/ancient_text.html, 30 Oct, 2013",Spectral Imaging at the Microscale and Beyond,,anystyle,W1966233527,offline_title_fuzzy,0.911365483130189
594_a2,594,NA,Proceedings of the 17th Joined,Proceedings of the 17th IUSTI World Congress,,anystyle,W4247442713,offline_title_fuzzy,0.911358411703239
687_a4,687,NA,Proceedings of the 17th Joined,Proceedings of the 17th IUSTI World Congress,,anystyle,W4247442713,offline_title_fuzzy,0.911358411703239
4087_a4,4087,NA,Social media technology in cultural heritage Myat 2012,"Social Media, Technology & Ethics",,anystyle,W2236847166,offline_title_fuzzy,0.911358411703239
658_a3,658,NA,History and Aesthetics of the New Encoded Discourse,History and Aesthetics of the Bronx-Whitestone Bridge,,anystyle,W2106269096,offline_title_fuzzy,0.911314028184173
1566_a3,1566,NA,El papel de las bibliotecas en las Humanidades Digitales Galina 2011,El papel de las bibliotecas en un mundo de noticias falsas,,anystyle,W6981434770,offline_title_fuzzy,0.91131245601689
491_a11,491,NA,International Conference of the Association for Computers and the Humanities and the Association for Literary and Linguistic,International Conference of the Association for Computer-Aided Architectural Design Research in Asia,,anystyle,W6889734396,offline_title_fuzzy,0.911276355171267
904_a51,904,NA,International Conference of the Association for Computers and the Humanities and the Association for Literary and Linguistic,International Conference of the Association for Computer-Aided Architectural Design Research in Asia,,anystyle,W6889734396,offline_title_fuzzy,0.911276355171267
1395_a3,1395,NA,More than Words: Using Token Context to Improve Canonicalization of Historical German.Journal for Language Technology and Computational Linguistics (JLCL Jurish 2010,More than Words: Using Token Context to Improve Canonicalization of Historical German,,anystyle,W130632585,offline_title_fuzzy,0.911258278145695
1396_a3,1396,NA,More than Words: Using Token Context to Improve Canonicalization of Historical German.Journal for Language Technology and Computational Linguistics (JLCL Jurish 2010,More than Words: Using Token Context to Improve Canonicalization of Historical German,,anystyle,W130632585,offline_title_fuzzy,0.911258278145695
1581_a1,1581,NA,Language and Computers: A Practical Guide to the Computer Analysis of Language.Edinburgh Barnbrook 1996,Language and Computers: A Practical Introduction to the Computer Analysis of Language,,anystyle,W565739154,offline_title_fuzzy,0.911178476695718
629_a11,629,NA,"Books Are Dead, Long Live Books Rethinking Media Change Murphy 2004",Books Are Dead: Long Live Books!,,anystyle,W6999100836,offline_title_fuzzy,0.911111111111111
984_a2,984,NA,Renaissance Tragedy and the Senecan Braden,Renaissance Tragedy and the Senecan Tradition: Anger's Privilege,,anystyle,W2108937254,offline_title_fuzzy,0.911111111111111
1912_a3,1912,NA,Täiskasvanute oskused Eestis ja maailmas,Täiskasvanute oskused Eestis ja maailmas: PIAAC uuringu esmased tulemused,,anystyle,W7062494295,offline_title_fuzzy,0.911111111111111
624_a10,624,NA,Automating Multilingual Metadata Vocabularios”. DC-2005: Vocabularies in Practice 2005-09-12,Automating multilingual metadata vocabularies,,anystyle,W1899663285,offline_title_fuzzy,0.910940170940171
1011_a17,1011,NA,Project presentation by the team (15 minutes,project presentation by Ezekiel,,anystyle,W6903791786,offline_title_fuzzy,0.910877719429857
11715_r24,11715,NA,Teatro Español del Siglo de Oro (TESO) Editorial Policy (accessed 26 April 2022).,Teatro español del Siglo de Oro: Teoría y práctica,,xml_bibl,W86394622,offline_title_fuzzy,0.910858646411883
167_r5,167,NA,Extensible Stylesheet Language (XSL) Version 1.0.. W3C Working Draft 27 March 2000 2000,Extensible Stylesheet Language (XSL) - Version 1.0,,xml_biblstruct,W7099196268,offline_title_fuzzy,0.910843373493976
1411_a11,1411,NA,Image to Interpretation: Intelligent Systems to Aid Historians in the Reading of the Vindolanda Texts Terras 2006,Image to Interpretation: An Intelligent System to Aid Historians in Reading the Vindolanda Texts,,anystyle,W1936645349,offline_title_fuzzy,0.910821731748727
540_a3,540,NA,Electronic Journal for the Humanities,Electronic journal for the Viola da Gamba Society,,anystyle,W1997085005,offline_title_fuzzy,0.910794588105513
6343_r1,6343,NA,"Center for Open Data in the Humanities (CODH). (2017). IIIF Curation Viewer, http://codh.rois.ac.jp/software/iiif-curation-viewer/ (accessed 20 April 2018a).",Center for Open Data in the Humanities (CODH): Activities and Future Plans,,xml_bibl,W2889005437,offline_title_fuzzy,0.910787642521797
10598_r7,10598,NA,"SKOS, Simple Knowledge Organization System: https://www.w3.org/2004/02/skos/ [letzter Zugriff 23. August 2016].",SKOS Simple Knowledge Organization System Primer,,xml_bibl,W2183679927,offline_title_fuzzy,0.910748792270531
872_a8,872,NA,Le mariage sous L’Ancien Régime: une anthologie virtuelle.[http://mariage.uvic.ca/ Carlin 2005,Le mariage sous l'Ancien Régime,,anystyle,W6936492188,offline_title_fuzzy,0.910714285714286
988_a5,988,NA,Cultural Capital: The Problem of Guillory 1993,Cultural Capital: The Problem of Literary Canon Formation,,anystyle,W2796244156,offline_title_fuzzy,0.910714285714286
8482_a2,8482,NA,"PC-KIMMO: a two-level processor for morphological analysis, Occasional Publications in Academic Computing Antworth 1990",PC-KIMMO: a two-level processor for morphological analysis,,anystyle,W7115320137,offline_title_fuzzy,0.910679611650486
3773_a2,3773,NA,Codicology and Paleography in the Digital Age 2 Fischer; Fritze; Vogeler 2010,Codicology and Paleography,,anystyle,W6964445744,offline_title_fuzzy,0.91063829787234
4110_a3,4110,NA,Authorship Attribution and Feature Analysis Using Frequency of JOSHI with SOM Jin 2003,Authorship attribution and feature testing for Chinese short emails,,anystyle,W2464038378,offline_title_fuzzy,0.910629716936891
1053_a12,1053,NA,A Corpus-Driven Approach to the Lexical Grammar of,A corpus-driven approach to formulaic language in English,,anystyle,W2032122261,offline_title_fuzzy,0.910620900076278
761_a9,761,NA,"Genetic Algorithms, and Data Mining Discovery",Genetic algorithms and directed adaptation,,anystyle,W1488195296,offline_title_fuzzy,0.910617150085841
495_a12,495,NA,Interdisciplinary Workshop on Similarity and Categorization,Interdisciplinary Workshop on Marriage and Family Research,,anystyle,W2796558559,offline_title_fuzzy,0.910577416238266
10688_r7,10688,NA,openCV: Open Source Computer Vision Library. http://opencv.org [letzter Zugriff 24. September 2017].,OpenCV: Open Source Computer Vision Library,,xml_bibl,W3213458668,offline_title_fuzzy,0.910526315789474
3964_a2,3964,NA,You have to keep track of your changes”: The Version Variants and Eve 2016,"""You have to keep track of your changes"": The Version Variants and Publishing History of David Mitchell's Cloud Atlas",,anystyle,W6906472567,offline_title_fuzzy,0.910526315789474
604_a2,604,NA,A Multilingual Semantic Network for the Balkan Languages,A Multilingual Semantic Network as Linked Data: lemon-BabelNet,,anystyle,W254424556,offline_title_fuzzy,0.910505854800937
862_a6,862,NA,Journal of the European Society for Textual Scholarship,Journal of the European Optical Society / Part A,,anystyle,W7010682858,offline_title_fuzzy,0.910395256916996
8396_a5,8396,NA,"Grammatica storica dell’italiano vol.III Lessico, il Mulino Tekavcic 1980",Grammatica storica dell'italiano,,anystyle,W1554101896,offline_title_fuzzy,0.910344827586207
8451_a4,8451,NA,Markup Systems and the Future of,Markup systems and the future of scholarly text processing,,anystyle,W2094864311,offline_title_fuzzy,0.910344827586207
881_a10,881,NA,The Nature of Constructively Responsive Reading,The nature of constructive controversy,,anystyle,W2501368877,offline_title_fuzzy,0.910289553671413
1053_a36,1053,NA,Conference of the Association for Literary and Linguistic,Conference of the Association for the Care of Children in Hospitals,,anystyle,W4231975003,offline_title_fuzzy,0.910211603353639
2048_a6,2048,NA,The Impact of Digital Resources on Humanities Research Spiro; Segal 2005,The Impact of Digital Resources on Scholarship in the Digital Humanities,,anystyle,W2803420748,offline_title_fuzzy,0.91011396011396
10755_r9,10755,NA,"TEI - Text Encoding Initiative, http://www.tei-c.org/index.xml, [letzter Zugriff 2017-08-29].",TEI: Text Encoding Initiative #TEI,,xml_bibl,W2612965807,offline_title_fuzzy,0.910113636363636
2564_r12,2564,NA,"Sustaining the Digital Humanities, Ithaka S+R, http://www.sr.ithaka.org/publications/sustaining-the-digital-humanities/. (accessed October 30, 2015).",Sustaining the Digital Humanities,,xml_bibl,W4237785720,offline_title_fuzzy,0.91
701_a4,701,NA,Modelling the Information Seeking Ellis 1993,Modelling the information seeking user by the decisions they,,anystyle,W7096735663,offline_title_fuzzy,0.91
701_a11,701,NA,Digital resources and Print Warwick 2004,Digital Resources and Preservation: An Overview,,anystyle,W2134706865,offline_title_fuzzy,0.909983896940419
3835_a3,3835,NA,General Framework for Corpus-Based Semantics,General framework for country analysis,,anystyle,W2298177715,offline_title_fuzzy,0.909963411201801
3859_a18,3859,NA,Keystroke Logging in Writing Research : Using Inputlog to Analyze and Visualize Writing Processes Leijten; Waes 2013,Keystroke logging in writing research : Analyzing online writing processes,,anystyle,W2264702948,offline_title_fuzzy,0.909912280701754
1444_a2,1444,NA,"Walewein ende Keye. Een dertiende-eeuwse Arturroman overgeleverd in deLancelotcompilatie. Digitale editie, bezorgd door Marjolein Hogenbirk, met medewerking van W 2009 2009-11","Walewein ende Keye: een dertiende-eeuwse Arturroman, overgeleverd in de Lancelotcompilatie, uitgegeven met inleiding en commentaar door Marjolein Hogenbirk met medewerking van W.P. Gerritsen",,anystyle,W2377017079,offline_title_fuzzy,0.909878756060871
743_a2,743,NA,The Englishing of Juvenal: Computational Burrows,The Englishing of Juvenal: computational stylistics and translated texts,,anystyle,W1569984076,offline_title_fuzzy,0.909859154929578
744_a5,744,NA,The Englishing of Juvenal: Computational Burrows,The Englishing of Juvenal: computational stylistics and translated texts,,anystyle,W1569984076,offline_title_fuzzy,0.909859154929578
1020_a1,1020,NA,The Englishing of Juvenal: Computational Burrows 2002,The Englishing of Juvenal: computational stylistics and translated texts,,anystyle,W1569984076,offline_title_fuzzy,0.909859154929578
1223_a24,1223,NA,'Creating Critical Mass in Collaboration 2008,Creating critical mass in collaboration systems: Insights from Wikipedia,,anystyle,W2126747999,offline_title_fuzzy,0.909859154929578
1859_a5,1859,NA,Frames of Mind: The Theory of Gardner 1983,Frames of Mind: The Theory of Multiple Intelligences,,anystyle,W2171301064,offline_title_fuzzy,0.909803921568627
6501_r2,6501,NA,Merce Cunningham Dance Capsules (accessed 29 May 2018).,Merce Cunningham Dance Company,,xml_bibl,W7020682339,offline_title_fuzzy,0.909756367663344
1494_a9,1494,NA,The Human Touch: Software of the Highest Order Smith 2007,The Human Touch Software of the Highest Order: Revisiting Editing as Interpretation,,anystyle,W2041458964,offline_title_fuzzy,0.909756097560976
1493_a7,1493,NA,Testamentum Novum Graece et Latine Lachmann 1842,[Testamentum novum graece et latine] T.2.: ACTA APOSTOLORUM- Apocal.,,anystyle,W7077179759,offline_title_fuzzy,0.909677419354839
6539_r6,6539,NA,"Biblioteca Virtual Miguel de Cervantes (2007) . Biblioteca del Soneto [Sonnet Library] , http://www.cervantesvirtual.com/bib/portal/bibliotecasoneto/ (Accessed 22 Sep. 2017).",Biblioteca Virtual Miguel de Cervantes: libros que se leen pero no se tocan,,xml_bibl,W2558756488,offline_title_fuzzy,0.909619999668989
1724_a6,1724,NA,Language resource management — Lexical markup framework (LMF). International Organization for Standardization 2008,Language resource management. Lexical markup framework (LMF),,anystyle,W4235619775,offline_title_fuzzy,0.909615384615385
4139_a1,4139,NA,Digital Humanities Summer Institute Homepage 2017,Digital Humanities Summer Institute: #dhsi2014 in Text and Numbers,,anystyle,W4388603022,offline_title_fuzzy,0.909610587583149
458_a5,458,NA,Scholarly Work in the Humanities and the Tidline,Scholarly Work in the Humanities and the Evolving Information Environment,,anystyle,W1521953641,offline_title_fuzzy,0.90958904109589
721_a5,721,NA,Scholarly Work in the Humanities and the Tidline,Scholarly Work in the Humanities and the Evolving Information Environment,,anystyle,W1521953641,offline_title_fuzzy,0.90958904109589
795_a6,795,NA,Scholarly Work in the Humanities and the Tidline,Scholarly Work in the Humanities and the Evolving Information Environment,,anystyle,W1521953641,offline_title_fuzzy,0.90958904109589
3788_a3,3788,NA,Graphical Approaches to the Digital Humanities”. A New Companion to Digital Humanities Drucker 2016,Graphical Approaches to the Digital Humanities,,anystyle,W2460956139,offline_title_fuzzy,0.90952380952381
3872_a6,3872,NA,Dark Side of the Digital Humanities Chun; Grusin; Jagoda; Raley 2016,Dark side of the digital world,,anystyle,W4243642995,offline_title_fuzzy,0.90952380952381
897_a7,897,NA,Electronic Textual Editing: Levels of Transcription 2007,Electronic Textual Editing (review),,anystyle,W1491555453,offline_title_fuzzy,0.909439393939394
991_a27,991,NA,Seeking ‘Significance’: Actual Readers Pawley 2002,"Seeking ""Significance"": Actual Readers, Specific Reading Communities",,anystyle,W2043418919,offline_title_fuzzy,0.909375
1234_a7,1234,NA,'Ontology Development 101: A Guide to,Ontology Development 101: A Guide to Creating Your First Ontology,,anystyle,W1654805921,offline_title_fuzzy,0.909375
2001_a9,2001,NA,Style in nineteenth century fiction. A Multi- Dimensional analysis Egbert 2012,Style in nineteenth century fiction,,anystyle,W2031886924,offline_title_fuzzy,0.909375
2020_a2,2020,NA,"Smile Detection for User Interfaces’,Advances in Visual Computing Deniz; Castrillon; Lorenzo; Anton; Bueno 2008",Smile Detection for User Interfaces,,anystyle,W1519522340,offline_title_fuzzy,0.909375
896_a7,896,NA,Burrowing into Translation: Character Idiolects in Rybicki 2006,Burrowing into Translation: A Case Study,,anystyle,W3100685799,offline_title_fuzzy,0.909331937903367
7736_a3,7736,NA,La Divina Commedia di Dante con commenti secondo la scolastica 1892,La divina commedia di Dante Alighieri col comento di Paolo Costa ...,,anystyle,W7001601569,offline_title_fuzzy,0.90929435483871
8504_a2,8504,NA,Simulation of Individual Belief Systems”,Simulation of individual cells in flow,,anystyle,W222941767,offline_title_fuzzy,0.90922902790475
642_a12,642,NA,Coloquio Internacional de la Associazione Cervantina di Venecia 2003,Coloquio Internacional de Estadistica e Investigacion Operativa,,anystyle,W4245281253,offline_title_fuzzy,0.909126984126984
1859_a9,1859,NA,Authorship Attribution”.Foundations and Juola 2006,Authorship Attribution for Online Social Media,,anystyle,W2799787605,offline_title_fuzzy,0.909126396554045
10147_r2,10147,NA,"Danielewski, M. Z. (2000) House of Leaves. 2nd edition. New York: Pantheon.","Danielewski M.Z. (2000), House of leaves.",,xml_bibl,W7113570480,offline_title_fuzzy,0.909090909090909
70_a5,70,NA,Russian Written Language Corpora Development Yablonsky 1999,Репрезентация дисциплины «Письменный русский язык» (“Russian Written Language”) в стандартах информационного европейского образования,,anystyle,W7053804060,offline_title_fuzzy,0.909090909090909
106_a2,106,NA,Guidelines for Electronic Text Sperberg-McQueen; Burnard,Guidelines for electronic text encoding and interchange,,anystyle,W1485490758,offline_title_fuzzy,0.909090909090909
1220_a11,1220,NA,TEXT Technology: the journal of,TEXT Technology the journal of computer text processing,,anystyle,W6974159184,offline_title_fuzzy,0.909090909090909
1448_a8,1448,NA,The Virtual and the Real: Media in the Museum 1998,The virtual and the real,,anystyle,W2975154889,offline_title_fuzzy,0.909090909090909
1835_a19,1835,NA,Multiliteracies in the Undergraduate Clement,Multiliteracies in the Undergraduate Digital Humanities Curriculum:,,anystyle,W4235953092,offline_title_fuzzy,0.909090909090909
1835_a27,1835,NA,Multiliteracies in the Undergraduate Clement,Multiliteracies in the Undergraduate Digital Humanities Curriculum:,,anystyle,W4235953092,offline_title_fuzzy,0.909090909090909
1835_a30,1835,NA,Multiliteracies in the Undergraduate Clement,Multiliteracies in the Undergraduate Digital Humanities Curriculum:,,anystyle,W4235953092,offline_title_fuzzy,0.909090909090909
1835_a42,1835,NA,Multiliteracies in the Undergraduate Clement,Multiliteracies in the Undergraduate Digital Humanities Curriculum:,,anystyle,W4235953092,offline_title_fuzzy,0.909090909090909
1835_a44,1835,NA,Multiliteracies in the Undergraduate Clement,Multiliteracies in the Undergraduate Digital Humanities Curriculum:,,anystyle,W4235953092,offline_title_fuzzy,0.909090909090909
1853_a33,1853,NA,The Dialectics of Seeing The Arcades Project Buck-Morss; Mirecourt; Dumas; Benjamin 1993 1845 2003,The Dialectics of Seeing,,anystyle,W2320490258,offline_title_fuzzy,0.909090909090909
1865_a18,1865,NA,"Ist Foucaults ""dispositif Ganahl 2013",Ist Foucaults 'dispositif' ein Akteur-Netzwerk?,,anystyle,W6884916411,offline_title_fuzzy,0.909090909090909
4152_a2,4152,NA,‘Q i-jtb the Raven': Taking Cordell 2017,"""Q i-jtb the Raven"": Taking Dirty OCR Seriously",,anystyle,W6962742377,offline_title_fuzzy,0.909090909090909
779_a29,779,NA,Issues in the Evolution of SGML,Issues in the Evolution of Federal Regulation,,anystyle,W3048724856,offline_title_fuzzy,0.909089111358299
1861_a7,1861,NA,"Text Encoding Initiative, P5, Default Text Structure",Text Encoding Initiative: P5 Guidelines,,anystyle,W6918147759,offline_title_fuzzy,0.909065015479876
1835_a58,1835,NA,Andrew McAfee and Erik Brynjolfsson,Andrew McAfee and Erik Brynjolfson: Live at Politics and Prose,,anystyle,W7026768421,offline_title_fuzzy,0.90903981264637
2000_a3,2000,NA,"Computers and the Humanities, Image-Based Humanities Computing 2002-02",Computers and the humanities in Britain,,anystyle,W2069819704,offline_title_fuzzy,0.908935643016747
927_a3,927,NA,Statistical Analysis and Some Major Determinants of Literary,Statistical Analysis and Performance Prediction using Arima Model,,anystyle,W6912973950,offline_title_fuzzy,0.908927738927739
64_a6,64,NA,Selected speeches of the Late Earl of Beaconsfield Kebbel 1882,Selected speeches of the late Right Honourable the Earl of Beaconsfield,,anystyle,W625956097,offline_title_fuzzy,0.908845070422535
1307_a4,1307,NA,Read-write book: le livre inscriptible Dacos 2010,Read/Write Book. Le livre inscriptible | L’édition électronique ouverte,,anystyle,W6917871487,offline_title_fuzzy,0.908823529411765
1497_a13,1497,NA,What is FRBR? A Conceptual Model for the Bibliographic Universe. Library of Congress Cataloging Distribution Service Tillett 2004,What is FRBR? A conceptual model for the bibliographic universe,,anystyle,W2055380710,offline_title_fuzzy,0.908771929824562
1573_a3,1573,NA,The Digital Humanities and Humanities Computing: An Introduction Schreibman; Siemens; Unsworth 2004,The Digital Humanities and the Transcending of Mortality,,anystyle,W4233107801,offline_title_fuzzy,0.90875350140056
710_a7,710,NA,Figurendarstellung im Roman: Eine narratologische Systematik am Beispiel von Nieragden 1995,Figurendarstellung im Roman : eine narratologische Systematik am Beispiel von David Lodges Changing Places und Ian McEwans The Child in Time,,anystyle,W571312138,offline_title_fuzzy,0.908695652173913
890_a2,890,NA,Lexical and Grammatical Marking of Evidentiality and Affect,Lexical and grammatical elicitation: Weekdays and negation,,anystyle,W6977349259,offline_title_fuzzy,0.908691469451295
3907_a19,3907,NA,Social Sciences and Humanities Research Council of Canada (SSHRC Tri-Agency Statement of Principles on Digital Data Management 2016,Social Sciences and Humanities Research Council of Canada - Partnership Development Grants - Research Division,,anystyle,W2554141105,offline_title_fuzzy,0.908679245283019
3798_a6,3798,NA,Conference on Computer Analysis of Images and Patterns,Conference on Computer-assisted Scanning,,anystyle,W7036817834,offline_title_fuzzy,0.908675213675214
1000_a2,1000,NA,A computer assisted analysis of the extension of Leiden,A computer-assisted analysis of the spread of martensite transformation,,anystyle,W2031432155,offline_title_fuzzy,0.908646705407269
2737_r4,2737,NA,International Working Group on FRBR and CIDOC CRM Harmonisation (2015). Definition of Object-Oriented FRBR (accessed 4 March 2016).,International Working Group on FRBR and CIDOC CRM Harmonisation,,xml_bibl,W7098395613,offline_title_fuzzy,0.908620689655172
804_a3,804,NA,Strategies and Tools for Textual Scholarship Ott,Strategies and Tools for Learning to Think,,anystyle,W2565352958,offline_title_fuzzy,0.908614718614719
1053_a42,1053,NA,A multivariate approach to superlatives in Dickens and Smollett’ Fox”,A multivariate approach to contract bidding mark-up strategies,,anystyle,W1541868805,offline_title_fuzzy,0.908585082778631
1223_a25,1223,NA,'Explaining the Sustainability of Digital 2008,Explaining the Sustainability of the Isfahan Livestock Industry,,anystyle,W6963853036,offline_title_fuzzy,0.908553113553114
65_a15,65,NA,"What is humanities computing? Toward a definition of the field"" McCarty",What is Humanities Computing and What is Not,,anystyle,W2289722317,offline_title_fuzzy,0.908531175267737
533_a2,533,NA,What is Humanities Computing? Toward a Definition of the Field McCarty,What is Humanities Computing and What is Not,,anystyle,W2289722317,offline_title_fuzzy,0.908531175267737
609_a30,609,NA,What is Humanities Computing? Toward a Definition of the Field McCarty 1998,What is Humanities Computing and What is Not,,anystyle,W2289722317,offline_title_fuzzy,0.908531175267737
7731_a1,7731,NA,Sidney Greenbaum Studies in English Adverbial Usage Coral Gables 1969,"Sidney Greenbaum, Studies in English Adverbial Usage, Longmans' Linguistics Library, Longmans, 1969., xvi+262pp.",,anystyle,W569266992,offline_title_fuzzy,0.908505036630037
11702_r3,11702,NA,World Health Organization (2021). The UN Decade of Healthy Aging. https://www.who.int/initiatives/decade-of-healthy-ageing (accessed 30th Nov. 2021).,World Health Organization Leads the 2021 to 2030-Decade of Healthy Ageing,,xml_bibl,W4200102933,offline_title_fuzzy,0.908496967218701
1497_a2,1497,NA,The CIDOC CRM – an Ontological Approach to Semantic Interoperability of Metadata Doerr 2003,"The CIDOC CRM, an Ontological Approach to Schema Heterogeneity",,anystyle,W87640927,offline_title_fuzzy,0.908477688546714
1931_a3,1931,NA,The CIDOC CRM – an Ontological Approach to Semantic Interoperability of Metadata Doerr 2003,"The CIDOC CRM, an Ontological Approach to Schema Heterogeneity",,anystyle,W87640927,offline_title_fuzzy,0.908477688546714
1992_a3,1992,NA,The CIDOC CRM – an Ontological Approach to Semantic Interoperability of Metadata Doerr 2003,"The CIDOC CRM, an Ontological Approach to Schema Heterogeneity",,anystyle,W87640927,offline_title_fuzzy,0.908477688546714
2116_a4,2116,NA,The CIDOC CRM - An ontological approach to semantic interoperability of metadata Doerr 2003 2003,"The CIDOC CRM, an Ontological Approach to Schema Heterogeneity",,anystyle,W87640927,offline_title_fuzzy,0.908477688546714
2121_a3,2121,NA,The CIDOC CRM - an ontological approach to semantic interoperability of metadata Doerr 2003,"The CIDOC CRM, an Ontological Approach to Schema Heterogeneity",,anystyle,W87640927,offline_title_fuzzy,0.908477688546714
10612_r7,10612,NA,"Historische Kommission bei der Bayerischen Akademie der Wissenschaften (seit 1953): Neue deutsche Biographie, Berlin: Duncker & Humblot. ISBN 3-428-00181-8",Historische Kommission bei der Bayerischen Akademie der Wissenschaften 1858 - 1983 in memoriam Theodor Schieder 11. April 1908 - 8. Oktober 1984,,xml_bibl,W7056977489,offline_title_fuzzy,0.908371759252525
3888_a8,3888,NA,"Information Interaction and Retrieval, CHIIR 2017 March 7-11, 2017",Information interaction in 140 characters or less,,anystyle,W2050735546,offline_title_fuzzy,0.908333333333333
19_a12,19,NA,"Chinese Character Encoding"" Wittern 1993 1993-07",Chinese Character Encoding for Internet Messages,,anystyle,W2943751364,offline_title_fuzzy,0.908333333333333
1053_a4,1053,NA,The Technique of Semantics Papers in Linguistics Firth 1935 1957,THE TECHNIQUE OF SEMANTICS.,,anystyle,W2010027150,offline_title_fuzzy,0.908333333333333
1835_a38,1835,NA,The Dumbest Generation: How the Digital Age Stupifies Young,The Dumbest Generation: How the Digital Age Stupefies Young Americans and Jeopardizes Our Future,,anystyle,W332070812,offline_title_fuzzy,0.908312159709619
998_a7,998,NA,What Video Games Have To Teach Us Gee 2003,What Video Games Have to Teach Us About Learning and Literacy,,anystyle,W760719305,offline_title_fuzzy,0.908196721311475
1051_a22,1051,NA,Palaeography and Image-Processing Stokes 2007/8,Palaeography and Image-Processing: Some Solutions and Problems,,anystyle,W2603324824,offline_title_fuzzy,0.908196721311475
1478_a10,1478,NA,Palaeography and Image Processing Stokes 2007/08,Palaeography and Image-Processing: Some Solutions and Problems,,anystyle,W2603324824,offline_title_fuzzy,0.908196721311475
3945_a6,3945,NA,The Nineteenth-Century Press in the Digital Age. Palgrave Studies in the History of the Media Mussell 2012,The Nineteenth-Century Press in the Digital Age by James Mussell (review),,anystyle,W762495537,offline_title_fuzzy,0.908181632615191
7167_a3,7167,NA,"Texts in N-Dimensions and Interpretation in a New Key"" McGann",Texts in N-Dimensions and Interpretation in a New Key (Discourse and Interpretation in N-Dimensions),,anystyle,W2142975322,offline_title_fuzzy,0.908163265306123
735_a9,735,NA,Le interfacce degli oggetti di scrittura Zinna,Le interfacce degli oggetti di scrittura teoria del linguaggio e ipertesti,,anystyle,W6983074478,offline_title_fuzzy,0.908108108108108
959_a6,959,NA,Is An XML document a FRBR Manifestation or a FRBR Expression? Renear,"Is an XML document a FRBR manifestation or a FRBR expression? - Both, because FRBR entities are not types, but roles",,anystyle,W262555460,offline_title_fuzzy,0.908108108108108
11822_r4,11822,NA,International Foundation for Art Research (2022). Provenance Guide https://www.ifar.org/Provenance_Guide.pdf (accessed 18 April 2022).,International Foundation for Art Research (IFAR),,xml_bibl,W7001155748,offline_title_fuzzy,0.908090846351716
7999_a6,7999,NA,Hierarchical Organisation: a Candidate Principle for Ethology Dawkins 1976,Hierarchical Organisation in Perception of Orientation,,anystyle,W2094689713,offline_title_fuzzy,0.908080120937264
1504_a3,1504,NA,Approximate String Matching Algorithms for Limited-Vocabulary OCR Output Correction Lasko; Hauser 2002,Approximate String Matching Algorithms: A Brief Survey and Comparison,,anystyle,W747565120,offline_title_fuzzy,0.908077161587527
1059_a15,1059,NA,Changes in reading behavior over the past ten years 2005,Changes in reading behavior among ereader adopters,,anystyle,W845121563,offline_title_fuzzy,0.908069311445508
1724_a8,1724,NA,Language resource management — Feature structures — Part 1: Feature structure representation 2461,Language resource management. Feature structures,,anystyle,W4231086591,offline_title_fuzzy,0.908045977011494
2020_a6,2020,NA,3D Face Recognition For Security Systems’www.visual-computing.brad.ac.uk/case-studies/3d-face-recognition-security-systems Bradford,3D Face Recognition For Cows,,anystyle,W3093449517,offline_title_fuzzy,0.908021978021978
3916_a4,3916,NA,Research in Urbanism Series 2(Exploring the Visual,Research in Urbanism Series,,anystyle,W6902692539,offline_title_fuzzy,0.908
3775_a2,3775,NA,Foreword: Perspectives on the Digital Humanities” Busa 2004,Foreword: Perspectives on a Legal Revolution,,anystyle,W30784196,offline_title_fuzzy,0.907918210144831
494_a4,494,NA,Introduction to latent semantic analysis Landauer; Foltz; Laham 1998,Introduction to Latent State-Trait Models,,anystyle,W4393082833,offline_title_fuzzy,0.907793791574279
1014_a32,1014,NA,Introduction to Latent Semantic Analysis 1998,Introduction to Latent State-Trait Models,,anystyle,W4393082833,offline_title_fuzzy,0.907793791574279
3784_a2,3784,NA,From the Digital to the Bookbound,From the Digital to the Discrete,,anystyle,W2989687388,offline_title_fuzzy,0.907765151515152
7908_a10,7908,NA,Building an Interactive Drama Architecture with a High Degree of Interactivity,Building an interactive drama architecture,,anystyle,W7099685624,offline_title_fuzzy,0.907692307692308
10984_r14,10984,NA,"Stjernfelt, Frederik (2007): Diagrammatology. An Investigation on the Borderlines of Phenomenology, Ontology, and Semiotics. Amsterdam: Springer Netherlands.","• Stjernfelt, Frederik (2007). Diagrammatology: An Investigation on the Borderlines of",,xml_bibl,W7099905774,offline_title_fuzzy,0.907482993197279
4031_a11,4031,NA,The function of language play in the acquisition of L2 Spanish Lantolf 1997,The function of language study in liberal education<sup>1</sup>,,anystyle,W2009830658,offline_title_fuzzy,0.907464507993329
7737_a5,7737,NA,Finite-state Morphology and Left to Right Phonology Hankamer 1986,Finite State Morphology Tool for Latvian,,anystyle,W2252276314,offline_title_fuzzy,0.907440660474716
1286_a1,1286,NA,"The Impact of Haptic ‘Touching’ Technology on Cultural Applications, ” Digital Applications for Cultural Heritage Institutions Brewster 2005",The Impact of Haptic ‘Touching’ Technology on Cultural Applications,,anystyle,W150441151,offline_title_fuzzy,0.907438016528926
1395_a5,1395,NA,"Computational Work with Very Large Text Collections. Interoperability, Sustainability, and the TEI Unsworth 2011 2011",Computational Work with Very Large Text Collections,,anystyle,W1994134586,offline_title_fuzzy,0.907368421052632
1396_a5,1396,NA,"Computational Work with Very Large Text Collections. Interoperability, Sustainability, and the TEI Unsworth 2011 2011",Computational Work with Very Large Text Collections,,anystyle,W1994134586,offline_title_fuzzy,0.907368421052632
1425_a5,1425,NA,"Computational Work with Very Large Text Collections: Interoperability, Sustainability, and the TEI Unsworth 2011",Computational Work with Very Large Text Collections,,anystyle,W1994134586,offline_title_fuzzy,0.907368421052632
1545_a4,1545,NA,"Computational Work with Very Large Text Collections. Interoperability, Sustainability, and the TEI Unsworth 2011",Computational Work with Very Large Text Collections,,anystyle,W1994134586,offline_title_fuzzy,0.907368421052632
3980_a12,3980,NA,Advancing Research and Practice in Digital Curation and Publishing London 2010 2010,Advancing Research and Practice about Self-Regulated Learning,,anystyle,W3021309654,offline_title_fuzzy,0.907352210630899
1451_a3,1451,NA,English Caroline Script and Monastic History Dumville 1993,"English Caroline script and monastic history : studies in Benedictinism, A.D. 950-1030",,anystyle,W368445295,offline_title_fuzzy,0.907317073170732
10809_r3,10809,NA,Bundeszentrale für politische Bildung (2013): Urheberrecht und Copyright. https://www.bpb.de/gesellschaft/medien/urheberrecht/169971/urheberrecht-und-copyright,Bundeszentrale für politische Bildung,,xml_bibl,W2499435768,offline_title_fuzzy,0.907246376811594
34_a4,34,NA,Computer Assisted Lemmatisation of a Diachronic Corpus of Cornish Mills 1995 1995-07-07,Computer Assisted Lemmatisation of a Cornish Text Corpus for Lexicographical Purposes,,anystyle,W17037036,offline_title_fuzzy,0.907160813043166
1004_a11,1004,NA,On Verifying Wordprint Studies Hilton 1988,On Verifying Wordprint Studies: Book of Mormon Authorship,,anystyle,W2566429204,offline_title_fuzzy,0.907142857142857
860_a6,860,NA,Where We Are with Electronic Scholarly Robinson,"Where We Are with Electronic Scholarly Editions, and Where We Want to Be",,anystyle,W2935885081,offline_title_fuzzy,0.907042253521127
1030_a8,1030,NA,Where we are with Electronic Scholarly Robinson,"Where We Are with Electronic Scholarly Editions, and Where We Want to Be",,anystyle,W2935885081,offline_title_fuzzy,0.907042253521127
1343_a1,1343,NA,"Revising the Wordnet Domains Hierarchy: Semantics, Coverage and Balancing Bentivogli 2004",Revising the wordnet domains hierarchy,,anystyle,W2079478118,offline_title_fuzzy,0.907042253521127
9163_a25,9163,NA,Where We Are with Electronic Scholarly Robinson,"Where We Are with Electronic Scholarly Editions, and Where We Want to Be",,anystyle,W2935885081,offline_title_fuzzy,0.907042253521127
1311_a15,1311,NA,"New-Model Scholarship: How Will It Survive?, Council on Library and Information Resources Smith 2003",New-Model Scholarship: How Will It Survive? Optimizing Collections and Services for Scholarly Use.,,anystyle,W293049702,offline_title_fuzzy,0.906998745022698
1242_a58,1242,NA,From the Viewpoint of the Separation of Public and Private',[From the viewpoint of the patient and professional woman].,,anystyle,W2414696461,offline_title_fuzzy,0.906985221674877
1651_a2,1651,NA,Où l’on mesure la distance entre les distances Brunet 2004,Où l'on mesure la distance entre les distances (à propos de l'affaire Corneille-Molière),,anystyle,W4206875216,offline_title_fuzzy,0.906976744186047
642_a6,642,NA,Humanities: a Case Study on London,Humanities (A Case Study). Focus on Fine Arts.,,anystyle,W348130282,offline_title_fuzzy,0.906956262128676
2153_a5,2153,NA,"Why are the Digital Humanities so White?”,in Debates in the Digital Humanities McPherson 2912",Why Are the Digital Humanities So White? or Thinking the Histories of Race and Computation,,anystyle,W2504186502,offline_title_fuzzy,0.906956047342601
767_a4,767,NA,Classification and the Creation of Multi-Dimensional,Classification and the Crisis of the Common Law,,anystyle,W1988801392,offline_title_fuzzy,0.906928532460447
3783_a3,3783,NA,Media discourse and the naturalization of categories Couldry 2010,Media Discourse and the Feminization of Poverty,,anystyle,W2735379946,offline_title_fuzzy,0.906928532460447
2079_a10,2079,NA,Perception of Dialectal Prosody.Proceedings of Interspeech Leemann; Siebenhaar 2008 2008,Perception of dialectal prosody,,anystyle,W122438260,offline_title_fuzzy,0.906896551724138
602_a8,602,NA,Conference on Methods in Dialectology: Moncton 2005-08,Conference on Methods in Field Theory,,anystyle,W6990015729,offline_title_fuzzy,0.906863226863227
1464_a7,1464,NA,An Overview of the Tesseract OCR Engine. Document Analysis and Recognition Smith 2007,An Overview of the Tesseract OCR Engine,,anystyle,W2001642682,offline_title_fuzzy,0.906849315068493
1505_a12,1505,NA,Some Remarks Concerning Digital Editions of Premodern Chinese Texts Wittern 2010,[Some remarks concerning the design of modern adjoining prostheses].,,anystyle,W2395467833,offline_title_fuzzy,0.906810406896418
4156_a23,4156,NA,The Aesthetic of Bookishness in Twenty-First Century Literature Bookishness: The New Fate of Reading in the Digital Age Pressman 2009,The Aesthetic of Bookishness in Twenty-First-Century Literature,,anystyle,W1568823778,offline_title_fuzzy,0.906779661016949
555_a14,555,NA,Dialect identity in a tri-ethnic context: The case of Lumbee American Indian Wolfram; Dannenberg,Dialect Identity in a Tri-Ethnic Context,,anystyle,W2065935709,offline_title_fuzzy,0.906666666666667
609_a4,609,NA,The photographic message”. Image Music Text S/Z Barthes; Barthes 1977 1970,The Photographic Message,,anystyle,W4244907854,offline_title_fuzzy,0.906666666666667
1571_a2,1571,NA,"Archiv-Editor – Software for Personal Data Plutte 2011 September 26-28, 2011",Archiv-Editor – Software for Personal Data: Demo-Presentation at the TPDL 2011,,anystyle,W25415485,offline_title_fuzzy,0.906666666666667
1398_a9,1398,NA,Structured Surfaces for JiTR Radzikowska; Ruecker; Brown; Organisciak; INKE Research Group 2011,Structured Surfaces for a Giant Liquid Slip,,anystyle,W2027869344,offline_title_fuzzy,0.906644518272425
1530_a5,1530,NA,"Structured Surfaces for JiTR Radzikowska; Ruecker; Brown; Organisciak; INKE Research Group 2011 June 19-21, 2011",Structured Surfaces for a Giant Liquid Slip,,anystyle,W2027869344,offline_title_fuzzy,0.906644518272425
3987_a21,3987,NA,Schlüsselqualifikationen in der globalen Wissens-gesellschaft,Schlüsselqualifikationen in der Realschule,,anystyle,W7033662999,offline_title_fuzzy,0.906623731459797
4144_a17,4144,NA,Vector Space Models for the Digital Humanities Schmidt 2015 2015-10-25,Vector Space Models for Search and Cluster Mining,,anystyle,W1497639882,offline_title_fuzzy,0.906583418096825
849_a9,849,NA,Processing: An Introduction to Natural Language Processing,Processing: An Introduction to Programming,,anystyle,W2897512410,offline_title_fuzzy,0.906573187189362
1014_a35,1014,NA,Latent Semantic Analysis resources at University of Colorado,Latent Semantic Analysis (LSA) for syslog correlation,,anystyle,W2604732633,offline_title_fuzzy,0.90656862745098
662_a16,662,NA,Machine Learning Tools and Techniques with Java,Machine Learning: Tools and Software,,anystyle,W4360611495,offline_title_fuzzy,0.9065273556231
4014_a3,4014,NA,The Gutenberg Elegies: The Fate of Birkerts 2006,The Gutenberg elegies: the fate of reading in an electronic age,,anystyle,W1506353784,offline_title_fuzzy,0.906451612903226
1343_a9,1343,NA,"Understanding the Lexicon: Meaning, Sense, and World Knowledge In Lexical Semantics, Tübingen M Hüllen 1988","Understanding the lexicon: Meaning, sense and world knowledge in lexical semantics knowledge in lexicalsemantics. Ed. by WernerHullen and Rainer Schulze (review)",,anystyle,W1965945717,offline_title_fuzzy,0.906430343849699
1815_a1,1815,NA,Exploratory Programming. Critical Code Studies Working Group Montfort 2014 2014-03-07,EXPLORATORY PROGRAMMING STUDIES FOR IONOSPHERIC RAY TRACING.,,anystyle,W6991095626,offline_title_fuzzy,0.90638852672751
1859_a3,1859,NA,Broad Agency Announcement: Active Authentication”,Broad agency announcement /,,anystyle,W7064395602,offline_title_fuzzy,0.906382978723404
3906_a5,3906,NA,"Computing, and Experiment in Historical Practice",Computing and Experiments,,anystyle,W1588010389,offline_title_fuzzy,0.906382978723404
7959_a14,7959,NA,Studies in Linguistics II Hollósy; Laczkó 1993,Studies in Linguistics in Honor of Lucia Lobato,,anystyle,W2200762522,offline_title_fuzzy,0.906382978723404
1242_a103,1242,NA,Encyclopedia of Medieval Islamic Civilization,Encyclopedia of Medieval Chronicles,,anystyle,W7046776448,offline_title_fuzzy,0.906329365079365
806_a8,806,NA,Prolegomena zu einer historisch-kritischen Kanzog,Prolegomena zu einer historisch-kritischen Ausgabe der Werke Heinrich v. Kleists,,anystyle,W7014560301,offline_title_fuzzy,0.906329113924051
616_a5,616,NA,Relationship Between Self-Regulation and Online Learning in a Blended Learning Context M.; R 2004,Relationship Between Self-Regulation and Balance-Confidence in Active and Inactive Elderly Men,,anystyle,W2771074846,offline_title_fuzzy,0.906327154620079
1835_a22,1835,NA,The Role of Teaching and Learning in the Digital Humanities,The role of teaching and learning in European higher education research,,anystyle,W2288890254,offline_title_fuzzy,0.906315282163078
6483_r18,6483,NA,"SCHREIBMAN, S., SIEMENS, R. & UNSWORTH, J. 2004. A Companion to Digital Humanities, Oxford, Blackwell.","Schreibman (S.), Siemens (R.), Unsworth (J.) (eds). ""A Companion to Digital Humanities"". Blackwell Publishing, Oxford.",,xml_bibl,W2225688256,offline_title_fuzzy,0.906257819436934
1482_a3,1482,NA,Connectivity in a citation network Hummon; Dereian 1989,Connectivity in a citation network: The development of DNA theory,,anystyle,W2155046806,offline_title_fuzzy,0.90625
10658_r13,10658,NA,World Commission on Environment and Development (1987): Our Common Future. http://www.un-documents.net/our-common-future.pdf [letzter Zugriff 17. August 2016].,World Commission on Environment and Development: Our Common Future (The Brundtland Report) (1987),,xml_bibl,W4405605573,offline_title_fuzzy,0.90623700138479
1328_a4,1328,NA,“Toward a theory of technological transformation in artistic genres” Paling; Martin 2009,Toward a Theory of Technologically Assisted Language Learning/Instruction,,anystyle,W1812476970,offline_title_fuzzy,0.906201743462017
1782_a15,1782,NA,Introduction to Ugaritic Prosody Margalit 1979,Introduction to Ugaritic. By John Huehnergard,,anystyle,W4242256104,offline_title_fuzzy,0.906171630094044
3958_a8,3958,NA,Herman Melville’s Typee: A Fluid-Text Edition 2009,"Herman Melville's ""Typee"" and ""Omoo""",,anystyle,W6982172164,offline_title_fuzzy,0.906171630094044
992_a13,992,NA,Management of Digital Archives for Integrated Toth,MANAGEMENT OF DIGITAL ART STARTUPS IN THE AI ERA,,anystyle,W7117302081,offline_title_fuzzy,0.906169590643275
1886_a7,1886,NA,Hands-on Experience with Civil War History Miller 2011-11-26,Hands-On Experience with Linear Regression,,anystyle,W2255113962,offline_title_fuzzy,0.906162464985994
1765_a14,1765,NA,The impact of the internet on the reading practices of a university community: the case of UNAM” Ramirez 2003,The impact of the internet on the reading and information practices of a university student community: the case of UNAM,,anystyle,W2057716211,offline_title_fuzzy,0.906130544536603
7865_r5,7865,NA,Map of Early Modern London (University of Victoria). http://mapoflondon.uvic.ca/index.htm.,Map of Early Modern London,,xml_bibl,W7081570188,offline_title_fuzzy,0.906122448979592
676_a2,676,NA,Augmenting Human Intellect Engelbart 1962,AUGMENTING HUMAN INTELLECT: A CONCEPTUAL FRAMEWORK,,anystyle,W2152304295,offline_title_fuzzy,0.906122448979592
779_a1,779,NA,Gene Ontology: Tool for the Ashburner,Gene Ontology: tool for the unification of biology,,anystyle,W2103017472,offline_title_fuzzy,0.906122448979592
1308_a1,1308,NA,Coincidence in Translation: Glory and Misery Again Beaugrande 1991,Coincidence in Translation,,anystyle,W1187420295,offline_title_fuzzy,0.906122448979592
1045_a4,1045,NA,The Contribution Revolution: Letting Cook 2008,The contribution revolution: letting volunteers build your business,,anystyle,W2796137659,offline_title_fuzzy,0.906060606060606
511_a16,511,NA,Fiction and Interaction: How Clicking a Mouse Walker,Fiction and interaction how clicking a mouse can make you part of a fictional world,,anystyle,W2279592701,offline_title_fuzzy,0.906024096385542
17_a4,17,NA,Modeling the Operation of Critical Theory on the Computer Havholm; Stewart 1996,Modeling the operation of a thermoacoustic engine,,anystyle,W2736025373,offline_title_fuzzy,0.906012650674305
4006_a4,4006,NA,"Sylvæ, or, The second part of Poetical miscellanies London, Tonson. Published online by Philologic Dryden 1685","Sylvæ or, the second part of poetical miscellanies. Publish'd by Mr. Dryden",,anystyle,W7052652914,offline_title_fuzzy,0.90592985283515
59_a6,59,NA,A Contrastive Analysis of Multilingual Corpora (English-German Hansen 1999,A contrastive analysis of English and Arabic Translation Problems,,anystyle,W2767126381,offline_title_fuzzy,0.905922274446865
7738_a5,7738,NA,"Definition of the links and subsets for nouns of the EuroWordNet project"" S.; H.; J 1996",Definition of the links and subsets for verbs,,anystyle,W2290677810,offline_title_fuzzy,0.905904392764858
525_a14,525,NA,Stylistic Structures: A Computational Forsyth,Stylistic structures A computational approach to text classification,,anystyle,W7006059461,offline_title_fuzzy,0.905882352941177
626_a9,626,NA,The Law of Expert Testimony -- A Post-Daubert Analysis Black 1997,The Law of Expert Testimony,,anystyle,W4246224524,offline_title_fuzzy,0.905882352941177
1043_a12,1043,NA,Questions of Interpretation in Early Modern Tragedy,Questions of Interpretation,,anystyle,W3027956359,offline_title_fuzzy,0.905882352941177
1055_a9,1055,NA,Digital Resources for the Humanities and Arts 2008 Conference (DRHA08 Humanities,Digital Resources for the Humanities,,anystyle,W967052827,offline_title_fuzzy,0.905882352941177
2051_a1,2051,NA,Digital Humanities and Crowdsourcing’.MW2012: Museums and the Web 2013 Carletti; Giannachi; Price; McAuley 2012,Digital humanities and crowdsourcing,,anystyle,W7132966682,offline_title_fuzzy,0.905882352941177
493_a1,493,NA,"Understanding the information-seeking behaviour of archival researchers in a digital age: paths, processes and preferences Duff",Understanding the information-seeking behaviour of special education teachers in Singapore,,anystyle,W2309897933,offline_title_fuzzy,0.905858585858586
2150_a1,2150,NA,The Information Behavior of Scholars in the Humanities and Social sciences Bass; J.; K.; J 2005,The Information Behavior of Indonesian Faculty Members on Social Media,,anystyle,W3197791044,offline_title_fuzzy,0.905825825825826
3865_a6,3865,NA,Data Center for the Humanities (2016 2016,Data-Center-for-the-Humanities/GAL_workshop_2025-03-27: v1.0.0,,anystyle,W6912162671,offline_title_fuzzy,0.90576112412178
391_a9,391,NA,Â‘Neural Network Applications in Stylometry: The Federalist PapersÂ’ Tweedie; Singh; Holmes 1996,A neural network application to improve the quality of seamless tubes,,anystyle,W2264469227,offline_title_fuzzy,0.905734574931333
8475_a4,8475,NA,Online Documentation and Reader Annotation Nielsen 12-15 May,Online Documentation and Diagnostic system for,,anystyle,W7099904718,offline_title_fuzzy,0.905728088336784
2042_a6,2042,NA,"Logic as Semiotic: The Theory of Signs’, Philosophical Writings of Peirce Peirce 1940 1955",LOGIC AS SEMIOTIC: THE THEORY OF SIGNS,,anystyle,W3005002645,offline_title_fuzzy,0.905714285714286
1882_a5,1882,NA,Matching Digital Tombstone Documentation to Unearthed Census Data Streiter; Goudin; Huang; Lin 2012,"Matching digital tombstone documentation to unearthed census data: surveying Taiwan's family names, ethnicities and homelands",,anystyle,W2001664101,offline_title_fuzzy,0.905691056910569
584_a4,584,NA,Getting the most out of it - SGML-encoding of archaeological texts Holmen; Uleberg 1996,Getting the Most Out of HTML 5 for Teaching Geospatial Methods,,anystyle,W7010198245,offline_title_fuzzy,0.905645161290323
585_a3,585,NA,Getting the most out of it - SGML-encoding of archaeological texts Holmen; Uleberg 1996,Getting the Most Out of HTML 5 for Teaching Geospatial Methods,,anystyle,W7010198245,offline_title_fuzzy,0.905645161290323
7108_a2,7108,NA,Architectural Forms and SGML/XML Architectures Cover 1998,Architectural Forms and Philosophical Structures,,anystyle,W1557343622,offline_title_fuzzy,0.905579710144928
626_a42,626,NA,"Practitioner’s Guide to Law, Science, and the FJC Manual",Practitioner’s Guide to Data Science,,anystyle,W4366607726,offline_title_fuzzy,0.905555555555556
906_a11,906,NA,The Mirror and the Veil: An Overview of Serfaty,The Mirror and the Veil: An Overview of American Online Diaries and Blogs,,anystyle,W588672112,offline_title_fuzzy,0.905555555555556
2147_a7,2147,NA,Modeling: A Study in Words and Meanings A Companion to Digital Humanities McCarty 2004,Modeling: A Study in Words and Meanings,,anystyle,W1487732651,offline_title_fuzzy,0.905555555555556
23_a6,23,NA,From Psycholinguistic Modelling of Interlingua to a Computational Model Maritxalar; Ilarraza; Oronoz 1997 1997,From Psycholinguistic Modelling of Interlanguage in Second Language Acquisition to a Computational Model,,anystyle,W2396636184,offline_title_fuzzy,0.905552546045504
454_a7,454,NA,The Challenges of Multidisciplinarity in CALL,The Challenges of Multidisciplinary Consulting to Family-Owned Businesses,,anystyle,W2151029565,offline_title_fuzzy,0.905509893455099
1390_a6,1390,NA,Corpus-Based Language Studies McEnery; Tono 2006,Corpus-based language studies : an advanced resource book.,,anystyle,W6990155850,offline_title_fuzzy,0.905454545454545
2019_a13,2019,NA,Corpus-Based Language Studies McEnery; Xiao; Tono 2006,Corpus-based language studies : an advanced resource book.,,anystyle,W6990155850,offline_title_fuzzy,0.905454545454545
1797_a12,1797,NA,A General Framework for Weighted Gene Co-expression Network Analysis.Statistical Applications in Genetics and Molecular Biology 4 Zhang; Hovarth 2005,A General Framework for Weighted Gene Co-Expression Network Analysis,,anystyle,W2060705109,offline_title_fuzzy,0.905426356589147
1984_a2,1984,NA,"Text Analysis, Data Mining, and Visualizations in Literary Scholarship in Literary Studies in the Digital Age: An Evolving Anthology Clement 2013","Text Analysis, Data Mining, and Visualizations in Literary Scholarship",,anystyle,W2502327674,offline_title_fuzzy,0.905426356589147
2003_a4,2003,NA,Introspection and Cognitive Linguistics: Should We Trust Our Own Intuitions? Gibbs 2006,Introspection and cognitive linguistics,,anystyle,W1987561990,offline_title_fuzzy,0.905405405405406
4012_a15,4012,NA,Literary Exploration Machine (LEM 1.0) - New Tool for Distant Readers of Polish Literature Collections Piasecki; Walkowiak; Maryl 2017,Literary Exploration Machine. New Tool for Distant Readers of Polish Literature..,,anystyle,W2810252585,offline_title_fuzzy,0.905337519623234
495_a4,495,NA,': Statistical analysis and some major determinants of literary style,Statistical Analysis and Mathematical Modeling of Interest Rates,,anystyle,W7024844626,offline_title_fuzzy,0.905283437826541
733_a2,733,NA,Maintaining the Authenticity of Electronic Records,Maintaining the Authenticity of Electronic Records in the Electronic Records Management Systems,,anystyle,W2095856411,offline_title_fuzzy,0.905263157894737
1276_a2,1276,NA,Understanding FRBR as a conceptual model: FRBR and the bibliographic universe Carlyle 2006,Understanding FRBR As a Conceptual Model,,anystyle,W2001080962,offline_title_fuzzy,0.905263157894737
1223_a31,1223,NA,Successful Professional Virtual Community: A,Successful Professional Women of the Americas,,anystyle,W2477764649,offline_title_fuzzy,0.905219638242894
484_a6,484,NA,Authorship Attribution in the Scriptores Historiae Augustae,Authorship Attribution in the Enron Email Corpus,,anystyle,W2277458340,offline_title_fuzzy,0.905213148433487
802_a5,802,NA,Textual Awareness: A Genetic Study of Late Hulle,"Textual awareness a genetic study of late manuscripts by Joyce, Proust, and Mann",,anystyle,W6997037490,offline_title_fuzzy,0.905128205128205
1236_a9,1236,NA,Empirical Literary Studies: Essays in Honor of,Empirical Literary Studies : An Introduction,,anystyle,W6963058017,offline_title_fuzzy,0.905079365079365
733_a21,733,NA,The Formation of Anthropological Archival Parezo,THE FORMATION OF ANTHROPOCOSMISM BY A. L. CHIZHEVSKY,,anystyle,W7128546044,offline_title_fuzzy,0.905017421602787
10564_r1,10564,NA,Akademie der Wissenschaften und der Literatur Mainz (o. J.a): Digitale Akademiehttp://www.digitale-akademie.de [letzter Zugriff 16. Februar 2016].,"Akademie der Wissenschaften und der Literatur Mainz, Editor",,xml_bibl,W7045185347,offline_title_fuzzy,0.904962939091202
1443_a3,1443,NA,From Linguistic Elicitation to Eliciting the Linguist Dobrin 2008,From linguistic elicitation to eliciting the linguist: Lessons in community empowerment from Melanesia,,anystyle,W1983888999,offline_title_fuzzy,0.904950495049505
900_a9,900,NA,Opaque Document Imaging: Building Lin; Seales,Opaque document imaging: building images of inaccessible texts,,anystyle,W2134716818,offline_title_fuzzy,0.904918032786885
7881_a3,7881,NA,High Performance Computing Collaboratory | National Endowment for the Humanities,High Performance Computing of Completion and Near-Wellbore Erosion,,anystyle,W3042655069,offline_title_fuzzy,0.904916958041958
801_a20,801,NA,In this paper we describe ongoing work in the MITCH 2002,In this paper we describe the Graph Annotation,,anystyle,W7097913823,offline_title_fuzzy,0.904898841827293
1459_a6,1459,NA,Proceedings of Workshop on Language Documentation and Archiving 2011,Proceedings of Workshop on CFD in Automobile Engineering,,anystyle,W394594243,offline_title_fuzzy,0.904831932773109
7908_a5,7908,NA,Towards the Design of a Computer-Based Interactive Fantasy System,Towards the Design of a Meta-Architecture for IT-Management,,anystyle,W7099950650,offline_title_fuzzy,0.90476235628778
596_a14,596,NA,Metadata Visualization for Digital Libraries: Interactive Timeline Editing and Review” Kumar; Furuta 1998,Metadata visualization for digital libraries,,anystyle,W2041244961,offline_title_fuzzy,0.904761904761905
887_a4,887,NA,Metadata visualization for digital libraries: interactive timeline editing and review Kumar; Allen,Metadata visualization for digital libraries,,anystyle,W2041244961,offline_title_fuzzy,0.904761904761905
1792_a5,1792,NA,The Virtual Codex from Page Space to E-space A Companion to Digital Literary Studies Drucker 2008,The Virtual Codex from Page Space to E‐Space,,anystyle,W1532578473,offline_title_fuzzy,0.904761904761905
8397_a19,8397,NA,"Journal of Electronic publishing – organization, dissemination and design",Journal of Electronic Publishing {Announcement},,anystyle,W4300352481,offline_title_fuzzy,0.904665928386859
8452_a7,8452,NA,Some Historical Questions on the Editing of,Some Historical Questions about Disease,,anystyle,W4231066720,offline_title_fuzzy,0.904537323141974
1427_a12,1427,NA,Quantitative Analysis and Literary Studies. A Companion to Digital Literary Studies Hoover 2008,Quantitative analysis and feature recognition in 3-D microstructural data sets,,anystyle,W1977050714,offline_title_fuzzy,0.904517788406486
1593_a8,1593,NA,Quantitative Analysis and Literary Studies A Companion to Digital Literary Studies Hoover 2007,Quantitative analysis and feature recognition in 3-D microstructural data sets,,anystyle,W1977050714,offline_title_fuzzy,0.904517788406486
10641_r8,10641,NA,IFLA: Functional Requirements for Bibliographic Records (FRBR) [letzter Zugriff 30. November 2016].,IFLA Functional requirements for bibliographic records: problemi di applicazione e metadati,,xml_bibl,W2109989487,offline_title_fuzzy,0.904479518231752
1004_a1,1004,NA,No Man Knows My History; the Life of Brodie 1971,No Man Knows My History. The Life of Joseph Smith: The Mormon Prophet,,anystyle,W4302360181,offline_title_fuzzy,0.904477611940299
3802_a4,3802,NA,"Exceptions to Copyright: Research, UK Government Office 2014",Exceptions to copyright infringement,,anystyle,W2504797008,offline_title_fuzzy,0.904408212560387
3845_a8,3845,NA,Data Visualization and the Gibson Anthologies Forlini; Hinrichs; Moynihan 2015,Data visualization and the DDP process,,anystyle,W2485855724,offline_title_fuzzy,0.904393274853801
732_a14,732,NA,Detecting Events with Date and Place Smith,Detecting events with date and place information in unstructured text,,anystyle,W2121873156,offline_title_fuzzy,0.904347826086957
1748_a3,1748,NA,CATMA: Computer Aided Textual Markup and Analysis,CATMA (Computer Aided Textual Markup and Analysis) - ein Tool für die hermeneutische Textanalyse,,anystyle,W7112908292,offline_title_fuzzy,0.904347826086957
9850_r10,9850,NA,World Intellectual Property Organisation (WIPO). “Berne Convention for the Protection of Literary and Artistic Works.” http://www.wipo.int/treaties/en/ip/berne/,"World Intellectual Property Organization ""Ethics and Innovation. Ten Years WIPO Ethics Office"" - Review",,xml_bibl,W3156130792,offline_title_fuzzy,0.904254443712969
1194_a6,1194,NA,"Lecture Notes in Computer Science. Subseries of Information Systems and Applications, incl",Lecture Notes in Computer Science 1 Gesture Analysis: Invariant Laws in Movement,,anystyle,W7099289925,offline_title_fuzzy,0.904248177982355
767_a14,767,NA,School of Library and Information Science at the University of Illinois at Urbana-Champaign 2004-12,School Of Library And Information Science To Train Teachers In Microcomputers,,anystyle,W7015151092,offline_title_fuzzy,0.904235764235764
893_a5,893,NA,Terminological/Conceptual Rodríguez Ortega 2005,"Terminological, Conceptual, and Theoretical Basics",,anystyle,W2160743979,offline_title_fuzzy,0.904166666666667
170_r1,170,NA,Investigating the Use of Electronic Resources in Small-Group Learning and Teaching 2000,Investigating the use of electronic discussion forum in a Hong Kong language classroom,,xml_biblstruct,W7038837986,offline_title_fuzzy,0.904165731087944
10801_r5,10801,NA,Biblioteca Virtual Miguel de Cervantes (2007): Biblioteca del Soneto [Sonnet Library] [online]. Available at: http://www.cervantesvirtual.com/bib/portal/bibliotecasoneto/ [Accessed 22 Sep. 2017].,Biblioteca Virtual Miguel de Cervantes: libros que se leen pero no se tocan,,xml_bibl,W2558756488,offline_title_fuzzy,0.903938028938029
1023_a13,1023,NA,English: American Literature and the British Diaspora,英米文學 = English & American literature,,anystyle,W202443250,offline_title_fuzzy,0.903846153846154
1069_a14,1069,NA,Maya Political Science: Time Rice 2004,"Maya political science: time, astronomy, and the cosmos",,anystyle,W4247469856,offline_title_fuzzy,0.903846153846154
8003_a1,8003,NA,"Terminology and Knowledge Engineering: A Symbiotic Relationship Explained"" Ahmad; Picht; Rogers 1989",Terminology and Knowledge Engineering for Fraud Detection,,anystyle,W7024776904,offline_title_fuzzy,0.903823661718399
8003_a17,8003,NA,"Terminology and Knowledge Engineering: Exploring a Symbiotic Relationship"" Skuce; Meyer 1991 1991-10",Terminology and Knowledge Engineering for Fraud Detection,,anystyle,W7024776904,offline_title_fuzzy,0.903823661718399
10761_r3,10761,NA,"Nestor (Network of Expertise in long-term Storage and availability of digital Resources in Germany) (2017), Homepage, http://www.langzeitarchivierung.de/Subsites/nestor/DE/Home/home_node.html , [zuletzt aufgerufen am 22.09.2017]",nestor - Network of Expertise in Long-Term Storage and Long-Term availability of Digital Resources in Germany.,,xml_bibl,W2768035450,offline_title_fuzzy,0.903751298026999
430_a7,430,NA,Refining our notion of what text really is Renear; Durand; Mylonas 1996,Refining our Notion of What Text Really Is: The Problem of Overlapping Hierarchies,,anystyle,W1503669979,offline_title_fuzzy,0.903703703703704
448_a1,448,NA,Refining Our Notion of What Text Really Is 1992-04,Refining our Notion of What Text Really Is: The Problem of Overlapping Hierarchies,,anystyle,W1503669979,offline_title_fuzzy,0.903703703703704
1355_a7,1355,NA,Refining our notion of what text really is Renear; Durand; Mylonas 1996,Refining our Notion of What Text Really Is: The Problem of Overlapping Hierarchies,,anystyle,W1503669979,offline_title_fuzzy,0.903703703703704
8451_a14,8451,NA,Refining Our Notion of What Text Really Is,Refining our Notion of What Text Really Is: The Problem of Overlapping Hierarchies,,anystyle,W1503669979,offline_title_fuzzy,0.903703703703704
1072_a16,1072,NA,Recent Application of the Grounded Theory Method”,Recent Application Of The Noise Log,,anystyle,W2594869134,offline_title_fuzzy,0.903690476190476
4017_a1,4017,NA,Visual Literacy Competency Standards for Higher Education College; Libraries 2011,"Visual literacy competency standards for higher education: Approved by the ACRL Board of Directors, October 2011",,anystyle,W4235523510,offline_title_fuzzy,0.903636363636364
888_a12,888,NA,Workshop on Frontiers in Corpus Annotation II: Pie in the Sky McCarthy 2005-06 2004,Workshop on Frontiers in Nuclear and Neutrino Physics,,anystyle,W7044126648,offline_title_fuzzy,0.903632075471698
3788_a15,3788,NA,Comic Book Markup Language: An Walsh 2012,Comic Book Markup Language: An Introduction and Rationale,,anystyle,W2397890110,offline_title_fuzzy,0.903571428571429
1374_a5,1374,NA,Data Integration Methods for Structural Heterogeneous Data in an eHumanity Context Pansch 2010,Data Integration Methods to Interpret Genome-Scale Data from Cancers,,anystyle,W2234124049,offline_title_fuzzy,0.903559209800243
2113_a3,2113,NA,"Becoming Yourself: The Afterlife of Reception, Pamphlets of the Stanford Literary Lab 3 2011 2011-09-15 2013-11-01",Becoming yourself : the afterlife of reception,,anystyle,W2588240951,offline_title_fuzzy,0.903529411764706
3888_a6,3888,NA,A conceptual model for the annotation of audiovisual heritage in a media studies context 2016,A Conceptual Model for the Initiation of the Manufacturing Relocation Process,,anystyle,W4401689089,offline_title_fuzzy,0.90352569965246
796_a43,796,NA,A New Tool for Describing Text Types,A New Tool for Describing Provenance Images,,anystyle,W3006957032,offline_title_fuzzy,0.903505042927399
1769_a3,1769,NA,International Organization for Standardization/International Electrotechnical Commission ISO/IEC 10646:2012(E 2012,International Organization for Standardization ISO Central Secretariat,,anystyle,W7097013469,offline_title_fuzzy,0.903458506657549
1562_a7,1562,NA,Scholarly Communication Institute. New-Model Scholarly Communication: Road Map for Change,Scholarly Communication Institute Reports on Scholarly Production and Authoring,,anystyle,W6888028149,offline_title_fuzzy,0.903351277947524
9163_a28,9163,NA,An Introduction to the Donne Variorum and the John Donne Society Stringer 1999-03,An Introduction to the Design Research and Methods Journal,,anystyle,W1928846535,offline_title_fuzzy,0.903348806366048
743_a6,743,NA,Who Wrote Shamela? Verifying the Burrows,Who wrote Shamela? Verifying the Authorship of a Parodic Text,,anystyle,W2001888644,offline_title_fuzzy,0.903333333333333
744_a9,744,NA,Who Wrote Shamela? Verifying the Burrows,Who wrote Shamela? Verifying the Authorship of a Parodic Text,,anystyle,W2001888644,offline_title_fuzzy,0.903333333333333
1316_a3,1316,NA,Examining the motivations of users in large-scale crowd-powered online initiatives Organisciak 2010,Examining the motivations of defection in large-scale open systems,,anystyle,W2090959981,offline_title_fuzzy,0.903297786224616
1242_a94,1242,NA,"Muqarnas, an Annual on the Visual",Muqarnas : an annual on the visual cultures of the Islamic world,,anystyle,W7020978272,offline_title_fuzzy,0.903225806451613
1242_a100,1242,NA,"Muqarnas, an Annual on the Visual",Muqarnas : an annual on the visual cultures of the Islamic world,,anystyle,W7020978272,offline_title_fuzzy,0.903225806451613
3795_a2,3795,NA,TEI P5: Guidelines for Electronic Consortium 2016,TEI P5: Guidelines for Electronic Text Encoding and Interchange,,anystyle,W7082284936,offline_title_fuzzy,0.903225806451613
7904_a10,7904,NA,Puttenham rehabilitated: the significance of 'tune',"Puttenham rehabilitated: the significance of 'tune' in The Arte of English Poesie [2003, rptd. 2008]",,anystyle,W1918431834,offline_title_fuzzy,0.903225806451613
4005_a2,4005,NA,Hidden from Historians: Preserving Chenier 2009,Hidden from Historians: Preserving Lesbian Oral History in Canada,,anystyle,W1926222264,offline_title_fuzzy,0.903125
10736_r4,10736,NA,Berlin-Brandenburgische Akademie der Wissenschaften.Deutsches Textarchiv. http://www.deutschestextarchiv.de/ [Letzter Zugriff 13.01.2018].,Berlin-Brandenburgische Akademie der Wissenschaften,,xml_bibl,W2794746432,offline_title_fuzzy,0.903030303030303
1251_a34,1251,NA,“It challenges members to think of their work through another kind of specialist's eyes” Siemens; Duff; Warwick 2009,“It challenges members to think of their work through another kind of specialist's eyes”: Exploration of the benefits and challenges of diversity in digital project teams,,anystyle,W2025456994,offline_title_fuzzy,0.902994011976048
1063_a9,1063,NA,Implications for the design of office information systems,Implications for the design of email management software,,anystyle,W2913688845,offline_title_fuzzy,0.902982189516344
777_a6,777,NA,A Logic Programming Environment for Huitfeldt,A Logic Programming Environment for Document Semantics and Inference,,anystyle,W2042140475,offline_title_fuzzy,0.902941176470588
777_a9,777,NA,A Logic Programming Environment for Huitfeldt,A Logic Programming Environment for Document Semantics and Inference,,anystyle,W2042140475,offline_title_fuzzy,0.902941176470588
637_a5,637,NA,Control methods used in the study of the identification of vowels Peterson; Barney 1952,Control Methods Used in a Study of the Vowels,,anystyle,W4250530039,offline_title_fuzzy,0.902905982905983
1944_a15,1944,NA,Social Media and the Arts of Memory. The Frailest Thing Sacasas XXXX,Social media and the art of intellectual property theft,,anystyle,W2651566376,offline_title_fuzzy,0.902860488947445
8016_a29,8016,NA,"The Oral/Literate Continuum in Discourse ""in Tannen 1982",The oral-literate continuum: young children as storytellers,,anystyle,W205071406,offline_title_fuzzy,0.902808692080505
10923_r4,10923,NA,"Lemnitzer, Lothar / Zinsmeister, Heike (2010): Korpuslinguistik. Tübingen: Gunter Narr Verlag.","Lemnitzer, Lothar; Zinsmeister, Heike: Korpuslinguistik. Eine Einführung",,xml_bibl,W2612157033,offline_title_fuzzy,0.902800728500355
2017_a10,2017,NA,Examples of Collaborative Digital Humanities Projects Spiro 2009-06-01 2013-10-30,Examples of Collaborative Consultation Models,,anystyle,W4240460937,offline_title_fuzzy,0.902792861890883
3766_a10,3766,NA,"Heritage, Language and Culture Council Peoples'",Heritage Language and Culture Maintenance in the U.S.,,anystyle,W2794939755,offline_title_fuzzy,0.902788308670662
1093_a12,1093,NA,"University of California, Berkeley User Guide to PBCore, Public Broadcasting Metadata","University of California-Berkeley, Department of African American Studies",,anystyle,W4243955288,offline_title_fuzzy,0.902780774840656
492_a7,492,NA,Humanities or Computing? The Growth and Jessop,Humanities or Computing? The Growth and Development of Humanities Computing,,anystyle,W7135676621,offline_title_fuzzy,0.902702702702703
1240_a17,1240,NA,'A toolkit for multi-dimensional markup: The development of SGF to XStandoff',A toolkit for multi-dimensional markup,,anystyle,W2395497153,offline_title_fuzzy,0.902702702702703
1301_a12,1301,NA,Modeling: A study in words and meanings. A Companion to Digital Humanities S McCarty 2004,Modeling: A Study in Words and Meanings,,anystyle,W1487732651,offline_title_fuzzy,0.902702702702703
1748_a15,1748,10.4242/balisagevol3.stuhrenberg01.,A toolkit for multi-dimensional markup — The development of SGF to XStandoff Stührenberg; Jettka 2009,A toolkit for multi-dimensional markup,,anystyle,W2395497153,offline_title_fuzzy,0.902702702702703
1914_a5,1914,NA,Benutzerführung in digitalen Editionen Stolz 2011,Benutzerführung in digitalen Editionen. Erfahrungen aus dem Parzivalprojekt,,anystyle,W6902713998,offline_title_fuzzy,0.902702702702703
1050_a4,1050,NA,Journal of Natural Language Engineering,Journal of Natural Language Engineering Special Issue on Language for Images,,anystyle,W7029245852,offline_title_fuzzy,0.902631578947368
1140_a3,1140,NA,Bulletin of the Belgian Royal,Bulletin of the Belgian Ophthalmological Society,,anystyle,W3020830725,offline_title_fuzzy,0.902627257799672
998_a12,998,NA,"Algebra of Identity: Skin of Wind, Skin of 2008","Algebra of Identity: Skin of Wind, Skin of Streams, Skin of Shadows, Skin of Vapor",,anystyle,W2596850029,offline_title_fuzzy,0.902564102564103
711_a8,711,NA,Annual Meeting of the Japan Association for Natural Language,Annual meeting of the Japan Gerontological Society,,anystyle,W7026716248,offline_title_fuzzy,0.902550724637681
1001_a2,1001,NA,The Image of Mormonism in Nineteenth Century,The Image of Mormonism in French Literature: Part I,,anystyle,W7066400055,offline_title_fuzzy,0.902503496503497
4022_a12,4022,10.1111/tgis.12106.,Automatically Analyzing Large Texts in a GIS Environment Murrieta-Flores; Baron; Gregory; Hardie; Rayson 2015,Automatically Analyzing Brainstorming Language Behavior with Meeter,,anystyle,W2987543914,offline_title_fuzzy,0.902476627849762
319_a54,319,NA,Supporting Digital Scholarship: a Project Funded by the Andrew W,Supporting Digital Scholarship in Research,,anystyle,W2395250760,offline_title_fuzzy,0.902460317460317
1222_a2,1222,NA,Research Foundations for Understanding,Research foundations for psychotherapy,,anystyle,W1974496878,offline_title_fuzzy,0.902456140350877
1065_a25,1065,NA,"Agency Play: Dimensions of Agency for Interactive Narrative Design, paper presented to to appear in the Proceeding of AAAI Spring Harrell; Zhu 2009",Agency Play: Dimensions of Agency for Interactive Narrative Design,,anystyle,W55869683,offline_title_fuzzy,0.902362204724409
493_a5,493,NA,"Listening to the Past, Speaking to the Future. Annex E: Towards a better Understanding of Sabin; Samuels","Listening to the Past, Speaking to the Future",,anystyle,W1589370292,offline_title_fuzzy,0.902325581395349
458_a1,458,NA,Finding a Middle Ground between Bradley,Finding a middle-ground: The native/non-native debate,,anystyle,W7118666185,offline_title_fuzzy,0.902266335814723
899_a4,899,NA,Finding a Middle Ground between Bradley,Finding a middle-ground: The native/non-native debate,,anystyle,W7118666185,offline_title_fuzzy,0.902266335814723
1674_a9,1674,NA,Jane Austen’s Fictional Manuscripts Digital Edition Sutherland 2010,Jane Austen's fictional parents,,anystyle,W614366868,offline_title_fuzzy,0.902213788741303
4051_a19,4051,NA,Preserving Social Media for Future Historians Steinhauer 2015,Preserving Social Media research event,,anystyle,W2569987898,offline_title_fuzzy,0.902169059011164
2075_a5,2075,NA,Visualization in stylometry: some reliability issues (forhcoming Eder 2014,Visualization in stylometry: Cluster analysis using networks,,anystyle,W2545055460,offline_title_fuzzy,0.902103367317403
626_a14,626,NA,Stylistic Analysis of Confessions,Stylistic Analysis of Contemporary Russian Advertisement,,anystyle,W1559844514,offline_title_fuzzy,0.901975108225108
1570_a9,1570,NA,Towards Hermeneutic Markup Piez 2010,Towards Hermeneutic Markup: An architectural outline.,,anystyle,W2185336139,offline_title_fuzzy,0.901960784313726
8482_a32,8482,NA,Analysis and Experience as Stern 1990,Analysis and experience of various uhv transformers,,anystyle,W2261322699,offline_title_fuzzy,0.901960784313726
9027_a5,9027,NA,Towards Hermeneutic Markup Piez 2010,Towards Hermeneutic Markup: An architectural outline.,,anystyle,W2185336139,offline_title_fuzzy,0.901960784313726
3782_a23,3782,NA,Progress through Regression. Digital Humanities DH2014 Riddell; Schoch 2014,Progress through Regression,,anystyle,W3109015501,offline_title_fuzzy,0.90188679245283
1704_a3,1704,NA,Crowdsourcing Real-Time Research Trend Data Henning; Hoyt; Reichelt 2010 2012-11-01,Crowdsourcing Real-Time Traveler Information Systems,,anystyle,W1176836121,offline_title_fuzzy,0.90184540062141
4001_a30,4001,NA,Virtual Reconstructions Of Historical Architecture As Media For Visual Knowledge Representation Münster; Kröber; Weller; Prechtel 2017,Virtual reconstructions of historical and cultural heritage sites and their conventional grading,,anystyle,W2937151638,offline_title_fuzzy,0.901842105263158
8504_a14,8504,NA,Actor-Role Analysis: Ideology Sack 1994,"Actor-Role Analysis: Ideology, Point of View, and the News *",,anystyle,W2114249994,offline_title_fuzzy,0.901818181818182
636_a23,636,NA,"Curriculum, politics, policy: Cases in context","Curriculum politics, policy, practice : cases in comparative context",,anystyle,W571916422,offline_title_fuzzy,0.901816860465116
910_a11,910,NA,Interior Monologue in Ulysses: Reconfi guring the Evidence”,Interior Monologue in Ulysses,,anystyle,W2353874004,offline_title_fuzzy,0.901754385964912
1416_a3,1416,NA,Geodateninfrastrukturen im historisch-geographischen Kontext Lanig; Höfle; Auer; Schilling; Deierling; Zipf 2011,"Geodateninfrastrukturen im historisch-geographischen Kontext - buddhistische Steinschriften in der Provinz Sichuan, China",,anystyle,W6959692404,offline_title_fuzzy,0.901694915254237
2151_a20,2151,NA,The Sinai Palimpsests Project – International Workshop Wien 2013-10-25 2013-10-30,The Sinai Palimpsests Project: A View from the Imaging Room,,anystyle,W4388273831,offline_title_fuzzy,0.90158267020336
144_a9,144,NA,Electronic Publishing Origination 1995-06,"Electronic publishing origination, dissemination and design ; EP-odd",,anystyle,W7028035181,offline_title_fuzzy,0.901538461538462
7959_a34,7959,NA,Practical Lexicography Principles and Methods of Dictionary-Making Translated from the Swedish by John Sykes and Kerstin Schofield Svensén 1993,Practical Lexicography: Principles and Methods of Dictionary-Making,,anystyle,W2093013822,offline_title_fuzzy,0.901538461538462
8475_a5,8475,NA,Reading and Managing Texts on the Virbel,Reading and managing texts on the Bibliothegque de France station,,anystyle,W1913309933,offline_title_fuzzy,0.901538461538462
12017_r1,12017,NA,"Andreotti, Mario. Die Struktur der modernen Literatur. Neue Formen und Techniken des Schreibens: Erzählprosa und Lyrik. P. Haupt, 5th edition 2014.","Andreotti, Mario : Die Struktur der modernen Literatur. Neue Wege in der Textanalyse. Einführung. Epik und Lyrik. l.ITB, Stuttgart 1982",,xml_bibl,W3203454773,offline_title_fuzzy,0.901451072875641
1506_a5,1506,NA,The History of Humanities Computing A Companion to Digital Humanities Hockey 2004 2004,The History of Humanities Computing,,anystyle,W1518267368,offline_title_fuzzy,0.901449275362319
375_a5,375,NA,- Tagging a morphologically rich language FINGER 1998,Tagging a Morphologically Complex Language Using Heuristics,,anystyle,W48041281,offline_title_fuzzy,0.901434159061278
4069_a4,4069,NA,"Big Data, Small Data and Meaning Historyonics Hitchcock 2014","Big Data, Small Data, and Data Shepherds",,anystyle,W3117874480,offline_title_fuzzy,0.901375598086124
1059_a1,1059,NA,Toward a Theory of Online Learning Anderson,Toward a theory of online focus group technique,,anystyle,W65699406,offline_title_fuzzy,0.90136460898704
989_a10,989,NA,Digitize This Book!: The Politics of New Hall 2008,"Digitize This Book! The Politics of New Media, or Why We Need Open Access Now",,anystyle,W7046617728,offline_title_fuzzy,0.901333333333333
714_a19,714,NA,Preliminary classification results using Weka Sequential,Preliminary Classification of Clusters of Galaxies,,anystyle,W3000182147,offline_title_fuzzy,0.901324675324675
1653_a23,1653,NA,Opening Up Digital Humanities Education. Digital Scholarship in the Humanities Spiro 2010 2010-09-08 2013-02-25,Opening up Digital Humanities Education,,anystyle,W1847004078,offline_title_fuzzy,0.901298701298701
6504_r2,6504,NA,"---. “Charting the Colonial Backcountry: Joseph Shippen’s Map of the Susquehanna River.” The Pennsylvania Magazine of History and Biography, vol. 136, No. 4, 2012, 461-465.",Charting the Colonial Backcountry: Joseph Shippen’s Map of the Susquehanna River,,xml_bibl,W92381748,offline_title_fuzzy,0.901282051282051
1486_a4,1486,NA,Cyberinfrastructure and data management (presentation Hauser 2011,Cyberinfrastructure and patent thickets: Challenges and responses,,anystyle,W2153161626,offline_title_fuzzy,0.901282051282051
1479_a1,1479,NA,Current Issues in Language Documentation Language Documentation and Description Austin 2010,Current issues in language documentation,,anystyle,W6946226519,offline_title_fuzzy,0.90126582278481
7738_a4,7738,NA,"Definition of the links and subsets for verbs"",EuroWordNet Project LE4003, Deliverable D006 Alonge 1996",Definition of the links and subsets for verbs,,anystyle,W2290677810,offline_title_fuzzy,0.901123595505618
679_a5,679,NA,Prosopography of Anglo-saxon England The co-directors for this project are,Prosopography of Anglo-Saxon England (PASE),,anystyle,W2765860937,offline_title_fuzzy,0.901054713249835
529_a13,529,NA,Estructuras sintácticas del español actual (Syntactic Structures of Current Spanish Gutiérrez Araus,Estructuras sintacticas del espanol actual (gutierrez m l),,anystyle,W627637167,offline_title_fuzzy,0.901005092468507
4005_a9,4005,NA,Speculative Praxis Towards a Queer Feminist Digital McLeod; Rault; Cowan 2014,Speculative Praxis Towards a Queer Feminist Digital Archive: A Collaborative Research-Creation Project,,anystyle,W101243021,offline_title_fuzzy,0.900990099009901
8431_a5,8431,NA,Specification of Evaluation Criteria for Text Quality Lavid; Taboada 1994,Specification of evaluation dataset.,,anystyle,W6960750332,offline_title_fuzzy,0.900978518337009
1004_a15,1004,NA,Attribution and Its Application to the Analysis of Mormon Scripture and Related Texts,Attribution and its application to mesoscale structure associated with tropopause folds,,anystyle,W4239318393,offline_title_fuzzy,0.900904594142557
6377_r4,6377,NA,"Riding the Wave. How Europe can gain from the rising tide of scientific data, FOSTER FACILITATE OPEN SCIENCE TRAINING FOR EUROPEAN RESEARCH https://www.fosteropenscience.eu/content/riding-wave-how-europe-can-gain-rising-tide-scientific-data (accessed 26 April 2018a).",Riding the wave: How Europe can gain from the rising tide of scientific data: A vision for 2030,,xml_bibl,W7071083963,offline_title_fuzzy,0.900858328617242
713_a12,713,NA,Gender in Shakespeare: Automatic Stylistics & Gender Character Hota; Argamon; Chung,"Gender in Shakespeare: Automatic Stylistics Gender Character Classification Using Syntactic, Lexical and Lemma Features",,anystyle,W7099271192,offline_title_fuzzy,0.900854700854701
3891_a13,3891,NA,Automatic Emotion Detection for Quantitative Literary Studies: A case study based on Franz Kafka's “Das Schloss” und “Amerika Klinger; S.; N 2016,Automatic Emotion Detection for Quantitative Literary Studies.,,anystyle,W2886200805,offline_title_fuzzy,0.900826446280992
2043_a3,2043,NA,Perspectives on the research-teaching relationship in history Booth 2006,Perspectives on the Research History of Giyoo Hatano,,anystyle,W2003889233,offline_title_fuzzy,0.900825038233479
1716_a2,1716,NA,Forms of Time and the Chronotope in the Novel. Notes toward a Historical Poetics Bakhtin 1981,Forms of time and the chronotope in the Wall Street film,,anystyle,W2904210568,offline_title_fuzzy,0.900821420041626
2666_r8,2666,NA,"Schreibman S., Siemens R., Unsworth J. (2016) A Companion to Digital Humanities. Wiley-Blackwell.","Schreibman (S.), Siemens (R.), Unsworth (J.) (eds). ""A Companion to Digital Humanities"". Blackwell Publishing, Oxford.",,xml_bibl,W2225688256,offline_title_fuzzy,0.90080068982508
2794_r1,2794,NA,"Burnard, Lou, Katherine O’Brien O’Keeffe, and John Unsworth, eds. (2006) Electronic TextualEditing.New York: Modern Language Association P.","Burnard, Lou, Katherine O’Brien O’Keeffe, and John Unsworth, eds. 2006. &lt;i&gt;Electronic textual editing&lt;/i&gt;. New York: Modern Language Association of America. vii + 419 pages + CD-ROM.",,xml_bibl,W2619611061,offline_title_fuzzy,0.900738809213385
8016_a12,8016,NA,Characteristics of oral culture in discourse on the net December 1993,Characteristics of oral cancer patients and controls.,,anystyle,W6885500647,offline_title_fuzzy,0.900717543326239
2722_r6,2722,NA,Europeana Semantic Elements Specification and Guidelines (2013). http://pro.europeana.eu/files/Europeana_Professional/Share_your_data/Technical_requirements/ESE_Documentation//Europeana%20Semantic%20Elements%20Specification%20and%20Guidelines%2014%20July%202013.pdf (accessed 29 February 2016),Europeana semantic elements (ESE) : specification and guidelines,,xml_bibl,W1562336474,offline_title_fuzzy,0.900671971706455
796_a45,796,NA,A Multi-Dimensional Analysis of Style in Samuel Beckett’s Prose Works Opas-Ha􀀀nninen,A Multi-Dimensional Analysis of English tweets,,anystyle,W4281777248,offline_title_fuzzy,0.900658761528327
7746_a3,7746,NA,ComponentWare Consortium Web Site 1997,ComponentWare Consortium technology plan white paper,,anystyle,W2612442912,offline_title_fuzzy,0.900657944206331
9850_r9,9850,NA,United Nations General Assembly (UN GA). “Universal Declaration of Human Rights (UDHR).” http://www.un.org/en/universal-declaration-human-rights/,United Nations General Assembly Resolutions In Our Changing World,,xml_bibl,W2922237625,offline_title_fuzzy,0.90060794044665
127_a5,127,NA,Author Co-Citation Analysis: Overview and Defense White 1990,Author co-citation analysis of semiconductor literature,,anystyle,W2010458830,offline_title_fuzzy,0.900412047302291
10994_r10,10994,NA,"Klein, Thomas / Solms, Hans-Joachim / Wegera, Klaus-Peter (2009): Mittelhochdeutsche Grammatik. Teil III: Wortbildung. Tübingen: Niemeyer.","Klein, Thomas ; Solms, Hans-Joachim ; Wegera, Klaus-Peter (Hrsg.): Mittelhochdeutsche Grammatik. Teil II: Flexionsmorphologie. 2 Bände. Berlin ; Boston, 2018",,xml_bibl,W6982767664,offline_title_fuzzy,0.90027182361941
6548_r13,6548,NA,Records​ ​of​ ​Early​ ​English​ ​Drama​ ​project​ ​website. h​​ttp://reed.utoronto.ca,Records of early English drama: reflections of a hardened user,,xml_bibl,W71375935,offline_title_fuzzy,0.90023758612497
319_a50,319,NA,Informatique et Statistique dans les Sciences Humaines,Informatique et statistiques en archéologie,,anystyle,W3212889786,offline_title_fuzzy,0.900198767640628
767_a2,767,NA,Faceted Classification as a Basis for Knowledge Broughton,Faceted Classification and Terminology.,,anystyle,W26811255,offline_title_fuzzy,0.900098807720177
3902_a1,3902,NA,Spatial Reconfigurations and New Varghese 2013,Spatial reconfigurations of Spanish in postmodernity,,anystyle,W2793473695,offline_title_fuzzy,0.900077543424318
1735_a3,1735,NA,"Disability, Design, and the Digital Humanities Williams 2012","Disability, design and the speculative house-building industry",,anystyle,W3014229577,offline_title_fuzzy,0.900042580370449
2035_a4,2035,NA,Archaeology of knowledge [Archéologie du savoir] translated by A.M Foucault 1972,Archaeology of Knowledge: Foucault and the Time of Discourse,,anystyle,W4232945078,offline_title_fuzzy,0.900002998081228
9969_r5,9969,NA,International Organization for Standardization (2017). ISO 28500:2017 WARC File Format http://www.iso.org/cms/render/live/en/sites/isoorg/contents/data/standard/06/80/68004.html (accessed 25 November 2018).,International Organization for Standardization (ISO),,xml_bibl,W4240752520,offline_title_fuzzy,0.9
10698_r1,10698,NA,"Berliner Appell zum Erhalt des digitalen Kulturerbes, September 2013. http://www.berliner-appell.org [letzter Zugriff am 25. September 2017].",Berliner Appell zum Erhalt des digitalen Kulturerbes,,xml_bibl,W6899109644,offline_title_fuzzy,0.9
10797_r1,10797,NA,ANNO – AustriaN Newspapers Online. http://anno.onb.ac.at/ [letzter Zugriff 14. Januar 2018],ANNO- AustriaN Newspapers Online,,xml_bibl,W2394795940,offline_title_fuzzy,0.9
10937_r8,10937,NA,Web Annotation Data Model: https://www.w3.org/TR/annotation-model/ [letzter Zugriff 27.10.18].,Web Annotation Data Model,,xml_bibl,W2790977509,offline_title_fuzzy,0.9
10980_r1,10980,NA,ANNO (AustriaN Newspapers Online):http://anno.onb.ac.at [letzter Zugriff 29. August 2019].,ANNO- AustriaN Newspapers Online,,xml_bibl,W2394795940,offline_title_fuzzy,0.9
541_a31,541,NA,"Style, Genre, and Authorship in Acts, the Mealand","Style, genre, and authorship in acts, the Septuagint, and Hellenistic historians",,anystyle,W2016960672,offline_title_fuzzy,0.9
570_a9,570,NA,Modeling XML Applications with UML Carlson 2001,Modeling XML Applications with UML: Practical e-Business Applications,,anystyle,W1582368637,offline_title_fuzzy,0.9
645_a6,645,NA,"Creating and Documenting Electronic Texts: Guide to Good Practice, AHDS publications Morrison; Wikander XXXX",Creating and Documenting Electronic Texts,,anystyle,W3113930293,offline_title_fuzzy,0.9
678_a2,678,NA,"<http://www.cch.kcl.ac.uk/projects/> xMod, a TEI-based publishing application. Centre for Computing in the Humanities Accessed 2005-11-11",xMod: A TEI based publishing application,,anystyle,W2464016919,offline_title_fuzzy,0.9
796_a34,796,NA,"Style, Genre, and Authorship in Acts, the Mealand","Style, genre, and authorship in acts, the Septuagint, and Hellenistic historians",,anystyle,W2016960672,offline_title_fuzzy,0.9
908_a9,908,NA,An Agenda for Electronic Text Hockey 1998,An Agenda for Electronic Text Technology in the Humanities,,anystyle,W2286744474,offline_title_fuzzy,0.9
989_a12,989,NA,Remix: Making Art and Commerce Lessig 2008,Remix: making art and commerce thrive in the hybrid economy,,anystyle,W1517300810,offline_title_fuzzy,0.9
995_a5,995,NA,Hotlist or Bibliography? A Hendry 2006,Hotlist or Bibliography? A Case of Genre on the Web,,anystyle,W2157071096,offline_title_fuzzy,0.9
1000_a1,1000,NA,The function and accuracy of old Dutch urban designs and maps J.; Heuvel 2008,The function and accuracy of old Dutch urban designs and maps. A computer assisted analysis of the extension of Leiden (1611),,anystyle,W2599991727,offline_title_fuzzy,0.9
1012_a2,1012,NA,Texts into databases: The evolving Bradley; Short,Texts into Databases: The Evolving Field of New-style Prosopography,,anystyle,W2053804523,offline_title_fuzzy,0.9
1164_a1,1164,NA,'The Aix-MARSEC Project: an Evolutive 2004,The aix-MARSEC project: an evolutive database of spoken british English,,anystyle,W4390911731,offline_title_fuzzy,0.9
1270_a1,1270,NA,"Manier le thésaurus grec., ” Les main de l'intellect Berra 2011",Manier le thésaurus grec,,anystyle,W2536959694,offline_title_fuzzy,0.9
1578_a11,1578,NA,What is Digital Curation?’ Digital Curation Centre,What is Digital Curation?,,anystyle,W7085487861,offline_title_fuzzy,0.9
1680_a3,1680,NA,"The Piers Plowman Electronic Archive, Vol 5: British Library Ms Additional 35287 (M Langland 2005",The Piers Plowman electronic archive: v.2,,anystyle,W4238758149,offline_title_fuzzy,0.9
1803_a7,1803,NA,GeoTemCo: Comparative Visualization of Geospatial-Temporal Data Jänicke 2012,GeoTemCo: Comparative Visualization of Geospatial-Temporal Data with Clutter Removal Based on Dynamic Delaunay Triangulations,,anystyle,W45626204,offline_title_fuzzy,0.9
1866_a14,1866,NA,What is Cultural Criticism in the Digital Humanities?” Liu 2012 2013-10,What is Cultural Criticism?,,anystyle,W200522097,offline_title_fuzzy,0.9
2007_a1,2007,NA,Cross and Culture in Anglo-Saxon England 2008,Cross and culture in Anglo-Saxon England studies in honor of George Hardin Brown,,anystyle,W7064859146,offline_title_fuzzy,0.9
6411_r6,6411,NA,"Organización Mundial de la Propiedad Intelectual (OMPI) (2017). Guía para la catalogación de conocimientos tradicionales, OMPI. Available at: http://www.wipo.int/edocs/pubdocs/es/wipo_pub_1049.pdf (Accessed: 8 May 2017).",Organización mundial de la propiedad intelectual: implicaciones del acuerdo sobre los ADPIC en los tratados administrados por la OMPI,,xml_bibl,W6917385956,offline_title_fuzzy,0.899901680240663
4095_a8,4095,NA,Scholarly information practices in the online environment Palmer; Teffeau; Pirmann 2009,Scholarly Information Practices Project,,anystyle,W7043054398,offline_title_fuzzy,0.899820062977958
1075_a3,1075,NA,Intelligent Interactive-Stories: Theory versus Practice,Intelligent Interactive Services,,anystyle,W3005317517,offline_title_fuzzy,0.899768518518519
1653_a13,1653,NA,Digital Pedagogy in the Humanities. Digital Humanities Summer Institute Harris; Sayers; Jakacki 2011 2011-06,"Digital Pedagogy in the Humanities: Concepts, Models & Experiments",,anystyle,W2277090429,offline_title_fuzzy,0.899754803930093
1653_a15,1653,NA,Digital Pedagogy in the Humanities. Digital Humanities Summer Institute Jacacki 2013 2013-06,"Digital Pedagogy in the Humanities: Concepts, Models & Experiments",,anystyle,W2277090429,offline_title_fuzzy,0.899754803930093
7912_a1,7912,NA,What scientific visualization teaches us about text analysis,What Scientific Visualization Can Do!,,anystyle,W639218977,offline_title_fuzzy,0.89968253968254
8456_a8,8456,NA,"Natural Language Generation, Computers and the Humanities 26:43–58",Natural Language Generation and Semantic Technologies,,anystyle,W2137259803,offline_title_fuzzy,0.899657716497339
3799_a5,3799,NA,The digital humanities contribution to topic modeling Meeks; Weingart 2012,The Digital Humanities Climate Coalition Toolkit,,anystyle,W6967574584,offline_title_fuzzy,0.899570352493784
3971_a18,3971,NA,The Digital Humanities Contribution to Topic Modeling Meeks 2013,The Digital Humanities Climate Coalition Toolkit,,anystyle,W6967574584,offline_title_fuzzy,0.899570352493784
11063_r12,11063,NA,"Kodikologie und Paläographie im digitalen Zeitalter 1-4 / Codicology and Palaeography in the Digital Age 1-4 (2009, 2010, 2015, 2017): Herausgegeben vom Institut für Dokumentologie und Editorik, Norderstedt: BoD. https://www.i-d-e.de/publikationen/schriften/",Kodikologie und Paläographie im digitalen Zeitalter 2/ Codicology and Palaeography in the Digital Age 2,,xml_bibl,W2770178331,offline_title_fuzzy,0.899531752999707
10598_r3,10598,NA,"ICARUS, International Centre for Archival Research: http://icar-us.eu/ [letzter Zugriff 23. August 2016].","ICARUS (International Centre for Archival Research) – Skupština i sastanak, Zagreb, 28-30. lipnja 2010.",,xml_bibl,W253470221,offline_title_fuzzy,0.899511278195489
7851_a2,7851,NA,Joint Information Systems Committee & Max Planck Institute for the History of Science,"Joint Information Systems Committee (JISC), Stages of the research and data lifecycle.",,anystyle,W6904406351,offline_title_fuzzy,0.899406406112254
856_a2,856,NA,Plundering Philosophers: Identifying Sources of the Encyclopédie using the Vector Space Model” in preparation for Text Technology Voyer,Plundering Philosophers: Identifying Sources of the Encyclopédie.,,anystyle,W2204955281,offline_title_fuzzy,0.899212598425197
3766_a5,3766,NA,Traditional ecological knowledge in perspective Traditional ecological knowledge: concepts and cases Berkes 1993,Traditional Ecological Knowledge Informing Large-Scale Conservation in the Pacific Islands,,anystyle,W2531082147,offline_title_fuzzy,0.89909830007391
611_a13,611,NA,Using Bayesian Networks in the Global Adaptive E-learning Process et.al 2005,Using Bayesian Networks to Analyze Gene Expression Data,,anystyle,W2379527029,offline_title_fuzzy,0.899090909090909
1495_a9,1495,NA,Long-term experiences with repositories. Invited talk at CLARIN-D tutorials Woutersen-Windhouwer 2011,[Long-term experiences with a computer-assisted reducing-diet program].,,anystyle,W2410910138,offline_title_fuzzy,0.89909056613942
9734_r5,9734,NA,Australian Dictionary of Biography (1966–). Australian Dictionary of Biography. Retrieved from http://adb.anu.edu.au,Australian Dictionary of Biography: Online Edition,,xml_bibl,W4234021381,offline_title_fuzzy,0.899035948104271
904_a31,904,NA,Irony in the text or insincerity in the writer? Louw 1993,Irony in the Text or Insincerity in the Writer? — The Diagnostic Potential of Semantic Prosodies,,anystyle,W2494192906,offline_title_fuzzy,0.898924731182796
1260_a9,1260,NA,The Promise of Digital Humanities Presner; Johanson 2009,The promise of digital healthcare technologies.,,anystyle,W7070791107,offline_title_fuzzy,0.898919631093544
1566_a7,1566,NA,The Promise of Digital Humanities Presner; Johanson 2009,The promise of digital healthcare technologies.,,anystyle,W7070791107,offline_title_fuzzy,0.898919631093544
1288_a4,1288,NA,"Sobre verdad y mentira en sentido extramoral, seguido de La voluntad de ilusión de Nietzsche de Hans Vaihinger [Traducción de Luis M Nietzsche 1998",Sobre verdad y mentira en sentido extramoral de Nietzsche: On Nietzsche's truth and lie in an extramoral sense,,anystyle,W3206357585,offline_title_fuzzy,0.898908674829224
624_a6,624,NA,"Modelos, intercambios y recepción artística (De las rutas marítimas a la navegación en red Arte","Modelos, intercambios y recepción artística (de las rutas maritímas a la navegación en red) ; XV Congreso nacional de historia del arte (CEHA) ; Palma de Mallorca, 20-23 de octubre de 2004",,anystyle,W7011471896,offline_title_fuzzy,0.898876404494382
676_a1,676,NA,"Cybertext: Perspectives on Ergodic Literature Essay on the Origin of Human Knowledge, Trans Aarseth; Condillac 1997 2001",Cybertext: Perspectives on Ergodic Literature,,anystyle,W1987562626,offline_title_fuzzy,0.898876404494382
1264_a11,1264,NA,The Continuity of the Irish Tradition at Wurzburg Gwynn 1952,The continuity of the Irish computistical tradition,,anystyle,W2500902295,offline_title_fuzzy,0.898862959818074
1994_a1,1994,NA,Día de las Humanidades Digitales 2013 Día de las Humanidades Digitales 2013 2013-05-10 2013-08-25,Día de las Humanidades Digitales 2013 (en español y portugués),,anystyle,W4388610986,offline_title_fuzzy,0.898827838827839
8478_a11,8478,NA,Wittgenstein Archives at the University of,Wittgenstein Archives at the University of Bergen (WAB) : Wittgenstein TS201a online (1996),,anystyle,W2750827358,offline_title_fuzzy,0.898823529411765
928_a8,928,NA,Vier Aquila-Glossen in einem hebraischen P 1959,Vier Aquila-Glossen in einem hebräischen Proverbien-Fragment aus der Kairo-Geniza,,anystyle,W2095980912,offline_title_fuzzy,0.898765432098766
1833_a2,1833,NA,Broad Agency Announcement: Active Authentication” DARPA 2012 2012-01-12,BROAD AGENCY ANNOUNCEMENT FOR,,anystyle,W7098015990,offline_title_fuzzy,0.898763825634353
2031_a8,2031,NA,"Introducing the Dynamic Table of Contexts for Scholarly Editions Ruecker; INKE Research Group Jan 6-8, 2011",Introducing the Dynamic Model of Collaborative Mentorship,,anystyle,W4416421656,offline_title_fuzzy,0.898759723601456
3989_a4,3989,NA,A Framework for Supporting the Digital Humanities: An Alternative to the DH Centre Snyder 2012,A Framework for Supporting the Distributed Management of Big Clinical Data,,anystyle,W2024891608,offline_title_fuzzy,0.898751985816663
853_a8,853,NA,An overview of sense-making research Dervin 1983,"AN OVERVIEW OF SENSE-MAKING RESEARCH: CONCEPTS, METHODS AND RESULTS TO DATE",,anystyle,W3010150083,offline_title_fuzzy,0.898630136986302
919_a3,919,NA,An overview of sense-making research Dervin 1983,"AN OVERVIEW OF SENSE-MAKING RESEARCH: CONCEPTS, METHODS AND RESULTS TO DATE",,anystyle,W3010150083,offline_title_fuzzy,0.898630136986302
10662_r12,10662,NA,The Europeana Public Domain Charter (2010): http://pro.europeana.eu/files/Europeana_Professional/Publications/Public%20Domain%20Charter%20-%20DE.pdf [letzter Zugriff 26. August 2016].,The Europeana Public Domain Charter,,xml_bibl,W6899091437,offline_title_fuzzy,0.898591549295775
626_a46,626,NA,"Description of the Research Project.] Copy provided by author, 24 February",Description of the Research Project,,anystyle,W978444219,offline_title_fuzzy,0.898591549295775
1001_a10,1001,NA,The State of Authorship Attribution Rudman 1997,The State of Authorship Attribution Studies: Some Problems and Solutions,,anystyle,W2139593428,offline_title_fuzzy,0.898591549295775
9769_r9,9769,NA,"University of Sheffield (2019). Gate Cloud, https://cloud.gate.ac.uk/ (accessed on April 25 2019.)",イングランドにおける大学設置認可 : University of Sheffieldへの勅許状交付（1905年）に注目して,,xml_bibl,W1592524459,offline_title_fuzzy,0.898517520215633
998_a3,998,NA,Mental Spaces: Aspects of Meaning Fauconnier 1985,Mental Spaces: Aspects of Meaning Construction in Natural Language,,anystyle,W2091349213,offline_title_fuzzy,0.898461538461539
1313_a4,1313,NA,"Electronic Editions for Everyone, ” Text and Genre in Reconstruction Robinson",Electronic Editions for Everyone,,anystyle,W4298046003,offline_title_fuzzy,0.898461538461539
1466_a6,1466,NA,An OWL-DL implementation of GOLD: An ontology for the Semantic Web Farrar; Langendoen 2009,An OWL-DL Implementation of Gold,,anystyle,W2197592985,offline_title_fuzzy,0.898461538461539
628_a7,628,NA,The Indirect Authoring Paradigm Obendorf,The Indirect Authoring Paradigm – Bringing Hypertext into the Web,,anystyle,W189030511,offline_title_fuzzy,0.898412698412698
8499_a5,8499,NA,Branching Structures within the Fudge 1987,Branching Structures Within Random Walks and Their Applications,,anystyle,W2508198578,offline_title_fuzzy,0.898412698412698
1506_a8,1506,NA,The Pilot Project of the Electronic Peirce Consortium Neuman; Keeler; Kloesel; Ransdell; Renear 1992,The pilot project of the Italian Neurofibromatosis Register,,anystyle,W7061178307,offline_title_fuzzy,0.898382652123917
11015_r7,11015,NA,"OPERA. Spektrum des europäischen Musiktheaters in Einzeleditionen (2013ff.), hg. von Thomas Betzwieser, Kassel: Bärenreiter (bislang 3 Bde.)",Opera Spektrum des europäischen Musiktheaters in Einzeleditionen ; historisch-kritische Hybridausgaben,,xml_bibl,W7051491482,offline_title_fuzzy,0.898374789349511
7905_a4,7905,NA,Vers une nouvelle édition du glosssaire latin-français l'Aalma,Vers une nouvelle édition du <i>Maugis d’Aigremont?</i>,,anystyle,W152063812,offline_title_fuzzy,0.898344471028243
1059_a4,1059,NA,"Technical, Ecological and Economic Aspects of Electrophoretic Display Grancy; Diss 2002","Technical, ecological and economic analysis of tower focus solar power plants",,anystyle,W7062465930,offline_title_fuzzy,0.898284095083172
3822_a6,3822,NA,Approach to the Integration of Scientific Data and Digital Libraries,Approach to the Integration of Folk Art Elements in Art Education,,anystyle,W3024174255,offline_title_fuzzy,0.898268202385849
1053_a18,1053,NA,The Spin-doctor and the Wolf-pack at the White,The Spin-doctor and the Wolf-pack: Rhetorics in Conflict at the White House,,anystyle,W2800200681,offline_title_fuzzy,0.898237367802585
424_a14,424,NA,Den europeiska treklövern. Källspråk och litterär kvalitet i svensk boköversättning Wollin 1998,Den europeiska treklövern. Källspråk och litterär kvalitet i svensk boköversättning. (The European trio. Source languages and Literary Quality in Swedish Book Translations.),,anystyle,W377465540,offline_title_fuzzy,0.898203592814371
4034_a1,4034,NA,Debates in the Digital Humanities. Published by the University of Minnesota Press 2016 2016,Debates in the Digital Humanities: Scholarly Publishing Across Print/Digital Streams.,,anystyle,W2885806338,offline_title_fuzzy,0.898185350096036
2690_r2,2690,NA,Atlas Linguarum Europae (ALE) (2015). (Accessed: 12 March 2016).,Atlas linguarum Europae (ALE),,xml_bibl,W597310658,offline_title_fuzzy,0.898181818181818
1972_a8,1972,NA,"Text Representation and Interchange in the Digital Age"" Wittern Sep 2012","Text, Representation and Technique in Early Modern China",,anystyle,W1615424628,offline_title_fuzzy,0.898174654344867
626_a15,626,NA,The Statistical Profile of Carpenter 1990,The statistical profile of the Public Administrations,,anystyle,W7033779675,offline_title_fuzzy,0.89811320754717
10564_r2,10564,NA,Akademie der Wissenschaften und der Literatur Mainz (o. J.b): Regesta Imperiihttp://www.regesta-imperii.de/startseite.html [letzter Zugriff 16. Februar 2016].,"Akademie der Wissenschaften und der Literatur Mainz, Editor",,xml_bibl,W7045185347,offline_title_fuzzy,0.898105608849711
1584_a5,1584,NA,"Cultural Identity and Diaspora Identity: Community, Culture, Difference Hall 1990",Cultural Identity and Diversity in the Carpathian Euroregion,,anystyle,W7018353123,offline_title_fuzzy,0.898082788671024
10644_r2,10644,NA,Berlin-Brandenburgische Akademie der Wissenschaften (2016): Deutsches Textarchiv. http://www.deutschestextarchiv.de/ [letzer Zugriff 24. Mai 2016].,Berlin-Brandenburgische Akademie der Wissenschaften,,xml_bibl,W2794746432,offline_title_fuzzy,0.898076923076923
735_a8,735,NA,"Il paratesto nei documenti elettronici."" I dintorni del testo: approcci alle periferie del libro. Atti del Convegno internazionale Tomasi 2004-11-15 2004-11-18",Il paratesto nei documenti elettronici e la “biblioteconomia digitale”. A proposito del convegno I dintorni del testo: approcci alle periferie del libro,,anystyle,W1526342533,offline_title_fuzzy,0.89803967730797
1217_a25,1217,NA,Schwerpunkt Kulturtechniken und ihre Medialisierung,Schwerpunkt Kulturtechnik,,anystyle,W6987100512,offline_title_fuzzy,0.898039215686275
1500_a3,1500,NA,Intonation and Its Parts: Melody in Spoken English Bolinger 1986,Intonation and Its Parts,,anystyle,W2079503396,offline_title_fuzzy,0.897959183673469
3949_a8,3949,NA,"Technical issues and developments in methodology”, in Mapping the Dynamics of Science and Technology Courtial 1986",Technical Issues and Developments in Methodology,,anystyle,W2483026899,offline_title_fuzzy,0.897959183673469
8384_a13,8384,NA,Is Latin an SOV Language? Panhuis 1984,Is Latin an SOV Language? A Diachronic Perspective,,anystyle,W4301501496,offline_title_fuzzy,0.897959183673469
318_a13,318,NA,Technologies for Restoring and Preserving Old Documents February,Technologies for Restoring Limb Function,,anystyle,W4322629879,offline_title_fuzzy,0.897923832923833
1861_a15,1861,NA,"Text Encoding Initiative, P5, Linking, Segmentation, and Alignment",Text Encoding Initiative: P5 Guidelines,,anystyle,W6918147759,offline_title_fuzzy,0.897875464598724
79_a5,79,NA,A comparison of display technologies suitable for e-book Doane 1998,A Comparison of Display Techniques for Large Graphs,,anystyle,W7055428116,offline_title_fuzzy,0.897873694932519
1487_a2,1487,NA,The Emperor’s New Clothes: The second edition of the society’s dictionary Algeo 1990,The Emperor's New Clothes? The Utility of Identity in Roman Archaeology,,anystyle,W2334666015,offline_title_fuzzy,0.897828519385896
10747_r4,10747,NA,Gesetz zur Angleichung des Urheberrechts an die aktuellen Erfordernisse der Wissensgesellschaft (UrhWissG) vom 1. September 2017. BT-Drs. 18/13014.,Gesetz zur Angleichung des Urheberrechts an die aktuellen Erfordernisse der Wissensgesellschaft (Urheberrechts-Wissensgesellschafts-Gesetz – UrhWissG) und seine Chancen für Bibliotheken,,xml_bibl,W6959286022,offline_title_fuzzy,0.897826511500333
9163_a2,9163,NA,Achilles’ Golden Amphora in Aeschines’ Against Dué,"Achilles' Golden Amphora in Aeschines' ""Against Timarchus"" and the Afterlife of Oral Tradition",,anystyle,W2081160734,offline_title_fuzzy,0.897777777777778
8036_a4,8036,NA,University of Maryland (noted expert on user interface design Schniederman,University of Maryland names its new president,,anystyle,W4252441100,offline_title_fuzzy,0.89773171553758
8416_a7,8416,NA,"The full-spectrum text-analysis spreadsheet, Digital Humanities 2013: Conference Abstracts Hoover 2013",The Full-Spectrum Text-Analysis Spreadsheet.,,anystyle,W2886417752,offline_title_fuzzy,0.897727272727273
451_a5,451,NA,Computation into Criticism: A Study of Jane Burrows,Computation into Criticism: A Study of Jane Austen's Novels and an Experiment in Method,,anystyle,W2316815835,offline_title_fuzzy,0.897674418604651
541_a11,541,NA,Computation into Criticism: A study of Jane Burrows,Computation into Criticism: A Study of Jane Austen's Novels and an Experiment in Method,,anystyle,W2316815835,offline_title_fuzzy,0.897674418604651
796_a9,796,NA,Computation into Criticism: A Study of Jane Burrows,Computation into Criticism: A Study of Jane Austen's Novels and an Experiment in Method,,anystyle,W2316815835,offline_title_fuzzy,0.897674418604651
8450_a30,8450,NA,Fast Algorithms for the Editing Distance Between Trees and Related Problems,Fast algorithms for the unit cost editing distance between trees,,anystyle,W2035582095,offline_title_fuzzy,0.897640536723164
1608_a1,1608,NA,Our Cultural Commonwealth: The report of the ACLS Commission on Cyberinfrastructure for the Humanities and Social Sciences Learned Societies 2006,Our Cultural Commonwealth: The report of the American Council of Learned Societies Commission on Cyberinfrastructure for the Humanities and Social Sciences,,anystyle,W2196673986,offline_title_fuzzy,0.897638724911452
17_a2,17,NA,The Mega-Universities and Knowledge Media Daniel 1996,The mega-universities and knowledge media : technology strategies for higher education,,anystyle,W1580198843,offline_title_fuzzy,0.897619047619048
8007_a1,8007,NA,Using TACT with Electronic Texts: Text Analysis Computing Tools Version 2.1 With CD-ROM Lancashire; John Bradley; McCarty; Stairs; Wooldridge 1996,Using Tact With Electronic Texts: A Guide to Text-Analysis Computing Tools : Version 2.1 for MS-DOS and PC DOS,,anystyle,W1508110294,offline_title_fuzzy,0.89759627824179
1051_a18,1051,NA,Identification and the Study of Manuscript Characteristics,Identification and the Search for Identity,,anystyle,W2036396563,offline_title_fuzzy,0.89759301533902
632_a8,632,NA,Gran Diccionario de la Lengua Española” La formación de las palabras en español” Planeta; Ezquerra 1996 2002,Gran diccionario de la lengua española,,anystyle,W1600919517,offline_title_fuzzy,0.897435897435898
870_a12,870,NA,Die digitale Edition im Heinrich-Heine Liedtke,"Die digitale Edition im Heinrich-Heine-Portal – Probleme, Prinzipien, Perspektiven",,anystyle,W3045497111,offline_title_fuzzy,0.897435897435898
1431_a6,1431,NA,Using literature to understand authors: The case for computerized text analysis Pennebaker; Ireland 2011,Using literature to understand authors,,anystyle,W2001572571,offline_title_fuzzy,0.897435897435898
1594_a11,1594,NA,Computational Approaches to a Catalogue Raisonné of Pablo Picasso's Works Meneses; Monroy; Furuta; Mallen 2011,Computational approaches to analyzing weblogs : papers from the AAAI Spring Symposium,,anystyle,W365972403,offline_title_fuzzy,0.89743381996229
4053_a9,4053,NA,Computational Approaches to a Catalogue Raisonné of Pablo Picasso's Works Meneses; Monroy; Furuta; Mallen 2011,Computational approaches to analyzing weblogs : papers from the AAAI Spring Symposium,,anystyle,W365972403,offline_title_fuzzy,0.89743381996229
1264_a16,1264,NA,Die ältesten Evangelienhandschriften Schepss 1887,Die ältesten Evangelienhandschriften der Würzburger Universitätsbibliothek,,anystyle,W6892125279,offline_title_fuzzy,0.897297297297297
2109_a1,2109,NA,"Quantitative Formalism: An Experiment, Stanford Literary Lab Pamphlet Series Allison; Heuser; Jockers; Moretti; Witmore 2011",Quantitative formalism : an experiment,,anystyle,W3014779790,offline_title_fuzzy,0.897297297297297
6518_r7,6518,NA,University College London UCL Transcribe Bentham http://blogs.ucl.ac.uk/transcribe-bentham/ (accessed 24 April 2018).,"University College, London: A Chapter in Medical Education.1",,xml_bibl,W4243954422,offline_title_fuzzy,0.897240943095815
3981_a8,3981,NA,The History of Humanities Computing” in A Companion to Digital Humanities Hockey 2004,The History of Humanities Computing,,anystyle,W1518267368,offline_title_fuzzy,0.897222222222222
4073_a17,4073,NA,Literary Anthologies and the Representation of the Nation 2013,LITERARY ANTHOLOGIES AND THE MAKING OF AMERICAN LITERATURE,,anystyle,W7057821794,offline_title_fuzzy,0.897194012176443
1023_a3,1023,NA,The Dark Side of the Landscape: The Barrell 1980,The dark side of the landscape: Kehinde Wiley and the Black Sublime,,anystyle,W6999617896,offline_title_fuzzy,0.897147950089127
29_a14,29,NA,Extensible Markup Language (XML) 1.0 W3C Recommendation 10-February-1998 1998,Extensible Markup Language (XML) 1.1,,anystyle,W6991228710,offline_title_fuzzy,0.897142857142857
380_a3,380,NA,'How to edit a seventeenth-century manuscript: principles and practice' 'Anticipating Technical Advance in Recreating a Scattered Correspondence Hunter; Lucas; Short 1995 1999,HOW TO EDIT A SEVENTEENTH-CENTURY MANUSCRIPT: PRINCIPLES AND PRACTICE,,anystyle,W975197554,offline_title_fuzzy,0.897142857142857
775_a1,775,NA,"""Medieval Manuscripts, Hypertext and Carlquist","Medieval Manuscripts, Hypertext and Reading. Visions of Digital Editions",,anystyle,W2019520758,offline_title_fuzzy,0.897142857142857
6447_r5,6447,NA,"Skinner, Quentin. El artista y la Filosofía Política. Madrid: Cambridge University Press: 2009.",". Skinner, Quentin. El artista y la filosofía política: el Buen Gobierno de Ambrogio Lorenzetti. Madrid: Trotta, 2009, 150 p",,xml_bibl,W3198569779,offline_title_fuzzy,0.897129740260505
533_a8,533,NA,An introduction to A New Computer-Assisted Literary,An Introduction to a New Drum Centrifuge at DUT,,anystyle,W1989432744,offline_title_fuzzy,0.897075511055486
1223_a32,1223,NA,Sustainable Digital Ecosystem for Idea Sharing',SUSTAINABLE DIGITAL ECOSYSTEMS IN THE TEXTILE INDUSTRY,,anystyle,W7062307361,offline_title_fuzzy,0.897061191626409
149_a8,149,NA,Lingvisticae Investigationes: Revue internationale de linguistique francaise et de linguistique generale 2000 1998/1999,Lingvisticae investigationes : international journal of linguistics and language resources,,anystyle,W7030052767,offline_title_fuzzy,0.896928018044523
78_a4,78,NA,Corpus linguistics comes of age. Directions in corpus linguistics Svartvik 1992,Corpus linguistics comes of age,,anystyle,W4242576242,offline_title_fuzzy,0.896875
2140_a3,2140,NA,Digital Methods: Five Challenges. Understanding Digital Humanities Rieder; Rohle 2012,Digital Methods: Five Challenges,,anystyle,W2504209481,offline_title_fuzzy,0.896875
1868_a11,1868,NA,Disposiciones Generales para la Actividad Editorial de la UNAM 2007,Disposiciones generales en materia de administración local gallega,,anystyle,W2735324659,offline_title_fuzzy,0.896813294232649
7904_a11,7904,NA,Computing in the Humanities Working Papers/Text Technology,"Computing in the Humanities, an",,anystyle,W7096071742,offline_title_fuzzy,0.896781609195402
905_a31,905,NA,Game-Based and Innovative Learning Approaches,"Game-Based and Innovative Learning Approaches. A Symposium in conjunction with SIG-GLUE, Part 2",,anystyle,W2208178027,offline_title_fuzzy,0.896774193548387
1119_a4,1119,NA,'Ten Years Of Ismir: Reflections 2009,Ten Years Of Ismir: Reflections On Challenges And Opportunities.,,anystyle,W6930925591,offline_title_fuzzy,0.896774193548387
10021_r7,10021,NA,Internet Culturale. Cataloghi i Colleczioni Digitali Delle Biblioteche Italiane. http://www.internetculturale.it/opencms/opencms/it/index.html (accessed 10 April 2019).,“Internet Culturale. Cataloghi e Collezioni digitali delle biblioteche italiane”. La nuova versione del portale,,xml_bibl,W1515140250,offline_title_fuzzy,0.896760898589424
1488_a2,1488,NA,"The Geospatial Semantic Web, Pareto GIS, and the Humanities Harris; Rouse; Bergeron 2010",THE GEOSPATIAL SEMANTIC WEB - Are GIS Catalogs prepared for This?,,anystyle,W169151292,offline_title_fuzzy,0.896728919071873
6424_r3,6424,NA,Packard Humanities Institute Latin Author List: http://latin.packhum.org/browse,Packard Humanities Institute Greek Inscriptions,,xml_bibl,W6921723932,offline_title_fuzzy,0.896694752106408
8003_a5,8003,NA,"Terminology Extraction from Text Corpora: Application to Document-Keeping Via Internet"" Jacquin; Liscouet 1996",Terminology extraction from text to build an ontology in surgical intensive care.,,anystyle,W1539046013,offline_title_fuzzy,0.89667149958575
10980_r5,10980,NA,The British Newspaper Archive: [letzter Zugriff 29. August 2019].,The British Newspaper Archive,,xml_bibl,W2918904443,offline_title_fuzzy,0.896666666666667
609_a26,609,NA,Desire in Language. A Semiotic Kristeva 1980,Desire in Language: A Semiotic Approach to Literature and Art,,anystyle,W1994595102,offline_title_fuzzy,0.896666666666667
7071_a8,7071,NA,Zur linguistischen Synergetik Koehler 1986,Zur linguistischen Synergetik : Struktur und Dynamik der Lexik,,anystyle,W389592494,offline_title_fuzzy,0.896666666666667
2021_a2,2021,NA,WordCruncher*: Problems of Multilingual Usage Literary and Linguistic Computing 4(2):135-140 Kammer 1989,WordCruncher: Problems of Multilingual Usage,,anystyle,W2070840142,offline_title_fuzzy,0.896629213483146
2051_a6,2051,NA,Thematic Research Collections’.Companion to Digital Humanities’ Palmer 2004,Thematic research collections and women's studies,,anystyle,W2067317282,offline_title_fuzzy,0.896581404543934
9917_r22,9917,NA,"Nünning, Vera / Nünning, Ansgar (2010): Methoden der literatur- und kulturwissenschaftlichen Textanalyse. Ansätze – Grundlagen – Modellanalysen. Stuttgart: Metzler.","Nünning, Vera; Nünning, Ansgar (Hrsg.): Methoden der literatur- und kulturwissenschaftlichen Textanalyse. Ansätze – Grundlagen – Modellanalysen",,xml_bibl,W2612294391,offline_title_fuzzy,0.89645854989605
10836_r29,10836,NA,"Nünning, Vera / Nünning, Ansgar (2010): Methoden der literatur- und kulturwissenschaftlichen Textanalyse. Ansätze – Grundlagen – Modellanalysen. Stuttgart: Metzler.","Nünning, Vera; Nünning, Ansgar (Hrsg.): Methoden der literatur- und kulturwissenschaftlichen Textanalyse. Ansätze – Grundlagen – Modellanalysen",,xml_bibl,W2612294391,offline_title_fuzzy,0.89645854989605
1358_a1,1358,NA,Preliminary Proposal to Encode Classical Yi Characters 2011-03-14,Preliminary Proposal to Encode Tani Lipi in the UCS,,anystyle,W7097475069,offline_title_fuzzy,0.896451914098973
1790_a6,1790,NA,"Textual Research on the Dream of the Red Chamber, reprinted by Yuandong Publishing Hu 1985",Textual Research on the Dates of Song Zhengbi and his Elder Brother Song Cunbiao,,anystyle,W2377090755,offline_title_fuzzy,0.896410934744268
3836_a7,3836,NA,Introduction: Making Critical Making Hertz 2012 2012,Introduction: Making Critical Sense of HRM in a Globalised World,,anystyle,W178472941,offline_title_fuzzy,0.896339869281046
10458_r6,10458,NA,"Ruecker, Stan / Radzikowska, Milena / Sinclair, Stéfan (2011): Visual interface design for digital cultural heritage. A guide to rich-prospect browsing. Farnham: Ashgate.","RUECKER, Stan, RADZIKOWSKA, Milena and SINCLAIR, Stéfan. Visual interface design for digital cultural heritage: A guide to rich-prospect browsing. Farnham: Ashgate Publishing. 2011.",,xml_bibl,W1479853300,offline_title_fuzzy,0.896333783175889
4085_a1,4085,NA,Scholarly publishing as an economic public good Courant; Jones 2015,Scholarly Publishing as an Archaeological Practice,,anystyle,W2285864796,offline_title_fuzzy,0.896316421167485
1842_a12,1842,NA,People of the Founding Era Perdue,People of the Founding Era: A Prosopographical Approach,,anystyle,W1682889523,offline_title_fuzzy,0.896296296296296
8488_a11,8488,NA,Zum Stand der Kodifizierung romanischer,Zum Stand der Kodifizierung romanischer Kleinsprachen : Romanistisches Kolloquium V,,anystyle,W654119235,offline_title_fuzzy,0.896296296296296
1920_a8,1920,NA,Participation as a way of creating new audiences ?” Dijk; Prats Lopez 2013 2013-06,Participation as a way of life,,anystyle,W2905381287,offline_title_fuzzy,0.896190476190476
6513_r3,6513,NA,Digital Public Library of America (2015). Strategic Plan 2015-2017. Boston: DLPA. https://dp.la/info/wp-content/uploads/2015/01/DPLA-StrategicPlan_2015-2017-Jan7.pdf,Digital Public Library of America ist online,,xml_bibl,W6917837751,offline_title_fuzzy,0.896167723749119
7715_a12,7715,NA,Corpora and Corpus-Based Morpho-Lexical Processing Tufis; Barbu; M.; V.; G.; C 1997,Corpora and Corpus-Based Morpho-Lexical Processing 37 Corpora and Corpus-Based Morpho-Lexical Processing,,anystyle,W7100418308,offline_title_fuzzy,0.896153846153846
7730_a4,7730,NA,Second Language Instruction Does Make a Difference: Evidence from an Empirical Study of SL Relativization Doughty; Graaf 1991 1997,Second Language Instruction Does Make a Difference,,anystyle,W2156989642,offline_title_fuzzy,0.896153846153846
571_a5,571,NA,Association for Literary and Linguistic Computing and the Association for Computers and the Humanities 2004-06-11,Association for literary and linguistic computing,,anystyle,W4253658194,offline_title_fuzzy,0.896078431372549
624_a13,624,NA,Association for Literary and Linguistic Computing and the Association for Computers and the Humanities 2004-06-11,Association for literary and linguistic computing,,anystyle,W4253658194,offline_title_fuzzy,0.896078431372549
6309_r11,6309,NA,"Orlando: Women’s Writing in the British Isles from the Beginnings to the Present. Eds. Susan Brown, Patricia Clements and Isobel Grundy. Cambridge: Cambridge University Press. 2006-2016. [Textbase. Updated semi-annually.] orlando.cambridge.org/.","Orlando: Women's Writing in the British Isles from the Beginnings to the Present, edited by Susan Brown, Patricia Clements, and Isobel Grundy",,xml_bibl,W1984482795,offline_title_fuzzy,0.896063982118535
4082_a6,4082,NA,The Science Question in Feminism and the Privilege of Partial Perspective Haraway 1988,The Science Question in Feminism. S. Harding.,,anystyle,W2303162483,offline_title_fuzzy,0.896020874103066
4111_a1,4111,NA,"Amended Settlement Agreement: Authors Guild, Inc., et al., v Google Inc 2009",AMENDED SETTLEMENT AGREEMENT TABLE OF CONTENTS,,anystyle,W7097117625,offline_title_fuzzy,0.896008400093335
10138_r5,10138,NA,"KB, Nationale Bibliotheek. Blog | KB LAB http://lab.kb.nl/about-us/blog (accessed 3 April 2019b).","KB, nationale bibliotheek",,xml_bibl,W4410284681,offline_title_fuzzy,0.896
1065_a1,1065,NA,Toward a Critical Technical Practice Agre 1997,Toward a Critical Technical Practice: Lessons Learned in Trying to Reform AI,,anystyle,W2556006062,offline_title_fuzzy,0.896
8504_a3,8504,NA,Subjective Understanding Carbonell 1979,Subjective understandings of young people’s agency,,anystyle,W3156826412,offline_title_fuzzy,0.896
2043_a15,2043,NA,"The Past in the Present: Part I Epistemological challenges of computer-assisted teaching, Part II Sweeny 1997/8",The past in the present: The Russian exodus to Georgia and the temporalities of misfitting,,anystyle,W7131062855,offline_title_fuzzy,0.895925632112619
643_a5,643,NA,"Hypertext, and the History of Writing",Hypertext and the History of Psychology: A Computer Application,,anystyle,W4251494219,offline_title_fuzzy,0.895919098822325
8038_a33,8038,NA,Causal Cohesion and Story Coherence Strategies of Discourse Comprehension Trabasso; Secco; Broek 1984 1983,Causal Cohesion and Story Coherence.,,anystyle,W2125762518,offline_title_fuzzy,0.895890410958904
642_a20,642,NA,Textual Images and Visual Readings Biblioteca Cervantes 2,Textual Images and Visual Texts. Comparative Languages,,anystyle,W2768403249,offline_title_fuzzy,0.895857979649699
1240_a19,1240,NA,An integrated model for multiple annotations and its application in a linguistic domain',An Integrated Model for Simulating Activities and Optimizing Space Function in Educational Facility,,anystyle,W3140813895,offline_title_fuzzy,0.895830762968279
1242_a97,1242,NA,Architecture in Medieval India: The Tughluqs',"Architecture in Medieval India: Forms, Contexts, Histories",,anystyle,W571905688,offline_title_fuzzy,0.895827666990458
6539_r5,6539,NA,"Biblioteca Virtual Miguel de Cervantes (1999) . Biblioteca Virtual Miguel de Cervantes, http://www.cervantesvirtual.com/ (Accessed 22 Sep. 2017).",Biblioteca Virtual Miguel de Cervantes : Miguel de Cervantes,,xml_bibl,W7036514666,offline_title_fuzzy,0.895818048422597
1680_a4,1680,NA,"The Piers Plowman Electronic Archive, Vol 7: Bodleian Library Ms Rawlinson Poetry 38 (R Langland 2011","The Piers Plowman Electronic Archive, Vol. 8: Cambridge, Cambridge University Library MS Gg.4.31 (G)",,anystyle,W7135895953,offline_title_fuzzy,0.895799446863277
619_a9,619,NA,Technology and Literary Theory Guidelines for Electronic 1997,Technology and Literary Criticism,,anystyle,W4415506443,offline_title_fuzzy,0.895725108225108
10917_r7,10917,NA,"Shannon, Claude Elwood / Weaver, Warren (1963):The Mathematical Theory of Communication Champaign: Illinois University Press.","Shannon, Claude Elwood / Weaver, Warren: The Mathematical Theory of Communication",,xml_bibl,W3106425328,offline_title_fuzzy,0.895704003598741
1680_a1,1680,NA,"A Progress Report on The Piers Plowman Electronic Archive, Digital Medievalist Duggan; Lyman 2004",A PROGRESS REPORT ON THE DEVELOPMENT OF AN ARTIFICIAL HEART.,,anystyle,W2410462615,offline_title_fuzzy,0.89565825194728
1926_a5,1926,NA,What stakeholders think of enhanced publications Sondervan 2014 2013,What Stakeholders Think About Moving To Secondary School,,anystyle,W2970311953,offline_title_fuzzy,0.895528792912514
10006_r7,10006,NA,"EDR: Epigraphic Database Roma, http://www.edr-edr.it/ (accessed November 12, 2018).",EDR - Epigraphic Database Roma Epidoc files,,xml_bibl,W6911955410,offline_title_fuzzy,0.895521064301552
10033_r3,10033,NA,"Roy Rosenzweig Center for History and New Media (CHNM). “Digital History and Argument.” White Paper. November 13, 2017.",Roy Rosenzweig Center for History and New Media Website Archive,,xml_bibl,W6903771659,offline_title_fuzzy,0.895497835497836
1855_a4,1855,NA,Le Psautier d'Arundel : une nouvelle édition Section 13: Philologie textuelle et éditoriale Pignatelli; Lavrentiev 2013 2013-07,Le Psautier d'Arundel : une nouvelle édition,,anystyle,W2599597162,offline_title_fuzzy,0.895454545454546
897_a10,897,NA,Guidelines for Editors of Scholarly Editions,Guidelines for Editors of the IEEE Computer Society,,anystyle,W4233607073,offline_title_fuzzy,0.895431091096726
1868_a4,1868,NA,Guidelines for Editors of Scholarly Editions 2011 2011,Guidelines for Editors of the IEEE Computer Society,,anystyle,W4233607073,offline_title_fuzzy,0.895431091096726
1802_a2,1802,NA,Initial Thoughts on the Google Books Ngram Viewer and Datasets Cohen 2010,INITIAL THOUGHTS ON THE DESIGN OF A CABLE-STAYED BRIDGE.,,anystyle,W2139664412,offline_title_fuzzy,0.895430007780238
710_a2,710,NA,Algirdas Julien Greimas: Du sens II: Essais sémiotiques In,Algirdas Julien Greimas et la science des signes,,anystyle,W7064010116,offline_title_fuzzy,0.895395327942498
2089_a3,2089,NA,Arabic Papyri and Islamic Egypt. The Oxford Handbook of Papyrology Sijpesteijn 2009,Arabic Papyri and Islamic Egypt,,anystyle,W2296501099,offline_title_fuzzy,0.895384615384615
3871_a3,3871,NA,TextTiling: Segmenting Text into Hearst 1997,TextTiling: segmenting text into multi-paragraph subtopic passages,,anystyle,W1828401780,offline_title_fuzzy,0.895384615384615
3953_a2,3953,NA,Representations of Sentences and Documents,Representations of Sentence Meaning in the Brain,,anystyle,W6906308057,offline_title_fuzzy,0.895357142857143
4166_a8,4166,NA,Technology Resources and Tools for Digital Humanities,TECHNOLOGY RESOURCES AND DIGITAL COMPETITION INITIAL TEACHER,,anystyle,W185925328,offline_title_fuzzy,0.895298742138365
587_a6,587,NA,Iconography and iconology: An introduction to the study of Renaissance art Panofsky 1955,Iconography and iconology in Caravaggio a catholic key to understanding the works,,anystyle,W7077314316,offline_title_fuzzy,0.895262399317466
1866_a9,1866,NA,Is There Anybody Out There? Building a global Digital Humanities community Galina 2013,Is there anybody out there? - social inclusion through education and training,,anystyle,W7118151771,offline_title_fuzzy,0.89525396237725
1912_a9,1912,NA,Is There Anybody Out There? Building a global Digital Humanities community Galina 2013,Is there anybody out there? - social inclusion through education and training,,anystyle,W7118151771,offline_title_fuzzy,0.89525396237725
1994_a6,1994,NA,Is There Anybody Out There? Building a Global Digital Humanities Community Galina 2013-07-19 2013-09-04,Is there anybody out there? - social inclusion through education and training,,anystyle,W7118151771,offline_title_fuzzy,0.89525396237725
1994_a8,1994,NA,Is There Anybody Out There? Building a Global Digital Humanities Community Galina 2013-07-19 2013-09-04,Is there anybody out there? - social inclusion through education and training,,anystyle,W7118151771,offline_title_fuzzy,0.89525396237725
7915_a11,7915,NA,Image-based Electronic Editing of Alfred the Great’s Boethius,Image-based Electronic Editions,,anystyle,W7095707297,offline_title_fuzzy,0.895187731359069
2452_r2,2452,NA,"Bentkowska-Kafel, A., Denard, H. and Baker, D., (Eds.) (2012). P aradata and Transparency in Virtual Heritage. England, UK: Ashgate","BENTKOWSKA-KAFEL, A., DENARD, H. and DREW, B. Paradata and Transparency in Virtual Heritage, Farnham: Ashgate, 2012.",,xml_bibl,W1533744417,offline_title_fuzzy,0.895143528925406
1840_a8,1840,NA,In the eyes of the beholder: Virtual Reality Recreations and academia Favro 2006,In the Eyes of the Beholder: Undergraduates' Perception of Relevance,,anystyle,W4292772285,offline_title_fuzzy,0.895117137764197
6309_r9,6309,NA,"Borders, Boundaries and Frames. Ed. M.G. Henderson. Routledge, 1995.","Borders, Boundaries, and Frames",,xml_bibl,W2914867767,offline_title_fuzzy,0.895081967213115
1004_a31,1004,NA,The Case for Sidney Rigdon as Reynolds 2005,The Case for Sidney Rigdon as Author of the Lectures on Faith,,anystyle,W326516887,offline_title_fuzzy,0.895081967213115
1148_a13,1148,NA,'Shakespeare and Other English 2009,"Shakespeare and Other English Dramatists at Cambridge, Ca. 1700",,anystyle,W2329463210,offline_title_fuzzy,0.895081967213115
1589_a2,1589,NA,Konzeption Und Entwicklung Eines Plug-in Basierenden SOAP-Services Für Die Ähnlichkeitsanalyse Im Text-Text-Link-Editor Artes 2012,Konzeption und Entwicklung der Serverseite eines Systems zur Wartung einer iBeacon-Installation in der Bibliothek der TH Wildau,,anystyle,W7029691349,offline_title_fuzzy,0.894970389730695
430_a8,430,NA,Out of praxis: three (meta) theories of textuality. Electronic Text: Investigations in Method and Theory Renear 1997,Out of Praxis: Three (Meta)Theories of Textuality,,anystyle,W2491223616,offline_title_fuzzy,0.894949494949495
7741_a4,7741,NA,'The Stylistic Analysis of the Divine Comedy in Modern Literary Scholarship' ROBEY 1980,The Stylistic Analysis of the Magazine Advertisement----Atkins Chocolate Chip Granola Bar,,anystyle,W2029049985,offline_title_fuzzy,0.894864495138093
3997_a11,3997,NA,"Accessibility, Usability, and Inclusion: Related Aspects of a Web for All' 2016","Accessibility, Usability, and Social and Cultural Acceptance of Next-Generation Wireless Devices",,anystyle,W6884978567,offline_title_fuzzy,0.894848918290721
1783_a9,1783,NA,What Are You Going to Do with a Degree in That? Arguing for the Humanities in an Era of Efficiency Kent 2012 2012-07-01,What are you going to do with a degree in that?,,anystyle,W2003356901,offline_title_fuzzy,0.894845360824742
494_a6,494,NA,Massachusetts Society of Indexers Fall Conference,Massachusetts Society of Law and Medicine,,anystyle,W4235159544,offline_title_fuzzy,0.894770753829987
10797_r4,10797,NA,Digitalisierung der vollständigen deutschsprachigen Zeitungsbestände des 17. Jahrhunderts der Staats- und Universitätsbilbiothek Bremen: https://www.suub.uni-bremen.de/ueber-uns/projekte/alte-zeitungen/ [letzter Zugriff 14. Januar 2018],Digitalisierung der vollständigen deutschsprachigen Zeitungen des 17. Jahrhunderts in der SuUB Bremen: Ein Werkstattbericht,,xml_bibl,W1579993860,offline_title_fuzzy,0.894757342566134
2100_a4,2100,NA,A Macroanalytic View of Swedish Literature using Topic Modeling D.; M 2013,A macroanalytic view of the choral music of Vincent Persichetti.,,anystyle,W6992688591,offline_title_fuzzy,0.894708994708995
1902_a5,1902,NA,"Professional Development in Digital Preservation: a life-long requirement, DPE briefing paper Harvey 2007",Professional development during simulation-based learning: experiences and insights of preservice teachers,,anystyle,W4220824149,offline_title_fuzzy,0.894680977936792
10136_r17,10136,NA,The Library of Congress (2013). The Contextual Query Language. http://www.loc.gov/standards/sru/cql/.,THE LIBRARY OF CONGRESS AND THE FUTURE OF ITS CATALOGUE,,xml_bibl,W1972158752,offline_title_fuzzy,0.894680184085907
1084_a4,1084,NA,: conceptual blending and the mind’s hidden complexities,Conceptual Blending and Imagining Historical Time and Space,,anystyle,W2560301429,offline_title_fuzzy,0.894656308851224
768_a23,768,NA,Le Trésor de la Cathédrale des Saints Michel et Gudule à Bruxelles Strihou,Le Trésor de la Cathédrale de Liège,,anystyle,W7048291208,offline_title_fuzzy,0.894632034632035
6392_r2,6392,NA,"Edition Visualization Technology. (2013). Retrieved April, 27, 2018, from http://evt.labcd.unipi.it/",Edition Visualization Technology Project,,xml_bibl,W3212398733,offline_title_fuzzy,0.894625199362041
483_a1,483,NA,Deficits and Surpluses in Federated States: A Imbeau,Deficits and surpluses in federated states: A review of the Public Choice empirical literature,,anystyle,W7096282156,offline_title_fuzzy,0.894623655913979
1835_a25,1835,NA,"The role and necessity of coding skills in digital humanities program has been a subject of recent discussion, see",The Role and Necessity of Axillary Lymph Node Dissection in the Management of Stage I or II Breast Cancer,,anystyle,W2034159965,offline_title_fuzzy,0.894587650588016
1222_a3,1222,NA,Books and Reading in the Digital Age,Books and Reading in the Lives of Notable Americans,,anystyle,W4399965746,offline_title_fuzzy,0.894563279857398
662_a10,662,NA,Dickinson’s Correspondence with Text Mining and,Dickinson’s Correspondents and Others,,anystyle,W4393964493,offline_title_fuzzy,0.894561486050848
8003_a9,8003,NA,"Towards a New Generation of Terminological Resources: An Experiment in Building a Terminological Knowledge Base"" Meyer; Bowker; Eck 1992",Towards a new generation of terminological resources,,anystyle,W2115790015,offline_title_fuzzy,0.894545454545455
4036_a8,4036,NA,What we're learning from online education Koller 2012,What we're learning from continuous glucose monitoring,,anystyle,W168745995,offline_title_fuzzy,0.894527647030856
1478_a3,1478,NA,The Palaeography of Gothic Manuscript Books Derolez 2003,The Palaeography of Gothic Manuscript Books: From the Twelfth to the Early Sixteenth Century,,anystyle,W1520877188,offline_title_fuzzy,0.894505494505495
2096_a1,2096,NA,The Palaeography of Gothic Manuscript Books Derolez 2003,The Palaeography of Gothic Manuscript Books: From the Twelfth to the Early Sixteenth Century,,anystyle,W1520877188,offline_title_fuzzy,0.894505494505495
7958_a15,7958,NA,'Discontinuous Constituents in Hungarian from a Constructionist Perspective.' Kálmán; G 1996,Discontinuous constituents or independent constructions?,,anystyle,W2068502128,offline_title_fuzzy,0.894461082008252
2135_a2,2135,NA,Unsupervised Learning of Edit Distance Weights for Retrieving Historical Spelling Variations Hauser; Schulz 2007,Unsupervised Learning of Human Action Categories in Still Images with Deep Representations,,anystyle,W3004908934,offline_title_fuzzy,0.894358561460011
10745_r20,10745,NA,Digitalität in den Fachdidaktiken. Projektpräsentation im DHd-Blog ( http://dhd-blog.org/?p=6812),Digitalität in den Fachdidaktiken (DFd) – neues Projekt an der TU Darmstadt,,xml_bibl,W6955228566,offline_title_fuzzy,0.894339885466646
8450_a16,8450,NA,A Data Model for Versions Ross,A data model for versioned XML documents using XQuery,,anystyle,W2111179408,offline_title_fuzzy,0.89433962264151
2176_r10,2176,NA,Lesbian and Gay Liberation in Canada. (2015). http://www.lglc.ca/.,Lesbian and Gay Liberation in Canada: Representing the Dyke Dynamo,,xml_bibl,W2322472852,offline_title_fuzzy,0.894333958724203
489_a3,489,NA,Guidelines for Editors of Image-based Scholarly Editions,Guidelines for Editors of the IEEE Computer Society,,anystyle,W4233607073,offline_title_fuzzy,0.894291902807635
775_a11,775,NA,Guidelines for Editors of Image-based Scholarly Editions,Guidelines for Editors of the IEEE Computer Society,,anystyle,W4233607073,offline_title_fuzzy,0.894291902807635
1102_a5,1102,NA,Guidelines for Editors of Image-based Scholarly Editions,Guidelines for Editors of the IEEE Computer Society,,anystyle,W4233607073,offline_title_fuzzy,0.894291902807635
475_a1,475,NA,Perspectives on computer programming for the humanities Adams; Birnbaum 1997,Perspectives on computer-support of event space,,anystyle,W2563952611,offline_title_fuzzy,0.894290701514365
1942_a12,1942,NA,Do we want to keep our newspapers? In Do we want to keep our newspapers? Baker 2002,Do we want to keep our newspapers,,anystyle,W165723713,offline_title_fuzzy,0.894285714285714
1464_a2,1464,NA,Open Source Historical OCR: The OCRopodium Project Research and Advanced Technology for Digital Libraries Bryant; Blanke; Hedges; Palmer 2010,Open Source Historical OCR: The OCRopodium Project,,anystyle,W1484777764,offline_title_fuzzy,0.894230769230769
6607_a8,6607,NA,Dimensio syllabarum: Studien zur lateinischen Prosodie und Verslehre vone der Spätantike bus zur frühen Renaissance Leonhardt 1989,Dimensio syllabarum : Studien zur lateinischen Prosodie- und Verslehre von der Spätantike bis zur frühen Renaissance mit einem ausführlichen Quellenverzeichnis bis zum Jahr 1600,,anystyle,W570944612,offline_title_fuzzy,0.894192377495463
1865_a10,1865,NA,Qu'est-ce qu'un dispositif? In Michel Foucault philosophe Deleuze 1989 1988-01,Qu'est-ce qu'un dispositif (dans l'art contemporain) ?,,anystyle,W6936647009,offline_title_fuzzy,0.894190476190476
10444_r2,10444,NA,International Organization for Standardization (o. J.): Date and time format – ISO 8601. http://www.iso.org/iso/iso8601 [letzter Zugriff 15. Oktober 2015].,International Organization for Standardization Methods for Determination of Asbestos in Air,,xml_bibl,W420851539,offline_title_fuzzy,0.894139194139194
1870_a2,1870,NA,An Architecture for Complex Objects and their Relationships Lagoze; Payette; Shin; Wilper 2005,An architecture for comparative cognitive development,,anystyle,W2164543912,offline_title_fuzzy,0.894127332974981
6431_r5,6431,NA,"Foucault, Michel. La arqueología del saber. Buenos Aires: Siglo XXI Editores, 2002. Impreso.","Foucault, Michel, La arqueología del saber.",,xml_bibl,W6907626049,offline_title_fuzzy,0.894117647058824
642_a18,642,NA,Visual Knowledge: Textual Urbina 2005,Visual Knowledge: Textual Iconography of the Quixote,,anystyle,W2248354170,offline_title_fuzzy,0.894117647058824
1516_a10,1516,NA,Crowdsourcing cultural heritage: UCL’s Transcribe Bentham project. Presented at: Seeing Is Believing: New Technologies For Cultural Heritage Terras 2010,Crowdsourcing cultural heritage: UCL's Transcribe Bentham project,,anystyle,W1890901584,offline_title_fuzzy,0.894117647058824
8434_a1,8434,NA,Problems in Decipherment 1989,Problems in Decipherment [Review of: T.G. Palaima (1995) -],,anystyle,W2576329374,offline_title_fuzzy,0.894117647058824
1869_a33,1869,NA,"Research Infrastructures for the Digital Humanities, ESF Science Policy Briefing 42 Moulin; Nyhan; Ciula 2011",Research infrastructures in developing countries: The Brazilian case,,anystyle,W2971754648,offline_title_fuzzy,0.894099190458856
191_a10,191,NA,Studia jezykoznawcze. Wyb'r prac opublikowanych w jezyku polskim [Linguistic studies. Selected papers published in Polish,Studia językoznawcze : wybór prac opublikowanych w języku polskim,,anystyle,W617289407,offline_title_fuzzy,0.894081248318537
6564_r3,6564,NA,"Centro Nacional de Memoria Histórica. “Seminario Internacional Archivos Para La Paz.” Centro Nacional de Memoria Histórica, 2014. http://www.centrodememoriahistorica.gov.co/centro-audiovisual/videos/seminario-internacional-archivos-para-la-paz.","Centro Nacional de Memoria Histórica (CNMH). Hasta encontrarlos. El drama de la desaparición forzada en Colombia. Bogotá: CNMH, 2016. 425 páginas.",,xml_bibl,W7046005514,offline_title_fuzzy,0.89400551638014
690_a6,690,NA,Application of Optical Music Recognition technologies for the development of OCVE” Fujinaga 2006-03-17,Application of Optical Measurement Methods in the Field of Civil Engineering,,anystyle,W4367593914,offline_title_fuzzy,0.893978303246038
1858_a4,1858,10.1145/2494266.2494304.,Early Modern OCR Project (eMOP) at Texas A&M University: Using Aletheia to Train Tesseract Torabi; Durgan; Tarpley 2013 2013-10-31,Early modern OCR project (eMOP) at Texas A&amp;M University,,anystyle,W2009268117,offline_title_fuzzy,0.893964692295001
2073_a18,2073,NA,Early Modern OCR Project (eMOP) at Texas A&M University: Using Aletheia to Train Tesseract Torabi; Durgan; Tarpley 2013 2013-09-11,Early modern OCR project (eMOP) at Texas A&amp;M University,,anystyle,W2009268117,offline_title_fuzzy,0.893964692295001
64_a5,64,NA,L'analisi informatica dei testi Bolasco 1997,L'anàlisi informàtica dels fets de Sants. Premsa_QLT,,anystyle,W4411064152,offline_title_fuzzy,0.893925712665489
511_a15,511,NA,Hypertext and Hypermedia: Returning to Our Diverse Roots,Hypertext and hypermedia systems in information retrieval,,anystyle,W800843293,offline_title_fuzzy,0.893893627349005
1095_a7,1095,NA,Synonym Dictionary Improvement through 2005,Synonym Dictionary Improvement through Markov Clustering and Clustering Stability,,anystyle,W11253727,offline_title_fuzzy,0.893827160493827
1025_a7,1025,NA,"Multi-dimensional texts in a onedimensional medium, Computers and the Humanities Huitfeldt 1994",Multi-dimensional texts in a one-dimensional medium,,anystyle,W2061569511,offline_title_fuzzy,0.893819806403574
1835_a23,1835,NA,Humanities and Academic Change,Humanities and Academic Cultures: Towards Dialogue,,anystyle,W7118021509,offline_title_fuzzy,0.893809523809524
2665_r7,2665,NA,"Piketty, T. (2014). Capital in the Twenty-First Century. [online] Harvard University Press. Available at: .",Общественная наука и проблема неравенства. Рецензия на книгу: Piketty T. (2014) Capital in the 21st Century. N.Y.: Belknap Press. Third Edition,,xml_bibl,W2570921520,offline_title_fuzzy,0.893749446570706
7718_a3,7718,NA,"Lyrical Drama and the ""Turbid Montebanks"": Styles of Dialogue in Romantic andRenaissance Tragedy.Computers & the Humanities Burrows; Craig 1994",Lyrical drama and the “turbid mountebanks”: Styles of dialogue in romantic and renaissance tragedy,,anystyle,W2074095561,offline_title_fuzzy,0.893648528099911
1386_a16,1386,NA,National Hydrography Dataset United States Geological Survey (link Survey,National Hydrography Dataset (NHD) - High-Resolution - Minnesota,,anystyle,W2909895447,offline_title_fuzzy,0.893569459614084
1208_a6,1208,NA,La communication dans la République des lettres/Forms of Communication in the,La communication dans la rencontre amoureuse et la vie en couple,,anystyle,W2902095560,offline_title_fuzzy,0.893553956636584
8041_a4,8041,NA,Disputed Authorship: 30 Biographies and Six Reputed Authors Gurney; Gurney 1996 June 25-29,Disputed Authorship: 30 Biographies and Six Reputed Authors. A New Analysis by Full-Text Lemmatization of the ‘Historia Augusta’,,anystyle,W7097594693,offline_title_fuzzy,0.893548387096774
1275_a4,1275,NA,"A multi-institutional study of exhibition interactives in science centers and museums, ” Unpublished evaluation report Falk; Dierking; Heimlich; Scott; Rennie 2002",A Multi-Institutional Study on Peer Instruction: Evaluating Text-Chat with Assigned Group Members vs Verbal Discussion,,anystyle,W7128767864,offline_title_fuzzy,0.893524446567925
167_r10,167,NA,XSL Transformations (XSLT) Version 1.0. W3C Recommendation 16 November 1999 1999,XSL Transformations (XSLT) Version 1.0,,xml_biblstruct,W13024833,offline_title_fuzzy,0.893506493506494
2151_a22,2151,NA,Integrating Technologies and Work Processes for Effective Digital Imaging Toth 2010-10,Integrating Technologies for Effective Knowledge Management,,anystyle,W2002293693,offline_title_fuzzy,0.893489245836587
1435_a17,1435,NA,"A Hybrid Approach to Part-of-Speech Tagging, Final report. Project ‘Kollokationen im Wörterbuch’ Jurish 2003",A hybrid approach to part-of-speech tagging,,anystyle,W7097850861,offline_title_fuzzy,0.893478260869565
602_a7,602,NA,Advancing the Utility of the Kendall 2005,Advancing the utility of bedside airway assessment,,anystyle,W4405997167,offline_title_fuzzy,0.893449735449736
2478_r9,2478,NA,"TEI: Text Encoding Initiative [Online]. Available at: http://www.tei-c.org/index.xml (accessed: November 1, 2015).",TEI (Text Encoding Initiative),,xml_bibl,W7034091640,offline_title_fuzzy,0.893333333333333
167_r3,167,NA,"Document Object Model (DOM) Level 3 Core Specification. Version 1.0. W3C Working Draft 01 September, 2000 2000",Document Object Model (DOM) level 2 core specification,,xml_biblstruct,W6981253294,offline_title_fuzzy,0.893296703296703
6522_r6,6522,NA,"Hine, C.. (2000). Etnografía virtual. UOC, Barcelona.","Hine, C. (2000) Etnografía virtual. Barcelona: Editorial UOC. ISBN: 84-9788-019-6",,xml_bibl,W2946883722,offline_title_fuzzy,0.893275217932752
10586_r6,10586,NA,DORA: San Francisco Declaration on Research Assessment: Putting science into the assessment of researchhttp://www.ascb.org/dora/.,DORA: San Francisco Declaration on Research Assessment (May 2013),,xml_bibl,W2339528355,offline_title_fuzzy,0.893233482940824
167_r4,167,NA,Extensible Markup Language (XML) 1.0 (Second Edition). W3C Recommendation 6 October 2000 2000,Extensible Markup Language (Xml) 1.0 Specifications: From the W3c Recommendations,,xml_biblstruct,W117692269,offline_title_fuzzy,0.893161548596331
1448_a1,1448,NA,"Web 2.0, library 2.0 and radical trust: A first take Fichter 2006 April 2","Web 2.0, Library 2.0, and the future of library systems",,anystyle,W2289052707,offline_title_fuzzy,0.893157232704403
2078_a5,2078,NA,Data Center for the Humanities (DCH,Data-Center-for-the-Humanities/GAL_workshop_2025-03-27: v1.0.0,,anystyle,W6912162671,offline_title_fuzzy,0.893153326904532
3865_a5,3865,NA,Data Center for the Humanities (n.d,Data-Center-for-the-Humanities/GAL_workshop_2025-03-27: v1.0.0,,anystyle,W6912162671,offline_title_fuzzy,0.893153326904532
1163_a6,1163,NA,IFLA Study Group on the Functional,IFLA Study Group on the Functional Requirements for Bibliographic Records,,anystyle,W7095242053,offline_title_fuzzy,0.893150684931507
1183_a13,1183,NA,'Enduring Access to Digitized Books,Enduring Access to Digitized Books: Organizational and Technical Framework,,anystyle,W2020086202,offline_title_fuzzy,0.893150684931507
801_a1,801,NA,Entity-based Cross-document Bagga; Baldwin,Entity-Based Cross-Document Coreferencing Using the Vector,,anystyle,W7095469328,offline_title_fuzzy,0.893103448275862
1507_a12,1507,NA,Measuring Differentiability Koppel; Schler; Bonchek-Dokow 2007,Measuring Differentiability: Unmasking Pseudonymous Authors,,anystyle,W2164873076,offline_title_fuzzy,0.893103448275862
1065_a13,1065,NA,Intelligence Approaches to Happiness and Beauty,INTELLIGENCE: APPROACHES TO CLASSIFICATION,,anystyle,W3131127928,offline_title_fuzzy,0.892887450776886
1639_a6,1639,NA,Electronic Textual Editing: Digital Facsimiles in Editing Kiernan 2006,Electronic textual editing,,anystyle,W640273511,offline_title_fuzzy,0.892857142857143
1835_a4,1835,NA,The Teaching of the Arts and Humanities at,The Teaching of the Arts and the National Education Systems. Presentation,,anystyle,W7034504949,offline_title_fuzzy,0.892857142857143
3895_a4,3895,NA,Online Reading Communities Foasberg 2012,Online Reading Communities: From Book Clubs to Book Blogs,,anystyle,W1575378530,offline_title_fuzzy,0.892857142857143
1242_a57,1242,NA,'A study on preservation for the old city of Fez 2005,A Study on Preservation of Chicken Products,,anystyle,W221952157,offline_title_fuzzy,0.892855572049041
1238_a5,1238,NA,Knowledge Technology in the First Age of Print',Knowledge Technology in Pre-Hospital Emergency Management,,anystyle,W15961147,offline_title_fuzzy,0.892852226005098
3907_a17,3907,NA,National Endowment for the Humanities (NEH Data Management Plans for NEH Office of Digital Humanities Proposals and Awards 2017,National Endowment for the Humanities and the German Research Foundation award $1.67 million to international digital humanities projects,,anystyle,W6955239391,offline_title_fuzzy,0.892776338941925
2019_a14,2019,NA,Corpus-based investigations on German support verb constructions Idioms and collocations. Corpus-based linguistic and lexicographic studies Storrer 2007,Corpus-based Investigations on German Support Verb Constructions,,anystyle,W2900427464,offline_title_fuzzy,0.892753623188406
970_a9,970,NA,Stylochronometry: Stylistic Development Stamou 2008,"Stylochronometry: Stylistic Development, Sequence of Composition, and Relative Dating",,anystyle,W2070302330,offline_title_fuzzy,0.892682926829268
1977_a10,1977,NA,Edición Digital Y Edición Impresa: La Obra Satírica De Quevedo Marigno 2012,Edición digital y edición crítica,,anystyle,W1966223243,offline_title_fuzzy,0.892607426726279
2357_r12,2357,NA,W3C Semantic Web Activity Homepage. (n.d.). http://www.w3.org/2001/sw/ (accessed 13 October 2014).,W3C Semantic Web Activity,,xml_bibl,W4239548829,offline_title_fuzzy,0.892592592592593
1106_a3,1106,NA,Technical Summary of the William Blake Archive,Technical Summary of the Rubber Dam,,anystyle,W2393250380,offline_title_fuzzy,0.892570627128832
1526_a1,1526,NA,"Automatic standardization of texts containing spelling variation, how much training data do you need?In M Baron; Rayson 2009",Automatic standardization of data for personal identification using deep learning in dental panoramic X-ray images,,anystyle,W2954408919,offline_title_fuzzy,0.892516869095817
488_a3,488,NA,Conference of the Association for Humanities Computing and the Association for Literary and Linguistic Computing,Conference of the Association Française de Nutrition. Light and shadow in the world of nutrition.,,anystyle,W2244517944,offline_title_fuzzy,0.892410192147034
3884_a11,3884,NA,Computer Communication and Informatics (ICCCI-2014,Computer Communication and Networks in Education,,anystyle,W1980482667,offline_title_fuzzy,0.892382742570713
1183_a1,1183,NA,Blue Ribbon Task Force on Sustainable,Blue Ribbon Task Force on Teachers and Students final report,,anystyle,W7017650463,offline_title_fuzzy,0.892372372372372
545_a10,545,NA,University of Edinburgh Institute for Advanced Studies in the Humanities 2003,University of Edinburgh: List of Candidates Who Passed Final Examination,,anystyle,W7034501384,offline_title_fuzzy,0.892347417840376
8011_a2,8011,NA,Journal d'un curé de campagne Oeuvres Romanesques Bibliothèque de la Pléiade Bernanos; Albert Béguin 1935 1961,"""Journal d'un curé de campagne"", Georges Bernanos / Danièle Renaud,...",,anystyle,W7029615325,offline_title_fuzzy,0.892337438230449
1329_a3,1329,NA,Constructing Integrated Digital Archive Using Ontology and User Community BABA 2007,Constructing Integrated Writing Assignments for the IS Curriculum,,anystyle,W2989896858,offline_title_fuzzy,0.892334839527781
972_a15,972,NA,"Network Structures in Proximity Data, The Psychology of Learning and Motivation 1989",Network Structures in Proximity Data,,anystyle,W1541024927,offline_title_fuzzy,0.892307692307692
1470_a2,1470,NA,Placenames Database of Ireland:http://www.logainm.ie,Placenames database of Ireland: Bunachar logainmneacha na hÉireann,,anystyle,W6922327712,offline_title_fuzzy,0.892307692307692
10456_r1,10456,NA,Universitätsbibliothek der Humboldt-Universität zu Berlin (o. J.): Fu-PusH. Future Publications in the Humanities https://www2.hu-berlin.de/fupush/ [letzter Zugriff 06. Januar 2016].,Universitätsbibliothek der Humboldt-Universität zu Berlin - Zentralbibliothek Naturwissenschaften,,xml_bibl,W6925598702,offline_title_fuzzy,0.892234935163997
3837_a2,3837,NA,Extracting the musical schemas of traditional Japanese folk songs from Kyushu district Kawase 2016,"Extracting the Musical Schema from Traditional Japanese, Chinese and German Folk Songs.",,anystyle,W2406618060,offline_title_fuzzy,0.89222252621979
1598_a24,1598,NA,Conclusions and Further Research Web search multidisciplinary perspectives Spink; Zimmer 2008,Conclusions and further research paths,,anystyle,W4405224048,offline_title_fuzzy,0.892176386913229
1459_a7,1459,NA,Increasing the usage of endangered languages archives in the years to come Trilsbeek; König 2011,Increasing the Usage of Open Hypermedia Systems: A Developer-Side Approach,,anystyle,W7095968015,offline_title_fuzzy,0.892079359202647
1737_a3,1737,NA,"The humanities, done digitally. The Chronicle of Higher Education Fitzpatrick 2011","The Humanities, Done Digitally",,anystyle,W2495591595,offline_title_fuzzy,0.892063492063492
380_a4,380,NA,'The Darwin Correspondence Project: evolution of an electronic resource' Pearn 1999,THE DARWIN CORRESPONDENCE PROJECT: LETTERS FROM 1871,,anystyle,W2021257827,offline_title_fuzzy,0.891986359761296
6366_r3,6366,NA,"BENTKOWSKA-KAFEL, A., DENARD, H. & BAKER, D. 2012. Paradata and Transparency in Virtual Heritage, Burlington, Ashgate.","BENTKOWSKA-KAFEL, A., DENARD, H. and DREW, B. Paradata and Transparency in Virtual Heritage, Farnham: Ashgate, 2012.",,xml_bibl,W1533744417,offline_title_fuzzy,0.891920122887865
10779_r4,10779,NA,"Bentkowska-Kafel, A./ Denard, H. / Baker, D. (2012). Paradata and Transparency in Virtual Heritage, Burlington, Ashgate.","BENTKOWSKA-KAFEL, A., DENARD, H. and DREW, B. Paradata and Transparency in Virtual Heritage, Farnham: Ashgate, 2012.",,xml_bibl,W1533744417,offline_title_fuzzy,0.891920122887865
987_a6,987,NA,The Evolving Field of New-style Prosopography,The Evolving Field of Neuropathic Pain,,anystyle,W2043797122,offline_title_fuzzy,0.891893274853801
1074_a5,1074,NA,The Evolving Field of New-style Prosopography,The Evolving Field of Neuropathic Pain,,anystyle,W2043797122,offline_title_fuzzy,0.891893274853801
7901_a17,7901,NA,Primary Multimedia Objects and 'Educational Metadata': a Fundamental Dilemma for Developers of Multimedia Archives,Primary Multimedia Objects and 'Educational Metadata',,anystyle,W2015537768,offline_title_fuzzy,0.891891891891892
811_a4,811,NA,End-users in Academia: Meeting the Information Herman,End‐users in academia: meeting the information needs of university researchers in an electronic age,,anystyle,W1997404165,offline_title_fuzzy,0.891836734693878
1572_a10,1572,NA,Software Environment for the Advancement of Scholarly Research Meandre 2011,Software environment for evaluating performance of space-time CDMA receivers,,anystyle,W2147931234,offline_title_fuzzy,0.891821219715957
1068_a4,1068,NA,Experience the International Bederson 2008,Experience the International Astronautical Congress — with NASA!,,anystyle,W2970650207,offline_title_fuzzy,0.891803278688525
1402_a2,1402,NA,"ODD as a generic specification platform, Text encoding in the era of mass digitization Romary 2009",ODD as a generic specification platform,,anystyle,W1134494879,offline_title_fuzzy,0.891764705882353
2103_a14,2103,NA,Die Hieroglyphen der Maya Handschriften. Abhandlungen aus dem Gebiet der Auslandskunde Zimmermann 1956,Die Hieroglyphen der Maya-Handschriften,,anystyle,W2028133267,offline_title_fuzzy,0.891764705882353
796_a36,796,NA,Heterogeneous Authorship in Early Merriam,Heterogeneous authorship in early Shakespeare and the problem of Henry V,,anystyle,W1988574380,offline_title_fuzzy,0.891666666666667
3850_a1,3850,NA,Using TEI for an Endangered Language Lexical,Using TEI for an Endangered Language Lexical Resource: The Nxaʔamxcín Database-Dictionary Project,,anystyle,W1562657930,offline_title_fuzzy,0.891666666666667
1065_a9,1065,NA,On the Nature of Creativity and the Possibility of Creative Computer Programs’,On the nature of creative processes: performativity as a missing algorithm.,,anystyle,W2977741666,offline_title_fuzzy,0.89164442863073
418_a10,418,NA,Recent Progress in Computer Methods of Authorship Determination Ule 1982,[Recent progress in computer-assisted laboratory diagnosis].,,anystyle,W2408968335,offline_title_fuzzy,0.891635338345865
7717_a10,7717,NA,Recent Progress in Computer Methods of Authorship Determination Ule 1982,[Recent progress in computer-assisted laboratory diagnosis].,,anystyle,W2408968335,offline_title_fuzzy,0.891635338345865
7999_a24,7999,NA,Recent Progress in Computer Methods of Authorship Determination Ule 1982,[Recent progress in computer-assisted laboratory diagnosis].,,anystyle,W2408968335,offline_title_fuzzy,0.891635338345865
8012_a28,8012,NA,Recent Progress in Computer Methods of Authorship Determination Ule 1982,[Recent progress in computer-assisted laboratory diagnosis].,,anystyle,W2408968335,offline_title_fuzzy,0.891635338345865
1708_a17,1708,NA,Between Language and Literature: Digital Text Exploration Sinclair; Rockwell 2009,BETWEEN LANGUAGE AND LITERATURE: LINGUISTIC VARIATION AND THE TEACHING OF SPANISH,,anystyle,W4388619993,offline_title_fuzzy,0.891597035040431
1333_a9,1333,NA,Text Encoding Initiative. P5: Guidelines for Electronic Text Encoding and Interchange,Text Encoding Initiative: P5 Guidelines,,anystyle,W6918147759,offline_title_fuzzy,0.891566265060241
626_a38,626,NA,Forensic Linguistics: The Contribution of Humanities Computing Hunyadi 2002,Forensic linguistics: the importance of language in interrogations,,anystyle,W7066307925,offline_title_fuzzy,0.891564396012277
19_a4,19,NA,Chinese Character Analysis Group 1980 1980,Chinese Character Analysis on Multi-syllable Perspective,,anystyle,W2361650847,offline_title_fuzzy,0.891561059907834
837_a9,837,NA,Software and Technology archive 2007,Software and Technology Standards as Tools,,anystyle,W4283166798,offline_title_fuzzy,0.891551459293395
11019_r9,11019,NA,"Wikipedia, Die freie Enzyklopädie (2019): „Google Books“. [16.6.2019 / 25.9.2019].",Wikipedia die freie Enzyklopädie,,xml_bibl,W7071709163,offline_title_fuzzy,0.891428571428572
4040_a5,4040,NA,Collaboration and Infrastructure A New Companion to Digital Humanities Edmond 2015,Collaboration and Infrastructure,,anystyle,W2278165074,offline_title_fuzzy,0.891428571428572
10555_r2,10555,NA,"Engel, Manfred / Auerochs, Bernd (2010): Kafka-Handbuch. Leben – Werk – Wirkung. Stuttgart: Metzler.","Engel, Manfred/Auerochs, Bernd (Hgg.): Kafka-Handbuch. Leben, Werk, Wirkung",,xml_bibl,W2515563567,offline_title_fuzzy,0.891402629233512
1315_a9,1315,NA,It's Not Information Overload. It's Filter Failure Shirky 2008,"It's not information overload, nor is it filter failure: It's a discovery deficit",,anystyle,W4392436842,offline_title_fuzzy,0.891397571686903
1890_a9,1890,NA,Supporting Digital Humanities Creating Sustainable Digital Community Heritage Resources Using Linked Data Wallace; Tait; MacLeod; Mellish; Hunter 2011,Supporting Digital Humanities in the Library: Creating Sustainable and\nScalable Services,,anystyle,W7093507563,offline_title_fuzzy,0.891385281385281
879_a5,879,NA,"Statistical Evidence on Active Citizenship in Ireland, Background Working Paper Active Citizenship 2007",Statistical Evidence on the Gender Gap in Law Firm Partner Compensation,,anystyle,W1520872026,offline_title_fuzzy,0.891303719754424
2751_r15,2751,NA,United Nations General Assembly. International Covenant on the Elimination of All Forms of Racial Discrimination. United Nations. http://www.ohchr.org/EN/ProfessionalInterest/Pages/CERD.aspx (accessed 4 August 2014).,United Nations General Assembly: Optional Protocol to the Convention on the Elimination of All Forms of Discrimination against Women,,xml_bibl,W4249387430,offline_title_fuzzy,0.891301344965467
4092_a11,4092,NA,The Rise of the Robots: Technology and the Threat of Mass Unemployment Ford 2015,The Rise of the Robots: Technocapitalism and the Policing of Race,,anystyle,W4200432779,offline_title_fuzzy,0.891295289855072
2056_a16,2056,NA,The End of the Beginning: A Reply to Christopher Prendergast.Distant Reading Moretti 2013,The end of the beginning: the SPIRT recordkeeping metadata project,,anystyle,W2240914663,offline_title_fuzzy,0.891282051282051
7837_a18,7837,NA,Notes sur la tradition des épitres de S. Bernard Recueil d'études sur saint Bernard et ses écrits (4 vols Leclercq 1969,Notes sur la tradition des Épîtres de S. Bernard,,anystyle,W2152602868,offline_title_fuzzy,0.89126213592233
684_a9,684,NA,Photovoice: A Participatory Wang 1999,Photovoice: A participatory method for information science,,anystyle,W2106787271,offline_title_fuzzy,0.891228070175439
4069_a3,4069,NA,"Computer simulations and the trading zone. The Disunity of Science: Boundaries, Contexts, And Power Galison 1996",Computer simulations and integral equation study of a two length scale core-softened fluid,,anystyle,W3184060306,offline_title_fuzzy,0.891198830409357
10433_r1,10433,NA,ICARUS = International Centre for Archival Research (2001-2016): Monasterium.net. Virtuelles Urkundenarchiv http://icar-us.eu/cooperation/online-portals/monasterium-net.,"ICARUS (International Centre for Archival Research) – Skupština i sastanak, Zagreb, 28-30. lipnja 2010.",,xml_bibl,W253470221,offline_title_fuzzy,0.891180395063882
977_a8,977,NA,Beyond Productivity: Information 2003,"Beyond productivity : information technology, innovation, and creativity",,anystyle,W7036312139,offline_title_fuzzy,0.891176470588235
635_a15,635,NA,"La construction du savoir scientifique dans la langue, Maison des Sciences Humaines Workshop 2004-10-20",La construction du savoir scientifique (voir lien vidéo),,anystyle,W4416027704,offline_title_fuzzy,0.89113640469738
753_a4,753,NA,Representation and Processing of Goddag Structures: Implementation Strategies and Progress Report Huitfeldt; Sperberg-McQueen,Representation and Processing of Multi-Word Expressions in First and Second Language Speakers,,anystyle,W4386029535,offline_title_fuzzy,0.891079858379229
1616_a9,1616,NA,"Understanding the Electronic Scholarly Edition in the Context of New and Emerging Social Media: Selected, Annotated Bibliographies Siemens; Timney; Leitch; Koolen; Garnett 2012",Understanding the Electronic Structure of Isoindigo\nin Conjugated Systems: A Combined Theoretical and Experimental Approach.,,anystyle,W6959450569,offline_title_fuzzy,0.891042392566783
626_a64,626,NA,Forensic Linguistic Examination of Anonymous Communications Musilova 1993,Forensic Linguistic Examination of a Documentary Text: Foreign Experience,,anystyle,W4200005470,offline_title_fuzzy,0.891018610834164
856_a12,856,NA,Politics of Search Engines Matters,Politics of Search Engines and Knowledge Management,,anystyle,W2772312518,offline_title_fuzzy,0.891018342820999
571_a7,571,NA,Translation of Multilingual Markup in XML Pei-Chi 2000 2000-10,Translation of multilingual films in Iran in Persian dubbing,,anystyle,W4313451751,offline_title_fuzzy,0.890979888746256
11810_r3,11810,NA,"Macaulay, Thomas Babington. (1835). “Minute on Education.” 1835. http://www.columbia.edu/itc/mealac/pritchett/00generallinks/macaulay/txt_minute_education_1835.html.","Macaulay, Thomas Babington",,xml_bibl,W3108601717,offline_title_fuzzy,0.890909090909091
818_a8,818,NA,Homeri Ilias Cum Scholiis Comparetti,"Homeri Ilias cum scholiis Codex Venetus A, Marcianus 454",,anystyle,W7082723653,offline_title_fuzzy,0.890909090909091
8414_a7,8414,NA,Guidelines for Electronic al,Guidelines for electronic text encoding and interchange,,anystyle,W1485490758,offline_title_fuzzy,0.890909090909091
2090_a3,2090,NA,A Data Integration Framework with Full Spectrum Fusion Capabilities Antunes; Malyuta; Stover 2009-08,A Data Integration Framework for e-Commerce Product Classification,,anystyle,W2164180916,offline_title_fuzzy,0.890845771144279
7959_a13,7959,NA,Reflections on Academic Discourse from a Lexicographic Point of View Hollósy 1993 1993,Reflections on Academic Discourse: How It Relates to Freshmen and Colleagues,,anystyle,W139563348,offline_title_fuzzy,0.890772143340095
505_a10,505,NA,An analytical history of digital resource creation and computing in the humanities,An analytical history of state regulation of gas and electric utilities in Illinois /,,anystyle,W6998512984,offline_title_fuzzy,0.890770398667842
542_a33,542,NA,An analytical history of digital resource creation and computing in the humanities,An analytical history of state regulation of gas and electric utilities in Illinois /,,anystyle,W6998512984,offline_title_fuzzy,0.890770398667842
1586_a12,1586,NA,This material is based upon work supported by a National Endowment for the Humanities Digital Humanities Start-Up Grant,This material is based upon work supported by the National Science Foundation under Grant 0083127,,anystyle,W7101110212,offline_title_fuzzy,0.890706094996574
1799_a5,1799,NA,Pointless Babble or Enabled Backchannel Ross; Terras; Warwick; Welsh 2010,Pointless Babble or Enabled Backchannel: Conference Use of Twitter by Digital Humanists,,anystyle,W2188280210,offline_title_fuzzy,0.890697674418605
1041_a5,1041,NA,Hertzian Tales: Electronic Products Dunne 2005,"Hertzian Tales: Electronic Products, Aesthetic Experience, and Critical Design",,anystyle,W1607227060,offline_title_fuzzy,0.890666666666667
1711_a3,1711,NA,"Underspecified, Ambiguous or Formal Eide 2012","Underspecified, Ambiguous or Formal. Problems in Creating Maps Based on Texts.",,anystyle,W2885803958,offline_title_fuzzy,0.890666666666667
10801_r4,10801,NA,Biblioteca Virtual Miguel de Cervantes (1999): Biblioteca Virtual Miguel de Cervantes [online]. Available at: http://www.cervantesvirtual.com/ [Accessed 22 Sep. 2017].,Biblioteca Virtual Miguel de Cervantes: libros que se leen pero no se tocan,,xml_bibl,W2558756488,offline_title_fuzzy,0.890660193432471
608_a1,608,NA,National Research Priorities and Associated Priority Goals for 2004 2005,"National Research Prioritisation Exercise: First Progress Report, June 2014",,anystyle,W2248151347,offline_title_fuzzy,0.890659127602423
3841_a17,3841,NA,In the eyes of the beholder. Virtual Reality re-creations and academia Favro 2006 2004,"IN THE EYES OF THE BEHOLDER: RACE, PLACE, AND HEALTH",,anystyle,W4312102581,offline_title_fuzzy,0.890653652765454
629_a9,629,NA,Framework for Migrating Electronic Literature,Framework for migrating deployed serverless applications,,anystyle,W6963560632,offline_title_fuzzy,0.890634920634921
1075_a1,1075,NA,Evaluating the Authorial Chen 2009,Evaluating the Authorial Leverage of Drama Management,,anystyle,W87819667,offline_title_fuzzy,0.890566037735849
2150_a2,2150,NA,An Approach to Analysing Working Practices of Research Communities in the Humanities Benardou; P.; C 2013,An Approach to Analysing Water Consumers’ Acceptance of Risk-Reduction Costs,,anystyle,W3096826965,offline_title_fuzzy,0.890476190476191
3814_a7,3814,NA,A Quantitative Comparative Analysis for Saikaku and Dansui's Works Uesaka 2015,A Quantitative Comparative Analysis of Residents’ Attitudes Towards Cultural Events in Greece,,anystyle,W4226022811,offline_title_fuzzy,0.890403332058311
1866_a11,1866,NA,The call of the canon. Why art history cannot do wituhou” Making Art History. A changing discipline and its institutions Halbertsma 2007,The call of the canon: why art history cannot do without,,anystyle,W2978280920,offline_title_fuzzy,0.89038073038073
525_a31,525,NA,Authorship Determination Using Letter Pair Kjell,Authorship Determination Using Letter Pair Frequency Features with Neural Network Classifiers,,anystyle,W2002156209,offline_title_fuzzy,0.890322580645161
11022_r19,11022,NA,"Sandig, Barbara (2006): Textstilistik der deutschen Sprache. 2. völlig neu bearbeitete und erweiterte Auflage. Berlin / Boston: De Gruyter.","Sandig, Barbara. 2006. Textstilistik des Deutschen. 2., völlig neu bearb. u. erw. Aufl. Berlin, New York: Walter de Gruyter. xiii, 584 S",,xml_bibl,W2076007596,offline_title_fuzzy,0.890243624772313
1604_a9,1604,NA,The Anthropology (and Archaeology) of Numbers. The Henry Meyers Lecture 2012. held at Royal Anthropological Institute Hacking 2012,"The anthropology and archaeology collection of the National Cultural History Museum, Pretoria",,anystyle,W2769624002,offline_title_fuzzy,0.890238378397286
851_a20,851,NA,Gender Dimensions of the Free/Libre Open Source Software,Gender Dimensions of the U.S. Consumer Borrowing Expansion,,anystyle,W2067559924,offline_title_fuzzy,0.890216232069536
1608_a10,1608,NA,Thematic Research Collections. In A Companion to Digital Humanities Palmer 2004,Thematic research collections and women's studies,,anystyle,W2067317282,offline_title_fuzzy,0.890197897340755
1809_a8,1809,NA,The sensemaking process and leverage points for analyst technology as identified through cognitive task analysis Pirolli; Card 2005,The Sensemaking Process of Users in Response to an Innovation: A Meso-level Qualitative Analysis,,anystyle,W2331514597,offline_title_fuzzy,0.890187969924812
11716_r15,11716,NA,"Proceedings of the Third Workshop on Beyond Vision and LANguage: inTEgrating Real-world kNowledge (LANTERN), 2021.",Proceedings of the Third Workshop on Agents and Robots for reliable Engineered Autonomy,,xml_bibl,W4387218604,offline_title_fuzzy,0.890183974917889
7916_a6,7916,NA,Presentation at Digital Resources for the Humanities (DRH01,Presentation at Digital History Switzerland 2024 conference,,anystyle,W7111593896,offline_title_fuzzy,0.89016925297296
8430_a6,8430,NA,Some Simple Measures of Richness of Vocabulary” Honore,Some Simple Measures of Fuzzy Information,,anystyle,W2426535475,offline_title_fuzzy,0.890150333728401
8495_a4,8495,NA,Some simple measures of richness of vocabulary Honoré 1979,Some Simple Measures of Fuzzy Information,,anystyle,W2426535475,offline_title_fuzzy,0.890150333728401
738_a12,738,NA,Europe’s Last Red Terrorists: The Kassimeris,Europe's last Red terrorists: the Revolutionary Organization 17 November,,anystyle,W608519786,offline_title_fuzzy,0.890140845070423
439_a10,439,NA,Psycholinguistische Grundlagen der Wortschatzarbeit Kielhöfer 1996,Psycholinguistische Grundlagen einer Rezeptiven Grammatik des Deutschen,,anystyle,W51918990,offline_title_fuzzy,0.890113228389947
2049_a2,2049,NA,"Serendipity and Information Seeking: An Empirical Study Tagging and Searching – Serendipity and museum collection databases Allen Edward Foster; Ford; Chan 2003 April 11-14, 2007",Serendipity and information seeking: an empirical study,,anystyle,W2011698639,offline_title_fuzzy,0.89
10062_r4,10062,NA,"“Memorandum of Understanding for the implementation of the COST Action Distant Reading for European Literary History (DISTANT-READING) CA16204”. Brussels, COST Association. June 2017.","Memorandum of Understanding for the implementation of the COST Action ""Building on scientific literacy in evolution towards scientifically responsible Europeans"" (EuroScitizen) CA17127",,xml_bibl,W6931000587,offline_title_fuzzy,0.889971595655806
1741_a12,1741,NA,Digital Cultural Heritage Awards for Crowdsourcing (and Thoughts on Gamification Holley 2012,Digital Cultural Heritage as a Strategic Resource for Innovations,,anystyle,W4393012138,offline_title_fuzzy,0.889847452125933
636_a9,636,NA,Digital Humanities The Credibility of Siemens 2002,Digital humanities: The case study of Arabic dialectology,,anystyle,W2991106820,offline_title_fuzzy,0.88983268983269
1956_a1,1956,NA,Buenos tiempos para las Humanidades Digitales en español Baraibar 2013,Buenos tiempos para las teles,,anystyle,W35548701,offline_title_fuzzy,0.889778325123153
4000_a9,4000,NA,"Designing a Digital Humanities Initiative: Background & Campus DH Survey"" Visconti 2016 2016-09-09",Designing a Digital Humanities Lab.,,anystyle,W2892831769,offline_title_fuzzy,0.889769820971867
1665_a2,1665,NA,Job Opportunities for Digital Humanities Program Graduates 2012-07,Job Opportunities for Dissertators,,anystyle,W3145479937,offline_title_fuzzy,0.889728932325281
1866_a20,1866,NA,"Digital Art History: An Examination of Consciencie”, Digital Art History. Special double issue Visual Resources Ortega 2013 2013-03",Digital Art History: An Examination of Conscience,,anystyle,W2051121054,offline_title_fuzzy,0.889719626168224
19_a2,19,NA,A New Strategy for Dealing with Missing Chinese Characters App; Wittern 1996 1996-02,A New Strategy for Dealing With Social Loafers on the Group Project,,anystyle,W2103911856,offline_title_fuzzy,0.889667524446732
883_a15,883,NA,Exemplary Online Educators B; M 2005,Exemplary Online Educators: Creating a Community of Inquiry,,anystyle,W1897330800,offline_title_fuzzy,0.889655172413793
4019_a5,4019,NA,‘Tangible Pasts': User-centred Design of a 2013,‘Tangible Pasts’: User-centred Design of a Mixed Reality Application for Cultural Heritage,,anystyle,W4414380942,offline_title_fuzzy,0.889655172413793
1276_a5,1276,NA,Editorial Teamwork in a Digital Environment Pierazzo 2010,Editorial teamwork in a digital environment: the edition of the correspondence of Giacomo Puccini,,anystyle,W2597071889,offline_title_fuzzy,0.889583333333333
795_a33,795,NA,Research: Techniques and Procedures for Developing,Research Techniques and Approaches,,anystyle,W2501634125,offline_title_fuzzy,0.889528714711691
991_a40,991,NA,Research: Techniques and Procedures for Developing,Research Techniques and Approaches,,anystyle,W2501634125,offline_title_fuzzy,0.889528714711691
8510_a8,8510,NA,And Quiet Flows the Don Through the Computer Kjetsså,And quiet flows the Don; a novel,,anystyle,W7054651820,offline_title_fuzzy,0.889513413706962
10590_r16,10590,NA,"Wasserman, Stanley / Faust, Katherine (1994): Social Network Analysis: Methods and Applications. New York: Cambridge University Press.","Wasserman Stanley, Faust Katherine, Social network analysis : methods and applications.",,xml_bibl,W7053367493,offline_title_fuzzy,0.889430894308943
4136_a3,4136,NA,Why Creating a Digital Library for the Chaplin 2015,Why Creating a Digital Library for the History of Medicine is Harder than You’d Think!,,anystyle,W2413343793,offline_title_fuzzy,0.889411764705883
149_a7,149,NA,Availability of alternate representations in parsing Dyer 2000,Availability of alternative positions and estimates of consensus,,anystyle,W1970854686,offline_title_fuzzy,0.889346358428805
1868_a10,1868,NA,"University of Virginia, Evaluating Digital Scholarship, Promotion & Tenure Cases Unsworth 2001",University of Virginia experimental and theoretical high energy physics,,anystyle,W96542804,offline_title_fuzzy,0.889286008448351
1913_a1,1913,NA,"Acculturation and the Digital Humanities Community. Digital Humanities Pedagogy: Practices, Principles and Politics Rockwell; Sinclair 2012",Acculturation and the Digital Humanities Community,,anystyle,W4249976704,offline_title_fuzzy,0.889285714285714
2073_a15,2073,NA,"Acculturation and the Digital Humanities Community. “ Digital Humanities Pedagogy: Practices, Principles and Politics Rockwell; Sinclair 2012",Acculturation and the Digital Humanities Community,,anystyle,W4249976704,offline_title_fuzzy,0.889285714285714
1493_a10,1493,NA,Mémoire sur l’établissement du texte de la Vulgate. 1re partie: Octateuque Quentin 1922,Mémoire sur l'etablissement du pénitencier central pour les jeunes délinquants.,,anystyle,W7067355036,offline_title_fuzzy,0.889261097325613
9769_r1,9769,NA,"Apache Software Foundation (2019), Apache Kafka, https://kafka.apache.org/ (accessed on April 25 2019.)",Apache Software Foundation (ASF) and The Apache Way,,xml_bibl,W6902400535,offline_title_fuzzy,0.889214053998387
2104_a11,2104,NA,The Museum of Musical Instruments Leipzig 2013,THE MUSEUM OF MUSICAL INSTRUMENTS IS A PRECIOUS TREASURE OF KAZAKH CULTURE,,anystyle,W7021209117,offline_title_fuzzy,0.889189189189189
3826_a4,3826,NA,The Politics of Myth: A Study of C Ellwood 1999,"The Politics of Myth: A Study of C.G. Jung, Mircea Eliade, and Joseph Campbell",,anystyle,W1974094103,offline_title_fuzzy,0.889189189189189
4076_a15,4076,NA,La voz entrecortada de los versos Martínez Fernández 2010,La voz entrecortada de los versos: nuevos estudios sobre el encabalgamiento,,anystyle,W55688926,offline_title_fuzzy,0.889189189189189
499_a20,499,NA,The World on Paper: The Conceptual and Olson,The World on Paper: The Conceptual and Cognitive Implications of Writing and Reading,,anystyle,W2335104577,offline_title_fuzzy,0.889156626506024
1833_a5,1833,NA,Authorship Attribution”.Foundations and Trends in Information Retrieval Juola 2006,Authorship attribution for textual data on online social networks,,anystyle,W2787549918,offline_title_fuzzy,0.889118951224214
6513_r1,6513,NA,Organización de las Naciones Unidas (2003). “Carta sobre la preservación del patrimonio digital”. París.,Organización de las Naciones Unidas para la Agricultura y la Alimentación F.A.O.,,xml_bibl,W2282162270,offline_title_fuzzy,0.889065422593414
10507_r12,10507,NA,Université Paris-Est Marne-la-Vallée (o.J.): Unitex http://igm.univ-mlv.fr/~unitex/UnitexManual3.1.pdf [letzter Zugriff 05. Oktober 2015].,Université Paris-Est Marne-La-Vallée - UPEM,,xml_bibl,W7053580709,offline_title_fuzzy,0.888978079654214
1493_a6,1493,NA,The Calculus of Variants Greg 1927,The calculus of variants an essay on textual criticism,,anystyle,W7082735815,offline_title_fuzzy,0.888888888888889
1964_a7,1964,NA,"Evaluating Collaborative Digital Scholarship (or, Where Credit is Due).Journal of Digital Humanities 1 Nowviskie 2012",Evaluating Collaborative Digital Scholarship,,anystyle,W6925550977,offline_title_fuzzy,0.888888888888889
3859_a26,3859,NA,La révision en production écrite enregistrée Temps de l'écriture: enregistrements et représentations Sullivan; Lindgren 2014,La révision en production écrite enregistrée,,anystyle,W1488997931,offline_title_fuzzy,0.888888888888889
7741_a14,7741,NA,'The Fiore and the Comedy: some computerized comparisons' 1997,The Fiore and the Comedy:,,anystyle,W2974697536,offline_title_fuzzy,0.888888888888889
1508_a8,1508,NA,"Using terrestrial laser scanning and digital images for the 3D modelling of the Erechteion, Acropolis of Athens El-Hakim; Beraldin; Remondino; Picard; Cournoyer; Baltsavias 2008",Using Terrestrial Laser Scanning for the Recognition and Promotion of High-Alpine Geomorphosites,,anystyle,W1997647038,offline_title_fuzzy,0.888807882192714
3865_a11,3865,NA,Management von Forschungsdaten als strategische Aufgabe der Hochschulleitungen 2014 2014-05,Management von Forschungsdaten: Start des Projekts „Data Life-Cycle Management“,,anystyle,W6962713738,offline_title_fuzzy,0.888773616734143
3783_a16,3783,NA,Conceptual Metaphor. The contemporary theory of metaphor [1993 Lakoff 2006,Conceptual Metaphor - the Controversial Case of Embodied Thought,,anystyle,W2613064726,offline_title_fuzzy,0.888744788237876
1861_a13,1861,NA,Electronic Manipulation of European Texts about Conflicts of Jurisdiction : a Semantic Web Tool Gonzalez 1997 1997-11,Electronic manipulation of DNA and proteins for potential nano-bio circuit assembly,,anystyle,W2032800544,offline_title_fuzzy,0.88867865349343
2151_a5,2151,NA,"National Endowment for the Humanities, Making Medieval Modern - Digitizing medieval manuscripts at the Walters Art Museum 2012-04-09",National Endowment for the Humanities Institutes for Second‐Language Teachers: The Purdue Model,,anystyle,W2147602116,offline_title_fuzzy,0.8886593121988
39_a4,39,NA,"Manual of Information to Accompany 'A Standard Sample of Present-Day Edited American English, for Use with Digital Computers'"" Francis; Kucera 1964","Manual of information to accompany the Lancaster-Oslo : Bergen Corpus of British English, for use with digital computers",,anystyle,W591184081,offline_title_fuzzy,0.888654196441082
4022_a8,4022,NA,"Mapping the Emotions of London, 1700-1900: A 2016","Mapping the Emotions of London in Fiction, 1700–1900: A Crowdsourcing Experiment",,anystyle,W2904176810,offline_title_fuzzy,0.888644688644689
4022_a5,4022,NA,Literary Mapping in the Digital Age. Digital Research in the Arts and Humanities 2016,Literary mapping in the digital age,,anystyle,W7001865878,offline_title_fuzzy,0.888607594936709
11812_r4,11812,NA,Biodiversity Literature Repository (2013). Biodiversity Literature Repository [Project] https://zenodo.org/record/3475439.,Biodiversity Literature Repository: a repository and gateway to data in publications,,xml_bibl,W7134885853,offline_title_fuzzy,0.888532609635097
9163_a24,9163,NA,"Computers and the Humanities, and the Association for Literary and Linguistic Computing",Computers and the humanities official journal of the Association for Computers and the Humanities,,anystyle,W7036574126,offline_title_fuzzy,0.888494965236154
1086_a8,1086,NA,Manuscripts as sources for linguistic research: A methodological case study based on the Mirror of Lights Grund 2006,Manuscripts as Sources for Linguistic Research,,anystyle,W2058439621,offline_title_fuzzy,0.888461538461539
1960_a7,1960,NA,Towards a theory of game / responses” Pearce 2004,Towards a theory of game-based non-equilibrium control systems,,anystyle,W1966940688,offline_title_fuzzy,0.888448047840837
294_r1,294,NA,"Hélène Cixous, ""The Laugh of the Medusa"" in Signs: Journal of Women in Culture and Society 1:4 (1976) 883.","Hélène Cixous, ‘The Laugh of the Medusa', Revised Version (1976)",,xml_bibl,W4416069617,offline_title_fuzzy,0.888377618550032
2055_a8,2055,NA,Mapping the Republic of Letters: Navigating Big Data from the Early Modern Period 2012,"Mapping the Republic of Letters, A Narrative Panorama",,anystyle,W6908448346,offline_title_fuzzy,0.888359728506787
724_a15,724,NA,Society for Computers in Learning in Tertairy Education,"Society for Computers in Education (APSCE), was",,anystyle,W7100204261,offline_title_fuzzy,0.888321678321678
1727_a3,1727,NA,Visualization of social networks. Handbook of Social Network Technologies and Applications Chen; Yang 2010,Visualization of social network based on particle swarm optimization,,anystyle,W2382020235,offline_title_fuzzy,0.888305518836748
6475_r30,6475,NA,"University of Alberta. ""Courses"". 2015. October 13, 2017. < https://www.ualberta.ca/interdisciplinary-studies/humanities-computing/huco-courses>.",University of Alberta Concert Choir,,xml_bibl,W6940521821,offline_title_fuzzy,0.888239631336406
7901_a5,7901,NA,Classroom of the Future: Enhancing Education through Augmented Reality,Classroom Of The Future: Teaching In A Media-Rich Environment,,anystyle,W1987552830,offline_title_fuzzy,0.888208168642951
70_a3,70,NA,Survey of the State of Art in Human Language Technology Varile; Zampolli 1996,Survey of the state of affairs in diesel engine control,,anystyle,W2897135722,offline_title_fuzzy,0.888181818181818
806_a9,806,NA,Theorie und Praxis einer modernen Klassiker-Edition Kleists,Theorie und Praxis einer engagierten Geographie,,anystyle,W7071455593,offline_title_fuzzy,0.888129392509868
11797_r3,11797,NA,Actually Existing Democracy.” Print.,Actually-Existing Democracy and Libraries: A Mapping Exercise,,xml_bibl,W3205994036,offline_title_fuzzy,0.888106060606061
6274_r6,6274,NA,"Ministerio de Educación, Cultura y Deporte (2017). Plan de fomento de las industrias culturales y creativas, Madrid: Subdirección General de Documentación y Publicaciones.","Ministerio de Educación, Cultura y Deportes. Dirección General de Asuntos Indígenas. 2001. Guía pedagógica pemón para la educación intercultural bilingüe. Caracas: MECD-CVG-EDELCA. 73 pp.",,xml_bibl,W1534647923,offline_title_fuzzy,0.888092992735279
433_a6,433,NA,Interpretative modelling as a tool in the investigation of the architectural heritage,Interpretative modelling of the architectural heritage: information and visualisation issues,,anystyle,W165346140,offline_title_fuzzy,0.888069577481342
1234_a5,1234,NA,Literaturwissenschaft auf dem Weg zu den neuen Medien,Literaturwissenschaft Auswahl aus den Neuerwerbungen,,anystyle,W7011173587,offline_title_fuzzy,0.888019044921944
725_a9,725,NA,"Université Paris-Sorbonne Abstract available at <http://www.allc-ach2006.colloque s.paris-sorbonne.fr/DHs.pdf>(accessed 15 2006 July 5-9, 2006",Université Paris Sorbonne-Paris IV,,anystyle,W7099798214,offline_title_fuzzy,0.888015995872033
762_a1,762,NA,"Digital Futures I: Museum Collections, Digital Cameron","Digital Futures I: Museum Collections, Digital Technologies, and the Cultural Construction of Knowledge",,anystyle,W2027618893,offline_title_fuzzy,0.888
768_a7,768,NA,Manuscript Variation in Multiple O’Donnell,MANUSCRIPT VARIATION IN THE CANTERBURY TALES,,anystyle,W6983255153,offline_title_fuzzy,0.887987012987013
864_a6,864,NA,Issues of Valency and Meaning,Issues of valency and meaning : studies in honour of JarmilaPanevová,,anystyle,W2743970633,offline_title_fuzzy,0.887878787878788
2049_a1,2049,NA,"A novel approach to hybrid recommendation systems, Information Kardan; Ebrahimi",A novel approach to hybrid propulsion transfers,,anystyle,W180214630,offline_title_fuzzy,0.887856893716677
1608_a8,1608,NA,Joint Information Systems Committee Report Splashes and Ripples: Synthesizing the Evidence on the Impacts of Digital Resources Meyer 2011,JOINT INFORMATION SYSTEMS COMMITTEE INVITATION TO TENDER e-Research Tools and Resources Interoperability Study,,anystyle,W7095649456,offline_title_fuzzy,0.887810621062106
229_r3,229,NA,"The International Symposium on Music Information Retrieval, 23-25 October, 2000, Plymouth, MA 2000","The international symposium on Amazonia : report on a study tour to Belem, Brazil",,xml_biblstruct,W2578435168,offline_title_fuzzy,0.887806873977087
259_r5,259,NA,"The International Symposium on Music Information Retrieval, 23-25 October, 2000, Plymouth, MA 2000","The international symposium on Amazonia : report on a study tour to Belem, Brazil",,xml_biblstruct,W2578435168,offline_title_fuzzy,0.887806873977087
1211_a5,1211,NA,Digital History: A Guide to Gathering,"Digital history: a guide to gathering, preserving, and presenting the past on the Web",,anystyle,W1502187416,offline_title_fuzzy,0.887804878048781
1219_a1,1219,NA,Digital History: A Guide to Gathering,"Digital history: a guide to gathering, preserving, and presenting the past on the Web",,anystyle,W1502187416,offline_title_fuzzy,0.887804878048781
7082_a5,7082,NA,"``Recent development in full text database applications (in Japanese),'' Negishi 1992",Recent Development in Fuzzy Database Systems and Applications,,anystyle,W2237990052,offline_title_fuzzy,0.887790811106617
6301_r15,6301,NA,———. “Rapport Sur La Trouvaille de Deir El Bahari.” Bulletin de l’Institut Egyptien 2 Series 2 (1881): 129–69.,Rapport sur la trouvaille de Deir-el-Bahari,,xml_bibl,W6959607402,offline_title_fuzzy,0.887755102040816
1966_a7,1966,NA,The Full-Spectrum Text-Analysis Spreadsheet Multivariate analysis and the study of style variation Hoover 2013 2003,The Full-Spectrum Text-Analysis Spreadsheet.,,anystyle,W2886417752,offline_title_fuzzy,0.887755102040816
715_a2,715,NA,Support for XML Markup of Dekhtyar,Support for XML markup of image-based electronic editions,,anystyle,W2014007504,offline_title_fuzzy,0.887719298245614
951_a1,951,NA,"A Selective Approach to the Communication and Archival of Scientific Output, 1",A selective approach to the treatment of acute scrotum in children,,anystyle,W1992577434,offline_title_fuzzy,0.887662337662338
3872_a20,3872,NA,"Sciences, Humanities and Arts Networked Technology Initiatives","SCIENCES, HUMANITIES, AND THE PLACE OF LINGUISTICS",,anystyle,W1963855575,offline_title_fuzzy,0.88759213368916
453_a4,453,NA,Open Access and Semantic Web,Open Access and Semantic Web SW Applications for Open publishing,,anystyle,W7096894719,offline_title_fuzzy,0.8875
795_a29,795,NA,Reports from the Front: Six Perspectives on Porter,Reports from the front: Six perspectives on scholar's information requirements in the digital age,,anystyle,W1986008570,offline_title_fuzzy,0.8875
1869_a7,1869,NA,"Scholarly Open Access Research in European Philosophy, CIP-Pilot Action 2010",Scholarly Open Access Research in Philosophy: Limits and Horizons of a European Innovative Project.,,anystyle,W2886342536,offline_title_fuzzy,0.887433076323313
1045_a13,1045,NA,"Digital Resources in the Arts and Humanities, Final Report to the Arts and Humanities Research Council","Digital Resources in the Humanities: Past, Present and Future. Towards a Universal Digital Library for the Humanities",,anystyle,W2295822161,offline_title_fuzzy,0.887417057495223
3833_a15,3833,NA,Digital Humanities and Dickinson's ‘Tell': Recounting Poetic Encounter Lein 2015 2015-01,Digital humanities and digital repositories,,anystyle,W1965638244,offline_title_fuzzy,0.887388638204327
7742_a3,7742,NA,Computers and the American Linguistic Atlas Kretzschmar 1988,Computers and the Americans With Disabilities Act: A Manager's Guide,,anystyle,W2258056430,offline_title_fuzzy,0.887388638204327
1914_a2,1914,NA,A Program for Interactive Collation of Large Textual Traditions Robinson 1991 1991-03 1994,A program for interactive computation in linear systems theory Final report,,anystyle,W2755436768,offline_title_fuzzy,0.887338345864662
991_a13,991,NA,The Dreams Our Stuff Is Made Of Disch 1998,The dreams our stuff is made of how science fiction conquered the world,,anystyle,W7027927422,offline_title_fuzzy,0.887323943661972
1019_a3,1019,NA,The Bible with Sources Revealed Friedman,The Bible with sources revealed : a new view into the five books of Moses,,anystyle,W649323476,offline_title_fuzzy,0.887323943661972
9969_r4,9969,NA,Free Software Foundation (2018). GNU Wget https://www.gnu.org/software/wget/ (accessed 25 November 2018).,Free Software Foundation,,xml_bibl,W7028727490,offline_title_fuzzy,0.887272727272727
525_a12,525,NA,Analysing for Authorship Farringdon,Analysing for authorship : a guide to the cusum technique,,anystyle,W1563142988,offline_title_fuzzy,0.887272727272727
2029_a18,2029,NA,The Art of Rube Goldberg Goldberg 2013,The Art of Rube Goldberg: (A) Inventive (B) Cartoon (C) Genius,,anystyle,W608926432,offline_title_fuzzy,0.887272727272727
402_a10,402,NA,Authorship Attribution and the Book of Mormon: A Case Study in Stylometric Techniques Holmes 1990,Authorship attribution and feature testing for Chinese short emails,,anystyle,W2464038378,offline_title_fuzzy,0.887266050698887
7_a1,7,NA,An evaluation of the Computers in Teaching Initiative and Teaching and Learning Technology Support Network 1998,An evaluation of the competences and abilities of the production engineer in the industrial environment,,anystyle,W6977313228,offline_title_fuzzy,0.887237018083977
995_a15,995,NA,Harvesting Translingual Vocabulary Larson 2002,Harvesting translingual vocabulary mappings for multilingual digital libraries,,anystyle,W4246331251,offline_title_fuzzy,0.887179487179487
953_a7,953,NA,Literary Scholarship in the McGann 2002,Literary Scholarship in Late Imperial RussiaAndy BYFORD,,anystyle,W4244864765,offline_title_fuzzy,0.887138047138047
1675_a11,1675,NA,Combinatorial identities. Wiley series in probability and mathematical statistics Riordan 1968,Combinatorial identities associated with Bernstein type basis functions,,anystyle,W2483713506,offline_title_fuzzy,0.887137053087757
10958_r4,10958,NA,"Deutsche Nationalbibliothek (2012–2019): GND – Gemeinsame Normdatei, https://www.dnb.de/gnd",Deutsche Nationalbibliothek,,xml_bibl,W4250889277,offline_title_fuzzy,0.887096774193548
3895_a12,3895,NA,Words with Friends: Socially Nakamura 2013,“Words with Friends”: Socially Networked Reading on<i>Goodreads</i>,,anystyle,W2077040928,offline_title_fuzzy,0.887096774193548
109_a6,109,NA,Image Description at the William Blake Archive Kraus,Image description at the lateral geniculate body level,,anystyle,W2020300402,offline_title_fuzzy,0.887061191626409
7724_a6,7724,NA,A co-word analysis of scientometrics Courtial 1994,A co-word analysis of Scientific Integrity field in China,,anystyle,W2386018891,offline_title_fuzzy,0.887001594896332
751_a4,751,NA,Keyword Extraction and Critical Analysis with Virginia Woolf’s,Keyword Extraction and Classification,,anystyle,W2920358471,offline_title_fuzzy,0.886922406277245
1460_a8,1460,NA,Rapid Prototyping to Support Experimental History Turkel; Elliott 2010 2010-04-30,Rapid Prototyping to Support Flexible Computer Integrated Manufacturing,,anystyle,W90144111,offline_title_fuzzy,0.886897784220853
1295_a1,1295,NA,Experiments in Automated Linking of TEI Transcripts to Manuscript Images Cayless 2008,EXPERIMENTS IN AUTOMATED HEALTH ASSESSMENT AND NOTIFICATION FOR THE SAPPHIRE,,anystyle,W7099785435,offline_title_fuzzy,0.886821219715957
1783_a16,1783,NA,Developing the Digital Humanities at the Open University Wilks 2011 2011-06,Developing the Digital Health Communication Maturity Model: Systematic Review,,anystyle,W4406947178,offline_title_fuzzy,0.88681425786689
871_a15,871,NA,New Directions in Middle High German Fournier,New Directions in Middle East Women's and Gender History,,anystyle,W2026391768,offline_title_fuzzy,0.886788048552754
10021_r9,10021,NA,"Netwerk Digitaal Erfgoed (NDE). Digital Heritage Network (DEN), http://www.den.nl (accessed 10 April 2019).",Netwerk Digitaal Erfgoed Nulmeting Bereik Digitaal Erfgoed,,xml_bibl,W6949881052,offline_title_fuzzy,0.886771376469618
10952_r4,10952,NA,Staatsbibliothek zu Berlin (2019a): https://www.gesamtkatalogderwiegendrucke.de [Access date 11 January 2019].,Staatsbibliothek zu Berlin,,xml_bibl,W2950106897,offline_title_fuzzy,0.886666666666667
10952_r5,10952,NA,Staatsbibliothek zu Berlin (2019b): https://tw.staatsbibliothek-berlin.de [Access date 11 January 2019].,Staatsbibliothek zu Berlin,,xml_bibl,W2950106897,offline_title_fuzzy,0.886666666666667
3872_a5,3872,NA,"Introduction: Did Somebody Say New Media?” in New Media, Old Media: A History and Theory Reader Chun 2006",Introduction: Did Somebody Say New Media?,,anystyle,W3022872500,offline_title_fuzzy,0.886666666666667
11931_r10,11931,NA,Music Encoding Initiative (2020).Guidelines. Mainz (accessed 8 January 2021).,Music Encoding Initiative (MEI),,xml_bibl,W7021107613,offline_title_fuzzy,0.886651835372636
1577_a1,1577,NA,The Design of a Performance Simulation System for Virtual Reality Gandy; Robertson; Price; Bailey 2005,The Design of a Performance-Oriented Fiscal Transfer in West Bengal,,anystyle,W1575862327,offline_title_fuzzy,0.886607135263852
1692_a6,1692,NA,Council on Library and Information Resources Scholarly Work in the Humanities and the Evolving Information Environment Brockman; Neumann; Palmer; Tidline 2001,Council on Library and Information Resources | Digital Library FederationThe Problem of Data,,anystyle,W7099586847,offline_title_fuzzy,0.88656819367867
3793_a4,3793,NA,Disciplined: Using Educational Terras 2006,"Disciplined: Using Educational Theory to Define ""Humanities Computing",,anystyle,W13138099,offline_title_fuzzy,0.886567164179104
7908_a4,7908,NA,Search Based Drama Management,Search-Based Drama Management in the Interactive Fiction Anchorhead ∗,,anystyle,W7098167815,offline_title_fuzzy,0.886567164179104
377_a2,377,NA,Le Trésor de la langue française: Dictionnaire de la langue du xixe et du xxe siècle Imbs 1971,Le Tresor de la Langue francaise: du &lt;&lt;grand chene&gt;&gt; au cyberespace,,anystyle,W1984477717,offline_title_fuzzy,0.886564840442852
11079_r3,11079,NA,Berlin-Brandenburgische Akademie der Wissenschaften (ed.) (2011-2018): Das DTA-Basisformat. http://www.deutschestextarchiv.de/doku/basisformat/ [letzter Zugriff 27. September 2019].,Berlin-Brandenburgische Akademie der Wissenschaften,,xml_bibl,W2794746432,offline_title_fuzzy,0.886440677966102
841_a6,841,NA,"Architecture for Research in Computing for Humanities through Research, Teaching, and Learning","ARCHITECTURE FOR RESEARCH, TRAINING AND EDUCATION IN CONTROL ENGINEERING",,anystyle,W4321847878,offline_title_fuzzy,0.886434206260581
4001_a5,4001,NA,Bridging Sts And Communication Studies Boczkowski; Lievrouw 2008,Bridging STS and communication studies: Scholarship on media and information technologies,,anystyle,W2619676755,offline_title_fuzzy,0.886363636363636
908_a19,908,NA,Paper prepared for the Forum on History of Computing at the ACM/SIGPLAN Second History of,Paper prepared for the forthcoming “Handbook on the Political Economy of War ” edited by,,anystyle,W7099293890,offline_title_fuzzy,0.886343247411324
495_a14,495,NA,Ad-hoc authorship attribution competition Juola,"Ad-hoc Authorship Attribution Competition, part of ALLC/ACH 2004 CNG Method with Weighted Voting",,anystyle,W7099386864,offline_title_fuzzy,0.886315789473684
1446_a3,1446,NA,Ad-Hoc Authorship Attribution Competition Juola 2004,"Ad-hoc Authorship Attribution Competition, part of ALLC/ACH 2004 CNG Method with Weighted Voting",,anystyle,W7099386864,offline_title_fuzzy,0.886315789473684
691_a3,691,NA,Defining Standards for Electronic Manuscript Catalogue,Defining Standards for End-of-Life Care,,anystyle,W2322049217,offline_title_fuzzy,0.886259666259666
1093_a1,1093,NA,Using MPEG-21 DIDL to Represent Complex Digital,Using MPEG-21 DIDL to Represent Complex Digital Objects in the Los Alamos National Laboratory Digital Library,,anystyle,W1981333922,offline_title_fuzzy,0.886238532110092
8_a6,8,NA,Acquisition of Language Resources for Special Applications Sheremetyeva 1998,"Acquisition of Language, First",,anystyle,W4235233881,offline_title_fuzzy,0.886206896551724
513_a4,513,NA,Linguistic Atlas Projects. <,Linguistic Atlas Projects - Atlanta Survey Project - Version 1,,anystyle,W6893496509,offline_title_fuzzy,0.886206896551724
2109_a3,2109,NA,"State-of-the-Art on Automatic Genre Identification, Information Technology Research Institute Technical Report Series Santini 2004 2004-01",State-of-the-Art on Automatic Genre Identification,,anystyle,W7099541217,offline_title_fuzzy,0.886206896551724
1184_a13,1184,NA,'Toward Unification of Source 2006,Toward Unification of Source Attribution Processes and Techniques,,anystyle,W2154977593,offline_title_fuzzy,0.886153846153846
3848_a3,3848,NA,"Contribution a une psychanalyse de la connaissance objective. Vrin, Paris; The Formation of the Scientific Mind 2002",Contribution à une psychosociologie de la transition : le cas de la transition lycée-université,,anystyle,W210228806,offline_title_fuzzy,0.886138919787418
1811_a2,1811,NA,Stylometry with R: a suite of tools.Digital Humanities 2013: Conference Abstracts Eder; Kestemont; Rybicki 2013,Stylometry with R : a suite of tools,,anystyle,W2802579689,offline_title_fuzzy,0.886075949367089
1978_a3,1978,NA,"Active reading and its discontents: the situations, problems and ideas of readers Tashman; Edwards 2011",Active reading and its discontents,,anystyle,W1967164474,offline_title_fuzzy,0.886075949367089
627_a3,627,NA,The primacy of perceiving: An ecological reformulation of perception for understanding memory Turvey; Shaw 1979,The Primacy of Perceiving Emotion Recognition and Emotional Labor,,anystyle,W4248417010,offline_title_fuzzy,0.886053511705686
896_a1,896,NA,Computation into Criticism: A Study of Burrows 1987,Computation into Criticism: A Study of Jane Austen's Novels and an Experiment in Method,,anystyle,W2316815835,offline_title_fuzzy,0.886046511627907
904_a8,904,NA,Computation into Criticism: A study of Burrows 1987,Computation into Criticism: A Study of Jane Austen's Novels and an Experiment in Method,,anystyle,W2316815835,offline_title_fuzzy,0.886046511627907
984_a4,984,NA,Computation into Criticism: A Study of Burrows,Computation into Criticism: A Study of Jane Austen's Novels and an Experiment in Method,,anystyle,W2316815835,offline_title_fuzzy,0.886046511627907
872_a9,872,NA,Violent Women and Violence against Women DeJean 2003,Violent Women and Violence against Women: Representing the “Strong” Woman in Early Modern France,,anystyle,W1984588144,offline_title_fuzzy,0.886021505376344
2056_a4,2056,NA,MAchine Learning for LanguagE Toolkit,Machine learning for landslides prevention: a survey,,anystyle,W3037121381,offline_title_fuzzy,0.885963169051404
542_a12,542,NA,Computing Curriculum in the Arts and Humanities November,Computing Curriculum in Middle Schools,,anystyle,W2731084951,offline_title_fuzzy,0.885841265397536
1257_a4,1257,NA,On reconstructing relationships among Taiwanese land deeds Huang 2009,On Reconstructing Relatives Law Ethics,,anystyle,W2359711629,offline_title_fuzzy,0.885833837467231
1251_a36,1251,NA,Navigating Across Culture and Distance: Understanding the Determinants of Global Virtual Team Performance Zakaria; Amelinckx; Wilemon 2008,Navigating across cultures: The experiences of South African manufacturing leaders at multinationals,,anystyle,W7039927391,offline_title_fuzzy,0.885783286625983
8016_a1,8016,NA,"Imagined Communities"" in Anderson B.(ed.) Cyberspace: First Steps Anderson 1993",Imagined Communities in Greece and Turkey,,anystyle,W4244859513,offline_title_fuzzy,0.885716730851519
10532_r2,10532,NA,Berlin-Brandenburgische Akademie der Wissenschaften (2007-2015): Deutsches Textarchiv (DTA) http://www.deutschestextarchiv.de/ [letzter Zugriff 22. Dezember 2015].,Berlin-Brandenburgische Akademie der Wissenschaften,,xml_bibl,W2794746432,offline_title_fuzzy,0.885714285714286
10564_r5,10564,NA,Deutsche Inschriften Online (o. J.): http://www.inschriften.net [letzter Zugriff 16. Februar 2016].,Deutsche Inschriften Online,,xml_bibl,W6955679279,offline_title_fuzzy,0.885714285714286
489_a7,489,NA,The ARCHway Project: Architecture for Research in,"The ARCHway Project: Architecture for Research in Computing for Humanities through Research, Teaching, and Learning",,anystyle,W2069582578,offline_title_fuzzy,0.885714285714286
699_a6,699,NA,For the Development of Composition Support Jung; Miyake; Hatanaka; Akama 2005,For the Development of Composition Support System based on Semantic Network by Repeated Clustering,,anystyle,W2912482772,offline_title_fuzzy,0.885714285714286
755_a4,755,NA,Interactivity in Museums 1993,Interactivity in museums: options for the Aga Khan Museum,,anystyle,W3212137530,offline_title_fuzzy,0.885714285714286
2078_a1,2078,NA,Review of Data Management Lifecycle Models (version 1.0). REDm-MEDProject Document redm1rep120110ab10 Ball 2012,Review of Data Management Lifecycle Models,,anystyle,W147227306,offline_title_fuzzy,0.885714285714286
6471_r12,6471,NA,National Center for Education Statistics (2005). First-Generation Students in Postsecondary Education: A Look at Their College Transcripts.,National Center for Education Statistics Home Page0093<i>National Center for Education Statistics Home Page</i>. 2000.,,xml_bibl,W1585937414,offline_title_fuzzy,0.885688848988142
2016_a8,2016,NA,Virtual Research Environments. A New Approach for Dealing with Digitized Sources in Research in Arts and Humanities” Rosenthaler 2012 2012,Virtual Research Environment for value-added services in national and regional NRENs: case studies,,anystyle,W6926080541,offline_title_fuzzy,0.885683969373606
3817_a1,3817,NA,Towards a sustainable social and technical European eResearch Infrastructure for the Arts and Humanities 2014-11,Towards a sustainable society: the status and future of energy performance contracting in China,,anystyle,W919595089,offline_title_fuzzy,0.885572641114452
965_a10,965,NA,Methods for Analyzing Unstructured Information,Methods for analyzing uncertainty of results in accident simulation,,anystyle,W2380844542,offline_title_fuzzy,0.885536087677554
2104_a5,2104,NA,"See Me, Feel Me, Touch Me, Hear Me: Trajectories and Interpretation in a Sculpture Garden Fosh; Benford; Reeves 2013 2013","See Me, Feel Me, Touch Me, Heal Me: The Importance of Tangible Media in Music Uses and Gratifications",,anystyle,W2894670432,offline_title_fuzzy,0.8855245603396
632_a15,632,NA,Manual Práctico de formación de palabras en español I” Cino 2002,Manual práctico de formas no personales del verbo y perífrasis verbales,,anystyle,W7067564617,offline_title_fuzzy,0.885524315705554
1242_a67,1242,NA,Information System for Surveying Monuments and Spatial Data Modeling for Conservation of Cultural Heritage in Delhi',Information System for Storing and Analyzing Speech Signals of People with Mental Retardation,,anystyle,W4417472301,offline_title_fuzzy,0.885506300854647
541_a24,541,NA,Authorial Attribution and Computational Stylistics Craig,"Authorial attribution and computational stylistics: if you can tell authors apart, have you learned anything about them?",,anystyle,W2120341822,offline_title_fuzzy,0.885470085470086
1286_a11,1286,NA,Touching the Untouchable: Increasing Access to Archaeological Artefacts by Virtual Handling 2011-03-14,Touching the Untouchables: Dynamic Security Analysis of the LTE Control Plane,,anystyle,W2929535634,offline_title_fuzzy,0.885464953463471
606_a3,606,NA,Virtual Representation: The History of Parliament on CD-ROM” Daunton 2000-05,Virtual Representation: the Production of 3D Digital Artifacts,,anystyle,W2316197310,offline_title_fuzzy,0.885394290559638
1939_a10,1939,NA,Text mining in qualitative research: Application of an unsupervised learning method Janasik; Honkela; Bruun 2009,Text Mining in Qualitative Research,,anystyle,W2146267337,offline_title_fuzzy,0.885365853658537
1755_a7,1755,NA,"Efficient, high-quality force-directed graph drawing Hu 2005",Efficient High-Quality Fairing of Discrete Curves and Surfaces,,anystyle,W1139297259,offline_title_fuzzy,0.885300992767373
419_a7,419,NA,Authorship Attribution Computers and the Humanities 28 Holmes 1994,Authorship attribution case file,,anystyle,W2945687536,offline_title_fuzzy,0.885277777777778
1023_a6,1023,NA,Landscape and Ideology: The Bermingham 1986,"Landscape and ideology the English rustic tradition, 1740 - 1860",,anystyle,W7077322828,offline_title_fuzzy,0.885245901639344
1333_a1,1333,NA,Electronic Textual Editing: Authenticating Electronic Editions Berrie 2006,Electronic textual editing,,anystyle,W640273511,offline_title_fuzzy,0.885245901639344
1475_a11,1475,NA,La littérature potentielle 1973,"La littérature potentielle : créations, re-créations, récréations",,anystyle,W1572364123,offline_title_fuzzy,0.885245901639344
3852_a9,3852,NA,New ways of searching with Mellerin 2014,New Ways of Searching with Biblindex: some statistical results,,anystyle,W6917562599,offline_title_fuzzy,0.885245901639344
2074_a1,2074,NA,"A Comprehensive List of Dickens’s Short Fiction, 1833-1868 Allingham 2011",A comprehensive list of flavorings used in cigarettes,,anystyle,W4387981077,offline_title_fuzzy,0.885234367181666
1760_a2,1760,NA,Information database of the Great Hanshin-Awaji Office; Japan 2006,Information Database of Educational Sciences in Iran,,anystyle,W6930551385,offline_title_fuzzy,0.88518821603928
4044_a4,4044,NA,"recent discussions of the logics of time and archival practices in ""Speculative Collections Nowviskie 2016 2016-10-27",Recent Discussions of the Reduction Division in <i>Drosophila melanogaster</i>,,anystyle,W2019367594,offline_title_fuzzy,0.885159420289855
1848_a2,1848,NA,User-generated content in zooarchaeology: exploring the “Middle Space” of scholarly communication Whitcher Kansa; Deblauwe 2011,User–Generated Content in Zooarchaeology:,,anystyle,W2947472856,offline_title_fuzzy,0.885106382978724
1355_a11,1355,NA,Textual studies and the TEI: Encoding Thomas Moore's 'Lalla Rookh' Tonra 2009 2009,Textual Studies and the Common Reader: Essays on Editing Novels and Novelists,,anystyle,W651246663,offline_title_fuzzy,0.885034425143318
1509_a8,1509,NA,On social communication and the metropolis Deutsch 1961,On Social Communication from the Perspective of Cooperation and Politeness,,anystyle,W2354416911,offline_title_fuzzy,0.884942084942085
7907_a4,7907,NA,Towards Principles for the Design of Ontologies Used for Knowledge Sharing,Towards Principles for the Design of a Form-Closure Capable Underactuated Pneumatic Hand,,anystyle,W26234786,offline_title_fuzzy,0.88488065988066
10522_r7,10522,NA,Österreichische Akademie der Wissenschaften (2015): Austrian Centre for Digital Humanitieshttp://www.oeaw.ac.at/acdh/ [letzter Zugriff 09. Februar 2016].,Österreichische Akademie der Wissenschaften: Sitzungsberichte nur bis 1917 digitalisiert,,xml_bibl,W6899154920,offline_title_fuzzy,0.884857458542711
2643_r1,2643,NA,ASChart. Anglo-Saxon Charters. London: King’s College. Available at http://aschart.kcl.ac.uk/. [Accessed 1 November 2015].,ASChart: Anglo-Saxon Charters,,xml_bibl,W2293219051,offline_title_fuzzy,0.884848484848485
476_a9,476,NA,Interview with Stuart Moulthrop Moulthrop,"Interview with Stuart Moore, filmmaker, September 1976",,anystyle,W7047855992,offline_title_fuzzy,0.884842132283734
991_a32,991,NA,Reading the Romance: Women Radway 1984,"Reading the romance: Women, patriarchy and popular literature",,anystyle,W2938219361,offline_title_fuzzy,0.884745762711864
811_a14,811,NA,"Digital Humanities 2006, Paris Sorbonne 2006-07-05",Digital Humanities 2006: When Two Became Many,,anystyle,W1978090144,offline_title_fuzzy,0.884712146936256
871_a4,871,NA,Beiträge des Internationalen Kolloquiums an der Universität,Beiträge des Internationalen Leopold-Mozart-Kolloquiums Augsburg 1994,,anystyle,W6989495149,offline_title_fuzzy,0.884688131814145
6406_r2,6406,NA,Australian Centre for the Moving Image (ACMI). 2016. Annual Report 2015-16. http://bit.ly/2vEEfNN,Australian Centre for the Moving Image John Howkins Event Transcript,,xml_bibl,W7017439930,offline_title_fuzzy,0.884669414935786
1679_a8,1679,NA,Probabilistic Topic Models for a brief review of topic modeling and D Latent Dirichlet Allocation Blei; Blei; Ng; Jordan 2012 2003,Probabilistic topic models for information retrieval and concept modeling,,anystyle,W2282637396,offline_title_fuzzy,0.884574272353511
10080_r13,10080,NA,The Consultative Committee for Space Data Systems (2012). Reference Model for an Open Archival Information System (OAIS). https://public.ccsds.org/pubs/650x0m2.pdf (accessed 19 November 2018).,The consultative committee for space data systems (CCSDS) planned and potential use of the recommendations,,xml_bibl,W1972976515,offline_title_fuzzy,0.884526438473807
490_a8,490,NA,Applying the Rapid Serial Presentation Sicheritz,Applying the Rapid Serial Visual Presentation Technique to Small Screens,,anystyle,W68781332,offline_title_fuzzy,0.884502923976608
10119_r9,10119,NA,"Ruth Ben-Ghiat, Fascist Modernities: Italy, 1922-1945, Studies on the History of Society and Culture 42 (Berkeley, Calif London: University of California Press, 2004).","Ruth Ben-Ghiat Fascist Modernities. Italy, 1922-1945 Berkeley-Los Angeles-Londres, University of California Press, 2001, 317 p.",,xml_bibl,W2790435162,offline_title_fuzzy,0.884405546871245
767_a1,767,NA,Access to the Literature: The Debate Continues,Access to the literature and connection to on-line data,,anystyle,W1625618225,offline_title_fuzzy,0.884382284382284
991_a22,991,NA,Australian Readers Remember Lyons; Taksa 1992,Australian Readers Remember. An oral History of Reading 1890-1930,,anystyle,W2328563666,offline_title_fuzzy,0.884375
1065_a21,1065,NA,Hermeneutics: Principles and Virkler 1981,Hermeneutics: Principles and Processes of Biblical Interpretation,,anystyle,W4299127097,offline_title_fuzzy,0.884375
6456_r6,6456,NA,"El paradigma digital y sostenible del libro, Manuel Gil y Joaquín Rodríguez, Trama editorial, Madrid, 2011.",El paradigma digital y sostenible del libro,,xml_bibl,W2800895235,offline_title_fuzzy,0.884313725490196
10569_r1,10569,NA,Berlin-Brandenburgische Akademie der Wissenschaften (BBAW) (2007–16): DTA. Deutsches Textarchiv http://www.deutschestextarchiv.de/ [letzter Zugriff 15. Oktober 2015].,Berlin-Brandenburgische Akademie der Wissenschaften,,xml_bibl,W2794746432,offline_title_fuzzy,0.884297520661157
3909_a10,3909,NA,"Intersectionality. Digital Pedagogy in the Humanities: Concepts, Models, and Experiments: Modern Language Association Risam 2016","Intersectionality, digital identities, and migrant youths: Moroccan Dutch youths as digital space invaders",,anystyle,W2951501819,offline_title_fuzzy,0.884288361445424
636_a21,636,NA,A proposal for the human sciences,A proposal for the humanoid agent-builders league,,anystyle,W7097043813,offline_title_fuzzy,0.884267161410019
930_a4,930,NA,L’applicazione del software SPI ai codici senesi in Poesía medieval (Historia literaria y transmisión de textos) cur Ciula,L'applicazione del software SPI ai codici senesi,,anystyle,W3180795591,offline_title_fuzzy,0.884210526315789
1990_a2,1990,NA,Measuring the imapct of digital resources: the balanced value impact model Tanner 2012,MEASURING THE IMAPCT OF BUSINESS INTELLEGENCE ON PERFORMANCE: AN EMPIRICAL STUDY,,anystyle,W7048820342,offline_title_fuzzy,0.8841776153446
713_a13,713,NA,"Classification Using Syntactic, Lexical and Lemma Features",Classification using Synergistic Teams,,anystyle,W2034018432,offline_title_fuzzy,0.884160401002506
8505_a14,8505,NA,The Process of Questions Answering Lehnert 1978,"‘The Process of Questions and Answers in Anastasius, Hexaemeron’",,anystyle,W2795460157,offline_title_fuzzy,0.884132550188481
1398_a8,1398,NA,Electronic Scholarly Editions A Companion to Digital Literary Studies Price 2008,Electronic Scholarly Editions,,anystyle,W2553040726,offline_title_fuzzy,0.884057971014493
1516_a5,1516,NA,"Making Sense of the Census, Public Record Office Handbooks No 23 Higgs 1989","Making Sense of the Census, or Stand Up and Be Counted.",,anystyle,W7001974293,offline_title_fuzzy,0.884011648283025
2160_r7,2160,NA,"Panckhurst, R., Détrie, C., Lopez, C., Moïse, C., Roche, M. and Verine, B. (2014). 88milSMS. A Corpus of Authentic Text Messages in French. Produced by the University Paul-Valéry Montpellier and the CNRS, in collaboration with the Catholic University of Louvain, funded with support from the MSH-M and the Ministry of Culture (General Delegation for the French Language and the Languages of France) and with the financial participation of Praxiling, Lirmm, Lidilem, Tetis, Viseo,","Panckhurst R., Détrie C., Lopez C., Moïse C., Roche M., Verine B. (2014) ""88milSMS. A corpus of authentic text messages in French"", produit par l'Université Paul-Valéry Montpellier 3 et le CNRS, en collaboration avec l'Université catholique de Louvain, financé grâce au soutien de la MSH-M et du Ministère de la Culture (Délégation générale à la langue française et aux langues de France) et avec la participation de Praxiling, Lirmm, Lidilem, Tetis, Viseo.",,xml_bibl,W4289998426,offline_title_fuzzy,0.883982068657777
1939_a1,1939,NA,On the Potentials and Problems of Secondary Analysis Corti; Witzel; Bishop 2005,On the Potentials and Problems of Pedestrianization : The Use of Car-free Streets,,anystyle,W265497497,offline_title_fuzzy,0.883940742801502
1784_a1,1784,NA,Is Google Good for History? Dan Cohen’s Digital Humanities Blog Cohen 2010,Is Google Good for History,,anystyle,W1486633898,offline_title_fuzzy,0.883870967741936
1531_a11,1531,NA,Media Studies and the Digital Humanities McPherson 2009,Media Studies and the Dialogue of Democracy,,anystyle,W148395744,offline_title_fuzzy,0.883837209302326
1865_a25,1865,NA,Media Studies and the Digital Humanities McPherson 2009,Media Studies and the Dialogue of Democracy,,anystyle,W148395744,offline_title_fuzzy,0.883837209302326
4166_a2,4166,NA,"Digital Humanities: Between Past, Present, and Future",Digital Humanities between Technology and Labor,,anystyle,W2616787136,offline_title_fuzzy,0.883825186889017
1570_a4,1570,NA,"Digital Humanities Questions and Answers. ‘Can you do TEI with students, for close reading?’ Association for Computing in the Humanities","Digital Humanities Questionnaire, survey of humanities researchers' recognition and opinions on the digital humanities database——Educators' database",,anystyle,W6931011581,offline_title_fuzzy,0.883822844907839
3913_a5,3913,NA,"Race and the Digital Humanities, Left of Black (webcast), season 3, episode 1 Neal 2012-09-17",Race and the Digital Humanities in South Africa,,anystyle,W2224505868,offline_title_fuzzy,0.883818516685909
3927_a1,3927,NA,How to Make It as a Woman: Collective Booth 2004,How to make it as a woman: collective biographical history from Victoria to the present,,anystyle,W2521275752,offline_title_fuzzy,0.883720930232558
1580_a17,1580,NA,The Enduring Dilemma of the Humanities Knapp 2011 29 March,The Enduring Dilemma of Japan’s Uniqueness Narratives,,anystyle,W4360617589,offline_title_fuzzy,0.8837198434488
2361_r3,2361,NA,Modern Language Association. (2012). Guidelines for Evaluating Work in Digital Humanities.,Modern Language Association Interdisciplinary Seminar on Language and Culture,,xml_bibl,W2116366588,offline_title_fuzzy,0.883682200152788
7865_r9,7865,NA,Modern Language Association. (2012). Guidelines for Evaluating Work in Digital Humanities.,Modern Language Association Interdisciplinary Seminar on Language and Culture,,xml_bibl,W2116366588,offline_title_fuzzy,0.883682200152788
1568_a6,1568,NA,"The changing profession – Humanities 2.0: Promise, Perils, Predictions Davidson 2008",The changing profession-An international perspective,,anystyle,W2960155032,offline_title_fuzzy,0.883678929765886
9792_r1,9792,NA,Digital Humanities Advancement Grants (2019). National Endowment for the Humanities (NEH) https://www.neh.gov/grants/odh/digital-humanities-advancement-grants (accessed 23 April 2019).,Digital Humanities Advancement Grants (NEH),,xml_bibl,W4402983561,offline_title_fuzzy,0.883673469387755
10730_r1,10730,NA,"Deutsches Textarchiv. Grundlage für ein Referenzkorpus der neuhochdeutschen Sprache. Herausgegeben von der Berlin-Brandenburgischen Akademie der Wissenschaften, Berlin 2017. http://www.deutschestextarchiv.de [letzter Zugriff: 24.09.2017]",Deutsches Textarchiv Grundlage für ein Referenzkorpus der neuhochdeutschen Sprache,,xml_bibl,W7027820874,offline_title_fuzzy,0.883673469387755
1537_a2,1537,NA,VIAF (Virtual International Authority File Bennett; Hengel-Dittrich; O’Neill; Tillett 2006,VIAF (Virtual International Authority File) Transitions from OCLC Research Prototype to OCLC Service,,anystyle,W7044204722,offline_title_fuzzy,0.883673469387755
840_a4,840,NA,Bottom-up and Top-down Classifi cation in a Social Tagging System,Bottom-up and top-down control of the Benguela ecosystem's seabirds,,anystyle,W2611252675,offline_title_fuzzy,0.8835500292442
3908_a6,3908,NA,Towards a Curriculum for Humanities Computing: Theoretical Goals and Practical Outcomes Hockey 2001,Towards a curriculum for teaching complementary and integrative medicine in interprofessional educat,,anystyle,W4200107899,offline_title_fuzzy,0.883549194991055
8041_a3,8041,NA,Enhanced Content-Analysis of Inflected Languages Through a System of Computer Assisted Lemmatization Gurney; Gurney 1994 19-23 April,Enhanced content analysis of fraudulent Nigeria electronic mails using e-STAT,,anystyle,W2539588327,offline_title_fuzzy,0.883451035451035
690_a4,690,NA,Bringing the Digital Revolution to Medieval Musicology: The Digital Image Craig-McFeely; Deegan 2006-03-17,Bringing the digital revolution to circular industries – Agriculture 4.0,,anystyle,W2981679751,offline_title_fuzzy,0.883412698412698
2137_a1,2137,NA,Digitization of Newspaper Archives: Opportunities and Challenges for Historians Bingham 2010,DIGITIZATION OF NEWSPAPERS: THE SOUTH AFRICAN EXPERIENCE,,anystyle,W2497460208,offline_title_fuzzy,0.883341689756784
587_a1,587,NA,Social terminology enhancement through vernacular engagement: Exploring collaborative annotation to encourage interaction with museum collections Bearman; Trant 2005,Social Terminology Enhancement through Vernacular Engagement,,anystyle,W1997105536,offline_title_fuzzy,0.883333333333333
2006_a2,2006,NA,The Communion of the Saints: Networks and the Study of Iconography Lombardi 2013,The Communion of the Saints is in the Spirit,,anystyle,W4414975929,offline_title_fuzzy,0.883249189834556
8397_a22,8397,NA,Towards an application of text generation in an integrated publication system Teich; Bateman 1994,TOWARDS AN APPLICATION OF KNOWLEDGE SCIENCE TO EARTHQUAKE AND TSUNAMI DISASTER,,anystyle,W7116078035,offline_title_fuzzy,0.883190143190143
7746_a8,7746,NA,"A Computing Environment for Linguistics, Literary, and Anthropological Research: technical overview Simons 1988",A computing environment for spatial data analysis in the microelectronics industry,,anystyle,W2027391853,offline_title_fuzzy,0.883172871202396
658_a2,658,NA,Transcendental Data: Toward a Cultural Liu,Transcendental Data: Toward a Cultural History and Aesthetics of the New Encoded Discourse,,anystyle,W2003065959,offline_title_fuzzy,0.88314606741573
3858_a3,3858,NA,New Reflection Transformation Imaging 2006,New Reflection Transformation Imaging Methods for Rock Art and Multiple-Viewpoint Display,,anystyle,W6963813412,offline_title_fuzzy,0.88314606741573
1291_a2,1291,NA,Digital Geography and the Classics Elliott; Gillies 2009,Digital Geography and the Race for the White House,,anystyle,W2513594302,offline_title_fuzzy,0.883137254901961
1209_a25,1209,NA,Columbian Exposition of 1893 and reconstructions of the,Columbian Exposition of Chicago (1983),,anystyle,W3116462833,offline_title_fuzzy,0.88311348781937
811_a10,811,NA,Electronic Journals and Databases - A Domain Analytic Study in Four Scholarly Disciplines,Electronic journals and legitimate media in the systems of scholarly communication,,anystyle,W2137836165,offline_title_fuzzy,0.88307981897553
129_a6,129,NA,User-Centred Graphic Design Frascara 1997,User-centred graphic design : mass communications and social change,,anystyle,W656836585,offline_title_fuzzy,0.883076923076923
3876_a5,3876,NA,Mapping the Geospatial Turn' A New Companion to Digital Humanities Presner; Shepard 2015,Mapping the Geospatial Turn,,anystyle,W2270086600,offline_title_fuzzy,0.883076923076923
1184_a14,1184,NA,Attribution Processes and Techniques',Attribution Processes and Salesforce Expectancy Perceptions,,anystyle,W4416950801,offline_title_fuzzy,0.883076527991782
2151_a19,2151,NA,Sinai Palimpsest Project: Alte Schriften neu entdecken Wien 2013-10-17 2013-10-30,Sinai Palimpsest Project: Unbekannter mythologischer Text der Antike entdeckt,,anystyle,W6899127259,offline_title_fuzzy,0.883068520357498
3_a1,3,NA,"A region-based approach for Processing Digital Text Resources, Digital Resources for the Humanities Horton 1999 Sept. 12-15, 1999",A region-based approach for cooperative multi-target tracking in a structured environment,,anystyle,W2159134310,offline_title_fuzzy,0.883056377151913
125_a25,125,NA,"Machine learning in automated text categorisation: a survey, Technical Report, Istituto di Elaborazione dell'Informazione SEBASTIANI 1999",Machine Learning in Automated Text Categorisation,,anystyle,W6992665332,offline_title_fuzzy,0.883050847457627
1820_a2,1820,NA,A study On the Evolution of Classifications in Leishu Yiwenleiju and Taipingyulan through Textual Analysis Chung 2013,A Study on the Evolution Rule and Culture Analysis of the Spatial Form of Ancient Towns in Yuanshui River Basin,,anystyle,W2084215750,offline_title_fuzzy,0.883048033137408
612_a9,612,NA,New Zealand Electronic Text Centre: Using XML Topic Map to present TEI Presentation Tuohy 2005 2005,New Zealand Electronic Text Centre,,anystyle,W4249461140,offline_title_fuzzy,0.882926829268293
79_a3,79,NA,Electronic Libraries of the Future Barker 1999,Electronic libraries of scandinavian countries,,anystyle,W2806603180,offline_title_fuzzy,0.882882088367581
11812_r20,11812,NA,Oxford English Dictionary History of the OED. Oxford English Dictionary https://public.oed.com/history/.,Oxford English dictionary OED,,xml_bibl,W6995647443,offline_title_fuzzy,0.882857142857143
860_a1,860,NA,Late Medieval Religious Plays of Bodleian MSS Digby 133 and E,Late medieval religious and secular badges,,anystyle,W4413827416,offline_title_fuzzy,0.882813907404071
1303_a3,1303,NA,"The State of Digital Humanities, Digital Humanities Summer Institute Unsworth 2010 2010-06",The state of Digital Humanities Platforms in Taiwan. The case of DocuSky,,anystyle,W6918018774,offline_title_fuzzy,0.882745045578764
366_a4,366,NA,"The Finite-State Automata's Design Patterns, WIA'98, Third International Workshop on Implementing Automata Pedrazzini 1999 1998-09",The Finite-State Automata's Design Patterns,,anystyle,W2469573360,offline_title_fuzzy,0.882692307692308
441_a4,441,NA,"The Finite-State Automata's Design Patterns, WIA'98, Third International Workshop on Implementing Automata Pedrazzini 1999 1998-09",The Finite-State Automata's Design Patterns,,anystyle,W2469573360,offline_title_fuzzy,0.882692307692308
7743_a10,7743,NA,"Why Looking Isn't Always Seeing: Readership Skills and Graphical Programming"" Petre 1995",Why looking isn't always seeing,,anystyle,W2089438716,offline_title_fuzzy,0.882666666666667
1602_a5,1602,NA,L'intertextualité dans une Fille d’Eve et Béatrix d'Honoré de Balzac Duclos 2013,L’intertextualité dans Under the Volcano,,anystyle,W2886829656,offline_title_fuzzy,0.882647058823529
3886_a3,3886,NA,Escaping the Shallows: Deep Dowling 2014,Escaping the Shallows: Deep Reading’s Revival in the Digital Age,,anystyle,W2405783994,offline_title_fuzzy,0.882539682539683
1834_a1,1834,NA,"Information Visualization: Challenge for the Humanities, Working Together or Apart: Promoting the Next Generation of Digital Scholarship Stone 2009 2009-03",Information Visualization Analysis of the Hot Domains and the Research Edge of the International Research on ERP,,anystyle,W2374155618,offline_title_fuzzy,0.882537593984963
65_a13,65,NA,"Translation and Original. Similarities and Dissimilarities I"" Leuven-Zwart 1989 1989",Translation and “Original” Writing,,anystyle,W4320519192,offline_title_fuzzy,0.882528248587571
7911_a7,7911,NA,Coalition for Networked Information; National Initiative for a Networked Cultural Heritage Council,Coalition for Networked Information (CNI),,anystyle,W2297259303,offline_title_fuzzy,0.882512244309997
10486_r6,10486,NA,Institut für Deutsche Sprache (IDS): IDS Repositoryhttps://repos.ids-mannheim.de/ [letzter Zugriff 11. Februar 2016].,Institut für Deutsche Sprache (IDS),,xml_bibl,W1411151894,offline_title_fuzzy,0.8825
1213_a11,1213,NA,Les Débuts de la lexicographie française,"Les débuts de la lexicographie française Estienne, Nicot et le ""Thresor de la langue françoyse"". (1606)",,anystyle,W7082773991,offline_title_fuzzy,0.882474226804124
1137_a3,1137,NA,During the Transition from High School to college',during the transition from pregnancy,,anystyle,W7096432081,offline_title_fuzzy,0.882448979591837
3850_a8,3850,NA,"Technology Overview and Discussion: Data Capture, Editing, and Schemas Rahtz 2007 February 13",Technology Overview and Concept of Wireless Charging Systems,,anystyle,W4307053957,offline_title_fuzzy,0.882403367776502
1970_a1,1970,NA,Opportunies and Challenges of Text Mining HathiTrust Digital Library Plale 2013-11-15,Opportunies and Challenges of Automobile Tubine Housing,,anystyle,W2389345902,offline_title_fuzzy,0.882388591800357
10522_r9,10522,NA,Österreichische Nationalbibliothek (2011-2015): Handkeonline. http://handkeonline.onb.ac.at/ [letzter Zugriff 09. Februar 2016].,"Österreichische Nationalbibliothek, Editor",,xml_bibl,W7060958141,offline_title_fuzzy,0.882378733899699
1183_a11,1183,NA,Sustaining Digital Resources: An on- the-Ground View of Projects Today,Sustaining Digital Resources,,anystyle,W4250228731,offline_title_fuzzy,0.882352941176471
1742_a19,1742,NA,Sustaining Digital Resources: An on-the-Ground View of Projects Today Maron; Smith; Loy 2009,Sustaining Digital Resources,,anystyle,W4250228731,offline_title_fuzzy,0.882352941176471
4016_a15,4016,NA,Records In Contexts: a conceptual model for archival description Archival Description 2016,Records in contexts – a conceptual model for archival description (RIC-CM): análise da proposta de um padrão internacional integrado de descrição arquivística,,anystyle,W2904328672,offline_title_fuzzy,0.882352941176471
7076_a3,7076,NA,"Standardizing characters, glyphs, and","Standardizing characters, glyphs, and SGML entities for encoding early Cyrillic writing",,anystyle,W2076090517,offline_title_fuzzy,0.882352941176471
7087_a8,7087,NA,"Overregularization in Language Acquisition, Monographs of the Society for Research in Child Development Marcus; Pinker; Ullman; Hollander; Rosen; Xu 1992",Overregularization in language acquisition,,anystyle,W7051546524,offline_title_fuzzy,0.882352941176471
10958_r14,10958,NA,"OCLC - Online Computer Library Center (2010–2016): VIAF – Virtual International Authority File, https://viaf.org/.","OCLC Online Computer Library Center, Inc.",,xml_bibl,W7099085832,offline_title_fuzzy,0.882228116710875
1835_a24,1835,NA,Digital Humanities Pedagogy. Attempts have been made to identify the learning outcomes of digital humanities courses,Digital Humanities Pedagogy: Integrative Learning and New Ways of Thinking About Studying the Humanities,,anystyle,W137891113,offline_title_fuzzy,0.882212645944178
8482_a8,8482,NA,A Report of Recent Progress in Brill 1994,A Report of Recent Progress in Transformation-Based Error-Driven Learning,,anystyle,W4250213163,offline_title_fuzzy,0.882191780821918
9918_r6,9918,NA,"DFG. Deutsche Forschungsgemeinschaft, http://www.dfg.de/ (accessed 2018-10-31).",DFG [Deutsche Forschungsgemeinschaft] Gives Embryo Research a Boost,,xml_bibl,W7064964357,offline_title_fuzzy,0.882140468227425
595_a18,595,NA,A methodology for the vertical interrelation of information resources,A methodology for the verification of a “system on chip”,,anystyle,W2066644134,offline_title_fuzzy,0.882112721417069
4083_a2,4083,NA,Can authors alter their wordprints? James Joyce's Ulysses Hiatt 1993,Can Authors Alter Their Wordprints? Faulkner's Narrators in As I Lay Dying,,anystyle,W856167857,offline_title_fuzzy,0.882102087410307
750_a32,750,NA,New Research Methods for the Humanities Unsworth,New Research Methods for Media and Cognition Experiment Course,,anystyle,W1023339518,offline_title_fuzzy,0.88207140142624
4038_a7,4038,NA,Le temps des humanités digitales. La mutation des sciences humaines et sociales Deuff 2014,Le temps des humanités digitales,,anystyle,W7001692535,offline_title_fuzzy,0.882051282051282
10062_r3,10062,NA,“Encoding Guidelines for the ELTeC”. Draft.,Encoding guidelines for interoperable master format � Application #6,,xml_bibl,W4394770606,offline_title_fuzzy,0.881968121968122
2588_r1,2588,NA,"Electronic Literature Organization.Electronic Literature Collection, Vol. 1 and Vol. 2. http://collection.eliterature.org/",Electronic Literature Organization,,xml_bibl,W7037575380,offline_title_fuzzy,0.881927710843373
1882_a6,1882,NA,The Tanghao on Taiwan's Tombstones: The Recuperation of Tactics for a National Space Streiter; Yoann 2014,The Tanghao on Taiwan’s Tombstones:,,anystyle,W3197707883,offline_title_fuzzy,0.881927710843373
1067_a3,1067,NA,"Automatic standardization of texts with spelling variation, how much training data do you need? Baron; Rayson forthcoming",Automatic Standardization of Spelling for Historical Text Mining,,anystyle,W234245528,offline_title_fuzzy,0.881922043010753
4156_a24,4156,NA,Hyperfiction as a Medium for Drifting Times: a Close Reading of the German Hyperfiction Zeit für die Bombe Saemmer 2013,Hyperfiction as a medium for drifting times,,anystyle,W4300724822,offline_title_fuzzy,0.881904761904762
3887_a9,3887,NA,Beyond the Digital Humanities Center: The Administrative Landscapes of Digital Humanities Prescott 2016,Beyond the Digital Humanities Center,,anystyle,W2465955460,offline_title_fuzzy,0.881818181818182
10721_r9,10721,NA,"Moretti, Franco (2009): Kurven, Karten, Bäume: Abstrakte Modelle für die Literaturgeschichte, übers. Florian Kessler, Frankfurt am Main.","Moretti, Franco (2009) Kurven, Karten, Stammbäume. Abstrakte Modelle für die Literaturgeschichte",,xml_bibl,W2745734281,offline_title_fuzzy,0.881810101010101
6648_r10,6648,NA,Summary of the Results from the Survey of U.C. Berkeley Faculty Regarding Instructional Technology. 1998,Summary of the results from the TM1 yeast two-hybrid nuclear library screening experiment,,xml_biblstruct,W7128183731,offline_title_fuzzy,0.881797139279549
229_r4,229,NA,"The Second International Symposium on Music Information Retrieval, 15-17 October, 2001, Bloomington, IN 2001",The Second International Symposium on Neuroinformatics and Neurocomputers,,xml_biblstruct,W4254212501,offline_title_fuzzy,0.881776482985186
259_r6,259,NA,"The Second International Symposium on Music Information Retrieval, 15-17 October, 2001, Bloomington, IN 2001",The Second International Symposium on Neuroinformatics and Neurocomputers,,xml_biblstruct,W4254212501,offline_title_fuzzy,0.881776482985186
11936_r10,11936,NA,"Sanders, Julie. ""Adaptation/Appropriation."" The Encyclopedia of the Novel (2010).","Sanders, Julie. Adaptation and Appropriation",,xml_bibl,W4251395032,offline_title_fuzzy,0.881735159817352
665_a1,665,NA,Syntactic Microvariation. Electronic publication of Meertens Institute and NIWI 2002,"Syntactic microvariation, hypothesis testing, and the role of counterexamples",,anystyle,W4316115288,offline_title_fuzzy,0.881644230769231
9943_r5,9943,NA,National Co-ordinating Centre for Public Engagement What is Public Engagement ? http://www.publicengagement.ac.uk/about-engagement/what-public-engagement.,National Co-ordinating Committee on Drug Abuse: First annual report.,,xml_bibl,W7030385431,offline_title_fuzzy,0.88157934020003
1533_a9,1533,NA,The Making of The Historical Thesaurus of the Oxford English Dictionary Wotherspoon 2010,The Making of the Historical View of English in the Early Modern Period,,anystyle,W2465726208,offline_title_fuzzy,0.881546908570065
647_a3,647,NA,A revolutionary approach to humanities computing?: Tools development and the D2K data-mining framework Downie; Yu; Tcheng; Rockwell; S 2005 2005,A Revolutionary Approach to the Mind Games of the Markets: Understand Why You Need Emotions to Trade Well,,anystyle,W2208934850,offline_title_fuzzy,0.881537577365164
661_a1,661,NA,A revolutionary approach to humanities computing?: Tools development and the D2K data-mining framework Downie; Unsworth; Yu; Tcheng; Rockwell; Ramsay 2005 2005,A Revolutionary Approach to the Mind Games of the Markets: Understand Why You Need Emotions to Trade Well,,anystyle,W2208934850,offline_title_fuzzy,0.881537577365164
108_a14,108,NA,"Image attributes: An investigation (Indexing systems, retrieval systems, computerized Jorgensen 1995",Image attributes: an investigation,,anystyle,W1502430190,offline_title_fuzzy,0.881481481481482
3906_a14,3906,NA,Scholarsource: a digital infrastructure for the humanities” Switching Codes: Thinking through Digital Technology in the Humanities and the Arts Stefik 2011,Scholarsource: A Digital Infrastructure for the Humanities,,anystyle,W78469058,offline_title_fuzzy,0.881428571428571
1051_a11,1051,NA,The Palaeography of Gothic Manuscript Derolez 2003,The Palaeography of Gothic Manuscript Books: From the Twelfth to the Early Sixteenth Century,,anystyle,W1520877188,offline_title_fuzzy,0.881318681318681
136_a6,136,NA,'Designing and Compiling a Register-Balanced Corpus of Hellenistic Greek for the Purpose of Linguistic Description and O'Donnell,Designing and Compiling the Supervisory Pattern of Instructional and Educational Leaders in Primary Schools,,anystyle,W4392478259,offline_title_fuzzy,0.881311182512785
636_a22,636,NA,A tale of two cultures and a technology: A/musical politics of curriculum in four acts Willinsky; Forssman 2000,A tale of two cultures: A comparison of the cultures of the police and academia,,anystyle,W44710474,offline_title_fuzzy,0.881305003606794
2120_a1,2120,NA,A GIS-based analysis of the Etruscan cemetery of Pontecagnano using fuzzy logic M.; A.; F 2000,A GIS based analysis of the Benthic community in the Western Arctic Ocean,,anystyle,W2187355597,offline_title_fuzzy,0.881302759818453
10972_r5,10972,NA,International Association for Public Participation (2018): „IAP2 Spectrum of Public Participation“. .,International Association for Suicide Prevention WHO Library Cataloguing-in-Publication Data,,xml_bibl,W7097343667,offline_title_fuzzy,0.88128983046677
1332_a8,1332,NA,Social Connections and Space in Nineteenth-Century Rio de Janeiro,"Social Connections, and Spirituality",,anystyle,W7098560390,offline_title_fuzzy,0.88125404007757
27_a8,27,NA,The construction of Dublin Core Metadata by non-specialist users Whittaker 1999,The construction of Dublin,,anystyle,W7008768026,offline_title_fuzzy,0.88125
760_a13,760,NA,The Electronic Text Center,The Electronic Text Center at the University of Virginia Library,,anystyle,W193234727,offline_title_fuzzy,0.88125
1485_a7,1485,NA,Electronic Textual Editing: Critical Editing in a Digital Horizon Buzzetti; McGann 2006,Electronic textual editing,,anystyle,W640273511,offline_title_fuzzy,0.88125
1228_a16,1228,NA,"Multilingual ONtologies for NETworked Knowledge, see",Multilingual ontologies creation,,anystyle,W6992961754,offline_title_fuzzy,0.881182386747803
870_a2,870,NA,Beiträge des Internationalen Volltextdigitalisierung,Beiträge des Internationalen Leopold-Mozart-Kolloquiums Augsburg 1994,,anystyle,W6989495149,offline_title_fuzzy,0.881159420289855
1242_a6,1242,NA,A Historical Study of the Shrines of Sufi Saints in Delhi with Reference to the Relationship between Religious Authority and Ruling,A Historical Study of the Christian Conversion of the Huron Indians in the First Half of the Seventeenth Century,,anystyle,W364673783,offline_title_fuzzy,0.881031373206946
3859_a16,3859,NA,"Actes du Colloque International L'écriture experte : enjeux sociaux et scientifiques, Sherbrooke, 13-14.06.2013 Rey",": Actes du colloque international, Bucarest, New Europe College, Institute for Advanced Study, le 17 janvier 2004",,anystyle,W7045163978,offline_title_fuzzy,0.881024887115405
1205_a2,1205,NA,The Rhetoric of Citation Systems,The rhetoric of citation systems—Part II: Competing epistemic values in citation,,anystyle,W1992998558,offline_title_fuzzy,0.881012658227848
1520_a3,1520,NA,Far More Fair Than Black”: Mutations of a Difficult Couplet Cheesman 2012,“Far more fair than black”: Othellos on the Chilean Stage,,anystyle,W3132659978,offline_title_fuzzy,0.880985291511607
2068_a11,2068,NA,"programme de recherche DOCAM sur la documentation et la conservation des arts médiatiques, ainsi que Bardiot",Programme de recherche d’Agriculture et Agroalimentaire Canada sur la résistance aux antimicrobiens,,anystyle,W2806568780,offline_title_fuzzy,0.880984580659053
2361_r7,2361,NA,University of Nebraska–Lincoln. Center for Digital Research in the Humanities. (2014). Best Practices for Digital Humanities Projects.,UNIVERSITY OF NEBRASKA-LINCOLN Teaching Digital History through the University Archives: The Case ofNebraska U: A Collaborative History,,xml_bibl,W7098469271,offline_title_fuzzy,0.880921052631579
7865_r14,7865,NA,"University of Nebraska–Lincoln, Center for Digital Research in the Humanities. (2014). Best Practices for Digital Humanities Projects .",UNIVERSITY OF NEBRASKA-LINCOLN Teaching Digital History through the University Archives: The Case ofNebraska U: A Collaborative History,,xml_bibl,W7098469271,offline_title_fuzzy,0.880921052631579
689_a3,689,NA,Preserving and Exploiting the Frantzi 2005,Preserving and Exploiting Symmetry in Algebraic Computation,,anystyle,W4400648796,offline_title_fuzzy,0.880875845370293
909_a16,909,NA,Historical Peculiarities of Eastern Latvia Soms; Ivanovs,HISTORICAL PECULIARITIES OF DEVELOPMETN OF INFORMAL ADULT EDUCATION IN THE USA,,anystyle,W3177813213,offline_title_fuzzy,0.880854105244349
1406_a1,1406,NA,The Earliest Chinese Translations of Mahāyāna Buddhist Sūtras: Some Notes on the Works of Lokaksema Harrison 1993,The Earliest Chinese Translation of Shakespeare's Tales:Hai Wai Qi Tan,,anystyle,W2359391374,offline_title_fuzzy,0.880841063698207
1528_a2,1528,NA,Toward Semantic Digital Libraries: Exploiting Web2.0 and Semantic Services in Cultural From Proteins to Fairytales: Directions in Semantic Publishing Baruzzo; Waard 2009 2010,Toward Semantic Digital Libraries: Exploiting Web 2.0 and Semantic Services in Cultural Heritage,,anystyle,W1561433321,offline_title_fuzzy,0.880830648048693
4094_a2,4094,NA,Theme And Variation Encodings with Roman 2015,Theme And Variation Encodings With Roman Numerals (Tavern): A New Data Set For Symbolic Music Analysis.,,anystyle,W2396141611,offline_title_fuzzy,0.880808080808081
1813_a3,1813,NA,Opinion mining for relating multiword subjective expressions and annual earnings Chen; Liu; Chang; H.-P 2013,Opinion Mining for Relating Subjective Expressions and Annual Earnings in US Financial Statements,,anystyle,W1580734268,offline_title_fuzzy,0.880805841924399
3789_a9,3789,NA,Psychological Impacts and Responses to the Russian Influenza in the United Kingdom 1889-1893”.Social history of,"Psychological impacts and coping strategies of front-line medical staff during COVID-19 outbreak in Hunan, China",,anystyle,W3013973823,offline_title_fuzzy,0.880740549161602
55_a4,55,NA,"Principles for Electronic Archives, Scholarly Editions, and Tutorials Shillingsburg 1996",Principles for Electronic Equalization of Polarization-Mode Dispersion,,anystyle,W2110400614,offline_title_fuzzy,0.880735607675906
768_a17,768,NA,Current Issues in Making Digital Editions of Robinson,"Current issues in making digital editions of medieval texts—or, do electronic scholarly editions have a future?",,anystyle,W2618153646,offline_title_fuzzy,0.880733944954129
8397_a6,8397,NA,Institut für Integrierte Publikations- und Informationssysteme (IPSI,Institut für Integrierte Produktentwicklung (IIP),,anystyle,W1555991159,offline_title_fuzzy,0.880723614172402
10947_r11,10947,NA,Deutsche Forschungsgemeinschaft (2015):Förderkriterien für wissenschaftliche Editionen in der Literaturwissenschaft. Merkblatt der DFG. 2015. http://www.dfg.de/download/pdf/foerderung/antragstellung/forschungsdaten/foerderkriterien_editionen_literaturwissenschaft.pdf,"Deutsche Forschungsgemeinschaft (DFG) within the Cluster of Excellence ""Engineering of Advanced Materials""[EXC 315]",,xml_bibl,W7009124173,offline_title_fuzzy,0.880680626886218
1562_a2,1562,NA,Project Management for Humanists: Preparing Future Primary Investigators Leon,Project Management for Healthcare Practices: Costs and Timing.,,anystyle,W2991058507,offline_title_fuzzy,0.880679422446629
1742_a15,1742,NA,Project Management for Humanists: Preparing Future Primary Investigators.http://mediacommons.futureofthebook.org/alt-ac/pieces/project-management-humanists Leon 2011,Project Management for Healthcare Practices: Costs and Timing.,,anystyle,W2991058507,offline_title_fuzzy,0.880679422446629
4040_a7,4040,NA,Project Management for Humanists: Preparing Future Primary Investigators Leon 2011,Project Management for Healthcare Practices: Costs and Timing.,,anystyle,W2991058507,offline_title_fuzzy,0.880679422446629
8509_a4,8509,NA,Authorship Attribution. A monograph produced for the Faculty of Computer Holmes 1992,"Authorship attribution added to ""Inertial technology for the future""",,anystyle,W2052535291,offline_title_fuzzy,0.880659074061595
79_a2,79,NA,"An Object Oriented Approach to Hypermedia Authoring, Interactive Multimedia Learning Environments: Human Factors and Technical Considerations on Design Issues Barker 1999",An Object-Oriented Approach to the Combination of Rule-Based and Generative Algorithmic Composition Methods for Real-Time Interactive Applications.,,anystyle,W2240306983,offline_title_fuzzy,0.880524150206919
2061_a1,2061,NA,Toward Sequencing ‘Narrative DNA Daranyi; Forro 2012,"Toward Sequencing “Narrative DNA” : Tale Types, Motif Strings and Memetic Pathways",,anystyle,W64032335,offline_title_fuzzy,0.880519480519481
1589_a30,1589,NA,"The Tragedy of Richard the Third, cited after Shakespeare’s First Folio as transcribed in",The tragedy of Richard the Third : with new dramatic criticism and an updated bibliography,,anystyle,W581965494,offline_title_fuzzy,0.880473751600512
1932_a1,1932,NA,Alan Crawley and Contemporary Verse Alan Crawley and Contemporary Verse Of Alan Crawley McCullagh; Robertson 1976 1969 Ethel 1964,Alan Crawley and Contemporary Verse,,anystyle,W6923385958,offline_title_fuzzy,0.880459770114943
1974_a1,1974,NA,"New Cinema History and the Computational Turn, in Beyond Art, Beyond Humanities, Beyond Technology: A New Creativity Verhoeven 2012",New cinema history and the computational turn,,anystyle,W2240319263,offline_title_fuzzy,0.880357142857143
236_r4,236,NA,"MATE - Multilevel Annotation, Tools Engineering. Telematics Project LE4-8370",MATE - Multilevel annotation and tools engineering,,xml_biblstruct,W7139482230,offline_title_fuzzy,0.880314009661836
1238_a2,1238,NA,Literary and Linguistic Computing: Journal of the Association for Literary and Linguistic,Literary and linguistic innovation within Arundhati Roy's The God of Small Things,,anystyle,W3007901400,offline_title_fuzzy,0.88030303030303
635_a13,635,NA,Characterization of French Linguistic Research Papers with Morphosyntactic Variables Poudat 2003,Characterization of French 'Grand-Cru' Emmental cheese. I. Physicochemical composition.,,anystyle,W302383050,offline_title_fuzzy,0.880255516840883
9959_r2,9959,NA,"National Digital Stewardship Alliance (NDSA). (2014). National Agenda for Digital Stewardship, https://ndsa.org/national-agenda/ (ccessed 9 May 2019).",National Digital Stewardship Alliance (NDSA) 2012 Web Archiving Survey Report,,xml_bibl,W7139154658,offline_title_fuzzy,0.880223455419904
7960_a6,7960,NA,A Fast Morphological Analyser for Lemmatizing Corpora of Agglutinative Languages 1992 1992,A Fast Morphological Analysis Using the Extended AC Machine for Oriental Languages.,,anystyle,W2395350016,offline_title_fuzzy,0.880168365489625
3896_a25,3896,NA,Introduction: the reinsertion of space into the social sciences and humanities”. The Spatial Turn: Interdisciplinary Perspectives Warf; Arias 2009,Introduction: the reinsertion of space in the humanities and social sciences,,anystyle,W26093573,offline_title_fuzzy,0.88
10958_r7,10958,NA,Getty Research Institute (2018): Art & Architecture Thesaurus (AAT). https://www.getty.edu/research/tools/vocabularies/aat/index.html,博物馆藏品档案开发利用途径探究—— 以盖蒂研究所（Getty Research Institute）为例,,xml_bibl,W2964396641,offline_title_fuzzy,0.88
988_a9,988,NA,A Feeling for Books: The Book-ofthe Radway 1997,"A Feeling for Books: The Book-of-the-Month Club, Literary Taste, and Middle-Class Desire.",,anystyle,W1965680285,offline_title_fuzzy,0.88
1088_a2,1088,NA,Works of the British Poets,"Works of the British poets, with lives of the authors; translations.",,anystyle,W7025569654,offline_title_fuzzy,0.88
1758_a1,1758,NA,Building A Volunteer Community Causer; Wallace 2012,Building A Volunteer Community: Results and Findings from Transcribe Bentham,,anystyle,W817121634,offline_title_fuzzy,0.88
1807_a4,1807,NA,Building A Volunteer Community Causer; Wallace 2012,Building A Volunteer Community: Results and Findings from Transcribe Bentham,,anystyle,W817121634,offline_title_fuzzy,0.88
4071_a1,4071,NA,Where’s the Pedagogy? The Role of Brier 2012,Where’s the Pedagogy? The Role of Teaching and Learning in the Digital Humanities,,anystyle,W2497394766,offline_title_fuzzy,0.88
4073_a16,4073,NA,Keepers of the Code: English-Canadian Lecker 2013,Keepers of the code: English-Canadian literary anthologies and the representation of nation,,anystyle,W2744068462,offline_title_fuzzy,0.88
7901_a7,7901,NA,A Virtual Expression of Need,A Virtual Expression of Need: An Analysis of E-mail Reference Questions,,anystyle,W29338678,offline_title_fuzzy,0.88
8432_a10,8432,NA,The Musical Style of The Levin 1983,The musical style of the Shipibo Indians of the upper Amazon,,anystyle,W568707578,offline_title_fuzzy,0.88
7076_a1,7076,NA,Reconstruction And AnalysisDavid Howlett Peritia: Journal of the Medieval Academy of Ireland 9 1995,Reconstruction and Analysis of the Energy Demand of a Healthcare Facility in Italy,,anystyle,W3094572896,offline_title_fuzzy,0.879988053758089
1845_a5,1845,NA,"Open Annotation Data Model, W3C Open Annotation Community Group 2013",Open Annotation Data Model: community draft,,anystyle,W41026757,offline_title_fuzzy,0.879879175550817
1938_a3,1938,NA,The Rights of Women.”The North Star Douglass 1848 July 28,The rights of women: The basic ACLU guide to a woman's rights,,anystyle,W1601135770,offline_title_fuzzy,0.879875222816399
11703_r7,11703,NA,"National Research Council. Strengthening Forensic Science in the United States: A Path Forward. Washington, DC:National Academies Press, 2009.","National Research Council, Oil in the Sea III. Inputs, Fates and Effects, Washington, The National Academies Press, 2003, 265 p.",,xml_bibl,W2599292623,offline_title_fuzzy,0.879766825649179
2690_r8,2690,NA,European Cooperation in the Field of Scientific and Technical Research (COST; 2013/05). Memorandum of Understanding for the Implementation of a European Concerted Research Action designated as COST Action IS 1305: European Network of e-Lexicography (EneL). (Accessed: 12 March 2016).,"European cooperation in the field of scientific and technical research. Collected Agreements\nconcluded within the framework of European cooperation\nin the field of scientific and technical research Volume 9, 1995-1996",,xml_bibl,W7028536344,offline_title_fuzzy,0.879748409303014
7959_a16,7959,NA,Compiling a Dictionary of Academic English (Progress Report Hollósy 1996,Compiling a dictionary of collocation : problems and solutions,,anystyle,W2184246280,offline_title_fuzzy,0.879683908045977
1311_a2,1311,NA,The virtual observatory and the Roman de la rose: Unexpected relationships and the collaborative imperative Choudhury; Stinson 2007,"The Virtual Observatory as a Data Grid Report of the workshop held at the e-Science Institute, Edinburgh on",,anystyle,W7099912698,offline_title_fuzzy,0.879659962678831
10532_r1,10532,NA,Institut für Deutsche Sprache (2015): COSMAS IIhttp://www.ids-mannheim.de/cosmas2/uebersicht.html [letzter Zugriff 22. Dezember 2015].,Institut für Deutsche Sprache (IDS),,xml_bibl,W1411151894,offline_title_fuzzy,0.87965367965368
3805_a12,3805,NA,Espace et lieu: la perspective de l'expérience Tuan 2006,"Espace et lieu. La perspective de l'expérience de Yi-Fu Tuan ( in Folio, février 2006, Lausanne) – Lecture de Marc Dumont",,anystyle,W3180624969,offline_title_fuzzy,0.879646017699115
1085_a10,1085,NA,Performance of African American Students at Virginia,Performance of African-American Adolescents on a Measure of Language Proficiency.,,anystyle,W2141534047,offline_title_fuzzy,0.879615384615385
525_a27,525,NA,Cumulative Sum Charts for Authorship Attribution 1993,Cumulative Sum Charts for Heterogeneous Dichotomous Events,,anystyle,W175384707,offline_title_fuzzy,0.879597701149425
4188_a3,4188,NA,ImageNet classification with deep convolutionnal neural network di Lenardo Visual Patterns Discovery in Large Databases of Paintings Krizhevsky; Sutskever; Hinton; I.; B. 2012 2016,ImageNet classification with deep convolutional neural networks,,anystyle,W3147600416,offline_title_fuzzy,0.87958152958153
9888_r15,9888,NA,OWL Web Ontology Language Reference. W3C Recommendation 10 February 2004. Accessed 27 November 2018. https://www.w3.org/TR/owl-ref/,OWL Web Ontology Language - Reference,,xml_bibl,W7014332934,offline_title_fuzzy,0.879545454545455
3895_a2,3895,NA,Networks in Contemporary American Fiction,Networks in Contemporary Public Administration: A Discourse Analysis,,anystyle,W2077324994,offline_title_fuzzy,0.879524936294139
499_a6,499,NA,A Manifesto for Cyborgs: Science Haraway,"A Manifesto for Cyborgs: Science, Technology, and Socialist Feminism in the 1980s",,anystyle,W4388337032,offline_title_fuzzy,0.87948717948718
3997_a1,3997,NA,Diversity in Digital Humanities.' Centre Virtuel de la Connaissance sur l'Europe Bordalejo 2016 2016-06-09,Diversity in Digital Humanities,,anystyle,W3013349140,offline_title_fuzzy,0.87948717948718
1094_a12,1094,NA,The Spacious Word: Cartography Padrón 2004,"The Spacious Word: Cartography, Literature, and Empire in Early Modern Spain",,anystyle,W2009532131,offline_title_fuzzy,0.879452054794521
4078_a11,4078,NA,Cold War foreign policy ideology using networks and NLP 2016,Cold War Foreign Policy in Latin America:,,anystyle,W4403975357,offline_title_fuzzy,0.879415584415584
1550_a5,1550,NA,Archiv-Editor – Software for Personal Data Research and Advanced Technology for Digital Libraries Plutte; Gradmann; Meghini; Schuldt 2011 2011,Archiv-Editor – Software for Personal Data: Demo-Presentation at the TPDL 2011,,anystyle,W25415485,offline_title_fuzzy,0.87940620782726
611_a4,611,NA,Combining Connectionist and Hypertext Koch 1992,Combining Connectionist and Symbolic Properties in a Single Process,,anystyle,W2492490152,offline_title_fuzzy,0.87939396815604
1234_a4,1234,NA,Zum Forschungsprogramm einer computergestützten Buch- und,Zum Forschungsprogramm einer kritisch-reflexiven Bildungsforschung,,anystyle,W4367591292,offline_title_fuzzy,0.879383116883117
1004_a36,1004,NA,"Nearest Shrunken Centroids, with Applications to DNA",Nearest Shrunken Centroid as Feature Selection of Microarray Data.,,anystyle,W115238348,offline_title_fuzzy,0.879376571141277
1943_a5,1943,NA,Semantic Reasoning with EYE Verborgh 2011,Semantic Reasoning with Differentiable Graph Transformations,,anystyle,W3184980134,offline_title_fuzzy,0.879259259259259
1782_a19,1782,NA,Computer-Assisted Phonetic Analysis of English Poetry: A Preliminary Case Study of Browning and Tennyson Plamondon 2005,Computer-Assisted Phonetic Analysis Techniques for Large Recorded Corpuses of Natural Speech,,anystyle,W1970746599,offline_title_fuzzy,0.879252849303504
3889_a2,3889,NA,Figure 1. Evolution of the number of projects funded by SNF annually from 1975,Figure 1 Evolution of the spatial distribution of pension fund balances,,anystyle,W4398425817,offline_title_fuzzy,0.879238614360362
9836_r1,9836,NA,European Commission European Research Infrastructures Text European Commission - European Commission https://ec.europa.eu/info/research-and-innovation/strategy/european-research-infrastructures_en (accessed 27th Nov 2018).,"European Commission, European research area, Social sciences and humanities, European policy brief",,xml_bibl,W7028486329,offline_title_fuzzy,0.87922305764411
4071_a10,4071,NA,Transformations of Literary Studies: What Thirteen,Transformations of Literacy in Internet Communication,,anystyle,W3143247895,offline_title_fuzzy,0.879208702348864
1478_a8,1478,NA,Putting the Text Back into Context Pierazzo; Stokes 2010,Putting the Text back into Context: A CodicologicalApproach to Manuscript Transcription,,anystyle,W1560189773,offline_title_fuzzy,0.879069767441861
19_a5,19,NA,"Lexical Databases and Textual Corpora: A Trend of Convergence between Computational Linguistics and Literary and Linguistic Computing"" Calzolari; Zampolli",Lexical Databases and Textual Corpora: Perspectives of Integration for a Lexical Knowledge Base,,anystyle,W3137073181,offline_title_fuzzy,0.878964109176875
1007_a4,1007,NA,Declaration by Design: Rhetoric Buchanan 1985,"Declaration by Design: Rhetoric, Argument, and Demonstration in Design Practice",,anystyle,W3147584121,offline_title_fuzzy,0.878947368421053
1320_a32,1320,NA,It May Change my Understanding of the Field Siemens 2009 2010-04-15,It May Change My Understanding of the Field: Understanding Reading Tools for Scholars and Professional Readers,,anystyle,W2399559309,offline_title_fuzzy,0.878899082568807
6564_r4,6564,NA,"“Algunas Notas Sobre Los Repositorios Institucionales (Parte I) -.” Infotecarios (blog), August 22, 2017. http://www.infotecarios.com/algunas-notas-los-repositorios-institucionales-ri-parte-i/.","Algunas notas sobre los términos ""dominus"" y ""possessor"" en la literatura gromática",,xml_bibl,W6979838651,offline_title_fuzzy,0.878783857356744
9965_r3,9965,NA,Brown University Library. (2019). Digital publications initiative. https://library.brown.edu/create/digitalpublications/,Brown university library;,,xml_bibl,W7064576328,offline_title_fuzzy,0.878688524590164
10012_r3,10012,NA,COAR Next Generation Repositories WG (2017). Behaviours and Technical Recommendations of the COAR Next Generation Repositories Working Group. COAR (accessed 4 May 2019).,"COAR Next Generation Repositories Working Group (2017): Next Generation Repositories – Introduction, Rationale and User Stories. Draft for public comment.",,xml_bibl,W6968831905,offline_title_fuzzy,0.878673113080849
1514_a19,1514,NA,Afterword: Confessions of a Reformed Uneditor Marcus 2000,AFTERWORD: CONFESSIONS OF A GAME SCHOLAR IN AN ENGLISH DEPARTMENT,,anystyle,W4293581084,offline_title_fuzzy,0.878634906759907
995_a10,995,NA,Bibliographic Tools for the Next Generation Web,Bibliographic Tools for Meteorological Research,,anystyle,W2889050191,offline_title_fuzzy,0.878605200945626
10581_r2,10581,NA,Berlin-Brandenburgische Akademie der Wissenschaften (2010): ediarum. Eine digitale Arbeitsumgebung für Editionsvorhaben http://www.bbaw.de/telota/software/ediarum [letzter Zugriff 05. Februar 2016].,Berlin-Brandenburgische Akademie der Wissenschaften (BBAW) Genomchirurgie beim Menschen – Zur verantwortlichen Bewertung einer neuen Technologie,,xml_bibl,W4251164033,offline_title_fuzzy,0.878463282748997
3865_a14,3865,NA,Förschungsdaten an der Philösö-phischen Fakultät der Universität zu Köln (Kölner Arbeitspapiere zur Bibliötheks Kronenwett 2017,Forschungsdaten an der Philosophischen Fakultät der Universität zu Köln,,anystyle,W2729293769,offline_title_fuzzy,0.878386683738797
1068_a7,1068,NA,Design for Hierarchical Search and Browse,Design for Hierarchical Two-Pattern Testability of Data Paths,,anystyle,W337352596,offline_title_fuzzy,0.878377070224542
1473_a1,1473,NA,"Photographie et reproduction gravée. Études photographiques, [En ligne], mis en ligne le 10 septembre 2008 Bann 2001",Photographie et reproduction gravée. L’économie visuelle au xixe siècle,,anystyle,W1503346615,offline_title_fuzzy,0.87833981612447
764_a10,764,NA,Stochastic Models and Data Analysis,Stochastic models and data driven simulations for healthcare operations,,anystyle,W1571143426,offline_title_fuzzy,0.878295656290685
4144_a18,4144,NA,Rejecting the gender binary: a vector-space operation Schmidt 2015 2015-10-30,Rejecting the Gender Binaries in Hunger Games Trilogy,,anystyle,W3091853296,offline_title_fuzzy,0.878262947360969
3987_a37,3987,NA,"Handlungsmächtigkeit und technologische Lebensformen. Cultural Studies, digitale Medien und die Demokratisierung der Lebensverhältnisse Winter 2010",Handlungsmächtigkeit und technologische Lebensformen,,anystyle,W23022983,offline_title_fuzzy,0.878195488721805
634_a11,634,NA,A Profile of End-User Searching Behavior by Siegfried; Bates; Wilde 1993,A profile of end-user searching behavior by humanities scholars: The Getty Online Searching Project Report No. 2,,anystyle,W2061849422,offline_title_fuzzy,0.878181818181818
1951_a3,1951,NA,The report of the American Council of Learned Societies Commission on Cyberinfrastructure for the Humanities and Social Sciences Commonwealth 2006,The report of the American Association of Psychiatric Social Workers to the mid-century White House Conference.,,anystyle,W2437100792,offline_title_fuzzy,0.878162878787879
1293_a12,1293,NA,W pogoni za Sienkiewiczem Miko 1994,W pogoni za Sienkiewiczem: z odnalezionych dziennikow Almy Curtin,,anystyle,W2796755828,offline_title_fuzzy,0.878125
1069_a1,1069,NA,Classic Maya Warfare and Weapons Aoyama 2005,"CLASSIC MAYA WARFARE AND WEAPONS: Spear, dart, and arrow points of Aguateca and Copan",,anystyle,W2085138670,offline_title_fuzzy,0.878048780487805
3987_a23,3987,NA,Grundlagen der Unternehmensführung. Strategie - Stellgrößen - Erfolgsfaktoren -Implementierung Pepels 2005,Grundlagen der unternehmerischen Sorgfaltspflichten in der Lieferkette der Textilbranche,,anystyle,W4387197401,offline_title_fuzzy,0.877899240208768
7959_a20,7959,NA,Papers in Computational Lexicography Complex '92 Research Institute for Linguistics Kiefer; Pajzs 1992,Papers in computational lexicography : COMPLEX 2005 : [proceedings of the 8th International Conference on Computational Lexicography],,anystyle,W7032852301,offline_title_fuzzy,0.877895889399634
4162_a3,4162,NA,Enhancing scholarly use of digital libraries: A comparative survey and review of bibliographic metadata ontologies Jett; Nurmikko-Fuller; Cole; Page; Downie 2016 2016,Enhancing Scholarly Use of Digital Libraries,,anystyle,W2409809551,offline_title_fuzzy,0.87787610619469
10854_r3,10854,NA,"Fandrych, Christian / Meißner, Cordula / Wallner, Franziska (eds.) (2017): ""Gesprochene Wissenschaftssprache – digital Verfahren zur Annotation und Analyse müdlicher Korpora."" Deutsch als Fremd- und Zweitsprache. Tübingen: Stauffenburg.","Fandrych, Christian; Meißner, Cordula; Wallner, Franziska (Hrsg.): Gesprochene Wissenschaftssprache – digital. Verfahren zur Annotation und Analyse mündlicher Korpora. Tübingen: Stauffenburg, 2017 (Deutsch als Fremd- und Zweitsprache, Schriften des Herder-Instituts (SHI), 11). – ISBN 978-3-95809-075-0. 213 Seiten, € 36,80.",,xml_bibl,W3019610570,offline_title_fuzzy,0.877855735120221
927_a5,927,NA,Delta : A Measure of Stylistic Burrows 2002,'Delta': a Measure of Stylistic Difference and a Guide to Likely Authorship,,anystyle,W2107317033,offline_title_fuzzy,0.877777777777778
1742_a24,1742,NA,National Endowment for the Humanities Office of Digital Humanities Summary Findings of Neh Digital Humanities Start-up Grants (2007-2010 2010,National Endowment for the Humanities Smithsonian Institution National Museum of Natural History,,anystyle,W7099746448,offline_title_fuzzy,0.877764336917563
2022_a3,2022,NA,Visualization and rhetoric: Key concern for utilizing big data in humanities research Kerr; Hausman; Gad; Javen 2013,Visualization and rhetoric: Key concerns for utilizing big data in humanities research: A case study of vaccination discourses: 1918-1919,,anystyle,W1971416469,offline_title_fuzzy,0.877754086709311
8038_a25,8038,NA,What You Don't Know Can't Help You: An Exploratory Study of Background Knowledge and Second Language Listening Comprehension Long 1990,What You Don’t Know Can Hurt You: The Risk of Language Deprivation by Impairing Sign Language Development in Deaf Children,,anystyle,W2586105171,offline_title_fuzzy,0.877753014392767
626_a74,626,NA,Theoretical Basis for Further Developments of,Theoretical Basis for Fused-Quartz Resonator Flow Tube Design,,anystyle,W2810772068,offline_title_fuzzy,0.877624061486517
3822_a1,3822,NA,Digital Methods in the Humanities: Understanding and Describing Their Use Across the Disciplines 2016,"Digital Methods in the Humanities : Challenges, Ideas, Perspectives",,anystyle,W3155991270,offline_title_fuzzy,0.877613808532631
1216_a3,1216,NA,Stylistic Analysis Using Repetitive Sound',Stylistic Analysis Using Machine Translation as a Tool,,anystyle,W176806869,offline_title_fuzzy,0.87750419408956
11046_r2,11046,NA,Berlin-Brandenburgische Akademie der Wissenschaften (eds.) (2019): Deutsches Textarchiv. Grundlage für ein Referenzkorpus der neuhochdeutschen Sprache. http://www.deutschestextarchiv.de/ [letzter Zugriff 25. September 2019].,"Berlin-Brandenburgische Akademie der Wissenschaften (ed.), Kants gesammelte Schriften. Neuedition der Abtheilung I (Werke). Berlin/Boston: De Gruyter, 2023 -, 9 volumes",,xml_bibl,W4403106783,offline_title_fuzzy,0.877474980388428
1953_a3,1953,NA,Entwicklung einer Web 2.0-Applikation zur Präsentation un Erforschung der Basler Frühdrucke Rosenthaler 2011,Entwicklung einer Web 2.0 basierten Kommunikationsplattform zur Vernetzung der Kreativwirtschaft,,anystyle,W6903373487,offline_title_fuzzy,0.877450213288821
1267_a8,1267,NA,Methodological Remarks On The Constitution Of Sanskrit Texts From The Buddhist Pramāṇa-Tradition Steinkellner 1988,Methodological Remarks on a Study of Privacy Awareness in Operating Room Students,,anystyle,W7140959485,offline_title_fuzzy,0.877423256589923
1241_a10,1241,NA,Lebenswege im Spannungsfeld lokaler und globaler,"Lebenswege im Spannungsfeld lokaler und globaler Prozesse : Person, Selbst und Emotion in der ethnologischen Biografieforschung",,anystyle,W572656464,offline_title_fuzzy,0.87741935483871
2303_r2,2303,NA,"Latour, B. (2005). Reassembling the Social. Oxford University Press, Oxford.","Latour, B. (2005), Reassembling the social. An introduction to Actor Network-Theory, Oxford: OUP, 316 pp.",,xml_bibl,W4415106825,offline_title_fuzzy,0.877395385998202
881_a21,881,NA,Cognitive Processes Used in the Evaluation of Documentary and Pictorial Evidence,Cognitive processes used by advanced practice nurses in clinical reasoning: A think-aloud method study,,anystyle,W2911521102,offline_title_fuzzy,0.877337154768108
9918_r11,9918,NA,"FWF. Austrian Science Fund, https://www.fwf.ac.at/en (accessed 2018-10-31).",FWF Austrian Science Fund (Stand-Alone Projects),,xml_bibl,W7028621817,offline_title_fuzzy,0.877294685990338
1821_a5,1821,NA,Interactions et réalité mixte dans la ville hybride HyperUrbain 3 : Villes hybrides et enjeux de l'aménagement des urbanités numérique Lucas 2012 2012,Interactions et réalité mixte dans la ville hybride,,anystyle,W2608263410,offline_title_fuzzy,0.877272727272727
3895_a1,3895,NA,The Social Lives of Books: Literary Finn 2011,The Social Lives of Books: Mapping the Ideational Networks of Toni Morrison,,anystyle,W2187256803,offline_title_fuzzy,0.877246230187407
11834_r1,11834,NA,British Broadcasting Corporation (BBC) (2021). TV documentary “God and Robots: Will AI Transform Religion?” at https://www.bbc.com/news/av/technology-58983047 .,"BRITISH BROADCASTING CORPORATION RADIO 4 TRANSCRIPT OF ""FILE ON 4"" CURRENT AFFAIRS GROUP ""BUSH MEAT""",,xml_bibl,W6960336266,offline_title_fuzzy,0.877112009981486
2029_a4,2029,NA,The Open Archival Information System Reference Model vs. the BFG 9000: Issues of Context and Representation in Game Software Preservation Lowood; McDonough 2009 2009-06-23,The Open Archival Information System Reference Model,,anystyle,W1968714801,offline_title_fuzzy,0.877037037037037
10754_r27,10754,NA,„XQuery 1.0: An XML Query Language“. World Wide Web Consortium (W3C) http://www.w3.org/TR/xquery [letzter Zugriff 10.09.17].,"XQuery 1.0 : An XML query language, W3C Working Draft 12 November 2003",,xml_bibl,W2258030721,offline_title_fuzzy,0.877035512094699
1964_a3,1964,NA,Teaching scientific inquiry: recommendations for research and implementation Duschl; Grandy 2008,Teaching scientific inquiry skills: A handbook for bioscience educators in Australian universities,,anystyle,W131016995,offline_title_fuzzy,0.876992678918273
7743_a8,7743,NA,"Using TACT with Electronic Texts, The Modern Language Association of America Lancashire; Bradley; McCarty; Stairs; R 1996",Using Tact With Electronic Texts: A Guide to Text-Analysis Computing Tools : Version 2.1 for MS-DOS and PC DOS,,anystyle,W1508110294,offline_title_fuzzy,0.876973191171954
1711_a1,1711,NA,How Histories Make Geographies: Circulation and Context in a Global Perspective Appadurai 2010,How Histories make Geographies,,anystyle,W2283853152,offline_title_fuzzy,0.876923076923077
542_a15,542,NA,The Humanities Computing Curriculum: The Computing,The humanities computing yearbook,,anystyle,W2937901819,offline_title_fuzzy,0.876839826839827
626_a60,626,NA,The Scientific Testing of Utterances Morton 1991,THE SCIENTIFIC TESTING OF PSYCHO‐ANALYTIC FINDINGS AND THEORY*,,anystyle,W2984148433,offline_title_fuzzy,0.876834886960249
2009_a13,2009,NA,Représenter les données textuelles par les arbres in S LUONG 1998,Représenter les données de controverses,,anystyle,W4393349978,offline_title_fuzzy,0.876755488520195
996_a11,996,NA,The AustLit Gateway and Scholarly Kilner 2005,The AustLit Gateway and Scholarly Bibliography: A Specialist Implementation of the FRBR,,anystyle,W1976866868,offline_title_fuzzy,0.876744186046512
3907_a7,3907,NA,Center for Research Libraries (CRL Certification and Assessment of Digital Repositories 2015,Center for Research Libraries (CRL),,anystyle,W4254313696,offline_title_fuzzy,0.876744186046512
1840_a4,1840,NA,An interesting and useful precedent in using RDF to describe aggregations of files can be found in the open archive initiative,AN INTERESTING AND USEFUL BALSAMIC RESIN USED TO INCREASE THE ADHERENCE OF ADHESIVE TAPE TO THE SKIN: SIAM BENJOIN (TENTUIRE DE BENJOIN),,anystyle,W2045551132,offline_title_fuzzy,0.876723519713739
447_a7,447,NA,Documentation and Its Facets 1963,Documentation and its facets being a symposium of 70 papers by 32 authors,,anystyle,W7113388112,offline_title_fuzzy,0.876712328767123
1194_a4,1194,NA,'A Movement Data Analysis and 2009,A Movement Data Analysis and Synthesis Tool for Museum Visitors’ Behaviors,,anystyle,W1514086782,offline_title_fuzzy,0.876712328767123
10666_r3,10666,NA,Schweizerische Akademie der Geistes- und Sozialwissenschaften (2015): Final report for the pilot project „Data and Service Center for the Humanities“ (DaSCH). Swiss Academies Reports 10 (1).,Schweizerische Akademie Der Geistes- Und Sozialwissenschaften: Mehrjahresplanung 2017–2020; Académie Suisse Des Sciences Humaines Et Sociales : Planification Pluriannuelle 2017–2020,,xml_bibl,W6911517135,offline_title_fuzzy,0.876659592828713
1217_a27,1217,NA,Wissenschaftliche Buchgesellschaft for kindly making available digital versions of textbooks for us,Wissenschaftliche Buchgesellschaft eröffnet eine Art Forum,,anystyle,W6955453481,offline_title_fuzzy,0.876615519991201
1198_a2,1198,NA,'Effective Methods of Producing Machine- readable Text from Manuscript and Print,Effective Methods of Processing Argillaceous Materials for Building Ceramics,,anystyle,W1983786547,offline_title_fuzzy,0.876534284429021
9917_r25,9917,NA,"Ritter, Joachim / Gründer Karlfried (eds.) (1998): Historisches Wörterbuch der Philosophie. Darmstadt: Wissenschaftliche Buchgesellschaft.","Ritter, Joachim/Gründer, Karlfried, Historisches Wörterbuch der Philosophie, Bd. 8: R-Sc",,xml_bibl,W7104585276,offline_title_fuzzy,0.876500193573364
10836_r31,10836,NA,"Ritter, Joachim / Gründer Karlfried (eds.) (1998): Historisches Wörterbuch der Philosophie. Darmstadt: Wissenschaftliche Buchgesellschaft.","Ritter, Joachim/Gründer, Karlfried, Historisches Wörterbuch der Philosophie, Bd. 8: R-Sc",,xml_bibl,W7104585276,offline_title_fuzzy,0.876500193573364
1734_a10,1734,NA,"The National Archives. PRONOM,The Technical Registry",The National Archives : preparing for a new records age.,,anystyle,W7030403348,offline_title_fuzzy,0.876476904613663
545_a14,545,NA,Critical Images: The Canonization of Don Schmidt,Critical Images. the Canonization of Don Quixote through Illustrated Editions of the Eighteenth Century,,anystyle,W81828378,offline_title_fuzzy,0.876470588235294
1362_a1,1362,NA,At the Circulating Library Bassett 2010,"At the Circulating Library: A Database of Victorian Fiction, 1837–1901",,anystyle,W752934163,offline_title_fuzzy,0.876470588235294
1466_a9,1466,NA,Language documentation: What is it and what is it good for? Himmelmann 2006,Language documentation: Whose ethics?,,anystyle,W2492745442,offline_title_fuzzy,0.876387844611529
2775_r5,2775,NA,"Ministry of Land, Infrastructure, Transport and Tourism. (2006). Assessment of Situation with Settlements to Institute National Spatial Planning. (Japanese)","Ministry of Land, Infrastructure, Transport and Tourism to establish a study group by making airport renewable energy base",,xml_bibl,W7030326219,offline_title_fuzzy,0.876368393511251
856_a6,856,NA,"Discourse, Power, and Ecriture Féminine: Text Olsen","Discourse, Power and Écriture Féminine: Text Mining Gender Difference in 18th and 19th Century French Literature",,anystyle,W6981150398,offline_title_fuzzy,0.876363636363636
39_a2,39,NA,"British National Corpus: User's Reference Guide for the British National Corpus"" 1955 1955-05",British National Corpus における前置詞for の意味分析 : Michigan Corpus of Academic Spoken English との比較(1),,anystyle,W1803992843,offline_title_fuzzy,0.876357871519162
1386_a9,1386,NA,Language in the inner cityPhiladelphia Labov 1972,Language in the Inner City: Studies in the Black English Vernacular.,,anystyle,W2325911855,offline_title_fuzzy,0.876342371079213
1208_a11,1208,NA,Die europäische Gelehrtenrepublik im Zeitalter des,Die europäische Gelehrtenrepublik im Zeitalter des Konfessionalismus. The European Republic of Letters in the Age of Confessionalism,,anystyle,W7028124007,offline_title_fuzzy,0.876335877862595
1223_a18,1223,NA,A Guide to the Information Millennium,A guide to the information we keep and how you can obtain it.,,anystyle,W2762185203,offline_title_fuzzy,0.876257166257166
20_a2,20,NA,Metodos estadisticos y problemas de autoria. El libro IV de las Estratagemas de S Espinilla Buisan 1998,Métodos estadísticos y probabilísticos para descubrir los secretos del fútbol,,anystyle,W325013727,offline_title_fuzzy,0.876233766233766
1699_a2,1699,NA,Conservation of the Great Parchment Book Stefani 2012,Conservation of the Great Barrier reef of Australia,,anystyle,W4238064241,offline_title_fuzzy,0.876229946524064
1220_a21,1220,NA,computational analysis in literary studies as a quest for interpretations inspired by pattern,Computational Analysis Identifies Human Adenovirus Type 55 as a Re-Emergent Acute Respiratory Disease Pathogen,,anystyle,W2051164613,offline_title_fuzzy,0.876193593853009
9_a1,9,NA,Selecting Resources for a Subject Gateway: Who Decides? Fraser 1999,Selecting resources for distributed dataflow systems according to runtime targets,,anystyle,W2572526791,offline_title_fuzzy,0.876136035406476
3927_a8,3927,NA,IFLA Study Group on the Functional Requirements of Bibliographic Records Functional Requirements of Bibliographic Records: final report 1998,IFLA Study Group on the Functional Requirements for Bibliographic Records,,anystyle,W7095242053,offline_title_fuzzy,0.87607851155183
974_a13,974,NA,Linguistics (The Linguistic Circle of Copenhagen,LINGUISTICS: The Linguistic Theories of N. Ja. Marr. Lawrence L. Thomas,,anystyle,W1910446365,offline_title_fuzzy,0.876072451381704
11908_r2,11908,NA,Deutsche Nationalbibliothek (2022): GND. Gemeinsame Normdatei. https://gnd.network/Webs/gnd/DE/Home/home_node.html (accessed 12 April 2022).,Deutsche Nationalbibliothek,,xml_bibl,W4250889277,offline_title_fuzzy,0.876056338028169
7722_a6,7722,NA,The Basics of English Metre. Computer software of Glasgow STELLA project Kay; Anderson 1990,The Basics of English Metre,,anystyle,W400290557,offline_title_fuzzy,0.876056338028169
996_a16,996,NA,Microsoft Ventures into Open Noorden 2008,Microsoft Ventures into Nuclear Energy to Power AI Development,,anystyle,W6992873505,offline_title_fuzzy,0.876036866359447
10906_r12,10906,NA,Textdatenbank und Wörterbuch des Klassischen Maya (2017): Ontology of the Sign Catalogue for Classic Mayanhttps://classicmayan.org/documentations/idiomschema.html [letzter Zugriff 1.10.2018].,Textdatenbank und Wörterbuch des Klassischen Maya,,xml_bibl,W7071352228,offline_title_fuzzy,0.875968992248062
790_a8,790,NA,Conference on Knowledge Discovery and Data Mining,Conference on Knowledge across Cultures,,anystyle,W3112442712,offline_title_fuzzy,0.875964809000523
1960_a11,1960,NA,Assessment of historical thinking” Hybrid reality and location-based gaming: Redefining mobility and game spaces in urban environments” Seixas; Souza; Silva 2011 2008 March,Assessment of historical heavy metal content in healing muds from San Diego river (Cuba) using nuclear analytical techniques,,anystyle,W2208426360,offline_title_fuzzy,0.875950131484798
733_a1,733,NA,Requirements for Assessing and Force,Requirements for assessing soil moisture from space in arid and semi arid areas,,anystyle,W4387470413,offline_title_fuzzy,0.875949367088608
984_a25,984,NA,The End of the Irrelevant Text,"The End of the Irrelevant Text: Electronic Texts, Linguistics, and Literary Theory",,anystyle,W2398915485,offline_title_fuzzy,0.875949367088608
2075_a10,2075,NA,Observations on the style and language of Lipsius’s prose: a look at some selected texts Tunberg 1999,Observations on the style of the Andalusian poet Ibn Khafaja in the light of some recently discovered poems,,anystyle,W2433744805,offline_title_fuzzy,0.875940756257385
1920_a1,1920,NA,Connecting European Women Writers Bergenmar; Olsson 2012,Connecting European Women Writers. The Selma Lagerlöf Archive and Women Writers Database.,,anystyle,W2887544023,offline_title_fuzzy,0.875862068965517
1847_a4,1847,NA,"Critical Editions in the Digital Age”, in The Johns Hopkins Guide to Digital Media and Textuality C.; Hamidovic",Critical Editions in the Digital Age,,anystyle,W2947645700,offline_title_fuzzy,0.875789473684211
7916_a2,7916,NA,Acquisition and Restoration of Medieval Manuscript,Acquisition and Restoration of Appropriate Machinery for Living Historical Sites,,anystyle,W2916325036,offline_title_fuzzy,0.875712765957447
1801_a2,1801,NA,Computational Historiography: Data Mining in a Century of Classics Journals Mimno 2012,Computational historiography,,anystyle,W2141056424,offline_title_fuzzy,0.875675675675676
1986_a21,1986,NA,Computational Historiography: Data Mining in a Century of Classics Journals Mimno 2012,Computational historiography,,anystyle,W2141056424,offline_title_fuzzy,0.875675675675676
4108_a1,4108,NA,Linked Data and You: Bringing Cannam; Sandler; Jewell; Rhodes; d'Inverno 2011,Linked Data and You: Bringing Music Research Software into the Semantic Web,,anystyle,W2138365710,offline_title_fuzzy,0.875675675675676
2775_r7,2775,NA,The National Institute of Population and Social Security Research (2014). Estimation of the Japanese Future Population (Japanese).,The National Institute of Standards and Technology's Role in Supporting Economic Competitiveness in the 21st Century,,xml_bibl,W7021136428,offline_title_fuzzy,0.875672315644834
7724_a1,7724,NA,Mapping of the dynamics of science and technology Callon; Law; Rip 1986,Mapping of the dynamics of population morbidity: approachs and new decisions,,anystyle,W2555647264,offline_title_fuzzy,0.875639160011831
204_r5,204,NA,Schwitalla Gesprochenes Deutsch. Eine Einführung.. Grundlagen der Germanistik 35 1997,schwitalla gesprochenes deutsch,,xml_biblstruct,W6949321278,offline_title_fuzzy,0.875609756097561
4090_a1,4090,NA,Cäsar Flaischlen's 'Graphische Litteratur-Tafel'. A Digital Edition 2016 October,Cäsar Flaischlen’s “Graphische Litteratur-Tafel” – Digitizing A Giant Historical Flowchart Of Foreign Influences On German Literature,,anystyle,W2810472741,offline_title_fuzzy,0.875501799557032
2050_a7,2050,NA,"A collaborative editing plaftorm for source documents in Classics, sites.tufts.edu/perseids",A collaborative editing approach based on single-user application extending,,anystyle,W2359853966,offline_title_fuzzy,0.875495495495495
1096_a13,1096,NA,"Sustainability in Cultural Heritage Management, Digital Humanities Eide; Ore; Holmen 2008",Sustainability in Cultural Policy in the Nordic Countries,,anystyle,W4410990636,offline_title_fuzzy,0.87548511212565
873_a8,873,NA,University of Victoria. libwpd - a library for importing WordPerfect (tm) documents Columbia; Island,University of Victoria Libraries - Winter Update,,anystyle,W2750157051,offline_title_fuzzy,0.875481233742103
1717_a9,1717,NA,"Collaboration networks: A comparative analysis of the natural science, social sciences and the humanities Lariviere; Gingras; Archambault 2006",Collaboration Networks and Sustainable SMEs Performance: The Role of Digital Leadership as Moderating Variable,,anystyle,W4396629396,offline_title_fuzzy,0.87544412897079
324_a11,324,NA,"Survey of standardization in Tsuruoka City, Japan: Comparison of results from three surveys at twenty-year intervals” Yoneda 1993","Survey of Standardization in Tsuruoka, Japan",,anystyle,W2336293360,offline_title_fuzzy,0.875438596491228
1480_a12,1480,NA,"Automated Motif Discovery in Cultural Heritage and Scientific Communication Texts),http://ilk.uvt.nl/amicus/",Automated motif discovery in protein structure prediction,,anystyle,W2477141714,offline_title_fuzzy,0.875319675849302
2151_a16,2151,NA,From Babylon to Baghdad: Toward a History of the “Herbal” in the Near East Hawley 2010,From Babylon to Baghdad: Cultural Heritage and Constitutional Law in the Republic of Iraq,,anystyle,W2098898080,offline_title_fuzzy,0.875309432351686
2467_r3,2467,NA,"Electronic Visualization Lab (2014). Omnicron. http://github.com/uic-evl/omicron (accessed May 24, 2015).",Electronic visualization tools in education,,xml_bibl,W4200526201,offline_title_fuzzy,0.875277470161191
1589_a28,1589,NA,The True History of the Black Adder: the Unadulterated Tale of the Creation of a Comedy Legend Roberts 2012,The true history of the Black Adder,,anystyle,W629454638,offline_title_fuzzy,0.875268817204301
608_a18,608,NA,Conversational Contexts of Argument,Conversational Contexts: The Site for Emerging Social-cognitive Skills,,anystyle,W4234405023,offline_title_fuzzy,0.875189380099866
3852_a16,3852,NA,Biblia Sacra Juxta Vulgata Versionen 1994,Biblia Sacra : juxta Vulgatae examplaria et correctoria romana...,,anystyle,W6998968242,offline_title_fuzzy,0.875151515151515
100_a4,100,NA,"A Proficiency-Adapted Framework for Information Browsing and Filtering in Educational Hypermedia Systems"" Calvi; Bra 1997",A proficiency-adapted framework for browsing and information filtering in Web-based educational systems. Methodological implications for language learning on the WWW,,anystyle,W1597671669,offline_title_fuzzy,0.875142989854096
1468_a2,1468,NA,"Constructing a research corpus Gaskell (eds),Qualitative researching with text, image and sound: a practical handbook Bauer; Aarts 2000","Constructing a Research Grade Interactive Remote Microscopy Application—Goals, Challenges, and Results",,anystyle,W2106038643,offline_title_fuzzy,0.875092727972297
499_a24,499,NA,Functional Anatomy of Language 2004,Functional anatomy of language: the writing process in Broca's and Exners's areas,,anystyle,W6981923260,offline_title_fuzzy,0.875
998_a23,998,NA,Brown Tide Rising: Metaphors of Santa Ana 2002,"Brown Tide Rising, Metaphors of Latinos in Contemporary American Public Discourse",,anystyle,W2002302952,offline_title_fuzzy,0.875
1494_a2,1494,NA,The Future of Preserving the Past Cohen 2005,The Future of Preserving the Past: Defining the Value (and Values) of Historic Preservation,,anystyle,W2800829858,offline_title_fuzzy,0.875
7730_a2,7730,NA,Explicit and Implicit Negative Feedback: An Empirical Study of the Learning of Linguistic Generalizations Carroll; Swain 1993,Explicit and Implicit Negative Feedback,,anystyle,W2100069851,offline_title_fuzzy,0.875
8432_a12,8432,NA,Reflections on The Waves” Miko 1988,Reflections on The Waves: Virginia Woolf at the Limits of her Art,,anystyle,W1554909396,offline_title_fuzzy,0.875
1085_a1,1085,NA,Perception of classroom belongingness among African American college students Booker 2007,"Perception of classroom environment, achievement goals, and strategy use among Hong Kong students",,anystyle,W2183449031,offline_title_fuzzy,0.874900888585099
3976_a14,3976,NA,"High-Resolution Satellite Imagery and the Destruction of Cultural Artifacts in Nakhchivan, Azerbaijan (2015) (a report by the American Association for the Advancement of Science",High-resolution satellite images reveal the prevalent positive indirect impact of urbanization on urban tree canopy coverage in South America,,anystyle,W4393396103,offline_title_fuzzy,0.87483496305216
10465_r1,10465,NA,Digital Humanities an der Friedrich-Schiller-Universität Jena (o. J.): DHnet Jena http://dhnet.uni-jena.de/index.php?id=124 [letzter Zugriff 15. Februar 2016].,Digital Humanities an der Universität Bern: Das fächerübergreifende Projekt Euro-Climhist,,xml_bibl,W3174899622,offline_title_fuzzy,0.874800854069147
1734_a5,1734,10.2218/ijdc.v3i1.48.,DCC Curation Lifecycle Model Higgins 2008,DCC Curation Lifecycle Model 2.0: Literature Review and Comparative Analysis,,anystyle,W3028149294,offline_title_fuzzy,0.874666666666667
1055_a5,1055,NA,Book of abstracts for the Treatises,Book of Abstracts for the Workshop Integrity and Ethics in Research,,anystyle,W4365813558,offline_title_fuzzy,0.874626865671642
1773_a2,1773,NA,Peer Review: The Challenges for the Humanities and Social Sciences.http://www.britac.ac.uk/policy/peer-review.cfm Academy 2007,Peer Review The Challenge of Zoom Cloud Meeting,,anystyle,W7014200503,offline_title_fuzzy,0.874620840152755
2101_a4,2101,NA,Las castas mexicanas: Un género de pictórico americano Sáiz; Concepción 1989,Las castas mexicanas : un género pictórico americano = The castes : a genre of Mexican painting,,anystyle,W615772253,offline_title_fuzzy,0.874618809217071
2035_a3,2035,NA,"The death of the author [La mort de l’auteur] in Image music text translated by Heath, S Barthes 1977","The Death of the Author and the Birth of the Luciferian Reader: Ur-images, Postmodernity and Semiotic Self-Apotheosis",,anystyle,W2611132784,offline_title_fuzzy,0.874574262366665
1238_a9,1238,NA,''No Other Sign Or Note than the very Order’ 2005,"'No other sign or note than the very order': Francis Willughby, John Ray and the importance of collecting pictures",,anystyle,W2091615264,offline_title_fuzzy,0.874545454545455
9969_r2,9969,NA,Apache Software Foundation (2018). Apache Tika – Apache Tika https://tika.apache.org/ (accessed 25 November 2018).,Apache Software Foundation (ASF) and The Apache Way,,xml_bibl,W6902400535,offline_title_fuzzy,0.874541331684189
6504_r9,6504,NA,"---. Placing History: How Maps, Spatial Data, and GIS Are Changing Historical Scholarship (2008), edited by Knowles, digital supplement edited by Amy Hillier. Redlands, Cal.: ESRI Press Knowles, Ann, Tim Cole, and Alberto Giordano, eds. Geographies of the Holocaust. Bloomington, IN: U of Indiana Press. 2014.","Placing History: How Maps, Spatial Data and GIS are Changing Historical Scholarship by Anne KellyKnowles, digital supplement edited by AmyHillier, ESRI Press, Redlands, CA, 2008, 314 pp., cloth US$49.95 plus CD‐ROM. (ISBN 978‐1‐58948‐013‐1)",,xml_bibl,W1695771479,offline_title_fuzzy,0.874487147556138
1524_a2,1524,NA,Spatial Form in Modern Literature. In The widening gyre: crisis and mastery in modern literature Frank 1963,Spatial Form in Modern Literature: A Reconsideration,,anystyle,W2050977674,offline_title_fuzzy,0.874461410095953
536_a14,536,NA,Electronic Text Analysis and a New Methodology for Canonical Research,"Electronic text analysis, language and ideology",,anystyle,W4234117527,offline_title_fuzzy,0.874384900572969
1059_a10,1059,NA,Digital Literacy: A Conceptual Eshet-Alakalai,Digital Literacy: A Conceptual Framework for Survival Skills in the Digital era,,anystyle,W1560056355,offline_title_fuzzy,0.874358974358974
412_a3,412,NA,Travels in Hyperreality : Essays Eco 1986,Travels In Hyperreality: What If Bipartisan ACA Fixes Were Possible?,,anystyle,W4256107209,offline_title_fuzzy,0.874315569487983
125_a3,125,NA,Text Discourse and Process BEAUGRANDE 1980,"Text, Discourse, and Process: Toward a Multidisciplinary Science of Texts",,anystyle,W4254752477,offline_title_fuzzy,0.874285714285714
811_a6,811,NA,Innovative Information-accessing Opportunities and the,INNOVATIVE INFORMATION AND COMMUNICATION SERVICES FOR GREENER FREIGHT TRANSPORT,,anystyle,W2189603943,offline_title_fuzzy,0.874238162212846
3970_a12,3970,NA,Standards for Networking Ancient Prosopographies SNAP XXXX,Standards for Networking Ancient Person data: Digital approaches to problems in prosopographical space,,anystyle,W2595503137,offline_title_fuzzy,0.874216171617162
8003_a3,8003,NA,"Tools for Computer-Aided Corpus Lexicography: the Hector Project"" Atkins 1992",Tools for Computer Aided Design of Production Processes.,,anystyle,W118400542,offline_title_fuzzy,0.874174038521865
1809_a11,1809,NA,Using Digital Tools to Explore Narrative Conventions in the North American Antebellum Slave Narratives Muralidharan 2012 2012-01-07,USING DIGITAL TOOLS TO ENHANCE LANGUAGE TEACHING AND LEARNING FOR PRIMARY SCHOOL LEARNERS,,anystyle,W6949276320,offline_title_fuzzy,0.874138025996916
1938_a7,1938,NA,Some Assembly Required: Understanding and Interpreting Topics in LDA Models of Figurative Langauge Rhody 2012,Some assembly required: using manufactured housing in affordable housing development,,anystyle,W2124496735,offline_title_fuzzy,0.874028733490664
324_a5,324,NA,Computers and the study of literature” Burrows 1992,"Computers and the Study of Archaeology in British Columbia, Canada",,anystyle,W2625562778,offline_title_fuzzy,0.874024354024354
402_a4,402,NA,Computers and the Study of Literature Burrows 1992,"Computers and the Study of Archaeology in British Columbia, Canada",,anystyle,W2625562778,offline_title_fuzzy,0.874024354024354
496_a4,496,NA,Computers and the study of literature Burrows,"Computers and the Study of Archaeology in British Columbia, Canada",,anystyle,W2625562778,offline_title_fuzzy,0.874024354024354
541_a14,541,NA,Computers and the Study of Literature Burrows,"Computers and the Study of Archaeology in British Columbia, Canada",,anystyle,W2625562778,offline_title_fuzzy,0.874024354024354
796_a12,796,NA,Computers and the Study of Literature Burrows,"Computers and the Study of Archaeology in British Columbia, Canada",,anystyle,W2625562778,offline_title_fuzzy,0.874024354024354
869_a2,869,NA,Computers and the study of literature Burrows 1992,"Computers and the Study of Archaeology in British Columbia, Canada",,anystyle,W2625562778,offline_title_fuzzy,0.874024354024354
984_a6,984,NA,Computers and the Study of Literature,"Computers and the Study of Archaeology in British Columbia, Canada",,anystyle,W2625562778,offline_title_fuzzy,0.874024354024354
8493_a1,8493,NA,Computers and the Study of Literature Burrows 1992,"Computers and the Study of Archaeology in British Columbia, Canada",,anystyle,W2625562778,offline_title_fuzzy,0.874024354024354
8495_a2,8495,NA,Computers and the Study of Literature Burrows 1992,"Computers and the Study of Archaeology in British Columbia, Canada",,anystyle,W2625562778,offline_title_fuzzy,0.874024354024354
274_r2,274,NA,"Scholarship, instruction, and libraries at the turn of the century: Results from five task forces of learned societies and the Council on Library and Information Resources 1999","Scholarship, Instruction, and Libraries at the Turn of the Century",,xml_biblstruct,W4327995971,offline_title_fuzzy,0.873988439306358
499_a13,499,NA,A Blackwell Companion to Digital Humanities,A Blackwell-Companion to Greco-Roman and Late antique Egypt,,anystyle,W7115034155,offline_title_fuzzy,0.873978798000125
7911_a10,7911,NA,A Blackwell Companion to Digital Humanities,A Blackwell-Companion to Greco-Roman and Late antique Egypt,,anystyle,W7115034155,offline_title_fuzzy,0.873978798000125
845_a4,845,NA,Austrian Academy Corpus and Brenner-Archiv,Austrian Academy Corpus - Doing literary markup by means of XML,,anystyle,W3100737189,offline_title_fuzzy,0.873963597518386
521_a22,521,NA,Text in the Electronic Age: Textual Sperberg-McQueen,"Text in the Electronic Age: Textual Study and Text Encoding, with Examples from Medieval Texts",,anystyle,W2321883869,offline_title_fuzzy,0.873913043478261
837_a6,837,NA,Teaching and learning: Dual educational electronic textbooks: the starlight platform,Teaching and learning during one year of the pandemic at Técnico Lisboa,,anystyle,W3193695667,offline_title_fuzzy,0.873879251116455
6431_r1,6431,NA,"Agamben, Giorgio. “¿Qué es un dispositivo?”. Arte y pensamiento. Universidad Internacional de Andalucía. Web. 20 de noviembre de 2017. http://ayp.unia.es/r08/IMG/pdf/agamben-dispositivo.pdf","AGAMBEN, GIORGIO, ¿Qué es un dispositivo? Seguido de El amigo y de La Iglesia y el Reino, Editorial Anagrama, Barcelona, 2015, 66 pp. [RECENSIÓN]",,xml_bibl,W7045378290,offline_title_fuzzy,0.873872148262562
1514_a12,1514,NA,The Federalist Revisited Holmes; Forsyth 1995,The Federalist Revisited: New Directions in Authorship Attribution,,anystyle,W2057592151,offline_title_fuzzy,0.873846153846154
1821_a8,1821,NA,La GeoWeb y su evolución: Un marco de análisis en tres dimensiones Orellana; Ballari 2009,La GeoWeb y su evolución,,anystyle,W2015973779,offline_title_fuzzy,0.873846153846154
134_a9,134,NA,Neural Network and Natural Intelligence Grossberg 1988,Neural Network and Natural Language Processing Based Anti-Depression Chatbot,,anystyle,W4378212414,offline_title_fuzzy,0.873819163292848
885_a16,885,NA,Meeting of the Human Factors and Ergonomics Society,"Meeting of the Human Factors Society, New York City, NY, U.S.A., October 19–23, 1987",,anystyle,W4239694199,offline_title_fuzzy,0.87381221719457
2007_a3,2007,NA,Christian Inculturation in Eighth-Century Northumbria: The Bewcastle and Ruthwell Crosses Carragáin 2007,"Christian Inculturation in India: Liturgy, Worship and Society – By Paul M. Collins",,anystyle,W2149002960,offline_title_fuzzy,0.873776223776224
10706_r25,10706,NA,The Metropolitan Museum of Art (2017): “The Met Makes Its Images of Public-Domain Artworks Freely Available through New Open Access Policy” letzer Zugriff 12. Januar 2018].,"The Metropolitan Museum of Art, The Lila Acheson Wallace Wing, North Mezzanine Gallery: ""Recent Acquisitions: Works on Paper"" (February 4-May 4, 2003)",,xml_bibl,W7039651413,offline_title_fuzzy,0.873702979255652
1844_a4,1844,NA,The Text Encoding Initiative (TEI) maintains comprehensive guidelines and corresponding schemata for XML-based text encoding,The Text Encoding Initiative : a standard for representing the humanities in digital form,,anystyle,W7126614336,offline_title_fuzzy,0.873570090557421
4015_a5,4015,NA,Exe.cut[up]able Statements. Das Drängen Des Codes an Die Nutzeroberflächen Cramer 2003,Exe.cut[up]able statements poetische Kalküle und Phantasmen des selbstausführenden Texts,,anystyle,W7037904699,offline_title_fuzzy,0.873501772200402
7959_a21,7959,NA,Papers in Computational Lexicography Complex '94 Research Institute for Linguistics Kiefer; Pajzs 1994,Papers in computational lexicography : COMPLEX 2005 : [proceedings of the 8th International Conference on Computational Lexicography],,anystyle,W7032852301,offline_title_fuzzy,0.873471945660194
7959_a22,7959,NA,Papers in Computational Lexicography Complex '96 Research Institute for Linguistics Kiefer; Kiss; Pajzs 1996,Papers in computational lexicography : COMPLEX 2005 : [proceedings of the 8th International Conference on Computational Lexicography],,anystyle,W7032852301,offline_title_fuzzy,0.873471945660194
4159_a2,4159,NA,Library for Interactive Maps 2017-03-28,Library for Interactive Numerical Computation with Rational Numbers,,anystyle,W7011250007,offline_title_fuzzy,0.873454157782516
3909_a1,3909,NA,Owning Memory: How a Caribbean Bastian 2003,Owning memory : how a Caribbean community lost its archives and found its history,,anystyle,W583849466,offline_title_fuzzy,0.873417721518987
2690_r9,2690,NA,European Cooperation in the Field of Scientific and Technical Research (COST; 2015). COST Action IS 1305: European Network of e-Lexicography (EneL). (Accessed: 12 March 2016).,"European cooperation in the field of scientific and technical research. Collected Agreements\nconcluded within the framework of European cooperation\nin the field of scientific and technical research Volume 9, 1995-1996",,xml_bibl,W7028536344,offline_title_fuzzy,0.873406027383862
1251_a31,1251,NA,"Understanding Academic Research Teams: Implications of Multi-Country, Multi-Language, and Multi-Culture Team Membership Siemens 2010",Understanding Academic Relevancy: Linking Practice to Classroom Through Adventure STEM Education,,anystyle,W3171585702,offline_title_fuzzy,0.873387779794313
2146_a1,2146,NA,The lessons of the reconstructed performance Performance reconstruction: the virtual link between the past and the future Fogarty; Lawrenson; Sarlós 1981 1989,The Lessons of the Reconstructed Performance,,anystyle,W2162408400,offline_title_fuzzy,0.873333333333333
3934_a3,3934,NA,The Echoes of Wundt’s Work in the Brozek 1980,"The echoes of Wundt's work in the United States, 1887–1977: A quantitative citation analysis",,anystyle,W2135818635,offline_title_fuzzy,0.873333333333333
870_a15,870,NA,Das Heinrich-Heine-Portal und digitale Editionen Füllner; Groß,Das Heinrich-Heine-Portal und digitale Editionen Bericht über die Tagung im Heinrich-Heine-Institut in Düsseldorf am 6. Oktober 2005,,anystyle,W2496705742,offline_title_fuzzy,0.873282442748092
1240_a9,1240,NA,'Towards markup support for 2009,Towards markup support for full GODDAGs and beyond: the EARMARK approach,,anystyle,W7096586752,offline_title_fuzzy,0.873239436619718
2389_r3,2389,NA,"American Anthropological Association (AAA). (1999). American Anthropological Association Statement on Race. American Anthropologist, 100: 712–13.","American Anthropological Association 107th Annual Meeting: Inclusion, Collaboration &amp; Engagement Program",,xml_bibl,W4245880253,offline_title_fuzzy,0.873219979390192
2043_a7,2043,NA,"The Difference the Digital Makes.”Journal of Digital Humanities 2012 2, October",The difference the digital makes : the affective synthesis of reality by digital screen media,,anystyle,W1763145655,offline_title_fuzzy,0.873189991321248
10062_r5,10062,NA,“Sampling criteria for the ELTeC”. Discussion paper. January 2018.,Sampling criteria for the estimation of multisine signal parameters,,xml_bibl,W2158315293,offline_title_fuzzy,0.873188157572792
10554_r4,10554,NA,International Council of Museums (2014): The CIDOC Conceptual Reference Model http://www.cidoc-crm.org [letzter Zugriff 15. Oktober 2015].,[International Council of Nurses (ICN). Meeting in Kenya from 24 September to 1 October 1979].,,xml_bibl,W4298074374,offline_title_fuzzy,0.873160487311431
7907_a1,7907,NA,Knowledge Intensive CBR through Ontologies,Knowledge Intensive CBR Made Affordable £,,anystyle,W7100687366,offline_title_fuzzy,0.873020083364911
6_a4,6,NA,An Argument for Computer Adaptive Language Testing. Methods and Applications of CALL for Foreign Language Education in Korean Universities Larson 1996 1996-11-29,An Argument for Computer Adaptive Language Testing,,anystyle,W1550799720,offline_title_fuzzy,0.872992700729927
1570_a3,1570,NA,"Women Readers, Women Writers. The Cambridge Companion to British Romanticism Curran 2010","Women readers, women writers",,anystyle,W4246511529,offline_title_fuzzy,0.872972972972973
8003_a10,8003,NA,"Systematic Concept Analysis with a Knowledge-based Approach to Terminology"" Meyer; Eck 1996",Systematic Concept Analysis,,anystyle,W2468550379,offline_title_fuzzy,0.872972972972973
10547_r2,10547,NA,CLARIN-D: Forschungsinfrastruktur für Sprachressourcen in den Geistes- und Sozialwissenschaftenhttp://www.clarin-d.de/de/ [letzter Zugriff 16. Februar 2016].,CLARIN-D - Forschungsinfrastruktur für die Geistes- und Sozialwissenschaften,,xml_bibl,W7128899025,offline_title_fuzzy,0.872964383561644
6343_r2,6343,NA,"Center for Open Data in the Humanities (CODH). (2017). IIIF Global Curation : Facial expression data: British Portraits, http://codh.rois.ac.jp/curation/exhibition/2/index.html.en (accessed 20 April 2018b).",Center for Open Data in the Humanities (CODH): Activities and Future Plans,,xml_bibl,W2889005437,offline_title_fuzzy,0.872882139212084
951_a4,951,NA,"Modern Language Association, Guidelines for Editors of Scholarly Editions, version of 25 September 2007","Modern Language Association Honored Scholar of Early American Literature, 2009: David S. Shields",,anystyle,W1999516740,offline_title_fuzzy,0.872861192929329
10141_r5,10141,NA,"Digital Curation Centre, University of Edinburgh: “ The DCC Curation Model .” http://www.dcc.ac.uk/sites/default/files/documents/publications/DCCLifecycle.pdf",Digital Curation Centre (DCC) and DigitalPreservationEurope (DPE) Audit Toolkit: DRAMBORA.,,xml_bibl,W2767911388,offline_title_fuzzy,0.872857142857143
108_a8,108,NA,Analysis of visual information retrieval queries. Report on Project G16412 to the British Library Research and Development Department Enser; McGregor 1992,Analysis of visual information retrieval queries,,anystyle,W7036145468,offline_title_fuzzy,0.872727272727273
373_a10,373,NA,"Hypertext und Hypermedia: Konzeption, Lernmöglichkeiten, Lernprobleme"" Tergan 1997",Hypertext und Hypermedia,,anystyle,W855825110,offline_title_fuzzy,0.872727272727273
549_a1,549,NA,Texts into databases: The Bradley; Short,Texts into Databases: The Evolving Field of New-style Prosopography,,anystyle,W2053804523,offline_title_fuzzy,0.872727272727273
6447_r1,6447,NA,“An Empirical Framework For Learning (Not a Methodology)”. Consultado el 11 de marzo de 2018. http://scrummethodology.com/.,An empirical framework for examining negotiation processes and outcomes,,xml_bibl,W2031691832,offline_title_fuzzy,0.872716608677882
10724_r15,10724,NA,"Text Encoding Initiative Consortium (2016): ""TEI Simple"" https://github.com/TEIC/TEI-Simple [letzter Zugriff: 25.09.2017].",Text Encoding Initiative (TEI) Primer,,xml_bibl,W7052704432,offline_title_fuzzy,0.872600732600733
1528_a3,1528,NA,The CIDOC Conceptual Reference Module: An Ontological Approach to Semantic Interoperability of Metadata Doerr 2003,The CIDOC conceptual reference module,,anystyle,W3003363292,offline_title_fuzzy,0.872549019607843
500_a5,500,NA,Complex Relationships: The Prosopography of the Byzantine,"Complex relationships : the state, privateers, & organized crime",,anystyle,W3006227495,offline_title_fuzzy,0.872503358710255
447_a9,447,NA,Authority Control and the Extent of Derivative Bibliographic Relationships Smiraglia 1992,"Authority, Control, and the Distribution of Earnings",,anystyle,W4251998118,offline_title_fuzzy,0.872473835537665
1119_a20,1119,NA,Resource Description Format in Attributes) to complement the annotated content with,Resource description for the digital age: An introduction to metadata,,anystyle,W7061726480,offline_title_fuzzy,0.872454547592728
1446_a6,1446,NA,"Authorship Attribution, Similarity, and Noncommutative Divergence Measures Juola; Ryan 2008",Authorship Attribution: Statistical and Computational Methods,,anystyle,W272067984,offline_title_fuzzy,0.872450980392157
7837_a21,7837,NA,Die Kanzlei St. Bernhards von Clairvaux. Studien und Mitteilungen zur Geschichte des Benediktiner-Ordens 34 Rassow 1913,Die Kanzlei St. Bernhards von Clairvaux,,anystyle,W7131865154,offline_title_fuzzy,0.872380952380952
1004_a14,1004,NA,A Multivariate Technique for Authorship Holmes 1991,A multivariate technique for estimating New Zealand temperature normals,,anystyle,W7030219373,offline_title_fuzzy,0.872347320234644
3907_a9,3907,NA,Federal Agencies Digitization Guidelines Initiative Working Group (FADGI FADGI Technical Guidelines for Digitizing Cultural Heritage Materials 2016,Federal agencies digitization guidelines initiative,,anystyle,W2077302272,offline_title_fuzzy,0.872340425531915
2834_r9,2834,NA,"Global Outlook::Digital Humanities Special Interest Group. (2016). Intercultural Communication and ADHO: A GO::DH Response. Published February 12, 2016: https://docs.google.com/document/d/11b87VmblizmYeFoOUbHDOeR8A2EQ1F_Kg9jNQwUszZE/edit?usp=sharing&usp=embed_facebook.","Global Outlook: Digital Humanities: Promoting Digital Humanities Research Across disciplines, regions, and cultures",,xml_bibl,W7019266533,offline_title_fuzzy,0.872327799088363
1093_a8,1093,NA,MPEG-21 Digital Item Declaration WD V2.0,MPEG-21 digital item declaration and Identification-principles and compression,,anystyle,W2143319836,offline_title_fuzzy,0.872307692307692
1938_a12,1938,NA,"The Differentiation of Literary and Nonliterary Diction, 1700-1900 Underwood 2011",The Differentiation of Living from Dead Bacteria by Staining Reactions,,anystyle,W1568358955,offline_title_fuzzy,0.872291412291412
1758_a8,1758,NA,More minds are brought to bear on a problem Siemens; Cunningham; Duff; Warwick 2011,"""More minds are brought to bear on a problem"": Methods of Interaction and Collaboration within Digital Humanities research",,anystyle,W6926812966,offline_title_fuzzy,0.872268907563025
1558_a1,1558,NA,Final Report: Assessing the Future Landscape of Scholarly Communication: An Exploration of Faculty Values and Needs in Seven Disciplines Harley 2010-01,Final report: Assessing the impact of ICF programmes on household and community resilience to climate variability and climate change,,anystyle,W139718304,offline_title_fuzzy,0.872265230696657
7959_a12,7959,NA,On the Need for a Dictionary of Academic English BUDALEX'88 Proceedings Papers from the EURALEX Third International Congress Budapest Hollósy 1989 1988-09-04,On the Need for a Dictionary of Academic English,,anystyle,W2595092828,offline_title_fuzzy,0.87218045112782
348_a10,348,NA,• the representation of aspects of the text for which a controlled (i.e. disambiguated) vocabulary cannot provide sufficient nuance: aspects which,The representation of assets and income in the financial report according to the German dualistic approach: the modernity of Schmidt and Sewering's contribution,,anystyle,W2925154836,offline_title_fuzzy,0.872131260577948
113_a4,113,NA,The Joint International Conference of the Association for Literary and Linguistic Computing and the Association for Computers and the humanities ALLC/ACH 2000 21/25 July 2000,"The Joint International Meeting of the European Society for Dermatological Research and the Society for Investigative Dermatology, Inc",,anystyle,W4239129313,offline_title_fuzzy,0.872117794486216
144_a4,144,NA,The Joint International Conference of the Association for Literary and Linguistic Computing and the Association for Computers and the humanities ALLC/ACH 2000 21/25 July 2000,"The Joint International Meeting of the European Society for Dermatological Research and the Society for Investigative Dermatology, Inc",,anystyle,W4239129313,offline_title_fuzzy,0.872117794486216
8488_a23,8488,NA,La Guerra d’Attila: Poema franco-italiano Casola 1941,La guerra d'Attila poema franco-italiano ; pubblicato dall'unico manoscritto della R. Biblioteca Estense di Modena,,anystyle,W6992139470,offline_title_fuzzy,0.872072072072072
10522_r5,10522,NA,Herzog August Bibliothek Wolfenbüttel (o. J.): Editiones Electronicae Guelferbytanaehttp://www.hab.de/de/home/bibliothek/digitale-bibliothek-wdb/digitale-editionen.html [letzter Zugriff 09. Februar 2016].,"Herzog August Bibliothek, Wolfenbüttel, Wolfenbütteler Bibliographie zur Geschichte des Buchwesens in Deutschen Sprachgebiet 1840‐1980. Band 6:",,xml_bibl,W1486630388,offline_title_fuzzy,0.872065072266511
11037_r16,11037,NA,The Music Encoding Initiative: An Introduction to MEI. https://music-encoding.org/resources/introduction.html [letzter Zugriff 19. September 2019].,The Music Encoding Initiative and its Generation Workflows,,xml_bibl,W6911755179,offline_title_fuzzy,0.8720521704922
7741_a6,7741,NA,"'Literary theory and critical practice in Italy: formalist, structuralist and semiotic approaches to the Divine Comedy' 1985",LITERARY THEORY AND CRITICISM LITERARY CRITICISM: Its Nature and importance,,anystyle,W3215128824,offline_title_fuzzy,0.871938895417156
1320_a28,1320,NA,"The Digital Humanities and Humanities Computing: An Introduction, ” Schreibman, Susan Ray Siemens John Unsworth A Companion to Digital Humanities Schreibman; Unsworth 2004",The Digital Humanities and the Ladino Press: Using Machine Learning to Extract and Analyze Visual Content in Historic Ladino Newspapers,,anystyle,W4244185200,offline_title_fuzzy,0.8718094756243
703_a22,703,NA,The symbolic value of the vowel i in Linguistica: Selected writings of Otto Jespersen Jespersen 1933,The Symbolic Value of the Image as an Educational Tool in the Middle Ages,,anystyle,W6987544766,offline_title_fuzzy,0.871809088932377
6282_r3,6282,NA,Cooperative Children’s Book Center (CCBC). (2017). Children's Books By and About People of Color Published in the United States. Retrieved from ( http://ccbc.education.wisc.edu/books/pcstats.asp).,"Cooperative Children's Book Center (CCBC), Weekly Podcast Feed",,xml_bibl,W2468683521,offline_title_fuzzy,0.871788282914153
3848_a15,3848,NA,"L'archeologie du savoir. Gallimard, Paris; The Archaeology of Knowledge Foucault 1969 1969 1972",L'archéologie du savoir (review),,anystyle,W2329635290,offline_title_fuzzy,0.871730899256254
1051_a3,1051,NA,Digital Palaeography: Using the Digital Ciula 2005,Digital palaeography: using the digital representation of medieval script to support palaeographic analysis,,anystyle,W2596969499,offline_title_fuzzy,0.871698113207547
1880_a4,1880,NA,"Manuscripts and the History of Science 3; Lillian Hoddeson, True Genius: The Life and Science of John Bardeen Woolf 1962-03 2002",Manuscripts and the History of Science,,anystyle,W2034048359,offline_title_fuzzy,0.871698113207547
10588_r11,10588,NA,Internationale Arbeitstagung „Digitale Kunstgeschichte: Herausforderungen und Perspektiven“ (2014): Zürcher Erklärung zur digitalen Kunstgeschichte.,Internationale Arbeitstagung des Herder-lnstituts „25 Jahre sprachpraktische Ausbildung für ausländische Germanistikstudenten“,,xml_bibl,W4323337503,offline_title_fuzzy,0.87165326666013
1937_a16,1937,NA,"Authorship Attribution, Foundations and Trends in Information Retrieval 1.3.233-334 Juola 2008",Authorship attribution for textual data on online social networks,,anystyle,W2787549918,offline_title_fuzzy,0.871649091026719
606_a7,606,NA,Counting Incunables: the IISTC Needham,Counting Incunables: The IISTC CD-ROM The Illustrated ISTC on CD-ROM Martin Davies,,anystyle,W2325785586,offline_title_fuzzy,0.871604938271605
8372_a3,8372,NA,The Norwegian Computing Centre for the Humanities,The Norwegian Computing Center and the Univac 1107 (1963–1970),,anystyle,W1488667943,offline_title_fuzzy,0.871598639455782
636_a10,636,NA,Electronic Publishing: A Report to the Humanities and Social Sciences Federation of Canada,Electronic publishing - a new dimension of Langenbeck's Archives of Surgery,,anystyle,W1966886977,offline_title_fuzzy,0.871560766974035
1226_a8,1226,NA,"Analysis of Translations (On the basis of translations from and to Bulgarian, Russian and Swedish",Analysis of translations of administrative texts from Russian into Croatian,,anystyle,W7093546389,offline_title_fuzzy,0.871550051599587
1984_a3,1984,NA,Building the Infrastructural Layer: Reading Data Visualization in the Digital Humanities Solomon 2013,Building the infrastructure for conducting pragmatic trials in a learning health care system,,anystyle,W2112721359,offline_title_fuzzy,0.871525048286667
6287_r5,6287,NA,"Centre for the Study of Manuscript Cultures. University of Hamburg, https://www.manuscript-cultures.uni-hamburg.de/index_e.html (accessed 26 November 2017).",CENTRE FOR THE STUDY OF LIVING STANDARDS THE PRODUCTIVITY PERFORMANCE OF,,xml_bibl,W7095255452,offline_title_fuzzy,0.871515679442509
1415_a2,1415,NA,Extracting Social Networks from Literary Fiction.Proceedings of the 48th Annual Meeting of the Association for Computational Linguistics Elson; Dames; McKeown 2010 2010,Extracting social networks from fiction : Imaginary and invisible friends: Investigating the social world of imaginary friends.,,anystyle,W2746280502,offline_title_fuzzy,0.871470322546363
3857_a2,3857,NA,Enabling the automated identification and analysis of meter and rhyme in Russian verse Birnbaum; Thorsen 2015,Enabling the automated inspection of large sewers by using visual odometry,,anystyle,W6990822949,offline_title_fuzzy,0.871453850988735
1811_a4,1811,NA,From high heels to weed attics Jautze; Koolen; Cranenburgh; Jong 2013,From high heels to weed attics: a syntactic investigation of chick lit and literature,,anystyle,W1744411523,offline_title_fuzzy,0.871428571428571
2019_a16,2019,NA,Sprachverfall durch internetbasierte Kommunikation? Linguistische Erklärungsansätze – empirische Befunde. Sprachverfall? Dynamik – Wandel – Variation Storrer 2013 2013,Sprachverfall durch internetbasierte Kommunikation,,anystyle,W3209319225,offline_title_fuzzy,0.871428571428571
4193_a2,4193,NA,"Handwritten Text Recognition (HTR) of Historical Docu- ments as a Shared Task for Archivists, Computer Scientists and Humanities Scholars Mühlberger; Colutto; Kahle forthcoming",Handwritten text recognition in ancient and medieval manuscripts with automated transcription and error type classification,,anystyle,W6889819922,offline_title_fuzzy,0.871420776151612
4121_a7,4121,NA,Transformations of Literary Studies: What Thirteen Thousand Scholars Could Tell Us,Transformations of literature: Augustine‚s Confessions and Virgil‚s Aeneid,,anystyle,W1660642441,offline_title_fuzzy,0.87133653022591
3837_a5,3837,NA,"Studies on Traditional Music of Japan 1, Ongaku no tomosha Koizumi 1958",STUDIES ON TRADITIONAL METHODS OF FISH SMOKING IN THE,,anystyle,W7095593240,offline_title_fuzzy,0.871280878809573
8016_a19,8016,NA,Representations of the group and group processes in CSCW research: A case of premature closure? M.; R 1996,Representations of the Group of Upper Triangular Matrices,,anystyle,W60687928,offline_title_fuzzy,0.871262026032824
439_a9,439,NA,Contextualise & personalise: Key strategies for vocabulary acquisition Jones 1999-11,Contextualise! personalise! persuade!,,anystyle,W2034142306,offline_title_fuzzy,0.871257682177349
1085_a9,1085,NA,Conditions related to the Academic Scott 1995,Conditions Related to the Policy Formulation of Beggar Control in Thailand,,anystyle,W7133917053,offline_title_fuzzy,0.871185624126801
634_a6,634,NA,Research Practices of Humanities Schoars in an Online,Research practices of humanities scholars in an online environment: The Getty online searching project report no. 3,,anystyle,W2025899028,offline_title_fuzzy,0.871163800300551
7746_a9,7746,NA,Text Analysis Software Planning Meeting Sperberg-McQueen 1996 1996-05-17,Text Analysis Software Predicting Personality from Job Interviews.,,anystyle,W6944095325,offline_title_fuzzy,0.871157311157311
670_a1,670,NA,Critical Editing in a Digital Horizon” in _Electronic Textual Editing_ will be published by the MLA in 2006 Buzzetti; McGann,Critical Editing in a Digital Horizon,,anystyle,W3006182496,offline_title_fuzzy,0.871153846153846
49_a1,49,NA,'From innovation to integration.' Villes visite virtuelle Deegan 2000,From Innovation to Integration: A Case of Startup - Hospital Collaborative Innovation,,anystyle,W7001203282,offline_title_fuzzy,0.87113640469738
8388_a11,8388,NA,The effects of congruent orienting strategies on learning from hypertext bilingual lexicon Tripp; Roby 1992,The effects of congruent/incongruent magnitude representation on explicit and implicit knowledge of prices,,anystyle,W1977193985,offline_title_fuzzy,0.871085544817712
853_a5,853,NA,Complex Associations in Medieval Historical Documents,Complex Associations in the Dairy Sector: A Comparison of Development in Four Countries,,anystyle,W2466359318,offline_title_fuzzy,0.871002801498633
1043_a25,1043,NA,Analysis of Major Characters,Analysis of Major Characters in Mark Twain's 'The Adventures of Huckleberry Finn',,anystyle,W175533947,offline_title_fuzzy,0.870886075949367
888_a5,888,NA,Annotation and Information Retrieval : New Perspectives”,Annotation and information of Arabidopsis thaliana seed specialized metabolome,,anystyle,W6917032787,offline_title_fuzzy,0.870875665215288
871_a35,871,NA,Middle High German Dictionaries Interlinked,"Middle High German Dictionary by Benecke, Müller, Zarncke - BMZ (ELEXIS)",,anystyle,W7002223795,offline_title_fuzzy,0.87084306961908
1042_a8,1042,NA,Mikołaja Sępa Szarzyńskiego na tle tendencji stylistycznych poezji polskiego renesansu,Mikołaja Sępa Szarzyńskiego poetycki traktat o naturze i łasce,,anystyle,W3207773607,offline_title_fuzzy,0.8708150721891
4092_a16,4092,NA,The digital humanities moment Gold 2012,The Digital Humanities multicultural revolution did not happen yet,,anystyle,W6918107257,offline_title_fuzzy,0.87080907598149
493_a3,493,NA,"The Mersey Gateway project: How was it for you?"" A User Centred Evaluation of a Digitisation Project Johnson","The Mersey Gateway Project, UK – Delivery of a Major New 3P Procured Crossing",,anystyle,W2921893482,offline_title_fuzzy,0.870783513230846
1692_a10,1692,NA,Open Annotation Collaboration 2011,Open Annotation Collaboration Phase II Demonstration Experiments: Case Study Report,,anystyle,W6995524454,offline_title_fuzzy,0.870731707317073
451_a4,451,NA,Investigating Language Structure and Use,Investigating language shift in two semi-urban Western Cape communities,,anystyle,W16488121,offline_title_fuzzy,0.870726464047443
689_a2,689,NA,Investigating Language Structure and Use,Investigating language shift in two semi-urban Western Cape communities,,anystyle,W16488121,offline_title_fuzzy,0.870726464047443
812_a5,812,NA,Investigating Language Structure and Use,Investigating language shift in two semi-urban Western Cape communities,,anystyle,W16488121,offline_title_fuzzy,0.870726464047443
11893_r1,11893,NA,Comprehensive database of archaeological site reports Japan (2015). https://sitereports.nabunken.go.jp/en/ (Accessed 25 November 2021).,Comprehensive database of secondary metabolites from cyanobacteria,,xml_bibl,W3017288814,offline_title_fuzzy,0.87069159023182
4059_a18,4059,NA,Workset Creation for Scholarly Analysis - A HathiTrust Research Center Project Funded by the Andrew W. Mellon Foundation 2016,Workset Creation for Scholarly Analysis: Recommendations and Prototyping Project Reports,,anystyle,W2566139040,offline_title_fuzzy,0.870660182729148
1065_a12,1065,NA,Walking Blues Changes Undersea Harrell 2006,Walking Blues Changes Undersea: Imaginative Narrative in Interactive Poetry Generation,,anystyle,W7096206203,offline_title_fuzzy,0.870588235294118
2071_a11,2071,NA,Songlines in the Streets: Story Mapping with Itinerant Hypernarrative Greenspan 2011,Songlines in the Streets:,,anystyle,W4249582573,offline_title_fuzzy,0.870588235294118
1241_a22,1241,NA,Unterstützung von Forschungsprozessen in den Geisteswissenschaften',Unterstützung von Forschungsprozessen in einem internationalen Forschungsprojekt: Variantengrammatik des Standarddeutschen,,anystyle,W6893787380,offline_title_fuzzy,0.870561559652469
977_a2,977,NA,A Foucaultian Analysis of the Discoursive Construction and Constitution of Cooperative Design,A Foucaultian analysis of power relations in child protection case work with youth and families,,anystyle,W2261076753,offline_title_fuzzy,0.8705538038645
1252_a2,1252,NA,The Dissemination of Culture: A Model with Local Convergence and Global Polarization Axelrod 1997,The dissemination of culture in Poland,,anystyle,W657677442,offline_title_fuzzy,0.870513633481294
4024_a5,4024,NA,The challenge of syntactic dependency parsing adaptation for the patent domain Burga; Codina; Ferraro; Saggion; Wanner 2013 2013,The Challenge of Syntactic Categories:Focus on the Yorùbá Language,,anystyle,W2885920679,offline_title_fuzzy,0.870429570429571
1043_a5,1043,NA,The Englishing of Juvenal Burrows 2002,The Englishing of Juvenal: computational stylistics and translated texts,,anystyle,W1569984076,offline_title_fuzzy,0.870422535211268
1698_a4,1698,NA,The representation of literary texts by means of XML: some experiences of doing markup in historical magazines Selected papers from DRH 2000 Mörth 2000 2002,The Representation of Literacy as Power and Danger in J.K. Rowling’s Harry Potter and theHalf-blood Prince,,anystyle,W2627085351,offline_title_fuzzy,0.870411411130836
4106_a5,4106,NA,"Field, Capital and Habitus. A Relational Approach to ‘Small' Literatures Rees 2012","Field, capital, and habitus: The impact of Pierre Bourdieu on bibliometrics",,anystyle,W4313535048,offline_title_fuzzy,0.870261437908497
4016_a18,4016,NA,University of Virginia Institute for Advanced Technology in the Humanities,University of Virginia Investment Management Company (Uvimco)—2007,,anystyle,W2252903238,offline_title_fuzzy,0.870251501501502
2805_r8,2805,NA,International Standard Serial Number International Center (2005). ISSN Manual: International Standard Serial Number. http://www.issn.org/wp-content/uploads/2013/09/ISSNManual_ENG2015_23-01-2015.pdf (accessed 5 March 2016).,INTERNATIONAL STANDARD SERIAL NUMBERS AND THE INTERNATIONAL SERIALS DATA SYSTEM,,xml_bibl,W2026175318,offline_title_fuzzy,0.870248866347167
1865_a3,1865,NA,Fritz Lang. Leben und Werk. Bilder und Dokumente Aurich 2001,Fritz Lang : Leben und Werk. Bilder und Dokumente = his life and work. Photographs and documents = sa vie et son œuvre. Photos et documents,,anystyle,W601477298,offline_title_fuzzy,0.870229007633588
10613_r5,10613,NA,"Data Center for the Humanities (2016a): Homepage, http://dch.phil-fak.uni-koeln.de/ [letzter Zugriff 12. August 2016].",Data-Center-for-the-Humanities/GAL_workshop_2025-03-27: v1.0.0,,xml_bibl,W6912162671,offline_title_fuzzy,0.87005109205028
6448_r7,6448,NA,Intellectual Property Office (2014). Exceptions to Copyright: Research UK Government https://www.gov.uk/government/uploads/system/uploads/attachment_data/file/375954/Research.pdf.,Intellectual Property Office,,xml_bibl,W7010501827,offline_title_fuzzy,0.87
3775_a9,3775,NA,Digital Humanities in Jewish 2016,"Digital Humanities in Jewish, Christian and Arabic traditions, special issue JRMDC",,anystyle,W4206852169,offline_title_fuzzy,0.87
6324_r7,6324,NA,European Commission (2016). CORDIS : Projects & Results Service : Recognition and Enrichment of Archival Documents CORDIS Community Research and Development Information Service http://cordis.europa.eu/project/rcn/198756_en.html (accessed 14 October 2016).,"European commission (2016) Factors for success in Payment for Ecosystem Services schemes, in Science for Environment Policy European Commission DG Environment News Alert Service",,xml_bibl,W2898704185,offline_title_fuzzy,0.86999282985716
849_a4,849,NA,Using An N-Gram-Based Document Cavnar,Using an N-Gram-based document representation with a vector processing retrieval model,,anystyle,W1608320902,offline_title_fuzzy,0.869767441860465
2128_a1,2128,NA,"A natural-language approach to modeling: Why is some XML so difficult to write? Paper given at Extreme Markup Languages, Montréal Marcoux 2006",A Natural Language Approach to Information Management: Tracking Scientific Advances through the Structure of Words,,anystyle,W1493557209,offline_title_fuzzy,0.869721309172637
938_a6,938,NA,IFLA Study Group on the FRBR,IFLA Study Group on the Functional Requirements for Bibliographic Records,,anystyle,W7095242053,offline_title_fuzzy,0.869569471624266
2537_r9,2537,NA,The National Security Archive. (2015). Most Agencies Falling Short on Mandate for Online Records. http://nsarchive.gwu.edu/NSAEBB/NSAEBB505/ (accessed 3 March 2016),The National Security Archive - Brazil Conspired with U.S. to Overthrow Allende,,xml_bibl,W6993052886,offline_title_fuzzy,0.869529257927427
10827_r7,10827,NA,"Deutsche Forschungsgemeinschaft(DFG): ""Umgang mit Forschungsdaten: DFG-Leitlinien zum Umgang mit Forschungsdaten"". http://www.dfg.de/foerderung/antrag_gutachter_gremien/antragstellende/antragstellung/nachnutzung_forschungsdaten/ [letzter Zugriff 15. Januar 2017]","Deutsche Forschungsgemeinschaft (DFG) unterstützt Aufbau eines zentralen Fachportals für die Bibliotheks-, Buch- und Informationswissenschaften",,xml_bibl,W4248896360,offline_title_fuzzy,0.869525596913773
3822_a5,3822,NA,Scientific Models: A User-Oriented Hunter 2006,Scientific Models – A user-oriented approach to integrating scientific data and digital libraries,,anystyle,W7098166601,offline_title_fuzzy,0.869473684210526
647_a2,647,NA,Undiscovered public knowledge: Mining for patterns of erotic language in Emily Dickinson’s correspondence with Susan (Gilbert Kirschenbaum; Smith; Auvil; Rose; Yu; Clement 2006,Undiscovered Public Knowledge: The Potential of Research Synthesis Approaches in Tourism Research,,anystyle,W1977445898,offline_title_fuzzy,0.869457956517768
1570_a6,1570,NA,The Women Writers Project: A Digital Anthology Electronic Textual Editing Flanders; O’Keeffe; Unsworth 2006,The Women Writers Project,,anystyle,W7034994014,offline_title_fuzzy,0.869444444444445
3895_a7,3895,NA,Investigating Reading Practices at the Turn of the,Investigating Reading Proficiency: A Case Study of a Moroccan High School,,anystyle,W3044306978,offline_title_fuzzy,0.869444444444445
3987_a13,3987,NA,The Digital Humanities Moment Debates in the Digital Humanities Gold 2012 2012,The Digital Humanities multicultural revolution did not happen yet,,anystyle,W6918107257,offline_title_fuzzy,0.869391392920805
907_a7,907,NA,"“A collection, an enormous accumulation of movements and ideas” Kegel; Elsacker 2007","'A collection, an enormous accumulation of movements and ideas.' Research documentation for the digital edition of the Volledige Werken (complete Works) of Willem Frederik Hermans",,anystyle,W2588583887,offline_title_fuzzy,0.869364161849711
2690_r1,2690,NA,Agricultural Management Standards (2016) AGROVOC: (Accessed: 12 March 2016).,Agricultural Management and Systems,,xml_bibl,W4410065512,offline_title_fuzzy,0.86930702715869
769_a4,769,NA,Regional and Social Analysis,Regional and social analysis of height variation in a contemporary British sample,,anystyle,W1993725168,offline_title_fuzzy,0.869135802469136
10734_r19,10734,NA,"Lichtenberg, Georg Christoph / Erxleben, Johann Christian Polykarp (1787): Anfangsgründe der Naturlehre . Dietrich, 4. Auflage.","Lichtenberg, Georg Christoph: G. C. Lichtenbergs ausführliche Erklärung der Hogarthischen Kupferstiche",,xml_bibl,W3106320603,offline_title_fuzzy,0.869085253291722
3923_a5,3923,NA,Work of Art in the Age of Mechanical Reproduction Illuminations: Essays and Reflections Benjamin 1969 1969,Work of Art in the Age of Metaverse - Exploring digital art through augmented reality,,anystyle,W4312562531,offline_title_fuzzy,0.86905378009988
552_a4,552,NA,Accidentally found on purpose Duff; Johnson,Accidentally Found on Purpose: Information-Seeking Behavior of Historians in Archives,,anystyle,W1559411088,offline_title_fuzzy,0.869047619047619
2797_r3,2797,NA,European Science Foundation. (2011). Research Infrastructure in the Digital Humanities. http://www.esf.org/index.php?eID=tx_nawsecuredl&u=0&g=0&t=1456595004&hash=734ba001ffd70284abd6390009ca0842e16fab98&file=fileadmin/be_user/research_areas/HUM/Strategic_activities/RIs_in_the_Humanities/SPB42_44p-5oct_FINAL.pdf (accessed August 2015).,European Science Foundation calls for more and better medical imaging research,,xml_bibl,W2058537385,offline_title_fuzzy,0.869039825422804
813_a4,813,NA,Ten Years of Work at the Augustinian Abbey of,Ten years of work at the Institute of Health and Tropical Diseases.,,anystyle,W3091481235,offline_title_fuzzy,0.868989898989899
1485_a1,1485,NA,Perspektiven auf Goethes Faust Bohnenkamp; Brüning; Henke; Henzel; Jannidis; Middell; Pravida; Wissenbach,Perspektiven auf Goethes 'Faust': Werkstattbericht der historisch-kritischen Hybridedition,,anystyle,W3142432784,offline_title_fuzzy,0.868965517241379
7742_a8,7742,NA,Handbook of the Linguistic Atlas of the Middle and South Atlantic States Kretzschmar 1993,"Handbook of the Linguistic Atlas of the Middle and South Atlantic States. Edited by William A. Kretzschmar, Jr., Virginia G. McDavid, Theodore K. Lerud, and Ellen Johnson. Chicago: University of Chicago Press, 1994. xv + 454",,anystyle,W4255068006,offline_title_fuzzy,0.868899521531101
880_a13,880,NA,Detecting Geographic Associations in English Dialect,Detecting Geographic Associations in English Dialect Features in North America within a Visual Data Mining Environment Integrating Self‐Organizing Maps,,anystyle,W1489836892,offline_title_fuzzy,0.868874172185431
2735_r1,2735,NA,European Science Foundation (2011). Research Infrastructures in the Digital Humanities. (Science Policy Briefing). Strasbourg: European Sceince Foundation http://www.esf.org/fileadmin/Public_documents/Publications/spb42_RI_DigitalHumanities.pdf (accessed 2 March 2015).,European Science Foundation Policy Briefing: Human Stem Cell Research (second edition) Scientific Uncertainties and Ethical Dilemmas,,xml_bibl,W7019161703,offline_title_fuzzy,0.868835914515282
2454_r14,2454,NA,Six Degrees of Francis Bacon. (2015). Six Degrees of Francis Bacon: Reassembling the early modern social network. http://sixdegreesoffrancisbacon.com/ (accessed 4th August 2015).,Six Degrees of Francis Bacon: A Statistical Method for Reconstructing Large Historical Social Networks,,xml_bibl,W6963066515,offline_title_fuzzy,0.868824840136118
1420_a4,1420,NA,Diccionario Etnolingüístico y guía Bibliográfica de los Pueblos Indigenas Sudamericanos Fabre 2005,Diccionario etnolingüístico del idioma maya yucateco colonial,,anystyle,W396950729,offline_title_fuzzy,0.868796921642716
1888_a1,1888,NA,Orthographic variation and linguistic nationalism Lipski 1975,Orthographic variation and brain processes: A non-alphabetic perspective,,anystyle,W4250953602,offline_title_fuzzy,0.868729987900827
1925_a1,1925,NA,Orthographic variation and linguistic nationalism Lipski 1975,Orthographic variation and brain processes: A non-alphabetic perspective,,anystyle,W4250953602,offline_title_fuzzy,0.868729987900827
11018_r1,11018,NA,Deutsche Forschungsgemeinschaft (2016): DFG-Praxisregeln „Digitalisierung“ [12/16]: https://www.dfg.de/formulare/12_151/12_151_de.pdf [letzter Zugriff 16.12.2019],Deutsche Forschungsgemeinschaft (DFG),,xml_bibl,W4240771330,offline_title_fuzzy,0.868627450980392
591_a2,591,NA,Computers and the study of literature Computers and Written Texts Burrows 1992,Computers and the Study of Past Human Populations - Their Ecology &amp; Disease,,anystyle,W2644674792,offline_title_fuzzy,0.868624708624709
8488_a20,8488,NA,Il francese come lingua letteraria e il franco-lombardo. L’epica carolingia nel Veneto Renzi 1976,"Il francese come ""lingua della cultura"" in Fabrizia Ramondino",,anystyle,W2890515090,offline_title_fuzzy,0.868579715399257
1242_a71,1242,NA,'Spotting historical monuments and sites: Mapping of historical monuments and sites of Delhi using SPOT satellite image' 1992,Spotting historical monuments and sites from ‘SPOT’ image,,anystyle,W2054981177,offline_title_fuzzy,0.868562548562549
779_a38,779,NA,Ontology for Biomedical Informatics: the Foundational Model of Anatomy 2003,Ontology for Biomedical Investigations,,anystyle,W2750987793,offline_title_fuzzy,0.868516944535251
1639_a10,1639,NA,The Text Image Linking Environment. Digital Humanities Summer Institute held at the University of Victoria Porter 2009,The Text-Image Linking Environment (TILE) [Final Performance Report],,anystyle,W612688179,offline_title_fuzzy,0.868452380952381
1006_a6,1006,NA,The Eyes Have It: A Task by Shneiderman 1996,The eyes have it: a task by data type taxonomy for information visualizations,,anystyle,W2138199375,offline_title_fuzzy,0.868421052631579
3949_a6,3949,NA,"Qualitative scientometrics”, in Mapping the dynamics of science and technology Callon; Law; Rip 1986",Qualitative Scientometrics,,anystyle,W4246123850,offline_title_fuzzy,0.868421052631579
10522_r8,10522,NA,Österreichische Akademie der Wissenschaften / Universität Wien / Universität Graz (o. J.): digital humanities austriahttp://digital-humanities.at/ [letzter Zugriff 09. Februar 2016].,Österreichische Akademie der Wissenschaften: Sitzungsberichte nur bis 1917 digitalisiert,,xml_bibl,W6899154920,offline_title_fuzzy,0.868412170850891
733_a17,733,NA,Learning from Technological Things Lubar,Learning from Technologies: A Perspective on the Research Literature.,,anystyle,W105513190,offline_title_fuzzy,0.868382685502967
2834_r8,2834,NA,Global Outlook::Digital Humanities Special Interest Group. (n.d.). About. Global Outlook::Digital Humanities. http://www.globaloutlookdh.org/ (accessed 19 March 2016).,"Global Outlook: Digital Humanities: Promoting Digital Humanities Research Across disciplines, regions, and cultures",,xml_bibl,W7019266533,offline_title_fuzzy,0.86835987090656
4107_a1,4107,NA,Austrian Centre for Digital Humanities (2016): Biodiversity and Linguistic Diversity: Collaborative Knowledge,Austrian Centre for Digital Humanities - ACDH-ÃAW,,anystyle,W7036137741,offline_title_fuzzy,0.868314758527525
2278_r5,2278,NA,Elsevier.Three-Dimensional U3D Models in Online Journal Articles. http://www.elsevier.com/about/content-innovation/u3d-models.,ELSEVIER Three-Dimensional Instabilities in the Wake of a Circular Cylinder,,xml_bibl,W7095537520,offline_title_fuzzy,0.868305555555556
1491_a4,1491,NA,Germania und die Insel Thule Kleineberg 2010,"Germania und die Insel Thule : die Entschlüsselung von Ptolemaios' ""Atlas der Oikumene""",,anystyle,W564896972,offline_title_fuzzy,0.868292682926829
10614_r9,10614,NA,Deutsche Forschungsgemeinschaft (2015): Leitlinien zum Umgang mit Forschungsdaten. Bonn: DFG. http://www.dfg.de/download/pdf/foerderung/antragstellung/forschungsdaten/richtlinien_forschungsdaten.pdf [letzter Zugriff 22. August 2016].,Deutsche Forschungsgemeinschaft: Grundsätze für die Verfilmung historisch wertvoller Zeitungen,,xml_bibl,W4243225165,offline_title_fuzzy,0.86825613788435
6562_r1,6562,NA,"Coalition for Networked Information. (2016). Supporting the Digital Humanities: Report of a CNI Executive Roundtable, 3. https://www.cni.org/wp-content/uploads/2016/05/CNI-SupportDH-exec-rndtbl.report.F14.pdf.",Coalition for Networked Information (CNI) Task Force Spring 1992 Meeting,,xml_bibl,W1977490935,offline_title_fuzzy,0.868221597448912
711_a2,711,NA,"Research Issues in Building Web Services for Mutualized, Non-commercial Translation",Research Issues in Building Brand Equity and Global Brands in the PC Market,,anystyle,W1973769593,offline_title_fuzzy,0.868165748754262
10869_r14,10869,NA,Statistisches Bundesamt (2013): Studierende an Hochschulen – Fächersystematik. unter: https://www.destatis.de/DE/Methoden/Klassifikationen/BildungKultur/ StudentenPruefungsstatistik.pdf (16.10.2014).,Statistisches Bundesamt: Krankheitskosten steigen auf 431 Milliarden Euro,,xml_bibl,W4297821553,offline_title_fuzzy,0.868161432824354
7735_a5,7735,NA,The Romance Writer's Pink Pages Paludan 1984,The romance writer's pink pages : the insider's guide to getting your romance novel published,,anystyle,W7024480782,offline_title_fuzzy,0.868131868131868
10810_r1,10810,NA,"Definition of the CIDOC Conceptual Reference Model: Version 5.0.4., autor. durch die CIDOC CMR Special Interest Group (SIG), 2011. ) [letzter Zugriff 25.09.2017].",Definition of the CIDOC Conceptual Reference Model v7.1.1,,xml_bibl,W6964704929,offline_title_fuzzy,0.868087584733646
2032_a7,2032,NA,UniDic for Early Middle Japanese Ogiso; Komachi; Den; Matsumoto 2012,UniDic for Early Middle Japanese: a Dictionary for Morphological Analysis of Classical Japanese,,anystyle,W7097153631,offline_title_fuzzy,0.868085106382979
3950_a6,3950,NA,"The Paul’s Cross Sermons, 1534-1642 Revised and augmented by Peter Pauls and Jackson Campbell Boswell Maclure 1958 1958 1989",The Paul's Cross Sermons 1534–1642,,anystyle,W656161979,offline_title_fuzzy,0.868
1453_a6,1453,NA,Semantic Web Challenge 2009: User Interaction in Semantic Web Research Mika; Bizer; Schaefel; Rutledge 2010,Semantic Web Challenge 2004,,anystyle,W2410793471,offline_title_fuzzy,0.867954911433172
10827_r6,10827,NA,"Deutsche Forschungsgemeinschaft (2013): ""Empfehlungen der Kommission „Selbstkontrolle in der Wissenschaft“"". Sicherung guter wissenschaftlicher Praxis. [letzter Zugriff 15. Januar 2017]",Deutsche Forschungsgemeinschaft (DFG) – Fachkollegienwahl 2015: Ihre Stimme für die Wissenschaft – Wahl der Mitglieder der Fachkollegien für die Amtsperiode 2016–2019,,xml_bibl,W4229780187,offline_title_fuzzy,0.867950339913477
1953_a1,1953,NA,A New Approach for Dealin with Digitized Sources in Research in Arts and Humanities in: Claire Clivaz u.a Rosenthaler 2012,A new approach for dealing with depressions in digital elevation models when calculating flow accumulation values,,anystyle,W2084973817,offline_title_fuzzy,0.867930078770787
1814_a2,1814,NA,"On the social consequences of habits of judgment see Judith Butler, Giving an Account of Oneself 2005",On the Social Consequences (and Social Conscience) of 'the Foyer Industry': A Critical Ethnography,,anystyle,W2059969511,offline_title_fuzzy,0.867849897697096
756_a2,756,NA,Women’s Writing in the British Isles from the Beginnings to the Present,Women's Writing in the British Atlantic World,,anystyle,W4210812187,offline_title_fuzzy,0.867807872878296
9965_r21,9965,NA,Stanford University Press. (2017). A digital publishing initiative. Video. https://www.sup.org/digital/.,Stanford University Press - Satellite environment Handbook,,xml_bibl,W3041568605,offline_title_fuzzy,0.867794564634364
2202_r11,2202,NA,"University College, London and Coveney, D. K. (1935). A Descriptive Catalogue of Manuscripts in the Library of University College, London. Printed for University of London, University College.","University College London (UCL) Office of the Vice-Provost (Research, Innovation &amp; Global Engagement) - Health Beyond Boundaries: Interdisciplinary Workshops at UCL",,xml_bibl,W7127311483,offline_title_fuzzy,0.867783392000995
511_a6,511,NA,"Rhetorical convergence: studying web media."" Digital media revisited: theoretical and conceptual innovation in digital domain Fagerjord",Rhetorical convergence: studying web media,,anystyle,W168453122,offline_title_fuzzy,0.867768595041322
2073_a8,2073,NA,"Mellon Foundation Grant Proposal: ""OCR'ing Early Modern Texts Mandell 2012 2012-06-30",Mellon Foundation grant supports Townes Center initiatives,,anystyle,W7011198980,offline_title_fuzzy,0.867714786674459
2099_a1,2099,NA,"Mellon Foundation Grant Proposal: ""OCR'ing Early Modern Texts Mandell 2012-06-30",Mellon Foundation grant supports Townes Center initiatives,,anystyle,W7011198980,offline_title_fuzzy,0.867714786674459
1257_a9,1257,NA,"Environmental Change, Land development and Dispute over Property Rights in southern Taiwan Tu 2010 1890","Environmental change, land use and water quality in Scotland: current issues and future prospects",,anystyle,W2033324531,offline_title_fuzzy,0.867628622117091
4107_a8,4107,NA,"Universal Declaration of Cultural Diversity. A vision, a conceptual platform, a pool of ideas for implementation, a new paradigm Nations 2002","Universal Declaration of Human Rights and the Policy of Apartheid in the Republic of South Africa, The;Essay",,anystyle,W809202833,offline_title_fuzzy,0.867611295347201
10966_r8,10966,NA,"IFLA Study Group on the Functional Requirements for Bibliographic Records (2009): Functional Requirements for Bibliographic Records – Final Report. (IFLA Series on Bibliographic Control, Vol. 19) [letzter Zugriff 03. Januar 2020].",IFLA Study Group on the Functional Requirements for Bibliographic Records,,xml_bibl,W7095242053,offline_title_fuzzy,0.867592592592593
2096_a5,2096,NA,Palaeography and the ‘Virtual Library’ Digitizing Medieval and Early Modern Material Culture Stokes 2012,"Palaeography and the ""Virtual Library"" of Manuscripts",,anystyle,W2804321930,offline_title_fuzzy,0.86748157418996
1067_a8,1067,NA,Time-Bound Words: Semantic and Knapp 2000,Time-Bound Words: Semantic and Social Economies from Chaucer's England to Shakespeare's,,anystyle,W4302565397,offline_title_fuzzy,0.867441860465116
7747_a2,7747,NA,"Placing the dictionary on-line"" Computational lexicography for natural language processing 1989 1989",Placing the dictionary on-line,,anystyle,W1491370848,offline_title_fuzzy,0.867415730337079
1717_a2,1717,NA,Research Information Network Reinventing research? Information practices in the humanities Bulger 2011,"RESEARCH INFORMATION NETWORK ACTIVITIES, COSTS AND FUNDING FLOWS IN THE SCHOLARLY COMMUNICATIONS SYSTEM IN THE UK",,anystyle,W7100378148,offline_title_fuzzy,0.86740606979371
556_a4,556,NA,"Annotation as Process, Thing, and MacMullen","Annotation as Process, Thing, and Knowledge: Multi-domain studies of structured data annotation",,anystyle,W2139692425,offline_title_fuzzy,0.867391304347826
9931_r7,9931,NA,"National Library of Finland (2017). Finnish national bibliography as open data, http://data.nationallibrary.fi/bib/me/CFENNI (accessed April 2019).",National Library of Finland – Developing National Infrastructures,,xml_bibl,W7011641782,offline_title_fuzzy,0.867380337147779
8021_a1,8021,NA,`The TOSCA analysis system' 'Towards a linguistic database: the TOSCA analysis system' Aarts; Halteren; Oostdijk; Halteren; Oostdijk 1996 1993,The TOSCA analysis system applied to the domain of computer/software manuals,,anystyle,W2400155705,offline_title_fuzzy,0.867376775271512
8450_a28,8450,NA,Symposium on Theory of Computing 1975,Symposium on Theory of Computing : Proceedings of the ... Annual ACM Symposium on Theory of Computing,,anystyle,W7024825836,offline_title_fuzzy,0.867368421052632
710_a5,710,NA,Zur handlungstheoretischen Begründung einer materialistischen Sprachwissenschaft,Zur handlungstheoretischen Grundlegung der Wörterbuchbenutzungsforschung,,anystyle,W2497656930,offline_title_fuzzy,0.86732109227872
10966_r4,10966,NA,"Dublin Core Metadata Initiative (2012): DCMI Metadata Terms. DCMI Recommendation. [letzter Zugriff 03. Januar 2020],",Dublin Core Metadata Initiative (DCMI),,xml_bibl,W6990611350,offline_title_fuzzy,0.867289719626168
881_a20,881,NA,Historical Problem Solving: A Study of the Wineburg,Historical problem solving: A study of the cognitive processes used in the evaluation of documentary and pictorial evidence.,,anystyle,W4252939789,offline_title_fuzzy,0.867213114754099
815_a1,815,NA,Selections from the Translation of Sir John Harrington,Selections From the Transactions of the Dermatological Society of Greater New York,,anystyle,W2083726144,offline_title_fuzzy,0.86713640469738
463_a9,463,NA,Implementing Short-term Strategies for Long-term Problems,Implementing short-term traffic flow forecasting based on multipoint WPRA with MapReduce,,anystyle,W1975078444,offline_title_fuzzy,0.86707336523126
10827_r8,10827,NA,"Deutsche Forschungsgemeinschaft (DFG) Ausschuss für wissenschaftliche Bibliotheken und Informationssysteme (Unterausschuss für Informationsmanagement) (2009)"" Empfehlungen zur gesicherten Aufbewahrung und Bereitstellung digitaler Forschungsprimärdaten. Bonn: Deutsche Forschungsgemeinschaft. http://www.dfg.de/download/pdf/foerderung/programme/lis/ua_inf_empfehlungen_200901.pdf [letzter Zugriff 15. Januar 2017]","Deutsche Forschungsgemeinschaft: <i>Rückstandsanalytik von Pflanzenschutzmitteln</i>, 7. Lieferung; Herausgegeben von der Arbeitsgruppe “Analytik” der Kommission für Pflanzenschutz‐, Pflanzenbehandlungs‐ und Vorratsschutzmittel der Deutschen Forschungsgemeinschaft, Verlag Chemie, Weinheim; Deefield Beach, Florida; Basel, 1984. DM 94,‐.",,xml_bibl,W1972134192,offline_title_fuzzy,0.867014652014652
626_a13,626,NA,An Evaluation of the ‘Cusum Canter 1992,An evaluation of the cushioning properties of corrugated paperboard,,anystyle,W6945376324,offline_title_fuzzy,0.866934557979334
1850_a3,1850,NA,Personal communication with author; tool archived at perseus.mpiwg-berlin.mpg.de/PR/syn.ann.html www.perseus.tufts.edu radimrehurek.com/gensim,Personal communication with A. Agogino,,anystyle,W7098030767,offline_title_fuzzy,0.866929851199514
160_a8,160,NA,"Accurate 3D measurements using a Structured Light System"" J.; M 1998-02",Accurate 3D - Measurements on microstructures examined in SEM and ESEM,,anystyle,W3084656636,offline_title_fuzzy,0.866771708683473
4082_a9,4082,NA,The Radical Potential of the Digital Humanities: The Most Challenging Computing Problem is the Interrogation of Power.” Impact of Social Sciences Blog Posner 2015 2016-09-15,The Radical Potential of Public Hearings: A Rhetorical Assessment of Resistance and Indecorous Voice in Public Participation Processes,,anystyle,W2543752048,offline_title_fuzzy,0.86674745471738
7730_a1,7730,NA,The Ghost in the Machine: Generating Error Messages in Computer Assisted Language Learning Programs Allen 1996,The ghost in the machine: Frances Perkins' refusal to accept marginalization,,anystyle,W2522146543,offline_title_fuzzy,0.866676941046689
2353_r8,2353,NA,McKinsey Global Institute. (2014). Global Flows in a Digital Age. McKinsey and Company.,McKinsey Global Institute D,,xml_bibl,W7096608112,offline_title_fuzzy,0.866666666666667
2451_r10,2451,NA,The Apache Software Foundation (2015). Apache Lucene - Welcome to Apache Lucene http://lucene.apache.org/ (accessed 1 November 2015).,The Apache Software Foundation,,xml_bibl,W7098234621,offline_title_fuzzy,0.866666666666667
136_a17,136,NA,'Refining our Notion of What Renear; Mylonas; Durand,Refining our Notion of What Text Really Is: The Problem of Overlapping Hierarchies,,anystyle,W1503669979,offline_title_fuzzy,0.866666666666667
796_a22,796,NA,Authorial Attribution and Computational Craig,"Authorial attribution and computational stylistics: if you can tell authors apart, have you learned anything about them?",,anystyle,W2120341822,offline_title_fuzzy,0.866666666666667
904_a16,904,NA,Authorial Attribution and Computational Craig 1999,"Authorial attribution and computational stylistics: if you can tell authors apart, have you learned anything about them?",,anystyle,W2120341822,offline_title_fuzzy,0.866666666666667
984_a16,984,NA,Authorial Attribution and Computational Craig,"Authorial attribution and computational stylistics: if you can tell authors apart, have you learned anything about them?",,anystyle,W2120341822,offline_title_fuzzy,0.866666666666667
1304_a1,1304,NA,"Diacritical Ambiguity and Markup, ” Augmenting Comprehension: Digital Tools and the History of Ideas Buzzetti 2004",Diacritical Ambiguity and Markup,,anystyle,W6990486083,offline_title_fuzzy,0.866666666666667
1742_a12,1742,NA,Sustaining Digital Resources: A Briefing Paper for Leaders of Projects with Scholarly S&R 2009,Sustaining Digital Resources,,anystyle,W4250228731,offline_title_fuzzy,0.866666666666667
3927_a13,3927,NA,".'Alas, poor Yorick’: Quoting Rumbold 2006","""Alas, poor YORICK"": Quoting Shakespeare in the Mid-Eighteenth-Century Novel",,anystyle,W3159997014,offline_title_fuzzy,0.866666666666667
3979_a24,3979,NA,University of Copenhagen (n.d.) Ordbog over det norr0ne prosasprog Registre,University of Copenhagen,,anystyle,W4241381711,offline_title_fuzzy,0.866666666666667
4065_a3,4065,NA,English lexical collocations: A study in computational linguistics Corpus Linguistics Sinclair; Jones 1974 2007,English lexical collocations,,anystyle,W10201964,offline_title_fuzzy,0.866666666666667
4121_a3,4121,NA,Shaping Written Knowledge: The Bazerman 1988,Shaping Written Knowledge THE GENRE AND ACTIVITY OF THE EXPERIMENTAL ARTICLE IN SCIENCE,,anystyle,W7098586771,offline_title_fuzzy,0.866666666666667
7746_a5,7746,NA,Corpus Encoding Standard 1996,Corpus Encoding Standard: SGML Guidelines for Encoding Linguistic Corpora,,anystyle,W7100034433,offline_title_fuzzy,0.866666666666667
7959_a32,7959,NA,Morphology and Computation ACL-MIT Press Series in Natural Language Processing Sproat 1992,Morphology and Computation,,anystyle,W7095800923,offline_title_fuzzy,0.866666666666667
1606_a7,1606,NA,Implementation of a SPARQL Integrated Recommendation Engine for Linked Data with Hybrid Capabilities Policarpio; Brunk; Tummarello 2012,Implementation of a sparkle characterization method for anti-glare layers on automotive-displays,,anystyle,W2887066497,offline_title_fuzzy,0.866552469135802
1199_a1,1199,NA,'Bibliographical notes on Buddhist temple gazetteers and some remarks on their use for the study of Chinese Buddhist history',"Bibliographical Notes on Islamic Astronomy, The Results of a Study of the Exact Sciences Among the Jews of Yemen",,anystyle,W1640373754,offline_title_fuzzy,0.866518970567248
1520_a4,1520,NA,Visualizing Translation Variation of Othello: A Survey of Text Visualization and Analysis Tools Geng; Cheesman; Berry; Ehrmann; Laramee; Rothwell 2011,Visualizing Translation Variation: Shakespeare’s Othello,,anystyle,W7103255464,offline_title_fuzzy,0.866514203360261
10662_r6,10662,NA,Open Knowledge Foundation (2013): OpenGLAM Principles. http://openglam.org/principles/ [letzter Zugriff 26. August 2016].,Open Knowledge Foundation Images,,xml_bibl,W6995652411,offline_title_fuzzy,0.866512345679012
495_a24,495,NA,Ad-hoc Authorship Attribution Contest Technical,"Ad-hoc Authorship Attribution Competition, part of ALLC/ACH 2004 CNG Method with Weighted Voting",,anystyle,W7099386864,offline_title_fuzzy,0.866499829592483
10813_r3,10813,NA,"M.L. West, Textual Criticism and Editorial Technique, Stuttgart 1973.","M. L. West, Textual Criticism and Editorial Technique applicable to Greek and Latin Texts (Teubner Studienbücher). Stuttgart: B. G. Teubner, 1973. Pp. 155. Price not stated.",,xml_bibl,W2055268970,offline_title_fuzzy,0.866376390904693
1515_a11,1515,NA,Focus on form through conscious reflection Swain 1998,Focus on form through collaborative dialogue: Exploring task effects,,anystyle,W87921737,offline_title_fuzzy,0.866234760264611
1704_a6,1704,NA,Encouraging Contribution to Online Communities. Designing From Theory: Using the Social Sciences as the Basis for Building Online Communities Kraut; Resnick 2012,Encouraging contribution to online communities,,anystyle,W7099935462,offline_title_fuzzy,0.866187050359712
848_a3,848,NA,What you (fore)see is what you get Bradley 2005,What you (fore)see is what you get: Thinking about usage paradigms for computer assisted text analysis,,anystyle,W2343862912,offline_title_fuzzy,0.866
1010_a4,1010,NA,What you (fore)see is what you get Bradley,What you (fore)see is what you get: Thinking about usage paradigms for computer assisted text analysis,,anystyle,W2343862912,offline_title_fuzzy,0.866
64_a10,64,NA,Analisi dei dati testuali: applicazione al discorso politico Lebart; Memmi 1984,Analisi dei dati testuali da Twitter sulla Didattica a Distanza,,anystyle,W7035831038,offline_title_fuzzy,0.865975191615293
1914_a3,1914,NA,New Philology and New Phylogeny Stolz 2003,New Philology and New Phylogeny: Aspects of a Critical Electronic Edition of Wolfram's Parzival,,anystyle,W2048138531,offline_title_fuzzy,0.865957446808511
1741_a2,1741,NA,Moving the Crowd at Threadless: Motivations for Participation in a Crowdsourcing Application Brabham 2010,MOVING THE CROWD AT THREADLESS,,anystyle,W1907282519,offline_title_fuzzy,0.865934065934066
702_a10,702,NA,Preserving Public Domain Books Mathes 2005,Preserving Public Domain Collections: Institutional Policies Best Practice,,anystyle,W7061518113,offline_title_fuzzy,0.865888836403716
1362_a4,1362,NA,The Triumph of the Thriller Gelman 2010,"The Triumph of the Thriller: How Cops, Crooks, and Cannibals Captured Popular Fiction",,anystyle,W1522748486,offline_title_fuzzy,0.865853658536585
1941_a7,1941,NA,Charters and Documents relating to the City of Glasgow 1175-1649 Marwick 1894,"Charters and documents relating to the burgh of Peebles, with extracts from the records of the burgh. A. D. 1165-1710",,anystyle,W6980575244,offline_title_fuzzy,0.86580271652401
1737_a17,1737,NA,Text Analysis Portal for Research How do you define Humanities Computing/Digital Humanities? 2011,Text Analysis Portal for Research (TAPoR) Archive,,anystyle,W6940510207,offline_title_fuzzy,0.86575552107467
1072_a15,1072,NA,The Creation of Theory: A Pandit 1996,The Creation of Theory: A Recent Application of the Grounded Theory Method,,anystyle,W610533897,offline_title_fuzzy,0.865753424657534
2043_a5,2043,NA,"More Than a List of Crew, www.mun.ca/mha/mlc Burton 2011",‘More than a list of crew …’: A one‐day seminar at the university of Liverpool,,anystyle,W2002442707,offline_title_fuzzy,0.865753424657534
4117_a12,4117,NA,"Technology for Cultural Heritage, Social Sciences, and Humanities",Technology for Cultural Resource Management: The Historic House Trust Information System,,anystyle,W1965554229,offline_title_fuzzy,0.865736179529283
3802_a8,3802,NA,Usage and Impact Study of JISC-Funded Phase 1 2009,Usage and Impact Study of JISC-funded Phase 1 Digitisation Projects &amp; the Toolkit for the Impact of Digitised Scholarly Resources (TIDSR),,anystyle,W6997177263,offline_title_fuzzy,0.865693430656934
1667_a3,1667,NA,The Digital Humanities Moment. Debates in Digital Humanities Gold 2012,The Digital Humanities multicultural revolution did not happen yet,,anystyle,W6918107257,offline_title_fuzzy,0.865606951563368
3950_a7,3950,NA,The St Paul’s Cathedral Project (formerly the Virtual Paul’s Cross Project University,The St. Paul's Cathedral Psalter,,anystyle,W4252992238,offline_title_fuzzy,0.865576668139638
10080_r2,10080,NA,Berlin-Brandenburg Academy of Sciences (2014–2018). correspSearch. Search scholarly editions of letters. https://correspsearch.net/index.xql?id=&l=en (accessed 19 November 2018).,Berlin-Brandenburg Academy of Sciences,,xml_bibl,W7100519928,offline_title_fuzzy,0.86551724137931
1007_a11,1007,NA,Einige zentrale Probleme der neueren Filmsemiotik Lehner 1987,Einige zentrale Probleme der Balintgruppenarbeit mit Pfarrern aus der Sicht des Beobachters,,anystyle,W2334801379,offline_title_fuzzy,0.865346203948028
1854_a1,1854,NA,"Computation and Human Experience (Learning in Doing: Social, Cognitive and Computational Perspectives Agre 1997",Computation and Human Experience,,anystyle,W1602132975,offline_title_fuzzy,0.86530612244898
1354_a3,1354,NA,Women's Writing in the British Isles from the Beginnings to the Present Clements Brown,Women's Writing in the British Atlantic World,,anystyle,W4210812187,offline_title_fuzzy,0.865210027100271
2501_r2,2501,NA,"Labov, W. (1966). The Social Stratification of English in New York City. Washington, D. C.: Center for Applied Linguistics.","Labov, W. (1966). ""The social stratification of (r) in New York City Department stores"",in ""The social stratification of English in New York City"". Washingtong: Center for Applied Linguistics.",,xml_bibl,W2913909184,offline_title_fuzzy,0.865128410914928
1004_a2,1004,NA,Computation into Criticism: a Burrows 1987,Computation into Criticism: A Study of Jane Austen's Novels and an Experiment in Method,,anystyle,W2316815835,offline_title_fuzzy,0.865116279069768
3979_a7,3979,NA,Late prose fiction (lygisogur). A Companion to Old Norse-Icelandic Literature and Culture Driscoll 2005,Late Prose Fiction (lygisögur),,anystyle,W1546433953,offline_title_fuzzy,0.865116279069768
9023_a3,9023,NA,Computation into Criticism: A Burrows 1987,Computation into Criticism: A Study of Jane Austen's Novels and an Experiment in Method,,anystyle,W2316815835,offline_title_fuzzy,0.865116279069768
1869_a24,1869,NA,"Special Issue: ‘Paradigms of Knowledge and its Organization: The Tree, the Net and Beyond’ 2013",Special issue: Paradigms of Corporate Sustainability – a decade after <i>Hijacking Environmentalism</i>,,anystyle,W2065523991,offline_title_fuzzy,0.865087595175527
2841_r3,2841,NA,"Consultative Committee for Space Data Systems (2012). Reference Model for an Open Archival Information System (OAIS), Recommended Practice. CCSDS 650.0-M-2 (Magenta Book) Issue 2, June 2012 http://public.ccsds.org/publications/archive/650x0m2.pdf (accessed 16 March 2016).",Consultative Committee for Space Data Systems recommendation for space data system standards: Telecommand. Part 2.1: Command operation procedures,,xml_bibl,W3028734523,offline_title_fuzzy,0.864997401919013
1514_a32,1514,NA,"Linguistic Evidence, Statistical Inference, and Disputed Authorship Wachal 1966","Linguistic Evidence, Status of",,anystyle,W1560984183,offline_title_fuzzy,0.864971580143994
1460_a1,1460,NA,The Walt Whitman Archive: Archivist-Scholar Collaboration in Description and Representation Catapano; Price; Walter 2005 2005,The Walt Whitman archive : a facsimile of the poet's manuscripts,,anystyle,W359465234,offline_title_fuzzy,0.864923599320883
1238_a20,1238,NA,Technology in the First Age of Print,Technology in the first years of school: a plea for a child centred approach,,anystyle,W1529925494,offline_title_fuzzy,0.864920634920635
611_a14,611,NA,An approach of removing errors from generated answers for E-learning. 17th Annual Nakano 2003,An Approach of Removing Stroke Based on Touching Pattern for Handwritten Digits Segmentation,,anystyle,W2061728213,offline_title_fuzzy,0.864884910485934
904_a28,904,NA,Pattern Grammar: A Corpus Hunston; Framcis 1999,Pattern grammar: A corpus-driven approach to the lexical grammar of English.,,anystyle,W40881017,offline_title_fuzzy,0.864864864864865
1320_a39,1320,NA,Crowdsourcing Manuscript Material Terras 2009 2010-03-02,Crowdsourcing manuscript transcription: the Transcribe Bentham project,,anystyle,W192333968,offline_title_fuzzy,0.864830634536104
1295_a4,1295,NA,"Electronic Textual Editing: Digital Facsimiles in Editing, ” Electronic Textual Editing Kiernan 2006",Electronic Textual Editing: The Poem and the Network: Editing Poetry Electronically,,anystyle,W2194254343,offline_title_fuzzy,0.864812640876898
3873_a1,3873,NA,Stop Calling It ‘Digital Humanities’” Pannapacker 2013,Stop Calling It 'Digital Humanities': And 9 Other Strategies to Help Liberal-Arts Colleges Join the Movement,,anystyle,W760108728,offline_title_fuzzy,0.864761904761905
1307_a2,1307,NA,Voltaire’s Correspondences. Utilizing Visualization in the Mapping the Republic of Letters Project Bugei 2010 2010-09,"""Voltaire's Correspondence"" (Vols. IV to X): Some Observations on the Dating of the Letters",,anystyle,W2318339622,offline_title_fuzzy,0.864745923224536
868_a3,868,NA,Functional Requirement for Bibliographic 1998,Functional Requirement for Orai1 in Store-operated TRPC1-STIM1 Channels,,anystyle,W2004779826,offline_title_fuzzy,0.864741784037559
10662_r9,10662,NA,"Schweizerische Nationalbibliothek (2014): Strategie 2012 – 2019, Version 2014 http://www.nb.admin.ch/org/00779/index.html?lang=de&download=NHzLpZeg7t,lnp6I0NTU042l2Z6ln1acy4Zn4Z2qZpnO2Yuq2Z6gpJCEdoR3fWym162epYbg2c_JjKbNoKSn6A-- [letzter Zugriff 26. August 2016].",Schweizerische Nationalbibliothek,,xml_bibl,W7071229786,offline_title_fuzzy,0.864705882352941
1866_a19,1866,NA,Narrativas y discursos digitales desde la perspectiva de la museología crítica» Ortega 2011,Narrativas y discursos del paisaje ferroviario,,anystyle,W4399289911,offline_title_fuzzy,0.864654792460657
995_a17,995,NA,The Boomerang Effect: Retrieving Larse 2002,The boomerang effect: retrieving scientific documents via the network of references and citations,,anystyle,W7100929551,offline_title_fuzzy,0.864583333333333
1051_a15,1051,NA,Editorial Teamwork in a Digital Pierazzo 2008,Editorial teamwork in a digital environment: the edition of the correspondence of Giacomo Puccini,,anystyle,W2597071889,offline_title_fuzzy,0.864583333333333
1208_a2,1208,NA,Les grands intermédiaires culturels de la,Les grands intermédiaires culturels de la république des lettres : études de réseaux de correspondances du XVIe au XVIIIe siècles,,anystyle,W1583029374,offline_title_fuzzy,0.864566929133858
1942_a3,1942,NA,Institute for the Future E-Journal user study: report of web log data mining 2002,Institute for the future redirected,,anystyle,W4235633184,offline_title_fuzzy,0.864450216450217
7959_a2,7959,NA,Tools for computer-aided corpus lexicography: the Hector Project in Kiefer Sue 1992 1992,Tools for Computer Aided Design of Production Processes.,,anystyle,W118400542,offline_title_fuzzy,0.864385637193856
1862_a1,1862,NA,"Digital Collections in the Humanities: Understanding Use, Value and Impact” Hughes 2013",Digital Collections in the University Classroom: Inspiring your faculty with regional content,,anystyle,W2987616372,offline_title_fuzzy,0.864337474120083
715_a17,715,NA,Is There a Text in These Variants' Robinson,Is There a Text in These Data? The Digital Humanities and Preserving the Evidence,,anystyle,W4235804055,offline_title_fuzzy,0.864318181818182
491_a8,491,NA,The ARCHway Project: Architecture for Iacob,"The ARCHway Project: Architecture for Research in Computing for Humanities through Research, Teaching, and Learning",,anystyle,W2069582578,offline_title_fuzzy,0.864285714285714
664_a4,664,NA,Affordances of Prospect for Ruecker 2003,Affordances of prospect for academic users of interpretively-tagged text collections,,anystyle,W6921781158,offline_title_fuzzy,0.864285714285714
775_a13,775,NA,The ARCHway Project: Architecture for Porter,"The ARCHway Project: Architecture for Research in Computing for Humanities through Research, Teaching, and Learning",,anystyle,W2069582578,offline_title_fuzzy,0.864285714285714
1668_a8,1668,NA,Digital Humanities: Access and Empowerment Turpin 2013,"Digital Humanities, Access, and the Teaching of Russian Language and Culture",,anystyle,W4401463800,offline_title_fuzzy,0.864271588661833
1288_a2,1288,NA,TEI Lite: Encoding for Interchange: an introduction to the TEI Burnard 2006,TEI Lite: Encoding for interchange: An introduction to the TEI -- revised for TEI P5 release. Retrieved 19 January 2010 from: http://www.tei-c.org/release/doc/tei-p5exemplars/html/teilite.doc.html,,anystyle,W7098335846,offline_title_fuzzy,0.864171122994652
1096_a3,1096,NA,The Digital Dictionary of Muller 2008,The Digital Dictionary of Buddhism and CJKV-English Dictionary: A Brief History,,anystyle,W3129392803,offline_title_fuzzy,0.864102564102564
595_a17,595,NA,Secondary information structuring Sasaki 2004,Secondary Information Structuring- A Methodology for the Vertical Interrelation of Information Resources,,anystyle,W7097196304,offline_title_fuzzy,0.864077669902913
626_a69,626,NA,A Facsimile Reproduction 1929,A facsimile reproduction of a unique catalogue of Laurence Sterne's library,,anystyle,W593324024,offline_title_fuzzy,0.864
1942_a9,1942,NA,Half Full and Half Empty,Half full and half empty glass: The application of EU law in Poland (20042010),,anystyle,W1977259638,offline_title_fuzzy,0.864
1920_a4,1920,NA,"Fonctions culturelles du périodique littéraire, in Claude Labrosse, Pierre Rétat, L’instrument périodique, La fonction de la presse au XVIIIe siècle Labrosse 1985",Fonctions culturelles du périodique littéraire,,anystyle,W2987480993,offline_title_fuzzy,0.863888888888889
10865_r6,10865,NA,"UdS Fedora Commons Repository (o.J.): ""The Royal Society Corpus (RSC)"", . [letzter Zugriff 29. März 2018].",UdS Fedora Commons Repository,,xml_bibl,W6944279543,offline_title_fuzzy,0.863736263736264
898_a1,898,NA,The HyperLearning Project: Towards a Barbera 2007,The HyperLearning Project: Towards a Distributed and Semantically Structured e-research and e-learning Platform,,anystyle,W2038809541,offline_title_fuzzy,0.863636363636364
1947_a4,1947,NA,"Computer-aided palaeography, present and future. Kodikologie und Paläographie im digitalen Zeitalter - Codicology and Palaeography in the Digital Age Stokes 2009","Computer-Aided Palaeography, Present and Future",,anystyle,W1927175093,offline_title_fuzzy,0.863448275862069
869_a9,869,NA,Stylochronometry: Stylistic Stamou 2007,"Stylochronometry: Stylistic Development, Sequence of Composition, and Relative Dating",,anystyle,W2070302330,offline_title_fuzzy,0.863414634146342
3895_a3,3895,NA,Reading as a contact sport” Fister 2005,Reading as a contact sport : Online book groups and the social dimensions of reading,,anystyle,W1571833836,offline_title_fuzzy,0.863414634146342
1104_a5,1104,NA,A Touring Machine: Prototyping 3D Feiner,A touring machine: Prototyping 3D mobile augmented reality systems for exploring the urban environment,,anystyle,W2546299398,offline_title_fuzzy,0.863366336633664
3957_a13,3957,NA,In Collaboration with In Concert: Reflecting a Digital Library as Linked Data for Performance Ephemera 2016,In Collaboration with In Concert,,anystyle,W2515698540,offline_title_fuzzy,0.863366336633664
11783_r29,11783,NA,Text Encoding Initiative Consortium (2021). TEI element P5: Guidelines for Electronic Text Encoding and Interchange.,"Text Encoding Initiative, Conference and Members’ Meeting 2015, October 28-31, Lyon, France",,xml_bibl,W6917862319,offline_title_fuzzy,0.863263051635145
4102_a12,4102,NA,"A tiered CRF tagger for Polish, Intelligent Tools for Building a Scientific Information Platform Radziszewski 2013",A Tiered CRF Tagger for Polish,,anystyle,W17262524,offline_title_fuzzy,0.863157894736842
995_a24,995,NA,The Wisdom of the Crowds: Why the Many Are Smarter Than the Few and How Collective Surowiecki 2004,The wisdom of the crowds:Valuable journalism and the search for quality from a news user’s perspective,,anystyle,W7110868109,offline_title_fuzzy,0.863110195879468
1264_a18,1264,NA,Toward a Conceptual and Theoretical Foundation for New Research on Books and Knowledge Environments Siemens 2009,"Toward a conceptual and operational union of bacterial systematics, ecology, and evolution",,anystyle,W1480838285,offline_title_fuzzy,0.863104731525784
6313_r7,6313,NA,"Spanish in Texas Project, 2010, University of Texas at Austin, accessed 23 April 2018, <http://spanishintexas.org/>",Spanish in Texas Project Website,,xml_bibl,W6889616917,offline_title_fuzzy,0.863025114155251
3899_a6,3899,NA,Virtual Language Observatory XXXX 2017-03-24,Virtual language observatory: The portal to the language resources and technology universe,,anystyle,W1588867110,offline_title_fuzzy,0.862921348314607
10504_r5,10504,NA,Staatsbibliothek zu Berlin (2014): Typenrepertorium der Wiegendrucke digital http://tw.staatsbibliothek-berlin.de [letzter Zugriff 29. Dezember 2015].,Staatsbibliothek zu Berlin restituiert 23 Bände an Fürst Philipp zu Stolberg-Wernigerode,,xml_bibl,W7124424586,offline_title_fuzzy,0.862904077055021
135_a3,135,NA,Organizing information: RDF and Dublin Core Laurent; Biggar 1999,Organizing Information Resources: A Path for Access in Tribal Settings,,anystyle,W7131783948,offline_title_fuzzy,0.862860328077719
2692_r18,2692,NA,"National Endowment for the Humanities Office of Digital Humanities. (2010). Summary findings of NEH digital humanities start-up grants (2007-2010). Washington, D.C.: National Endowment for the Humanities,.",National Endowment for the Humanities and the German Research Foundation award $1.67 million to international digital humanities projects,,xml_bibl,W6955239391,offline_title_fuzzy,0.862749499198485
6475_r15,6475,NA,"National Endowment for the Humanities Office of Digital Humanities. Summary Findings of Neh Digital Humanities Start-up Grants (2007-2010). Washington, D.C.: National Endowment for the Humanities,, 2010.",National Endowment for the Humanities and the German Research Foundation award $1.67 million to international digital humanities projects,,xml_bibl,W6955239391,offline_title_fuzzy,0.862749499198485
251_r21,251,NA,La Littérature potentielle 1973,"La littérature potentielle : créations, re-créations, récréations",,xml_biblstruct,W1572364123,offline_title_fuzzy,0.862718138551031
1741_a3,1741,NA,The Myth of Amateur Crowds: A Critical Disccourse Analysis of Crowdsourcing Coverage Brabham 2012,THE MYTH OF AMATEUR CROWDS,,anystyle,W2134923335,offline_title_fuzzy,0.862650602409639
11993_r12,11993,NA,"UK Research and Innovation (UKRI). 2020. Early career researchers: career and skills development. https://www.ukri.org/councils/ahrc/career-and-skills-development/early-career-researchers-career-and-skills’, development/. Accessed November 10, 2020.",UK Research and Innovation (UKRI) has released its annual diversity data for 2021 to 2022,,xml_bibl,W6936377745,offline_title_fuzzy,0.86264295067656
433_a13,433,NA,"Experiences with laser scanning at i3mainz - CIPA, Heritage Documentation",Experiences with Laser Survey Instrument-Based Approach to National Ignition Facility Diagnostic Alignments,,anystyle,W7009908457,offline_title_fuzzy,0.862564988612267
1294_a3,1294,NA,"Codicological Descriptions in the Digital Age, ” Codicology and Palaeography in the Digital Age - Kodikologie und Paläographie im Digitalen Zeitalter Stinson 2009",Codicological Descriptions in the Digital Age,,anystyle,W153227199,offline_title_fuzzy,0.8625
1566_a2,1566,NA,Asking Research Questions and Building a Research Agenda for Digital Scholarship Friedlander 2008,Asking research questions,,anystyle,W3159403068,offline_title_fuzzy,0.8625
7901_a19,7901,NA,Functionality of Digital Annotation: Imitating and Supporting Real-World Annotation,Functionality of Digital Twin in Shopfloor Employees Training with AI and ML Technologies,,anystyle,W4399265431,offline_title_fuzzy,0.862479297484719
8432_a6,8432,NA,Exploring Computer Assisted Literary Translation Studies [complete reference under 0.1]: Appendix 6.1 1995,EXPLORING COMPUTER ASSISTED LEARNING FOR LOW ACHIEVING CHILDREN: A COMPARATIVE ANALYSIS STUDY,,anystyle,W2293519121,offline_title_fuzzy,0.862424695278569
3997_a2,3997,NA,Catalogue of Digital Editions.' Franzini 2016,"Catalogue of Digital Editions: A web application to browse, curate and analyse digital editions",,anystyle,W6885078107,offline_title_fuzzy,0.862365591397849
10774_r3,10774,NA,"Deutsche Forschungsgemeinschaft (2013): Sicherung guter wissenschaftlicher Praxis. Denkschrift, Empfehlungen der Kommission ""Selbstkontrolle in der Wissenschaft"", Weinheim 2013, URL: http://www.dfg.de/download/pdf/dfg_im_profil/reden_stellungnahmen/download/empfehlung_wiss_praxis_1310.pdf [letzter Zugriff 22. September 2017].",Deutsche Forschungsgemeinschaft (DFG) – Fachkollegienwahl 2015: Ihre Stimme für die Wissenschaft – Wahl der Mitglieder der Fachkollegien für die Amtsperiode 2016–2019,,xml_bibl,W4229780187,offline_title_fuzzy,0.862282920104435
2042_a9,2042,NA,"The identification of purpose lies outside the photographic frames, through there may be visual clues within the image",The identification of putative nonsense mutants of the Rosy locus in Drosophila melanogaster,,anystyle,W6921562880,offline_title_fuzzy,0.862074160633616
890_a1,890,NA,Styles of Stance in English Biber; Finegan 1989,Styles of stance in English: Lexical and grammatical marking of evidentiality and affect,,anystyle,W2013569814,offline_title_fuzzy,0.862068965517241
1642_a20,1642,NA,"Learn 2 Teach, Teach 2 Learn 2013","Learn 2 teach, teach 2 learn. Aprendizaje-Servicio e intercambio de roles en Arquitectura",,anystyle,W2991292748,offline_title_fuzzy,0.862068965517241
1164_a7,1164,NA,'Exploring Complex Vowels as Phrase Break,"Exploring complex vowels as phrase break correlates in a corpus of English speech with proPOSEL, a prosody and POS English lexicon",,anystyle,W1562447877,offline_title_fuzzy,0.862015503875969
965_a2,965,NA,Using Digital Tools to Distant-Read Gertrude Stein’s,Using Digital Tools to Detect Spatial Navigation Impairment in Early Alzheimer's Disease,,anystyle,W4417279953,offline_title_fuzzy,0.861944055944056
3876_a6,3876,NA,Moving Localities and Creative Raposo; A.; Patiniotis; Bertomeu-Sanchez 2014,Moving Localities and Creative Circulation: Travels as Knowledge Production in 18th-Century Europe,,anystyle,W2029542640,offline_title_fuzzy,0.861855670103093
389_a1,389,NA,Questions of Authorship: Attribution and Beyond. Association for Computers and the Humanities and Association for Literary and Linguistic Computing Burrows 2001 2001-06-14,"Questions of Authorship: Attribution and Beyond A Lecture Delivered on the Occasion of the Roberto Busa Award ACH-ALLC 2001, New York",,anystyle,W168622922,offline_title_fuzzy,0.861711169767032
1188_a20,1188,NA,Literary & linguistic computing,Literary & linguistic computing : journal of the Association for Literary and Linguistic Computing,,anystyle,W7112880018,offline_title_fuzzy,0.861702127659575
3986_a6,3986,NA,Twitter as a Social Marketing Gasso Climent 2015,Twitter as a social marketing tool : modifying tweeting behavior in order to encourage donations.,,anystyle,W1764189184,offline_title_fuzzy,0.861702127659575
505_a9,505,NA,No Such Thing as Humanities Computing? Warwick,No such thing as Humanities Computing? An Analytical History of Digital Resource Creation and Computing in the Humanities,,anystyle,W1422948337,offline_title_fuzzy,0.861666666666667
542_a32,542,NA,No Such Thing as Humanities Computing? Warwick,No such thing as Humanities Computing? An Analytical History of Digital Resource Creation and Computing in the Humanities,,anystyle,W1422948337,offline_title_fuzzy,0.861666666666667
6606_r15,6606,NA,Wittgenstein Wittgenstein's Nachlass. The Bergen Electronic Edition 1998-99,"WITTGENSTEIN, WITTGENSTEINIANS AND THE EPISTEMOLOGICAL STATUS OF RELIGIOUS BELIEF",,xml_biblstruct,W2769181223,offline_title_fuzzy,0.861627159946832
1759_a3,1759,NA,Chronik deutscher Zeitgeschichte Overesch; Saal 1982 1982,"Chronik deutscher Zeitgeschichte. Politik, Wirtschaft, Kultur, Bd. 1, 2,1 und 2,2, Düsseldorf 1982/83 [Rezension]",,anystyle,W6999319482,offline_title_fuzzy,0.861538461538462
2119_a2,2119,NA,"Agora. Scholarly Open Access Research in European Philosophy, Blityri. Studi di storia delle idee sui segni e le lingue Tardella 2013",AGORA. Scholarly Open Access Research in Philosophy: an overview,,anystyle,W324996784,offline_title_fuzzy,0.861538243999925
1236_a4,1236,NA,Verifying the Authorship of a Parodic Text',Verifying the Authorship of the Yasunari Kawabata Novel The Sound of the Mountain,,anystyle,W2757651796,offline_title_fuzzy,0.861497761497762
3946_a5,3946,NA,Regional Digital Humanities Theibault 2016,Regional Digital Humanities Consortia: An Emerging Formalization of Informal Network Ties?,,anystyle,W2885837094,offline_title_fuzzy,0.861363636363636
4119_a1,4119,NA,Towards a Digital Hermeneutics? Interpreting the User's Response to a Visualisation Platform for Historical Documents Armaselu; Jones 2016,Towards a Digital Hermeneutics: New Developments in the Philosophy of~Technology,,anystyle,W7137769068,offline_title_fuzzy,0.861357127054645
6275_r7,6275,NA,"———. “Looking Away: Participations in Visual Culture.” In After Criticism: New Responses to Art and Performance, edited by Gavin Butt. Malden, MA: Blackwell, 2005.",Looking Away: Participations in Visual Culture,,xml_bibl,W1518413999,offline_title_fuzzy,0.861224489795918
12016_r8,12016,NA,"Rome Call For AI Ethics. (2021). Retrieved 18 November 2021, from https://www.romecall.org/",rome call for ai ethics italiano,,xml_bibl,W6892858713,offline_title_fuzzy,0.861190476190476
1831_a7,1831,NA,Fouille de textes et analyse thématique: techniques prédictive et descriptive pour la gestion et l’analyse de documents textuels non structurés Forest 2012,Fouille de textes et analyse des tendances thématiques d'une crise alimentaire. Cas des maladies à prions,,anystyle,W4300185250,offline_title_fuzzy,0.861183585026643
1211_a28,1211,NA,Women and Work in the Age of Revolution,Women and work in the age of computers: (many problems) one opportunity and two challenges,,anystyle,W2284427149,offline_title_fuzzy,0.861175485131928
10805_r1,10805,NA,"Österreichisches Biographisches Lexikon 1815–1950. Wien: Böhlau Verlag, Verlag der Österreichischen Akademie der Wissenschaften, 1954ff.; Online-Ausgabe: www.biographien.ac.at, Zugriff: 14.12.2017.","Österreichisches Biographisches Lexikon 1815 - 1950, 56. Lieferung, Seidl - Siegl",,xml_bibl,W3102626157,offline_title_fuzzy,0.861124611535571
10497_r1,10497,NA,Institut für Deutsche Sprache (IDS) (o. J.): DGD. Datenbank für Gesprochenes Deutsch http://dgd.ids-mannheim.de [letzter Zugriff 12. Februar 2016].,Institut für Deutsche Sprache (IDS),,xml_bibl,W1411151894,offline_title_fuzzy,0.861111111111111
2564_r4,2564,NA,"Federal Register Notice Re OMB Circular A-110, The White House, https://www.whitehouse.gov/node/15587. (accessed October 31, 2015).",Federal Register | Notice of Entering Into a Compact With the Republic of El Salvador,,xml_bibl,W7009656174,offline_title_fuzzy,0.861075633703646
10896_r9,10896,NA,Sonderforschungsbereich 980 „Episteme in Bewegung“: http://www.sfb-episteme.de/ [letzter Zugriff 05.10.2018].,Sonderforschungsbereich verlängert,,xml_bibl,W4206621590,offline_title_fuzzy,0.861068627450981
1009_a1,1009,NA,Ad-Hoc Authorship Attribution Juola 2004,"Ad-hoc Authorship Attribution Competition, part of ALLC/ACH 2004 CNG Method with Weighted Voting",,anystyle,W7099386864,offline_title_fuzzy,0.861052631578947
1343_a19,1343,NA,"The Application of XML to the historical lexicography of Old, Middle, and Early-Modern Irish: a Lexicon based analysis Nyhan 2006",The Application of XML Templates for Task Preparation in an Electronic Memory Aid System,,anystyle,W1494055547,offline_title_fuzzy,0.860948616600791
3797_a10,3797,NA,Exploring Large Datasets with Topic Model Visualization” Montague; Simpson; Brown; Rockwell; Ruecker 2015,Exploring Large Datasets: Techniques for Managing and Using Data Efficiently,,anystyle,W6968244089,offline_title_fuzzy,0.860878787878788
1653_a7,1653,NA,An Undergraduate Perspective. Digital Literacy for the Dumbest Generation Clement 2010 2010-07-08,An undergraduate perspective on LINDSAY Composer: bridging the gap between software engineering and physiology,,anystyle,W324986571,offline_title_fuzzy,0.860718354620136
1698_a2,1698,NA,Kommunikationsmaßnahmen und sprachliche Formungen der nationalsozialistischen Machtübernahme in Österreich 1938 Biber 2010,Kommunikationsmaßnahmen im B2B Bereich : Analyse und Auswertung relevanter Maßnahmen für die Agentur Vignold,,anystyle,W6992272417,offline_title_fuzzy,0.860714285714286
6547_r3,6547,NA,Department of Education (DOE). (2014.) Teaching children to code. In: D5: London. London. Available at: https://www.gov.uk/government/publications/d5-london-summit-themes/d5-london-teaching-children-to-code [Accessed 23/11/2017],Department of Education (DOE),,xml_bibl,W2909800564,offline_title_fuzzy,0.860674157303371
10821_r6,10821,NA,Kultur- und Wissenschaftserbe Steiermark. http://www.kulturerbe-stmk.at [letzter Zugriff 22. August 2017],Kultur- und Wissenschaftsdiskurse interkulturell,,xml_bibl,W2945481733,offline_title_fuzzy,0.860628166160081
4095_a10,4095,NA,Objective Hermeneutics and Hermeneutic Sociology of Knowledge Reichertz 2004,Objective Hermeneutics as a Methodology to Analyze Learning in Affinity Spaces around Computer Games,,anystyle,W6941250120,offline_title_fuzzy,0.860595165323701
2096_a10,2096,NA,Visualizing the Republic of Letters Chang 2009 2014-03,Visualizing the Republic: State Representation and Public Ritual in Weimar Germany,,anystyle,W871734876,offline_title_fuzzy,0.860589272746136
1085_a19,1085,NA,Predominately White Institutions (PWIs) or within fields of study where Black students are underrepresented as attempts to share their experiences and offer advice,Predominately White institutions: Transition programs to address academic underpreparedness and experiences of discrimination.,,anystyle,W3088831498,offline_title_fuzzy,0.860514926868363
1844_a2,1844,NA,Musikedition im Zeichen neuer Medien Kepper 2011,Musikedition im Zeichen neuer Medien historische Entwicklung und gegenwärtige Perspektiven musikalischer Gesamtausgaben,,anystyle,W6983609546,offline_title_fuzzy,0.860504201680672
4181_a6,4181,NA,Unmarked : the Politics of Performance Installation Art and the Museum: Presentation and Conservation of Changing Artworks Phelan 1993 2013,Unmarked: The Politics of Performance,,anystyle,W2795538742,offline_title_fuzzy,0.860504201680672
1347_a4,1347,NA,Feminist Fairy-Tale Scholarship In Fairy Tales and Feminism: New Approaches Donald Haase 1-36 Haase 2004,Feminist Fairy-Tale Scholarship: A Critical Survey and Bibliography,,anystyle,W2992249602,offline_title_fuzzy,0.860465221934487
591_a1,591,NA,Computation into Criticism Burrows 1987,Computation into Criticism: A Study of Jane Austen's Novels and an Experiment in Method,,anystyle,W2316815835,offline_title_fuzzy,0.86046511627907
875_a1,875,NA,Computation into Criticism Burrows 1987,Computation into Criticism: A Study of Jane Austen's Novels and an Experiment in Method,,anystyle,W2316815835,offline_title_fuzzy,0.86046511627907
1043_a3,1043,NA,Computation into Criticism Burrows 1987,Computation into Criticism: A Study of Jane Austen's Novels and an Experiment in Method,,anystyle,W2316815835,offline_title_fuzzy,0.86046511627907
1072_a18,1072,NA,Finding and Using Implicit Moran 1995,Finding and using implicit structure in human-organized spatial layouts of information,,anystyle,W1967011969,offline_title_fuzzy,0.86046511627907
1404_a3,1404,NA,Computation into Criticism Burrows 1987,Computation into Criticism: A Study of Jane Austen's Novels and an Experiment in Method,,anystyle,W2316815835,offline_title_fuzzy,0.86046511627907
8416_a3,8416,NA,Computation into Criticism Burrows 1987,Computation into Criticism: A Study of Jane Austen's Novels and an Experiment in Method,,anystyle,W2316815835,offline_title_fuzzy,0.86046511627907
1866_a7,1866,NA,"Towards a Cultural Critique of Digital Humanities”, Historical Social Research – Historische Sozialforschung Fiormonte 2012",Towards a Cultural Critique of the Digital Humanities,,anystyle,W2579299294,offline_title_fuzzy,0.860413642960813
10486_r5,10486,NA,Institut für Deutsche Sprache (IDS): Zentrum für germanistische Forschungsprimärdatenhttp://www1.ids-mannheim.de/fi/projekte/lis.html [letzter Zugriff 11. Februar 2016].,Institut fur Deutsche Sprache. Ein zulassiger Name - eine zuverlassige Einrichtung,,xml_bibl,W7001317045,offline_title_fuzzy,0.860409576798651
2627_r1,2627,NA,American Council of Learned Societies. (2006). Our Cultural Commonwealth: The report of the ACLS Commission on Cyberinfrastructure for the Humanities and Social Sciences. New York: American Council of Learned Societies. http://www.acls.org/uploadedFiles/Publications/Programs/Our_Cultural_Commonwealth.pdf (accessed 4 March 2016).,"American Council of Learned Societies [microform] : hearing before the Subcommittee on Administrative Law and Governmental Relations of the Committee on the Judiciary, House of Representatives, Ninety-seventh Congress, first session, on H.R. 3232 ... June 11, 1981.",,xml_bibl,W7045129808,offline_title_fuzzy,0.86039641044235
10484_r6,10484,NA,W3C = World Wide Web Consortium (2004): OWL Web Ontology Language http://www.w3.org/TR/owl-features/ [letzter Zugriff 16. Februar 2016].,W3C World Wide Web Consortium: Leading the Web to its full potential,,xml_bibl,W7044231283,offline_title_fuzzy,0.860312475940123
10573_r3,10573,NA,Cambridge University Press / Lancaster University (2015): Spoken British National Corpus http://languageresearch.cambridge.org/index.php/spoken-british-national-corpus [letzter Zugriff 09. Februar 2016].,Cambridge University Press Quickly Replies with Subscription Information,,xml_bibl,W6887791997,offline_title_fuzzy,0.860090934924695
319_a52,319,NA,Guidelines for Scholarly Editions.” Panel on “New Directions for Digital Textuality 2001,Guidelines for scholarly journals on establishing and revising instructions for authors and editorial policies,,anystyle,W4404607449,offline_title_fuzzy,0.860085995085995
10562_r2,10562,NA,"Avellaneda, Alonso Fernández de (2014): Segundo tomo del ingenioso hidalgo don Quijote de la Mancha. Edición de Gómez Canseco, Luis. Madrid: Real Acad. Española, Centro para la Ed. de los Clásicos Españoles.","Avellaneda, Alonso Fernández de: Segundo tomo del Ingenioso Hidalgo don Quixote de la Mancha que contiene su tercera salida y es quinta parte de sus aventuras",,xml_bibl,W3105778105,offline_title_fuzzy,0.86006993006993
776_a8,776,NA,"Language Documentation: Tools and Standards – The State of the Art, East Lansing 2006-06",Language documentation: the making of a grammar and beyond,,anystyle,W6885009921,offline_title_fuzzy,0.860060866451844
2451_r7,2451,NA,Koninklijke Bibliotheek Nederland (2015). Delpher - Boeken Kranten Tijdschriften http://www.delpher.nl/ (accessed 1 November 2015).,Koninklijke Bibliotheek National Library of The Netherlands,,xml_bibl,W2032243021,offline_title_fuzzy,0.860047071572495
500_a4,500,NA,Using Formal Structures to Create Bradley; Short,Using formal structures to create complex relationships: the prosopography of the Byzantine Empire - a case study,,anystyle,W7135956550,offline_title_fuzzy,0.86
934_a7,934,NA,España y la pérdida del Ulster Morales 2003,España y la pérdida del Ulster : Irlanda en la estrategia política de la monarquía hispánica (1602-1649),,anystyle,W7009490857,offline_title_fuzzy,0.86
10907_r5,10907,NA,"Andreas Helmke:Unterrichtsqualität und Lehrerprofessionalität: Diagnose, Evaluation und Verbesserung des Unterrichts, Seelze-Velber 2015.",Andreas Helmke: Unterrichtsqualität. Erfassen. Bewerten. Verbessern. Seelze: Kallmeyer 2003 (316 S.) [Rezension],,xml_bibl,W3119650675,offline_title_fuzzy,0.859897267922281
1581_a4,1581,NA,Using TACT with Electronic Texts 1996,Using Tact With Electronic Texts: A Guide to Text-Analysis Computing Tools : Version 2.1 for MS-DOS and PC DOS,,anystyle,W1508110294,offline_title_fuzzy,0.85981308411215
725_a11,725,NA,Biographical and Prosopographical Data,Biographical and Prosopographical Analyses of Finnish Academic People 1640–1899 Based on Linked Open Data,,anystyle,W4390905425,offline_title_fuzzy,0.859807627176048
10648_r5,10648,NA,"Marx, Karl / Engels, Friedrich (2004): „Marx, Engels, ausgewählte Werke“, in: Digitale Bibliothek 11.","Marx, Karl / Engels, Friedrich",,xml_bibl,W3098669463,offline_title_fuzzy,0.859770114942529
541_a2,541,NA,The Linguistic Evolution of Five Biber; Finegan,The Linguistic Evolution of Chinese Vernacular and the Expansion of the Study on Chinese Rhetoric,,anystyle,W2375433281,offline_title_fuzzy,0.859729381443299
1813_a6,1813,NA,Frequency analysis and applications of “co-occurrence” phrases: The origin of the 'Hua-Ren' concept as an example Jin; Chiu; Liu 2012,Frequency Analysis and Allele Map in Favor of the Celtic Origin of the C282Y Mutation of Hemochromatosis,,anystyle,W2085766609,offline_title_fuzzy,0.859692475280711
10782_r1,10782,NA,"American Historical Association (AHA, ed., 2015): “Guidelines for the Evaluation of Digital Scholarship in History”. [letzter Zugriff 14. Januar 2018]",American Historical Association's Guide to Historical Literature. 2 vols. 3rd ed,,xml_bibl,W4254617580,offline_title_fuzzy,0.859679450983799
10649_r5,10649,NA,Arbeitskreis Digitale Kunstgeschichte: Liste digitaler Modelle historischer Architektur [Online]. http://www.digitale-kunstgeschichte.de/wiki/Liste_digitaler_Modelle_historischer_Architektur [letzter Zugriff 25. August 2016].,Arbeitskreis Digitale Kunstgeschichte,,xml_bibl,W6974215178,offline_title_fuzzy,0.859677419354839
1910_a1,1910,NA,Issues in humanities data curation. Discussion paper circulated at the Palo Alto Summit on Humanities Data Curation Muñoz; Renear 2011 2011-06-23,Issues in Humanities Data Curation,,anystyle,W639465987,offline_title_fuzzy,0.859649122807018
6477_r35,6477,NA,Secretaría de Educación Pública. (2017). Modelo Educativo Para la Educación Obligatoria. Disponible en: https://www.gob.mx/cms/uploads/attachment/file/198738/Modelo_Educativo_para_la_Educacio_n_Obligatoria.pdf [Recuperado 26/04/18].,Secretaría de Educación Pública : la importancia de implementar estrategias de comunicación interna efectiva,,xml_bibl,W7033839955,offline_title_fuzzy,0.859646904458225
1742_a16,1742,NA,Aligning the Agendas of Humanities and Computer Science Research: A Risk/Reward Analysis Liu; Smith 2007,Aligning the Agendas of the Academy and the Community,,anystyle,W2589115453,offline_title_fuzzy,0.859621774018651
677_a1,677,NA,Documents and Data: Modelling Bradley 2005,Documents and data: modelling materials for humanities research in XML and relational databases,,anystyle,W2603989712,offline_title_fuzzy,0.859574468085106
1819_a10,1819,NA,Linguistic Categorisation Taylor 2003,Linguistic Categorisation as the Basis and the Problem of Speaking About Differences,,anystyle,W7110663019,offline_title_fuzzy,0.85952380952381
1871_a10,1871,NA,Linguistic Categorisation Taylor 2003,Linguistic Categorisation as the Basis and the Problem of Speaking About Differences,,anystyle,W7110663019,offline_title_fuzzy,0.85952380952381
972_a18,972,NA,Pathfinder Networks and author White 2003,Pathfinder networks and author cocitation analysis: A remapping of paradigmatic information scientists,,anystyle,W2106336702,offline_title_fuzzy,0.859405940594059
904_a2,904,NA,The Linguistic Evolution of Biber; Finegan 1992,The Linguistic evolution of Italian Military Slang during the Great War. Caproni and Fifhaus,,anystyle,W6983169243,offline_title_fuzzy,0.859340659340659
10604_r1,10604,NA,"Abendroth-Timmer, Dagmar / Bechtel, Mark / Chanier Thierry / Ciekanski, Maud (2014): Corpus d’apprentissage INFRAL (Interculturel Franco-Allemand en Ligne). Banque de corpus CoMeRe. Nancy: Ortolang.fr https://hdl.handle.net/11403/comere/cmr-infral [letzter Zugriff 1. Juli 2016].","Abendroth-Timmer, Dagmar; Viebrock, Britta (Koord.): Mehrsprachige Forschung – Mehrsprachigkeit in der Forschung. Tübingen: Narr Francke Attempto, 2022 (FLuL. Fremdsprachen Lehren und Lernen, 51,2). – ISBN 978-3-8233-1201-7. 140 Seiten, € 30,40.",,xml_bibl,W4394825216,offline_title_fuzzy,0.85928915460329
1140_a4,1140,NA,"'Revolutionary reading, evolutionary toolmaking 2009","Revolutionary Reading, Evolutionary Toolmaking: (Re)development of Scholarly Reading and Annotation Tools in Response to an Ever Changing Scholarly Climate",,anystyle,W1879687457,offline_title_fuzzy,0.859210526315789
914_a17,914,NA,The cathedral & the bazaar: musings on Linux and open source by an accidental revolutionary Raymond,The Cathedral & The Bazaar revisited. Librarian Union Catalogues and Federated WWW Information Services,,anystyle,W2521978174,offline_title_fuzzy,0.859121212121212
3859_a5,3859,NA,Outils de visualisation de données enregistrées Temps de l'écriture: enregistrements et représentations Caporossi; Leblay 2014,Outils de visualisation de données de cartes à puce pour une société de transport collectif,,anystyle,W2603348183,offline_title_fuzzy,0.8590867532044
801_a21,801,NA,Cultural Heritage) project in which we employ diverse language technologies to enrich textual metadata of a large object collection in the natural history domain,Cultural heritage projects in postcolonial and national contexts: Shaping collective memory in the digital age,,anystyle,W2914453026,offline_title_fuzzy,0.85907088454215
9918_r28,9918,NA,"VIAF. Virtual International Authority File, http://viaf.org/ (accessed 2018-10-31).",VIAF (Virtual International Authority File) Transitions from OCLC Research Prototype to OCLC Service,,xml_bibl,W7044204722,offline_title_fuzzy,0.859026687598116
4006_a2,4006,NA,Michel de Marolles's 1650 Translation” Cottegnies 2016,Michel de Marolles’s 1650 French Translation of Lucretius and its Reception in England,,anystyle,W2502847986,offline_title_fuzzy,0.85901948460088
10897_r4,10897,NA,"Rat für Informationsinfrastrukturen (2016): „Leistung aus Vielfalt. Empfehlungen zu Strukturen, Prozessen und Finanzierung des Forschungsdatenmanagements in Deutschland“. Göttingen, 160 S. http://www.rfii.de/?p=1998.",Rat für Informationsinfrastrukturen: Impuls zur Ausgestaltung einer Nationalen Forschungsdateninfrastruktur,,xml_bibl,W6899125649,offline_title_fuzzy,0.8589478784942
3844_a3,3844,NA,The Meaning of Being There is Related to a Specific Activation in the Brain Located in the Parahypocampus Bouchard 2015 2015-07-11,The meaning of Being the Master of Your Own Fate(造命) in 『The Essential Precepts of Master Redpine(赤松子中誡經)』,,anystyle,W2553330168,offline_title_fuzzy,0.858793995859213
1491_a6,1491,NA,Ptolemaiou Procheiroi Kanones. Ptolemy’s Handy Tables Mercier 2011,"Ptolemaiou Procheiroi Kanones, Les Tables Faciles de Ptolémée volume I a-b, Tables A1-A2",,anystyle,W2599080100,offline_title_fuzzy,0.858743291592129
885_a29,885,NA,Serious Games: Improving Public Policy through Sawyer 2002,Serious Games: improving the Learning Effect with Hybrid Games,,anystyle,W2763527033,offline_title_fuzzy,0.858728892827254
9938_r4,9938,NA,"Farmer, Alan B., and Zachary Lesser. 2005a. ‘Structures of Popularity in the Early Modern Book Trade’. Shakespeare Quarterly 56 (2): 206–13.","Farmer, Alan B., and Zachary Lesser, creators. Database of Early English Playbooks",,xml_bibl,W4391312510,offline_title_fuzzy,0.858659361471861
2481_r22,2481,NA,"Gamma, E., Helm, R., Johnson, R. and Vlissides, J. (1995). Design Patterns: Elements of Reusable Object-Oriented Software. Boston, MA, USA: Addison-Wesley Longman Publishing Co., Inc.","Gamma, E., Helm, R., Johnson, R. & Vlissides, J. Design Patterns: Elements of Reusable Object Oriented Software. New York: Addison-Wesley, 1995.",,xml_bibl,W2181449792,offline_title_fuzzy,0.858624428067019
3949_a3,3949,NA,Hot Topics and Schisms in NLP Buitelaar; Bordea; Coughlan 2014,Hot Topics and Schisms in NLP: Community and Trend Analysis with Saffron on ACL and LREC Proceedings,,anystyle,W2177496758,offline_title_fuzzy,0.858585858585859
883_a4,883,NA,Teaching for quality and learning at university Biggs 1999,Teaching for quality and equity: (Re)focusing the lens to make diversity and difference visible,,anystyle,W675452,offline_title_fuzzy,0.858522077327843
10080_r3,10080,NA,Berlin-Brandenburg Academy of Sciences (2018). ediarum - an Oxygen XML Author framework for digital scholarly editions.http://www.bbaw.de/telota/software/ediarum (accessed 19 November 2018).,Berlin-Brandenburg Academy of Sciences,,xml_bibl,W7100519928,offline_title_fuzzy,0.858461538461538
10006_r24,10006,NA,"VIAF - Virtual International Authority File,https://viaf.org/ (accessed November 12, 2018).",VIAF (Virtual International Authority File) Transitions from OCLC Research Prototype to OCLC Service,,xml_bibl,W7044204722,offline_title_fuzzy,0.858454609429979
893_a9,893,NA,El lenguaje artístico de Diego Velázquez y el problema de la `Memoria de las pinturas del Escorial ́” Marías 2004,"El lenguaje artístico de la Orden del Toisón de Oro, leyenda, signos y símbolos",,anystyle,W29408649,offline_title_fuzzy,0.858438960639299
11840_r20,11840,NA,"[Doctoral Dissertation, Northeastern University]. Retrieved December 9, 2021 from http://criticalfantoolkit.org.",Doctoral dissertation notices 2018–19,,xml_bibl,W4230676096,offline_title_fuzzy,0.858437309489941
8487_a14,8487,NA,Projet d’informatisation du Dictionnaire de l’Académie Wooldridge 1994 1694,Projet d'informatisation du circuit du médicament (démarche appliquée au Centre Hospitalier de Sambre Avesnois),,anystyle,W7042754079,offline_title_fuzzy,0.858341828066599
2062_a3,2062,NA,"Single Page Applications original conception, code.google.com/p/trimpath/wiki/SinglePageApplications",Single Page Applications Webapplikationen auf Steroiden,,anystyle,W7005937807,offline_title_fuzzy,0.858300109529025
2785_r5,2785,NA,Django REST framework. [Online] Available from: http://www.django-rest-framework.org/ [Accessed 4 March 2016].,"Django Rest Framework, one year after: tips, tools, tricks and pitfalls.",,xml_bibl,W6969391483,offline_title_fuzzy,0.85812088625197
964_a1,964,NA,"A True and impartial relation of the informations against three witches, viz","A True and impartial relation of the death of M. John Gerhard who was beheaded on Tower-hill, July 10, MDCLIV",,anystyle,W6987845816,offline_title_fuzzy,0.85810405946255
1043_a8,1043,NA,An Unregulated Woman: A Computational Connors 2006,"An Unregulated Woman: A Computational Stylistics Analysis of Elizabeth Cary's The Tragedy of Mariam, The Faire Queene of Jewry",,anystyle,W2131971671,offline_title_fuzzy,0.858064516129032
1169_a8,1169,NA,"Le chevalier de la Charette (Lancelot) : le ""Projet Charette"" et le renouvellement de la critique philologique des textes, Œuvres et critique Troyes",[단행본] LE CHEVALIER DE LA CHARETTE.(LANCELOT). LES ROMANS TOME III,,anystyle,W7035372641,offline_title_fuzzy,0.858042328042328
1400_a16,1400,NA,Theory into Practice: A Case Study of the Humanities Computing Master of Arts Programme at the University of Alberta Sinclair; Gouglas 2002,Theory into Practice. A Contemporary Artist Approaches a Repertoire from the XII Century,,anystyle,W2788611900,offline_title_fuzzy,0.85803848075962
1653_a21,1653,NA,Theory into Practice: A Case Study of the Humanities Computing Master of Arts Programme at the University of Alberta Sinclair; Gouglas 2002,Theory into Practice. A Contemporary Artist Approaches a Repertoire from the XII Century,,anystyle,W2788611900,offline_title_fuzzy,0.85803848075962
3908_a15,3908,10.1177/1474022202001002004.,Theory into Practice A Case Study of the Humanities Computing Master of Arts Programme at the University of Alberta Sinclair; Gouglas 2002,Theory into Practice. A Contemporary Artist Approaches a Repertoire from the XII Century,,anystyle,W2788611900,offline_title_fuzzy,0.85803848075962
3872_a29,3872,NA,"University of Virginia College and Graduate School of Arts and Sciences (n.d.) “Learning Design Technology, Arts and Sciences”","University of Virginia case conference. Macroamylase, macro creatine kinase, and other macroenzymes.",,anystyle,W1896783766,offline_title_fuzzy,0.857857142857143
10531_r11,10531,NA,Statistisches Bundesamt (2013): Bildung und Kultur. Studierende an Hochschulen - Fächersystematik.https://www.destatis.de/DE/Methoden/Klassifikationen/BildungKultur/StudentenPruefungsstatistik.pdf [letzter Zugriff 16. Oktober 2014].,Statistisches Bundesamt Von der Input- zur Outputsteuerung Statistik in der Informationsgesellschaft Projektbericht,,xml_bibl,W6959846102,offline_title_fuzzy,0.857851946940522
8510_a16,8510,NA,On Sentence-Length as a Statistical Yule,On Sentence-Length as a Statistical Characteristic of Style in Prose: With Application to Two Cases of Disputed Authorship,,anystyle,W2074459654,offline_title_fuzzy,0.857851239669422
6336_r7,6336,NA,"New York Exhibition of the Industry of All Nations, New York, N.Y. (1853). Official Catalogue of the New-York Exhibition of the Industry of All Nations. 1853. New York: G.P. Putnam & Co.",New York Exhibition of the Industry of All Nations.,,xml_bibl,W6979123022,offline_title_fuzzy,0.857803468208093
540_a1,540,NA,The Janus-Face of Early Modern Literary Grenfell,The Janus-Face of Early Modern Literary Studies: Negotiating the Boundaries of Interactivity in an Electronic Journal for the Humanities,,anystyle,W6907830856,offline_title_fuzzy,0.857777777777778
1259_a2,1259,NA,"The Digital Dictionary of Buddhism [DDB]: Present Status and Future Developments., ” Scholars of Buddhism in Japan: Buddhist Studies in the 21st Century Muller 2009",The Digital Dictionary of Buddhism: A Collaborative XML-Based Reference Work that has become a Field Standard: Technology and Sustainable Management Strategies.,,anystyle,W2893363688,offline_title_fuzzy,0.857732873026735
2176_r15,2176,NA,"Research Information Network. (2011). Reinventing Research? Information Practices in the Humanities. Research Information Network Report, April, http://www.rin.ac.uk/system/files/attachments/Humanities_Case_Studies_for_screen_2_0.pdf.","RESEARCH INFORMATION NETWORK ACTIVITIES, COSTS AND FUNDING FLOWS IN THE SCHOLARLY COMMUNICATIONS SYSTEM IN THE UK",,xml_bibl,W7100378148,offline_title_fuzzy,0.857727484933367
642_a2,642,NA,Identification Framework and Applications,Identification framework for smart environments in the era of cloud-IoT,,anystyle,W2793115563,offline_title_fuzzy,0.857686129963698
2017_a1,2017,NA,European Commission: The Comité des Sages. The New Renaissance: Report of the comité des sages on bringing Europe’s cultural heritage online 2011-01-10,"European Commission, the European Economic and Social Committee and the Committee of the Regions – Application of the Theory of Multilevel Governance",,anystyle,W2289050022,offline_title_fuzzy,0.857635422898388
10979_r14,10979,NA,"National Semiconductor Corporation (1989): Mass Storage Handbook, Section 5: Floppy Disk Controller. Santa Clara: National Semiconductor. (archiviert unter: Internet Archive)",NATIONAL SEMICONDUCTOR CORP - 10-K - MANAGEMENT S DISCUSSION AND ANALYSIS OF FINANCIAL CONDITION AND RESULTS OF OPERATIONS,,xml_bibl,W7058518225,offline_title_fuzzy,0.857610964215155
10823_r2,10823,NA,Patrick Sahle: Digitale Editionsformen. 3 Bände. Norderstedt 2013.,Patrick Sahle: Digitale Editionsformen : zum Umgang mit der Ãœberlieferung unter den Bedingungen des Medienwandels,,xml_bibl,W2798241770,offline_title_fuzzy,0.857586506589053
3981_a16,3981,NA,"The Dividends of Difference: Recognizing Digital Humanities' Diverse Family Tree/s"" Found History Scheinfeld 2014",THE DIVIDENDS OF DIFFERENCE,,anystyle,W4238704263,offline_title_fuzzy,0.857446808510638
6284_r26,6284,NA,"Sor Juana Ines de la Cruz. (1700). Fama y obras posthumas del fenix de Mexico, Decima musa, poetisa americana Sor Juana Ines de la Cruz, Reliogiosa profesa, [ed.] Don Juan Ignacio de Castorena y Visua. Madrid: Manuel Ruiz de Murga. Digitized version by the University of Bielefeld on Web at http://ds.ub.uni-bielefeld.de/viewer/image/1592397/1/; page 163 is at http://ds.ub.uni-bielefeld.de/viewer/image/1592397/153/as.","Sor Juana Inés de la Cruz e o Padre António Vieira ou a disputa sobre as finezas de Jesus Cristo : textos pertinentes de Pe. António Vieira, Sor Juana Inés de La Cruz, Alfonso Junco, Robert Ricard, Manuel Bandeira, Octavio Paz e Ana Hatherly",,xml_bibl,W596817330,offline_title_fuzzy,0.85742670925211
1065_a5,1065,NA,Some Elements of a Sociology of Callon 1986,Some Elements of a Sociology of Translation: Domestication of the Scallops and the Fishermen of St Brieuc Bay,,anystyle,W2167757977,offline_title_fuzzy,0.857407407407407
7749_a2,7749,NA,"Federation of American Scientists in a post to the Red Rock eater list, reposted to Humanist by Matthew Kirschenbaum Pike",Federation of American Scientists,,anystyle,W4254721871,offline_title_fuzzy,0.857391304347826
6564_r2,6564,NA,"Centro Nacional de Memoria Histórica. “Política Pública de Archivos de Graves Violaciones a Los Derechos Humanos, Infracciones a Los Derechos Humanos, Infracciones Al DIH, Memoria Histórica Y Conflicto,” February 2015. http://www.centrodememoriahistorica.gov.co/descargas/mesasRegionalesArchivos/Politica-publica-archivos-integrada-20-2-1.pdf.","Centro Nacional de Memoria Histórica. (2015). Aniquilar la diferencia. Lesbianas, gays, bisexuales y transgeneristas en el marco del conflicto armado colombiano",,xml_bibl,W2944836258,offline_title_fuzzy,0.857384315031374
1949_a2,1949,NA,L'Archéologie du savoir English translation: The Archaeology of Knowledge Foucault 1989 1969,L'archéologie du savoir (review),,anystyle,W2329635290,offline_title_fuzzy,0.857301587301587
1647_a21,1647,NA,Semi-automated Retrieval of Dance Media Objects in Cybernetics and Systems: An Int’l Ramadoss; Rajkumar 2007,Semi-automated retrieval of chemical and phylogenetic information from natural products literature,,anystyle,W4382700076,offline_title_fuzzy,0.857246127366609
1705_a7,1705,NA,The Old Assyrian Period. Orbis Biblicus Et Orientalis 160/5 Veenhof; Eidem 2008,The Old Assyrian Period (20th–18th Century<scp>bce</scp>),,anystyle,W2605203907,offline_title_fuzzy,0.857071901233001
10449_r1,10449,NA,Universitätsbibliothek Salzburg (o. J.): Ferdinand Ebner Online Edition http://www.uni-salzburg.at/index.php?id=202485 [letzter Zugriff 15. Februar 2016].,Universitätsbibliothek Salzburg restituierte Bücher und handschriftliche Manuskripte aus dem Konradinum in Eugendorf,,xml_bibl,W4327628449,offline_title_fuzzy,0.857069516630915
1435_a28,1435,NA,corpus of contemporary language which aims to include a CMC subcorpus is the Dutch SoNaR project (Reynaert et al 2010,Corpus of Contemporary Lithuanian Language --the Standardised Way,,anystyle,W2405266886,offline_title_fuzzy,0.856924205311302
10780_r3,10780,NA,"Bundesanstalt für Arbeit (1988): Klassifizierung der Berufe. Systematisches und alphabetisches Verzeichnis der Berufsbenennungen. Nürnberg. Online verfügbar unter http://statistik.arbeitsagentur.de/Statischer-Content/Grundlagen/Klassifikation-der-Berufe/KldB1975-1992/Generische-Publikationen/KldB1988-Systematischer-Teil.pdf, zuletzt geprüft am 07.06.2016.","Bundesanstalt für Arbeitsschutz und Arbeitsmedizin: Ressortforschung als Seismograph, Support und Schnittstelle. Erkenntnisse während und Schlussfolgerungen aus der COVID-19-Pandemie",,xml_bibl,W4415266334,offline_title_fuzzy,0.856888087943774
1550_a9,1550,NA,Biografische Lexika im Internet Schattkowsky; Metasch 2008,"Biografische Lexika im Internet internationale Tagung der ""Sächsischen Biografie"" in Dresden (30. und 31. Mai 2008)",,anystyle,W6980258521,offline_title_fuzzy,0.856880733944954
6325_r2,6325,NA,"Department of Linguistics (2010). General Ontology for Linguistic Description (GOLD), (accessed 24 April 2018).","Department of Linguistics, University of Alberta, Edmonton: The acquisition of derivational morphology",,xml_bibl,W2152543916,offline_title_fuzzy,0.856805474095797
1924_a21,1924,NA,Crowdsourcing Manuscript Material Adventures in Digital Humanities Blog Terras 2010 2010-03-02 melissaterras.blogspot.com/2010/03/crowdsourcing-manuscript-material.html,Crowdsourcing manuscript transcription: the Transcribe Bentham project,,anystyle,W192333968,offline_title_fuzzy,0.856782563334921
7958_a9,7958,NA,"'Dynamic Predicate Logic. Towards a compositional, non-representational semantics of discourse. ́ Groenendijk; Stokhof 1989",Dynamic Predicate Logic of Dependent Questions and Answers.,,anystyle,W2501637028,offline_title_fuzzy,0.856740067084895
1588_a8,1588,NA,Historical Simulations as Problem Spaces: Criticism and Classroom Use McCall 2012,Historical simulations and climate change projections over India by NCAR CCSM4: CMIP5 vs. NEX-GDDP,,anystyle,W2792766381,offline_title_fuzzy,0.856680898165718
10138_r3,10138,NA,British Library. Digital scholarship blog. British Library https://blogs.bl.uk/digital-scholarship/ (accessed 3 April 2019f).,British Library Digital Collection Management Policy Framework. Part 3: Digital Preservation,0,xml_bibl,W7093352863,offline_title_fuzzy,0.856672140120416
662_a9,662,NA,Exploring Erotics in Emily Kirschenbaum; Smith; Clement; Lord 2006,Exploring erotics in Emily Dickinson's correspondence with text mining and visual interfaces,1,anystyle,W2119307930,offline_title_fuzzy,0.856521739130435
8432_a17,8432,NA,The Narrow Bridge of Art 1966,The narrow bridge of art : a psychoanalytic study of Virginia Woolf's first four novels,1,anystyle,W582318244,offline_title_fuzzy,0.856470588235294
10139_r1,10139,NA,Apache Software Foundation (2018). Apache Solr. lucene.apache.org/solr/ (accessed on 26 November 2018).,Apache Software Foundation (ASF) and The Apache Way,0,xml_bibl,W6902400535,offline_title_fuzzy,0.856342229199372
3960_a1,3960,NA,From Index Cards to a Digital Beretta 2016,From Index Cards to a Digital Information System: Teaching Data Modeling to Master's Students in History,1,anystyle,W2570630176,offline_title_fuzzy,0.85631067961165
3961_a1,3961,NA,From Index Cards to a Digital Beretta 2016,From Index Cards to a Digital Information System: Teaching Data Modeling to Master's Students in History,1,anystyle,W2570630176,offline_title_fuzzy,0.85631067961165
1835_a34,1835,NA,"Young People and their Information Behaviour, work package",Young people and their information needs in the context of the information society,0,anystyle,W1592009253,offline_title_fuzzy,0.856207326375323
2751_r3,2751,NA,The British Institute of Human Rights Council. (2012). Mapping Study on Projects against Hate Speech Online. Young People Combating Hate Speech Online. http://www.coe.int/t/dg4/youth/Source/Training/Training_courses/2012_Mapping_projects_against_Hate_Speech.pdf (accessed 29 August 2014).,"The British Institute of Musculoskeletal Medicine Our Sporting Life – Osteopathy and Sports Injuries in Practice Winter Symposium, 1 December 2012, Ipswich",0,xml_bibl,W2188967413,offline_title_fuzzy,0.85609892384106
1969_a3,1969,NA,Fundamental Categories and Relationships for intuitive querying CIDOC CRM based Tzompanaki; Doerr 2012,Fundamental categories as determiners of psychological systems: an excursion into ancient Chinese psychologies.,0,anystyle,W2063711339,offline_title_fuzzy,0.856055239422444
8003_a12,8003,NA,Terminological Information and Activities in World Wide Web. TKE 96: Terminology and Knowledge Engineering Nuopponen 1996,Terminological Information System of the World Health Organization (WHO) in Geneva (WHOTERM),0,anystyle,W4234919237,offline_title_fuzzy,0.856018648018648
2567_r4,2567,NA,The Digital Humanities Manifesto 2.0 http://www.humanitiesblast.com/manifesto/Manifesto_V2.pdf,The Digital Humanities multicultural revolution did not happen yet,0,xml_bibl,W6918107257,offline_title_fuzzy,0.855997474747475
1526_a6,1526,NA,A Low-budget Tagger for Old Czech.Proceedings of the 5th ACL-HLT Workshop on Language Technology for Cultural Heritage Hana; Feldman; Aharodnik 2011 2011,A low-budget tagger for Old Czech,1,anystyle,W1696761214,offline_title_fuzzy,0.85593220338983
10755_r1,10755,NA,"AKON - Ansichtskarten Online der Österreichischen Nationalbibliothek, , [letzter Zugriff 2017-08-29].",AKON – Ansichtskarten Online,1,xml_bibl,W2735860093,offline_title_fuzzy,0.855913978494624
1881_a4,1881,NA,Die Regesta Imperii Online. In Deutsche Kommission für die Bearbeitung der Regesta Imperii e.V Kuczera 2005,Die Regesta Imperii Online,1,anystyle,W7055955914,offline_title_fuzzy,0.855913978494624
492_a8,492,NA,Development of Humanities Computing,Development of humanities capability test tool: Reliability testing and exploratory factors,0,anystyle,W3000733992,offline_title_fuzzy,0.855844155844156
885_a1,885,NA,Our Cultural Commonwealth: The Report of the,Our Cultural Commonwealth: The report of the American Council of Learned Societies Commission on Cyberinfrastructure for the Humanities and Social Sciences,1,anystyle,W2196673986,offline_title_fuzzy,0.855844155844156
433_a15,433,NA,"Architecture vocabulaire - Principe dÂ’analyse scientifique, Imprimerie Nationale 1972-88",Architecture vocabulaire,1,anystyle,W7114596433,offline_title_fuzzy,0.855813953488372
1686_a14,1686,NA,Making the Archives Talk West 2011,'Making the Archives Talk': towards an electronic edition of Joseph Furphy's Such is Life,1,anystyle,W207974456,offline_title_fuzzy,0.855813953488372
2034_a13,2034,NA,Elektronisches Laborbuch: Beweiswerterhaltung und Langzeitarchivierung in der Forschung Potthoff 2011,Elektronisches Laborbuch,1,anystyle,W7112394554,offline_title_fuzzy,0.855813953488372
6450_r8,6450,NA,"Truth and Reconciliation Commision of Canada (2015). Honouring the Truth, Reconciling for the Future: Summary of the Final Report of the Truth and Reconciliation Commission of Canada http://www.trc.ca/websites/trcinstitution/File/2015/Findings /Exec_Summary_2015_05_31_web_o.pdfhttp://www.trc.ca/websites/trcinstitution/File/2015/Findings/Exec_Summary_2015_05_31_web_o.pdf (accessed 1 June 2017).","Truth and Reconciliation in South Africa: Did the TRC Deliver? ed. Audrey R. Chapman and Hugo van der Merwe; Narrating Political Reconciliation: South Africa's Truth and Reconciliation Commission, Claire Moon",0,xml_bibl,W2110570773,offline_title_fuzzy,0.855699184469013
10666_r7,10666,NA,"Zihlmann-Märki, Patricia (2017): „Kommentierung in gedruckten und digitalen Briefausgaben“, in: Lukas, Wolfgang / Richter, Elke (Hg.): Kommentieren und Erläutern im digitalen Kontext (= Beihefte zu editio) [erscheint 2017].","Zihlmann-Märki, Patricia, « Gott gebe das wir das Liebe Engelein mit Freüden wieder sehen Mögen ». Eine kulturgeschichtliche Untersuchung des Todes in Basel 1750-1850",0,xml_bibl,W4255557504,offline_title_fuzzy,0.855675196002412
1063_a11,1063,NA,Using the papers of contemporary Thomas; Martin 2006,Using the papers of contemporary British politicians as a testbed for the preservation of digital personal archives,1,anystyle,W2042144680,offline_title_fuzzy,0.855652173913044
1760_a10,1760,NA,A platform for visualizing and sharing collective cultural information.International Conference Digital Archives and Digital Humanities held in Taipei Saito; Ohno; Inaba,A Platform for Visualizing and Experimenting with Measures of Semantic Similarity in Ontologies and Concept Maps,0,anystyle,W2164919496,offline_title_fuzzy,0.85561786892975
596_a22,596,NA,Historical Visualizations” Staley 2000,Historical Visualization: The Role of Chinese Historical Films in Shaping National Identity,1,anystyle,W7125693542,offline_title_fuzzy,0.855555555555556
10613_r19,10613,NA,"Philosophische Fakultät (2016): Homepage, Unterseite ""Fächergruppen"", http://phil-fak.uni-koeln.de/9785.html [letzter Zugriff 12. August 2016].","Philosophische Fakultät, Thomas-Institut",0,xml_bibl,W7005212707,offline_title_fuzzy,0.855539593400374
1835_a48,1835,NA,Undergraduate programs can be capacity building by attracting resources to digital humanities,"Undergraduate Programs, Courses and University Regulations Programs, Courses and University Regulations",0,anystyle,W7096812772,offline_title_fuzzy,0.855530714361759
11089_r12,11089,NA,"Stollberg-Rilinger, Barbara (2000): Europa im Jahrhundert der Aufklärung, Stuttgart: Reclam.","STOLLBERG-RILINGER, Barbara, Vormoderne politische Verfahren",0,xml_bibl,W2257440681,offline_title_fuzzy,0.855509439850211
1059_a12,1059,NA,Can great research be taught?: independent research with cross-disciplinary thinking and broader impact Femster; Gray,Can great research be taught?,1,anystyle,W1988021298,offline_title_fuzzy,0.855445544554456
1446_a4,1446,NA,"Uncovering Plagiarism, Authorship, and Social Software Misuse. Authorship Identification Training Corpus 2011",Uncovering Plagiarism - Author Profiling at PAN,0,anystyle,W2296635354,offline_title_fuzzy,0.855411541154115
542_a20,542,NA,What is humanities computing? Toward a definition of the field Humanities computing as interdiscipline McCarty; McCarty,What is Humanities Computing and What is Not,0,anystyle,W2289722317,offline_title_fuzzy,0.855310531053105
1208_a3,1208,NA,République des Lettres: Etudes de réseaux de correspondances du XVIe au XVIIIe siècles,République des Lettres et République des deux Nations,0,anystyle,W2937539939,offline_title_fuzzy,0.855301818840744
525_a59,525,NA,"Unediting, De-Editing, and Editing in Rudman","Unediting, De-Editing, and Editing in Nontraditional Authorship Attribution Studies: With an Emphasis on the Canon of Daniel Defoe",1,anystyle,W2324655084,offline_title_fuzzy,0.85511811023622
1473_a6,1473,NA,"Thirtieth International Congress of the History of Art, Art History for the Millenium: Time., Section 23, Digital Art History Time London 2000 2000-09-03",Thirtieth International Congress of Americanists: Proceedings,0,anystyle,W4238949544,offline_title_fuzzy,0.855098850574713
2546_r21,2546,NA,"González-Blanco García, E. (2013). Actualidad de las Humanidades Digitales y un ejemplo de ensamblaje poético en la red, Cuadernos Hispanoamericanos 761, noviembre 2013.","González-Blanco García, Elena. La cuaderna vía española en su marco panromántico. Madrid: Fundación Universitaria Española, 2010",0,xml_bibl,W1022644369,offline_title_fuzzy,0.855050935929431
1216_a5,1216,NA,'Stephen Crane and the New York 2001,Stephen Crane and the New-York Tribune: A Case Study in Traditional and Non-Traditional Authorship Attribution,1,anystyle,W2168547935,offline_title_fuzzy,0.855045871559633
10029_r7,10029,NA,"Cordón-García, J.-A., Alonso-Arévalo, J., Gómez-Díaz, R. and Linder, D. (2013). Social Reading. Oxford: Chandos.","Cordón García, J. A.; Alonso Arévalo, J.; Gómez Díaz, R.; López Lucas, J. (2010). Las nuevas fuentes de información: información y búsqueda documental en la web 2.0. Madrid: Pirámide. 398 págs.",0,xml_bibl,W2590182733,offline_title_fuzzy,0.855023017748908
696_a1,696,NA,Offene Hypertextsysteme Exploiting coreference annotations for text-to-hypertext conversion Hammwöhner; Konstanz. Holler; Maas; Storrer 1997 2004 2004-05,Offene Hypertextsysteme. Das Konstanzer Hypertextsystem (KHS) im wissenschaftlichen und technischen Kontext,1,anystyle,W1817272045,offline_title_fuzzy,0.85497002997003
10943_r1,10943,NA,Deutsche Forschungsgemeinschaft (2014): Workshop Verfahren zur Verbesserung von OCR-Ergebnissen. Protokoll zu den Ergebnissen und Empfehlungen des Workshops. http://www.dfg.de/download/pdf/foerderung/programme/lis/140522_ergebnisprotokoll_ocr_workshop.pdf [Zuletzt abgerufen 07.01.2019],"Deutsche Forschungsgemeinschaft (R. Mull ed.): Anthropogene Einflüsse auf den lokalen und regionalen Bodenwasserhaushalt. VCH‐Verlagsgesellschaft 1987, 110 S., 69 Abb., 20 Tab., DM 44,–",0,xml_bibl,W2054069878,offline_title_fuzzy,0.854950816370436
9969_r1,9969,NA,Apache Software Foundation (2017). Apache Spark: Lightning-fast cluster computing http://spark.apache.org (accessed 11 April 2017).,Apache Software Foundation Incubator Project Sustainability Dataset,0,xml_bibl,W4393735345,offline_title_fuzzy,0.854942275028286
959_a2,959,NA,Somewhere Nearby is Colossal Jerz 2007,Somewhere Nearby is Colossal Cave: Examining Will Crowther's Original Adventure in Code and in Kentucky,1,anystyle,W2396932841,offline_title_fuzzy,0.854901960784314
10774_r6,10774,NA,"Rat für Informationsinfrastrukturen (RfII) (2016): Leistung aus Vielfalt, Empfehlungen zu Strukturen, Prozessen und Finanzierung des Forschungsdatenmanagements in Deutschland, Göttingen, URL: http://www.rfii.de/de/category/dokumente/.",Rat für Informationsinfrastrukturen: Impuls zur Ausgestaltung einer Nationalen Forschungsdateninfrastruktur,0,xml_bibl,W6899125649,offline_title_fuzzy,0.854862920879808
552_a15,552,NA,New Fields for Research in the 21st Century,"New Fields for Research in the 21st Century: Proceedings of the 3rd British‐Nordic Conference on Library and Information Studies, 12‐14 April 1999, Boräs, Sweden",1,anystyle,W1486491447,offline_title_fuzzy,0.854777070063694
1258_a3,1258,NA,The Digital Project of Taiwan-Related Archives in Ming and Qing Dynasty Chiu 2006,"The Digital Project of the RAI Archive: Catalogue, Chronology and Study of the Italian Broadcasting Orchestra",0,anystyle,W2954624545,offline_title_fuzzy,0.8547345243936
2099_a4,2099,NA,European Commission: The Comité des Sages.The New Renaissance: Report of the comité des sages on bringing Eu rope’s cultural heritage online 2011-01-10,"European Commission, the European Economic and Social Committee and the Committee of the Regions – Application of the Theory of Multilevel Governance",0,anystyle,W2289050022,offline_title_fuzzy,0.854692226675146
1286_a2,1286,NA,Evaluation of the Museum of Pure Form Displays Used for Exploration of Works of Art at Museums Frisoli; Jansson; Bergamasco; Loscos 2005 2005-03-18,Evaluation of the museum environmental risk by means of tempera-painted dosimeters,0,anystyle,W2050681077,offline_title_fuzzy,0.854652156659239
10057_r2,10057,NA,Council of the European Union (2019). DIRECTIVE OF THE EUROPEAN PARLIAMENT AND OF THE COUNCIL on copyright and related rights in the Digital Single Market and amending Directives 96/9/EC and 2001/29/EC. https://eur-lex.europa.eu/legal-content/EN/TXT/?qid=1557408520693&uri=CONSIL:PE_51_2019_INIT,"Council of the European Communities General Secretariat [signing of Treaty on European Union and its Final Act]. Council Press Release (Maastricht, 7 February 1992). 4504/92. (Presse 21-G)",0,xml_bibl,W7037058895,offline_title_fuzzy,0.854593927678379
7717_a5,7717,NA,A Search for Trends in the Poetic Style of W.B. Yeats Jaynes 1980,A search for trends in the thermopower of GaAs-Ga<sub>1-x</sub>Al<sub>x</sub>As heterojunctions,0,anystyle,W2069052649,offline_title_fuzzy,0.854507857733664
1846_a3,1846,NA,Give me a Laboratory and I Science observed: Perspectives on the Social Study of Science Latour; World. En K. Knorr-Cetina; Mulkay 1983,Give me a laboratory and I will win you the war: governing science in the Royal Navy,1,anystyle,W2581868037,offline_title_fuzzy,0.854468304251489
4065_a4,4065,NA,Stylistic Analysis of Agatha Christie's Works: Comparing with Dorothy Sayers Tsuchimura 2016-09,Stylistic Analysis of Agyeya’s Poem ‘sã:s ka: putala:’,1,anystyle,W1899500161,offline_title_fuzzy,0.854108527131783
1395_a2,1395,NA,Das Deutsche Textarchiv: Vom historischen Korpus zum aktiven Archiv Beiträge der Tagung Geyken 2011 20./21. September 2010,Das Deutsche Textarchiv im Kontext der NFDI,0,anystyle,W6887410148,offline_title_fuzzy,0.85406976744186
1396_a2,1396,NA,Das Deutsche Textarchiv: Vom historischen Korpus zum aktiven Archiv Beiträge der Tagung Geyken 2011 20./21. September 2010,Das Deutsche Textarchiv im Kontext der NFDI,0,anystyle,W6887410148,offline_title_fuzzy,0.85406976744186
1545_a1,1545,NA,Das Deutsche Textarchiv: Vom historischen Korpus zum aktiven Archiv Beiträge der Tagung Geyken 2011 20./21. September 2010,Das Deutsche Textarchiv im Kontext der NFDI,0,anystyle,W6887410148,offline_title_fuzzy,0.85406976744186
10782_r9,10782,NA,Institut für Dokumentologie und Editorik e.V. (eds. 2014ff.): RIDE. A Review Journal for Digital Editions and Resources. Köln. [letzter Zugriff 14. Januar 2018].,Institut für Dokumentologie und Editorik,0,xml_bibl,W7066495252,offline_title_fuzzy,0.854054054054054
4091_a8,4091,NA,Hyperspectral Imaging by Library of Congress Reveals Change Made by Thomas Jefferson in Original Declaration of Independence Draft Congress 2010 July 2,"Hyperspectral imaging by Fourier transfom (detection limits, image characterization, and new imaging concepts)",0,anystyle,W4392416506,offline_title_fuzzy,0.854032492157873
9980_r11,9980,NA,"Giltrow, Janet and Dieter Stein (2009). Genres in the Internet: Issues in the theory of genre. Amsterdam: John Benjamins Publishing Company.","Giltrow, Janet and Dieter Stein: Genres in the Internet",0,xml_bibl,W2562536967,offline_title_fuzzy,0.853887935963408
2426_r8,2426,NA,"Swiss National Science Foundation. (2014), Call für Editionsprojekte mit Blick auf die Finanzierungsperiode 2017–2010, http://www.snf.ch/SiteCollectionDocuments/call_editionen_phase2_d.pdf (accessed 27 October 2015).",Swiss National Science Foundation (SNSF),0,xml_bibl,W4246756368,offline_title_fuzzy,0.853651570787434
224_r10,224,NA,Genomics and Its Impact on Medicine and Society: A 2001 Primer 2001,Genomics and its impact on science and society: the Human Genome Project and beyond,0,xml_biblstruct,W6991167400,offline_title_fuzzy,0.853540280857354
608_a23,608,NA,Webster’s Revised Unabridged Dictionary of the English Language Webster; Porter 1913,Webster's revised unabridged dictionary of the English language : the dictionary proper being the authentic edition of Webster's international dictionary of one thousand eight hundred and ninety edited under the supervision of Noah Porter,1,anystyle,W635978605,offline_title_fuzzy,0.853389830508475
715_a5,715,NA,The Cervantes Project: Steps to a Furuta,The Cervantes Project: Steps to a Customizable and Interlinked On-Line Electronic Variorum Edition Supporting Scholarship,1,anystyle,W1501913748,offline_title_fuzzy,0.853333333333333
454_a16,454,NA,Acquiring and Structuring Semantic Information from Text,Acquiring and Structuring Web Content with Knowledge Level Models,0,anystyle,W1579310727,offline_title_fuzzy,0.853320981344237
10587_r5,10587,NA,"Rat für Informationsinfrastrukturen (2016): Leistung aus Vielfalt: Empfehlungen zu Strukturen, Prozessen und Finanzierung des Forschungsdatenmanagements in Deutschland http://www.rfii.de/de/category/dokumente/ [letzter Zugriff 25. August 2016].",Rat für Informationsinfrastrukturen: Impuls zur Ausgestaltung einer Nationalen Forschungsdateninfrastruktur,0,xml_bibl,W6899125649,offline_title_fuzzy,0.853240786000587
10507_r6,10507,NA,"Institut für Deutsche Sprache (IDS) (o.J.): Cosmas II. Corpus Search, Management and Analysis System http://www.ids-mannheim.de/cosmas2 [letzter Zugriff 05. Oktober 2015].",Institut für Deutsche Sprache (IDS),0,xml_bibl,W1411151894,offline_title_fuzzy,0.853225806451613
402_a23,402,NA,The Attribution of Authorship: A Computerized Method Evaluated and Compared with Other Methods Past and Future Zimmer; Willis 1969,The attribution of authorship,1,anystyle,W6964024574,offline_title_fuzzy,0.853211009174312
6443_r12,6443,NA,Princeton University Library Systems (2017). Valkyrie Princeton University Library Systems by Pulibrary https://pulibrary.github.io/2017-07-06-valkyrie (accessed 28 November 2017).,"Princeton university library. American library association visit, June 29, 1916.",0,xml_bibl,W7033335695,offline_title_fuzzy,0.853150853722936
10562_r3,10562,NA,"Avellaneda, Alonso Fernández de (2011): El Quijote apócrifo. Edición de López-Vázquez, Alfredo Rodríguez. Madrid: Cátedra.","Avellaneda, Alonso Fernández de",0,xml_bibl,W4256627364,offline_title_fuzzy,0.853097345132743
6536_r1,6536,NA,"American Historical Association, A. H. C. on P. E. of D. S. by H. (2015). Guidelines for the Professional Evaluation of Digital Scholarship in History. Draft http://bit.ly/1PC1tDL (accessed 8 November 2017).",American historical association. Historical manuscripts commission. Circular to private individuals owning or having knowledge of unpublished documents of historical value. [n. p. n. d.].,0,xml_bibl,W7045118487,offline_title_fuzzy,0.853084081090063
818_a2,818,NA,Document Restoration Using Brown; Seales,Document restoration using 3D shape: a general deskewing algorithm for arbitrarily warped documents,1,anystyle,W2115263911,offline_title_fuzzy,0.853061224489796
6515_r1,6515,NA,"Cartonera Publishers Database, http://digital.library.wisc.edu/1711.dl/Arts.EloisaCart (accessed 20 November 2017).","Cartonera Publishers Database, documenting grassroots publishing initiatives",1,xml_bibl,W2887280419,offline_title_fuzzy,0.853052396878484
10745_r11,10745,NA,"Kindt, Tom / Köppe, Tilmann (2008): “Einleitung”, in: dies. (eds.): Moderne Interpretationstheorien. Ein Reader. Göttingen: Vandenhoeck & Ruprecht 7–26.","Kindt, Tom; Köppe, Tilmann (Hrsg.): Moderne Interpretationstheorien. Ein Reader",0,xml_bibl,W2612393434,offline_title_fuzzy,0.852892741061755
2022_a4,2022,NA,Visualizing knowledge networks: The Glass Cast prototype Paper presented at Research Foundations for Understanding Books and Reading in the Digital Age Peña; Dobson 2013,Visualizing Knowledge Networks and Flows to Enhance Organizational Metacognition in Virtual Organizations,0,anystyle,W4254363843,offline_title_fuzzy,0.852882205513785
6649_r7,6649,NA,Cronbach Coefficient alpha and the internal structure of tests. Psychometrika 1951,CRONBACH COEFFICIENT ALPHA AND SOME OF ITS SPECIALTIES WITH EMPHASIS ON APPLICATIONS IN SOCIAL RESEARCH,0,xml_biblstruct,W2287956264,offline_title_fuzzy,0.852881245989946
10958_r12,10958,NA,"Maugham, William Somerset (1949): A writer's notebook, Melbourn-London-Toronto: William Heinemann.","Maugham, William Somerset",1,xml_bibl,W3108886327,offline_title_fuzzy,0.852747252747253
927_a2,927,NA,`An Ocean where each Kind Burrows 1989,‘An ocean where each kind. . .’: Statistical analysis and some major determinants of literary style,0,anystyle,W1982604981,offline_title_fuzzy,0.852747252747253
3771_a7,3771,NA,La struttura del testo poetico Lotman 1990,"""La struttura del testo poetico"" (di Jurij Lotman) [voce enciclopedica], Dizionario Bompiani delle opere e dei personaggi",0,anystyle,W2276451767,offline_title_fuzzy,0.852631578947368
811_a2,811,NA,Student Researchers in the Humanities,Student researchers in the middle: using visual images to make sense of inclusive education,0,anystyle,W2107604800,offline_title_fuzzy,0.852372372372372
2008_a2,2008,NA,Classification of Citizen Science activities Available at: povesham.wordpress.com/2011/07/20/classificationofcitizenscienceactivities Haklay 2011,Classification of Citizen Tweets Using Naive Bayes Classifier for Predictive Public Complaints,0,anystyle,W2916083217,offline_title_fuzzy,0.852154015717845
59_a7,59,NA,Kontrastive Analyse von Übersetzungskorpora: ein funktionales Modell Hansen; Teich 1999,Kontrastive Analyse von Gliederungsprinzipien der Rede im Deutschen und Japanischen,0,anystyle,W409399932,offline_title_fuzzy,0.852103938140622
6477_r13,6477,NA,Instituto de Investigaciones sobre la Universidad y la Educación. [IISUE UNAM oficial]. (2017/03/29). ¿El Nuevo Modelo Educativo promueve el uso de las TIC?. [Archivo de video]. Disponible en: https://youtu.be/hltn0oXFhaM [Recuperado 26/04/18],"Instituto de Investigaciones Sociales, Universidad de Costa Rica. El artículo forma parte de la investigación de tesis doctoral en antropología médica y salud internacional",0,xml_bibl,W1653142002,offline_title_fuzzy,0.851990974932151
3765_a3,3765,NA,Merseburg: 1200 Jahre in 62 Porträts & Geschichten Jankofsky 2013,"Merseburg 1200 Jahre in einer Chronik aus Daten, Namen und Fakten",1,anystyle,W7030192098,offline_title_fuzzy,0.851935010911075
1581_a7,1581,NA,Teaching Text Analysis with Voyant: Between Language and Literature: Digital Text Exploration Teaching Literature and Language Online Sinclair; Rockwell 2009,Teaching Text Analysis with Voyant.,1,anystyle,W2887784888,offline_title_fuzzy,0.851908396946565
10591_r3,10591,NA,"Nowotny, Helga / Scott, Peter / Gibbons, Michael (2003): „Mode 2 revisited: The New Production of Knowledge“, in: Minerva 41: 179–194.","Nowotny, Helga, Scott, Peter og Gibbons, Michael: Re-thinking Science - knowledge and the public in an age of uncertainty. Polity. 2001",0,xml_bibl,W2970810909,offline_title_fuzzy,0.851900183150183
3780_a2,3780,NA,"Advocating for the Humanities. ""'What Every One Says About the Humanities' Research Project (WhatEvery1Says 2013-04-25",ADVOCATING FOR THE HUMANITIES AND SOCIAL SCIENCES,0,anystyle,W4243816006,offline_title_fuzzy,0.85186422395045
7916_a7,7916,NA,Edition Production Technology (EPT) and the ARCHway Project,Edition Production Technology: an Eclipse based platform for building Image-based Electronic Editions,0,anystyle,W7100855594,offline_title_fuzzy,0.851840755735493
934_a6,934,NA,El socorro de Irlanda en 1601 Morales 2002,El socorro de Irlanda en 1601 y la contribución del ejército a la integración social de los irlandeses en España,1,anystyle,W167860010,offline_title_fuzzy,0.851785714285714
7900_a8,7900,NA,"Given and new information and some aspects of the structures, semantics, and pragmatics of written texts",GIVEN AND NEW INFORMATION IN BARACK OBAMA’S REMARKS: A SYNTACTIC FORM ANALYSIS,0,anystyle,W3093348344,offline_title_fuzzy,0.851667179762
1043_a17,1043,NA,A Computer-Assisted Comparative Rybicki 2000,A Computer-Assisted Competency Tracking System for Training School Media Specialists,0,anystyle,W2335050534,offline_title_fuzzy,0.851643625192012
10681_r9,10681,NA,"Rat für Informationsinfrastrukturen (2016): ""Leistung aus Vielfalt. Empfehlungen zu Strukturen, Prozessen und Finanzierung des Forschungsdatenmanagements in Deutschland"", http://www.rfii.de/download/rfii-empfehlungen-2016/ [letzter Zugriff 20. September 2017].",Rat für Informationsinfrastrukturen: Impuls zur Ausgestaltung einer Nationalen Forschungsdateninfrastruktur,1,xml_bibl,W6899125649,offline_title_fuzzy,0.851559491721217
1095_a2,1095,NA,Using Curvature and Markov Dorow; Widdows; Ling; Eckmann; Sergi; Moses 2005,Using Curvature and Markov Clustering in Graphs for Lexical Acquisition and Word Sense Discrimination,1,anystyle,W1582145286,offline_title_fuzzy,0.851485148514852
1737_a13,1737,NA,Models for supporting digital humanities at liberal arts colleges Spiro 2012,Models for Supporting Digital Sustainability Key Performance Indicators (KPIs) in European FinTech and Payments,0,anystyle,W7125530174,offline_title_fuzzy,0.851373794401317
1495_a10,1495,NA,The humanities research environment of the future. Opening keynote at the D-SPIN Summer School 2010 Wynne 2010,The Humanities Research Portal: Human Language Technology Meets Humanities Publication Archives,0,anystyle,W6991702743,offline_title_fuzzy,0.851302359241569
4069_a9,4069,NA,"Institutional Ecology, 'Translations Star; Griesemer 1989","Institutional Ecology, `Translations' and Boundary Objects: Amateurs and Professionals in Berkeley's Museum of Vertebrate Zoology, 1907-39",1,anystyle,W1971670344,offline_title_fuzzy,0.851127819548872
11079_r16,11079,NA,Python Software Foundation (2001-2019): Python. V. 3.7.4. https://github.com/python [letzter Zugriff 27. September 2019].,Python Software Foundation Session,0,xml_bibl,W6894185758,offline_title_fuzzy,0.851029411764706
702_a2,702,NA,The Getty End-User Online Bates 1995,The Getty End-User Online Searching Project in the Humanities: Report No. 6: Overview and Conclusions,1,anystyle,W2163568796,offline_title_fuzzy,0.851020408163265
1627_a12,1627,NA,Programming with Humanists: Reflections on Raising an Army of Hacker-Scholars in the Digital Humanities Ramsay 2012,Programming with Humanists,1,anystyle,W2491822022,offline_title_fuzzy,0.850980392156863
1835_a29,1835,NA,Programming with Humanists: Reflections on Raising an Army of Hacker-Scholars in the Digital Humanities,Programming with Humanists,1,anystyle,W2491822022,offline_title_fuzzy,0.850980392156863
3996_a14,3996,NA,The Return of Wampum Belts: Ethical Issues and the Repatriation of Native American Archchival Materials Runde 2010,The Return of Wampum Belts,1,anystyle,W1985956991,offline_title_fuzzy,0.850980392156863
10751_r11,10751,NA,"Kindt, Tom / Köppe, Tilmann (2008): “Einleitung”, in: dies. (Hg.): Moderne Interpretationstheorien. Ein Reader. Göttingen: Vandenhoeck & Ruprecht 7-26.","Kindt, Tom; Köppe, Tilmann (Hrsg.): Moderne Interpretationstheorien. Ein Reader",0,xml_bibl,W2612393434,offline_title_fuzzy,0.85092258980238
2656_r9,2656,NA,"the sociology of science and the sociology of technology might benefit each other. Social Studies of Science, 14(3): 399–441.",The Sociology of Science and Emotions,0,xml_bibl,W1939677292,offline_title_fuzzy,0.850855855855856
3942_a3,3942,NA,Figure 2. Principal Component Analysis of the ranges of motion of the main body types,Figure 2. Principal Component 1 in New antioxidant lauryl-free herbal shampoo formulation with a Brazilian plant extract,0,anystyle,W6892936081,offline_title_fuzzy,0.85078873654725
859_a2,859,NA,"The introduction of word types and lemmas in novels, short stories and their translations Csernoch 2006",The Introduction of Word Processing Into a Grade 7/8 Writing Program,0,anystyle,W2562371547,offline_title_fuzzy,0.850682279181265
113_a5,113,NA,"Programmer to Programmer Warwick Road, Acocks Green, Birmingham 1102 2000",Programmer to Programmer TM C# Web Services Building Web Services with,1,anystyle,W7097564607,offline_title_fuzzy,0.850674150629603
144_a15,144,NA,"Programmer to Programmer Warwick Road, Acocks Green, Birmingham 1102 2000",Programmer to Programmer TM C# Web Services Building Web Services with,1,anystyle,W7097564607,offline_title_fuzzy,0.850674150629603
818_a12,818,NA,Physically-based Digital Restoration Using Volumetric Lin,Physically-based digital geomorphological mapping: Case study of glacial and karst topography,0,anystyle,W4404813727,offline_title_fuzzy,0.850611072977181
4117_a17,4117,NA,Ontologisierung vom Thompson Motif‘s Index Kostova; Declerck 2016,"Ontologisierung vom Thompson Motif's Index – Teilergebnisse eines Softwareprojektes zum Thema ""Classification of Folktales"", bei Antónia Kostevá, Universität des Saarlandes",1,anystyle,W6912521348,offline_title_fuzzy,0.850602409638554
762_a6,762,NA,Cruising Through History Wired Gillard,Cruising Through History: Exploring the Singapore River on a Scenic River Cruise,1,anystyle,W7018058045,offline_title_fuzzy,0.850409885473177
1069_a3,1069,NA,The Life and Times of Balah Chan Kawil of Mutal According to Dos Pilas Heiroglyphic Stairway Boot 2002,The Life and Times of Baron Haussmann: Paris in the Second Empire,0,anystyle,W609232805,offline_title_fuzzy,0.850310559006211
10567_r3,10567,NA,"Office of the President, Republic of China (2012): Der Präsident besucht den “Miaoli Hakka Kulturpark” und wohnt der “Nacht der Hakka Welthelden” bei [Übersetzung aus dem Chinesischen] http://www.president.gov.tw/Default.aspx?tabid=131&itemid=28020 [letzter Zugriff 15. Oktober 2015].","Office of the President, University Hospitals Case Medical Center and the Minority House Staff Organization cordially invite you and a guest to the 23rd Annual Welcome Reception and Dinner",0,xml_bibl,W2181661508,offline_title_fuzzy,0.850212800477649
602_a3,602,NA,Preservation of Digitally Recorded Brylawski 2002,Preservation of Digitally Originated Motion Images on Film: An Integrated Systems Approach,0,anystyle,W4377837507,offline_title_fuzzy,0.850093132247792
1051_a4,1051,NA,Representation of Medieval Script to Support Palaeographic,Representation of Medieval Realia in PC game: Kingdom Come: Deliverance,0,anystyle,W3109507545,offline_title_fuzzy,0.850051640846244
826_a4,826,NA,Extreme Project Management DeCarlo,"eXtreme Project Management: Using Leadership, Principles, and Tools to Deliver Value in the Face of Reality",1,anystyle,W2087429169,offline_title_fuzzy,0.85
1045_a12,1045,NA,The LAIRAH Project: Log Analysis of Galina 2006,The LAIRAH project : log analysis of digital resources in the arts and humanities. Final report to the Arts and Humanities Research Council.,1,anystyle,W2143699766,offline_title_fuzzy,0.85
1081_a2,1081,NA,Extreme Project Management DeCarlo 2004,"eXtreme Project Management: Using Leadership, Principles, and Tools to Deliver Value in the Face of Reality",1,anystyle,W2087429169,offline_title_fuzzy,0.85
