work_id,openalex_id,ref_quality,confidence,cited_countries,cited_year
2163,W2125184362,xml_bibl,1,AU,2014
2169,W2028701196,xml_bibl,1,BE,2013
2174,W2151419531,xml_bibl,1,US,2014
2174,W2076133778,xml_bibl,1,IE,2010
2176,W2028515682,xml_bibl,1,CA,2013
2176,W2007844326,xml_bibl,1,CA,2013
2178,W1992031850,xml_bibl,1,US,1964
2178,W2067488172,xml_bibl,1,IR,2010
2178,W2048374711,xml_bibl,1,US,2001
2178,W1484485089,xml_bibl,1,US,2007
2186,W1637997352,xml_bibl,1,NL,2013
2186,W2008811452,xml_bibl,1,NL,2013
2186,W1965295228,xml_bibl,1,US,2013
2186,W2070528724,xml_bibl,1,DE;IE;NL,2014
2190,W950355994,xml_bibl,1,GB,2013
2190,W2103707024,xml_bibl,1,GB,2007
2194,W2099926525,xml_bibl,1,CN,2013
2194,W204723148,xml_bibl,1,AU;GB,2011
2194,W2026743036,xml_bibl,1,GR,2007
2194,W1968107352,xml_bibl,1,AT,2010
2194,W1576693970,xml_bibl,1,ES;GB;IT,2011
2194,W2130675236,xml_bibl,1,US,2003
2206,W2136701143,xml_bibl,1,GB;US,2014
2216,W1981080848,xml_bibl,1,GB,2008
2226,W2322004164,xml_bibl,1,ID;KR,2014
2231,W2160133849,xml_bibl,1,CA;NL,2012
2231,W2130883452,xml_bibl,1,US,2013
2238,W2036699209,xml_bibl,1,GB,2013
2247,W2037802158,xml_doi_only,1,US,2006
2247,W2128554541,xml_doi_only,1,BR,2006
2249,W2026743036,xml_bibl,1,GR,2007
2258,W2043514803,xml_bibl,1,DE,2013
2263,W2058071972,xml_bibl,1,BE;DE;NL,2014
2265,W2076771101,xml_bibl,1,MX,2014
2269,W4255530568,xml_bibl,1,US,1967
2269,W2020781346,xml_bibl,1,US,2007
2276,W2095023851,xml_bibl,1,US,2011
2282,W1581231885,xml_bibl,1,RS,2011
2282,W2019096529,xml_bibl,1,US,2010
2282,W2081749411,xml_bibl,1,FR,2003
2291,W2133109597,xml_doi_only,1,US,1995
2297,W2044360356,xml_bibl,1,US,2014
2302,W2098684637,xml_bibl,1,CH;NO,2012
2306,W2318971084,xml_bibl,1,ES,2013
2306,W1605799775,xml_bibl,1,US,2013
2309,W2059837179,xml_bibl,1,US,1988
2317,W2130883452,xml_bibl,1,US,2013
2327,W1970166914,xml_bibl,1,US,2014
2346,W1971670344,xml_bibl,1,US,1989
2348,W1966596976,xml_bibl,1,AU,2014
2348,W2038534832,xml_bibl,1,AU,2012
2350,W2104652891,xml_doi_only,1,IN;US,2011
2357,W2017737388,xml_bibl,1,US,2013
2364,W1970948046,xml_bibl,1,PL,2013
2367,W1989925373,xml_bibl,1,IE;US,2014
2372,W2070821333,xml_bibl,1,CA;CN;DE;DK;GB;JP;US,2011
2376,W2076771101,xml_bibl,1,MX,2014
2376,W3139092757,xml_bibl,1,US,2007
2380,W1962895639,xml_doi_only,1,BR,2013
2380,W1518804275,xml_doi_only,1,US,2013
2380,W2106684638,xml_doi_only,1,CA,2012
2380,W2321813347,xml_doi_only,1,US,2013
2380,W2083084326,xml_doi_only,1,SI,2013
2380,W2122138403,xml_doi_only,1,IT,2009
2380,W2130595888,xml_doi_only,1,CN,2009
2380,W1810848165,xml_doi_only,1,US,2013
2380,W2130831177,xml_doi_only,1,CN,2007
2380,W2044624726,xml_doi_only,1,US,2013
2380,W1975107573,xml_doi_only,1,US,2012
2381,W2095655043,xml_bibl,1,US,2013
2382,W2058925554,xml_bibl,1,US,2010
2382,W2054642852,xml_bibl,1,CA,2010
2382,W1993655898,xml_bibl,1,GB,2010
2382,W1576951148,xml_bibl,1,GB,1998
2385,W2281816568,xml_bibl,1,IL;US,2013
2385,W1981080848,xml_bibl,1,GB,2008
2385,W2095885230,xml_bibl,1,US,2008
2391,W4255671361,xml_bibl,1,PL,2015
2394,W2074909580,xml_bibl,1,US,2011
2399,W1508023352,xml_bibl,1,US,2011
2409,W1999797504,xml_bibl,1,AU,2014
2409,W1994134586,xml_bibl,1,US,2011
2411,W2058071972,xml_bibl,1,BE;DE;NL,2014
2419,W2000064955,xml_bibl,1,FR,2014
2422,W1687036045,xml_bibl,1,SG;US,2016
2425,W2155045631,xml_bibl,1,CN;US,2013
2426,W2110510858,xml_bibl,1,CH,2014
2426,W2058071972,xml_bibl,1,BE;DE;NL,2014
2431,W90672828,xml_bibl,1,US,2014
2439,W2002321516,xml_bibl,1,IN,2014
2441,W6962590642,xml_bibl,1,NL,2015
2443,W2174706414,xml_bibl,1,US,2012
2449,W2076372637,xml_bibl,1,CH;GB,2008
2449,W2052548158,xml_bibl,1,IT;UZ,2013
2449,W164199402,xml_bibl,1,FR,2014
2449,W1653451018,xml_bibl,1,GB;GH,2015
2449,W2020278455,xml_bibl,1,CA;US,2007
2449,W2032464653,xml_bibl,1,BE;ES,2013
2457,W1986937683,xml_bibl,1,US,2013
2468,W1991735731,xml_bibl,1,US,2011
2470,W2153895776,xml_bibl,1,CH;US,2014
2473,W1999937992,xml_bibl,1,US,2012
2473,W1987126818,xml_bibl,1,US,2014
2481,W2106787459,xml_bibl,1,US,2013
2481,W2171855813,xml_bibl,1,IT;RO,2014
2481,W1610478983,xml_bibl,1,AT,2012
2481,W2047551361,xml_bibl,1,IT,2014
2481,W2075602961,xml_bibl,1,DE;DK;FR;GB;US,2013
2481,W2102516547,xml_bibl,1,GB,2012
2481,W2020956012,xml_bibl,1,DE,2000
2481,W2171674491,xml_bibl,1,AU,2010
2481,W1999797504,xml_bibl,1,AU,2014
2481,W2031827150,xml_bibl,1,AT;IE;IT,2014
2488,W2555162864,xml_bibl,0.9628865979381442,GB,2015
2490,W1970948046,xml_bibl,1,PL,2013
2491,W2100290037,xml_bibl,1,GB,2015
2491,W2158452868,xml_bibl,1,GB,2010
2507,W2081514874,xml_bibl,1,US,2007
2507,W2146793826,xml_bibl,1,PL,2011
2507,W2040162312,xml_bibl,1,US,2004
2507,W2092743872,xml_bibl,1,DE;GB,2011
2519,W2028695285,xml_bibl,1,FR,2014
2519,W2138621811,xml_bibl,1,US,1999
2521,W2174706414,xml_bibl,1,US,2012
2521,W1988361130,xml_bibl,1,US,2013
2521,W2071198821,xml_bibl,1,US,2013
2523,W1821655122,xml_bibl,1,IT,2014
2523,W33285781,xml_bibl,1,BE;CA;IE,2014
2523,W2264949490,xml_bibl,1,DE,2015
2532,W6943815202,xml_bibl,1,NL,2012
2532,W6906255581,xml_bibl,1,NL,2014
2533,W1986930961,xml_bibl,1,US,2009
2533,W2137917541,xml_bibl,1,IT,2011
2533,W2129278567,xml_bibl,1,GB,2011
2546,W2098486530,xml_bibl,1,US,2002
2546,W1971670344,xml_bibl,1,US,1989
2560,W2243521285,xml_bibl,1,AU;GB,2015
2561,W2018865080,xml_bibl,1,FR,2014
2564,W1605799775,xml_bibl,1,US,2013
2585,W294466356,xml_bibl,1,DE;GB,2013
2586,W160318044,xml_bibl,1,US,2012
2587,W2131681506,xml_bibl,1,BE;FR;GB,2008
2587,W1976566911,xml_bibl,1,US,1999
2590,W4252015580,xml_bibl,1,US,1994
2591,W2095503871,xml_bibl,1,GB,2012
2591,W1993977866,xml_bibl,1,DE,2011
2591,W2066216990,xml_bibl,1,DE;FI,2006
2591,W2339562889,xml_bibl,1,DE,2015
2591,W2141515438,xml_bibl,1,FI,2011
2593,W2104788631,xml_bibl,1,IT,2013
2600,W2048084432,xml_bibl,1,GB;US,2013
2606,W2037022736,xml_bibl,1,US,2009
2606,W2037022736,xml_bibl,1,US,2009
2610,W2161019418,xml_bibl,1,AU,2013
2610,W2025882237,xml_bibl,1,CA,2007
2610,W2146793826,xml_bibl,1,PL,2011
2615,W1950693968,xml_bibl,1,IT;US,2014
2624,W2914973542,xml_bibl,1,US,1987
2624,W1953598269,xml_bibl,1,FR,2011
2624,W1758651971,xml_bibl,1,FR,2012
2627,W2141034612,xml_bibl,1,US,2012
2627,W1994134586,xml_bibl,1,US,2011
2639,W2495250808,xml_bibl,1,US,2013
2640,W2503391776,xml_bibl,1,DE,2012
2645,W2162969358,xml_bibl,1,NL;US,2008
2651,W1964642694,xml_bibl,1,IL;US,2010
2652,W1988361130,xml_doi_only,1,US,2013
2653,W1994261170,xml_bibl,1,CA,1997
2653,W1991432298,xml_bibl,1,CA,2005
2653,W2039952808,xml_bibl,1,GB;US,2007
2653,W2161896195,xml_bibl,1,CA;US,1994
2653,W2134911674,xml_bibl,1,SE,2011
2653,W2036293496,xml_bibl,1,US,1998
2654,W2142305795,xml_bibl,1,GB,2013
2657,W1986699704,xml_bibl,1,IT,2013
2659,W2019682007,xml_bibl,1,US,2010
2659,W1833236779,xml_bibl,1,US,2010
2659,W1604075113,xml_bibl,1,GB;NZ,2005
2659,W1996460024,xml_bibl,1,CA,2008
2659,W2000742945,xml_bibl,1,US,1997
2659,W2049380851,xml_bibl,1,JP,2000
2659,W2111799631,xml_bibl,1,US,1999
2661,W2131681506,xml_bibl,1,BE;FR;GB,2008
2661,W1971565588,xml_bibl,1,CA,2015
2661,W1983612178,xml_bibl,1,FR;NL,2012
2661,W2128456768,xml_bibl,1,TH;US,2015
2661,W2209876022,xml_bibl,1,GB,2015
2661,W1930259935,xml_bibl,1,CN,2015
2661,W2465689519,xml_bibl,1,US,2015
2661,W1996673766,xml_bibl,1,US,2009
2661,W2123835189,xml_bibl,1,US,2012
2661,W1203053091,xml_bibl,1,US,2015
2666,W2037186474,xml_bibl,1,GB,2014
2669,W2019773980,xml_bibl,1,GB;US,2015
2680,W2508577670,xml_bibl,1,IT,2009
2680,W2003108218,xml_bibl,1,IT,2011
2680,W2142045498,xml_bibl,1,IT,2014
2700,W122282742,xml_bibl,1,DE;ES;IE,2012
2700,W2045068659,xml_bibl,1,DE;US,2014
2700,W2078273886,xml_bibl,1,FI,2012
2700,W198166843,xml_bibl,1,DE;ES,2012
2700,W1950893908,xml_bibl,1,DE,2011
2705,W2157004265,xml_bibl,1,GB;US,2014
2705,W2034194047,xml_bibl,1,CA,2013
2705,W6959486025,xml_doi_only,1,CA,2015
2720,W4241829171,xml_bibl,1,GB,2008
2720,W2096394736,xml_bibl,1,GB,2013
2720,W2064539579,xml_doi_only,1,CA,2007
2721,W2474864565,xml_bibl,1,CH,2015
2733,W2028695285,xml_bibl,1,FR,2014
2735,W2237428880,xml_bibl,1,AU,2015
2737,W1999797504,xml_bibl,1,AU,2014
2739,W2028695285,xml_bibl,1,FR,2014
2746,W6955046807,xml_bibl,1,IT;JP,2012
2751,W2168094638,xml_bibl,1,CA,2013
2751,W1997586364,xml_bibl,1,US,1997
2751,W2043316506,xml_bibl,1,US,2012
2751,W1530315115,xml_bibl,1,US,2011
2751,W938614436,xml_bibl,1,US,2013
2751,W2234303208,xml_bibl,1,US,2013
2778,W2028695285,xml_bibl,1,FR,2014
2778,W2292429314,xml_bibl,0.9529161390178698,BE,2016
2797,W2164170827,xml_bibl,1,US,2013
2797,W2320952770,xml_bibl,1,CA,2013
2797,W4230997226,xml_bibl,1,US,2009
2800,W2150598871,xml_bibl,1,US,2010
2800,W2152699595,xml_bibl,1,BE,2015
2800,W2088932924,xml_bibl,1,BD,2006
2800,W2159932043,xml_bibl,1,US,2012
2800,W1838824760,xml_bibl,1,NL;US,2013
2800,W2109790075,xml_bibl,1,US,2009
2800,W2321792051,xml_bibl,1,DK,2010
2800,W2066212671,xml_bibl,1,US,2012
2800,W2142119181,xml_bibl,1,PH;US,2012
2800,W2155594896,xml_bibl,1,US,2003
2800,W1830074637,xml_bibl,1,US,2013
2807,W2293665468,xml_bibl,1,DE;IN,2015
2807,W1982517434,xml_bibl,1,BA,2014
2814,W1912888020,xml_bibl,1,AT,2015
2815,W2088066974,xml_bibl,1,GB,1999
2834,W2579836477,xml_bibl,1,IT,2014
2838,W2028695285,xml_bibl,1,FR,2014
2838,W2047583926,xml_bibl,1,DE,2009
2844,W2076365206,xml_bibl,1,US,2011
2844,W2147773319,xml_bibl,1,NL,2014
2844,W2031886924,xml_bibl,1,US,2012
2844,W2018865080,xml_bibl,1,FR,2014
2844,W2328918536,xml_bibl,1,DE;NL,2015
2844,W2139445257,xml_bibl,1,BE,2012
2844,W2149478650,xml_bibl,1,PL,2013
2844,W1978581818,xml_bibl,1,BE;PL;US,2014
2853,W2025237431,xml_bibl,1,US,2014
2853,W2088091054,xml_bibl,1,GB,2015
2853,W1981080848,xml_bibl,1,GB,2008
3762,W126040988,xml_bibl,1,IT,2013
3762,W123908909,xml_bibl,1,CA;NL;US,2005
3762,W162736920,xml_bibl,1,DE;GR;NL,2013
3762,W55599575,xml_bibl,1,CY;IT,2012
3936,W2953001331,xml_doi_only,1,US,2013
6257,W2738966790,xml_bibl,1,US,2017
6258,W2893425640,xml_bibl,1,GB;US,2017
6258,W2793803988,xml_bibl,1,CH,2017
6258,W2791532949,xml_bibl,1,DE;IT;US,2017
6268,W2564784331,xml_bibl,1,US,2016
6273,W2765151303,xml_bibl,1,DE,2017
6273,W2609343816,xml_bibl,1,US,2017
6276,W2606868508,xml_bibl,1,FR;SI,2017
6276,W2312191608,xml_bibl,1,FR,2012
6276,W2160632223,xml_bibl,1,NL,2013
6276,W2068070365,xml_bibl,1,FR,2015
6276,W2783132087,xml_bibl,1,FR,2016
6282,W1894957975,xml_bibl,1,IT;US,2015
6282,W2128955271,xml_bibl,1,US,2013
6282,W2586601519,xml_bibl,1,SI,2017
6284,W2416130262,xml_bibl,1,CA;NO;US,2010
6290,W1967847028,xml_bibl,1,US,1979
6290,W2339875341,xml_bibl,1,CH,2016
6290,W2118129210,xml_bibl,1,DK,2014
6290,W2127418522,xml_bibl,1,CA,2015
6290,W2122682621,xml_bibl,1,AU;GB,2011
6290,W2051995667,xml_bibl,1,CA,2009
6290,W2150220236,xml_bibl,1,NL,2009
6290,W1996965557,xml_bibl,1,CA,2007
6291,W2153318297,xml_bibl,1,ES,2014
6291,W2100209351,xml_bibl,1,GB,2009
6291,W2086226461,xml_bibl,1,US,2011
6291,W2043782339,xml_bibl,1,US,2013
6292,W4231130478,xml_bibl,1,US,2004
6293,W3184101687,xml_bibl,1,IT,2021
6294,W2785612464,xml_bibl,1,DE,2017
6295,W2069188354,xml_doi_only,1,GB,1989
6295,W2058071972,xml_doi_only,1,BE;DE;NL,2014
6295,W2524164223,xml_doi_only,1,US,2016
6295,W2552787576,xml_doi_only,1,CA,2016
6299,W2321883869,xml_bibl,1,US,1991
6301,W2577962306,xml_bibl,0.960562015503876,ES,2012
6303,W2015646678,xml_bibl,1,US,2009
6303,W2166830886,xml_bibl,1,GB,2011
6303,W2082233681,xml_bibl,1,NL,2014
6308,W2157922230,xml_doi_only,1,AU;GB,2014
6308,W4212842610,xml_doi_only,1,GB,2016
6308,W2762344494,xml_doi_only,1,IT,2017
6310,W2111347279,xml_bibl,1,US,2006
6310,W2126786229,xml_bibl,1,DE,2015
6310,W2065769502,xml_bibl,1,US,2000
6310,W1992389917,xml_bibl,1,SE,2015
6314,W352046256,xml_bibl,1,GB,2015
6318,W2041971736,xml_bibl,1,US,2012
6318,W2086064135,xml_bibl,1,AT;GB,2014
6318,W1147131037,xml_bibl,1,US,2015
6318,W1982609533,xml_bibl,1,US,2004
6320,W4255647723,xml_bibl,1,CA;MX,2015
6320,W4249075320,xml_bibl,1,CN;IN,2015
6321,W2313928532,xml_bibl,1,AU;FI;FR;GB;NL;NZ;SE;US,2016
6321,W2736430167,xml_bibl,1,BE;CH;ES;GB;HU;IE;IT;NL,2017
6324,W2786298913,xml_bibl,1,ES,2017
6324,W2785836960,xml_bibl,1,FR,2017
6324,W2434876547,xml_bibl,1,FR,2016
6324,W2120987116,xml_bibl,1,NL;US,2011
6324,W2787623536,xml_bibl,1,AT;DE;GR,2017
6324,W2762447329,xml_bibl,1,BE;DE;FR,2017
6324,W2094883634,xml_bibl,1,FR,2014
6327,W2014864037,xml_bibl,1,AU,2006
6327,W2057525273,xml_bibl,1,US,2008
6327,W4211148787,xml_bibl,1,GB,2001
6327,W2159553441,xml_bibl,1,FI;GB;SE,2014
6327,W2126552603,xml_bibl,1,GB,2006
6330,W2173160936,xml_bibl,1,PL,2015
6334,W2025052569,xml_bibl,1,GB,2011
6334,W2758848126,xml_bibl,1,DE,2017
6334,W2103967878,xml_bibl,1,GB,2009
6337,W2131681506,xml_bibl,1,BE;FR;GB,2008
6341,W1550613562,xml_bibl,1,US,2012
6341,W2886284861,xml_bibl,1,CA;IT;US,2018
6344,W2470484508,xml_bibl,1,BE;GB;IL;NL,2016
6355,W1940888119,xml_bibl,1,IT,2002
6363,W2610569634,xml_bibl,1,LU;MT,2017
6363,W2743076395,xml_bibl,1,LU,2016
6363,W2567980866,xml_bibl,1,GR;LU,2016
6370,W2413317570,xml_bibl,1,MA;QA,2016
6370,W2535284759,xml_bibl,1,MA,2015
6371,W2296881200,xml_bibl,1,IL,2016
6378,W2587239300,xml_bibl,1,AT;CA;CH;DE;ES;FR;GB;HR;IE;LT,2017
6386,W2070907364,xml_bibl,1,CH;ES;FR;GB;HU;IT;NL;PL;US,2012
6386,W151498629,xml_bibl,1,IT,2012
6391,W2035052526,xml_bibl,1,US,2014
6398,W1993829301,xml_bibl,1,IT;US,2014
6398,W2089560202,xml_bibl,1,FR,2012
6405,W2037397438,xml_bibl,1,US,1997
6407,W2765151303,xml_bibl,1,DE,2017
6407,W965015825,xml_bibl,1,CH,2013
6407,W2092743872,xml_bibl,1,DE;GB,2011
6410,W2174706414,xml_bibl,1,US,2012
6412,W2169530826,xml_bibl,1,US,2014
6418,W2560341749,xml_bibl,1,GB,2016
6418,W2086137532,xml_bibl,1,IT;US,2015
6422,W2762344494,xml_bibl,1,IT,2017
6422,W2150220236,xml_bibl,1,NL,2009
6422,W150292108,xml_bibl,1,NL,2014
6422,W2076473563,xml_bibl,1,NL,2010
6422,W2761232955,xml_bibl,1,US,2017
6423,W1493769376,xml_bibl,1,FR;US,2015
6428,W2561816456,xml_doi_only,1,RU,2016
6435,W1966509134,xml_bibl,1,US,2010
6437,W2592825817,xml_bibl,1,ES,2017
6437,W3174655110,xml_bibl,1,ES;FR,2023
6438,W1863863609,xml_bibl,1,GB;US,2015
6442,W2523604920,xml_bibl,1,IT,2016
6442,W2068695859,xml_bibl,1,GB,2012
6443,W2415520783,xml_bibl,1,US,2015
6448,W2110037782,xml_bibl,1,GB,2012
6455,W2483388053,xml_bibl,1,US,2016
6456,W1979223988,xml_bibl,1,AU;GB,2015
6465,W2111293476,xml_bibl,1,GB,2012
6469,W2002077363,xml_bibl,1,CA,2012
6469,W950355994,xml_bibl,1,GB,2013
6469,W2157922230,xml_bibl,1,AU;GB,2014
6471,W2579836477,xml_bibl,1,IT,2014
6471,W2053475323,xml_bibl,1,US,2010
6471,W2146366995,xml_bibl,1,US,2010
6471,W2160355410,xml_bibl,1,US,2012
6471,W2170536933,xml_bibl,1,CA;US,2014
6479,W2181995626,xml_bibl,1,US,2015
6483,W2744349792,xml_doi_only,1,MN,2017
6483,W2748360044,xml_doi_only,1,DE,2017
6483,W2226205206,xml_doi_only,1,US,2012
6486,W2214276702,xml_bibl,1,US,2015
6504,W2283850017,xml_bibl,1,US,2015
6505,W1570098300,xml_bibl,1,US,2015
6505,W2004763266,xml_bibl,1,US,2009
6505,W1784290353,xml_bibl,1,BR;DE,2014
6512,W6892666194,xml_bibl,1,FR,2017
6514,W1969301668,xml_bibl,1,US,2004
6514,W2021198451,xml_bibl,1,US,2011
6514,W2470175097,xml_bibl,1,US,2016
6518,W1505244248,xml_bibl,1,FR,2011
6520,W2169511760,xml_bibl,1,SI,2020
6520,W2531909931,xml_bibl,1,DE,2016
6536,W4256272487,xml_bibl,1,US,2006
6536,W2065139259,xml_bibl,1,CA,2010
6536,W2417625413,xml_bibl,1,NL,2015
6536,W2623988670,xml_bibl,1,NL,2017
6539,W2620233016,xml_bibl,1,ES;PT,2017
6539,W2173468644,xml_bibl,1,DK;ES,2014
6539,W2592825817,xml_bibl,1,ES,2017
6539,W3174655110,xml_doi_only,1,ES;FR,2023
6539,W6931634652,xml_doi_only,1,ES;PT,2017
6542,W2410635248,xml_bibl,1,DE;HK,2016
6542,W2621875361,xml_bibl,1,US,2017
6542,W87316157,xml_bibl,1,US,2014
6542,W2564406190,xml_bibl,1,GB,2016
6548,W2748142937,xml_bibl,1,US,2017
6548,W2461309163,xml_bibl,1,US,2016
6554,W2128955271,xml_bibl,1,US,2013
6559,W2560229946,xml_bibl,1,CO,2016
6560,W1981596558,xml_bibl,1,GB,2014
6561,W1986310535,xml_bibl,1,US,1989
6563,W4231135508,xml_bibl,1,US,2014
6568,W2507699548,xml_bibl,1,GB,2016
6568,W2112164461,xml_bibl,1,GB,2015
6577,W1658156241,xml_bibl,1,CH,2015
6578,W2058236716,xml_bibl,1,IT,2013
6578,W2012379344,xml_bibl,1,ES;IT,2013
6579,W2028695285,xml_bibl,1,FR,2014
6581,W2563017468,xml_bibl,1,DE,2016
6582,W1481186935,xml_doi_only,1,US,2015
6582,W2160525869,xml_doi_only,1,DE;NL,2014
6582,W2767637721,xml_doi_only,1,PT,2017
6582,W2753478003,xml_doi_only,1,US,2017
6587,W2767855016,xml_bibl,1,EG;ES,2017
6587,W2059526646,xml_bibl,1,AT,2015
6587,W2767225759,xml_bibl,1,AT,2017
6588,W2131182491,xml_bibl,1,US,2014
6635,W4250890287,xml_biblstruct,0.9882352941176472,US,1996
7854,W2058071972,xml_bibl,1,BE;DE;NL,2014
9716,W2008769382,xml_doi_only,1,US,2001
9725,W2174706414,xml_bibl,1,US,2012
9725,W1975879668,xml_bibl,1,US,1971
9725,W6911937916,xml_bibl,1,DE,2018
9725,W1825051614,xml_bibl,1,DE,2006
9725,W6931020666,xml_doi_only,1,DE,2019
9726,W2104756827,xml_bibl,1,BE,2013
9729,W2893001937,xml_bibl,1,SI,2018
9739,W1776823293,xml_doi_only,1,CN;US,2009
9740,W2735145739,xml_bibl,1,IE;US,2017
9750,W2620233016,xml_bibl,1,ES;PT,2017
9752,W4248903794,xml_bibl,1,DE,2019
9752,W1480197477,xml_bibl,1,DE;US,2014
9752,W2567325828,xml_bibl,1,DE;US,2016
9754,W2900326774,xml_bibl,1,US,2018
9759,W2760817094,xml_bibl,1,US,2017
9761,W2795779899,xml_bibl,1,BE;DE;PL,2018
9762,W2059479210,xml_bibl,1,IT,2014
9762,W1599928623,xml_bibl,1,IT,2006
9767,W1517278739,xml_bibl,0.9704537439755496,CA,2013
9767,W2779376275,xml_bibl,1,FR,2017
9768,W2088091054,xml_bibl,1,GB,2015
9768,W1499958408,xml_doi_only,1,AU;CH,2009
9770,W2019343796,xml_bibl,1,CA,2015
9770,W4255804082,xml_bibl,1,AU,2017
9770,W2019343796,xml_bibl,1,CA,2015
9771,W2119988049,xml_doi_only,1,NL,2006
9771,W2894345382,xml_doi_only,1,CA,2018
9777,W4255060347,xml_bibl,1,DE,2017
9778,W2596969499,xml_bibl,1,GB;IT,2005
9778,W2620364655,xml_bibl,1,CA,2005
9778,W2762447329,xml_doi_only,1,BE;DE;FR,2017
9778,W2603324824,xml_doi_only,1,GB,2007
9779,W2028016886,xml_bibl,1,CN;SE,2013
9779,W1964086885,xml_bibl,1,US,2009
9779,W1490410346,xml_bibl,1,IE,2010
9779,W1986723493,xml_bibl,1,IE,2008
9781,W2901143486,xml_bibl,1,IT,2018
9781,W2493097334,xml_bibl,1,IT,2016
9781,W2251602037,xml_bibl,1,DE,2015
9781,W1485092691,xml_bibl,1,IT,2017
9782,W6930368867,xml_bibl,1,AT;DE,2018
9786,W2126629849,xml_bibl,1,US,2015
9788,W2773351610,xml_bibl,1,CN,2017
9792,W2111183635,xml_bibl,1,US,2006
9792,W2110117288,xml_bibl,1,CA,2012
9793,W2098524338,xml_bibl,1,BE;GB;NL;NZ;US,2012
9793,W2077084243,xml_bibl,1,IT,2007
9793,W2029444220,xml_bibl,1,AU,1992
9804,W2560257216,xml_bibl,1,US,2018
9812,W2767750958,xml_bibl,1,SE;US,2018
9815,W4292887282,xml_bibl,1,US,1968
9815,W2769563773,xml_bibl,1,US,2017
9815,W2202953107,xml_bibl,1,CA,2015
9818,W1565341686,xml_doi_only,1,CA;KR,2014
9824,W6906429750,xml_doi_only,1,DE;RU,2018
9828,W2302501749,xml_bibl,1,BE;BR;CH;CN;DE;ES;GB;NL;SE;US,2016
9831,W2510221039,xml_doi_only,1,AT;DE,2016
9841,W2089259215,xml_bibl,1,CA,2010
9841,W4211064610,xml_bibl,1,US,2008
9841,W1578510241,xml_bibl,1,FI,2003
9842,W2793532927,xml_bibl,1,DE,2016
9842,W2809924942,xml_bibl,1,US,2018
9848,W2657046718,xml_doi_only,1,CN;GB;PK;ZA,2017
9852,W2751598070,xml_bibl,1,FR,2017
9853,W2805379486,xml_bibl,1,AT,2018
9853,W2047864778,xml_bibl,1,US,2009
9853,W2091636366,xml_bibl,1,US,2011
9853,W2133559194,xml_bibl,1,US,2015
9855,W2583135916,xml_bibl,1,CH,2017
9856,W2765151303,xml_bibl,1,DE,2017
9857,W2894904350,xml_doi_only,1,NL,2018
9857,W2787382873,xml_doi_only,1,DE,2012
9862,W2738700689,xml_bibl,1,US,2014
9862,W2186356639,xml_bibl,1,FI;NL,2015
9863,W2739985730,xml_bibl,1,GB,2017
9863,W2495148423,xml_bibl,1,SE,2016
9863,W2146220792,xml_bibl,1,NL,2012
9863,W2063434074,xml_bibl,1,FI;NL,2011
9863,W2217917685,xml_bibl,1,SE,2015
9863,W2734290118,xml_bibl,1,CN;HK;US,2017
9863,W2895982685,xml_bibl,1,US,2018
9863,W2000061444,xml_bibl,1,GB,2008
9863,W2510099718,xml_bibl,1,SE,2016
9863,W2069299826,xml_bibl,1,CZ,2012
9877,W1765144422,xml_bibl,1,US,2012
9893,W2772262375,xml_bibl,1,MX,2017
9896,W2892011190,xml_bibl,1,DE,2018
9911,W2035190383,xml_bibl,1,AT,2012
9914,W2234661834,xml_bibl,1,DE,2004
9914,W2603466734,xml_bibl,1,US,2017
9917,W2065139259,xml_bibl,1,CA,2010
9917,W2017483902,xml_bibl,1,US,1975
9917,W2188849270,xml_bibl,1,US,2015
9918,W2883763531,xml_doi_only,1,AT,2018
9919,W2121801714,xml_bibl,1,GB,2009
9919,W2048084432,xml_bibl,1,GB;US,2013
9920,W2901143486,xml_doi_only,1,IT,2018
9920,W3191367481,xml_doi_only,1,DE,2018
9921,W2901143486,xml_doi_only,1,IT,2018
9927,W2754566940,xml_bibl,1,US,2017
9938,W2057525273,xml_bibl,1,US,2008
9939,W4239510810,xml_bibl,1,US,1995
9939,W2149478650,xml_bibl,1,PL,2013
9948,W2761810437,xml_bibl,1,IT,2017
9948,W2338696281,xml_bibl,1,IT,2016
9948,W2799236380,xml_bibl,1,BE;IT,2017
9948,W1604953524,xml_bibl,1,US,2004
9948,W2761894951,xml_bibl,1,BG,2017
9949,W2061170058,xml_bibl,1,IT,2011
9949,W2558653299,xml_bibl,1,IT,2016
9949,W2742101368,xml_bibl,1,US,2017
9949,W2767339331,xml_bibl,1,GB;GR,2017
9949,W2747721582,xml_bibl,1,IT,2017
9949,W2606029294,xml_bibl,1,US,2017
9949,W2770169988,xml_bibl,1,GR,2017
9958,W2036699209,xml_bibl,1,GB,2013
9959,W2127192518,xml_bibl,1,GB,2011
9961,W2910465902,xml_bibl,1,FI,2019
9961,W2904245610,xml_bibl,1,FI,2018
9966,W2153108424,xml_bibl,1,GB,2006
9966,W2011669570,xml_bibl,1,DE,2009
9966,W6925147114,xml_bibl,1,DE,2018
9966,W2730027538,xml_bibl,1,CH;SE,2016
9966,W6906496562,xml_bibl,1,DE,2018
9969,W358099420,xml_bibl,1,US,2012
9969,W2167378365,xml_bibl,1,US,2012
9971,W2782717521,xml_bibl,1,DE;US,2018
9981,W2091822696,xml_bibl,1,DE;IT,2012
9983,W2606092537,xml_bibl,1,DE,2017
9985,W2583135916,xml_bibl,1,CH,2017
9985,W2789813717,xml_bibl,1,GB,2018
9985,W2568187431,xml_bibl,1,GB,2017
9985,W2406528403,xml_bibl,1,PL,2016
9985,W2904245610,xml_bibl,1,FI,2018
9987,W2168653510,xml_bibl,1,JP,2013
9990,W2474238744,xml_bibl,1,US,2016
9992,W2077632886,xml_bibl,1,CA,2007
9992,W2030972446,xml_bibl,1,DE,2010
9992,W2521275401,xml_bibl,1,NL,2016
9994,W1972458248,xml_bibl,1,NZ,2000
9994,W2103707024,xml_bibl,1,GB,2007
9995,W2573750093,xml_bibl,1,NL;US,2016
9995,W2803928621,xml_bibl,1,NL,2018
9996,W2106787459,xml_bibl,1,US,2013
9996,W2166138876,xml_bibl,1,FI,2011
9996,W1493753552,xml_bibl,1,FI,2013
9996,W2778482155,xml_bibl,1,IN,2017
9996,W2123152121,xml_bibl,1,US,2011
9998,W2158878127,xml_bibl,1,ES,2012
9998,W2173311347,xml_bibl,1,US,2014
9998,W2792422804,xml_bibl,1,ES,2018
9998,W2795779899,xml_bibl,1,BE;DE;PL,2018
9998,W1976267225,xml_bibl,1,ES;NL,2014
9998,W2889198729,xml_bibl,1,ES,2018
9998,W2792302727,xml_bibl,1,ES,2017
10000,W1948996485,xml_bibl,1,DE,2014
10000,W4393923467,xml_bibl,1,DE,2017
10000,W1964977182,xml_bibl,1,DE,2012
10003,W2963312144,xml_bibl,1,NL,2017
10004,W2765932569,xml_bibl,1,US,2017
10004,W1965599725,xml_bibl,1,CA;IT,2015
10004,W2254012214,xml_bibl,1,CH;US,2015
10010,W2147707543,xml_bibl,1,TW,2003
10012,W2145535121,xml_bibl,1,IR;MY;US,2013
10012,W2783099413,xml_bibl,1,GB,2018
10012,W2302501749,xml_bibl,1,BE;BR;CH;CN;DE;ES;GB;NL;SE;US,2016
10013,W1978555201,xml_bibl,1,BE;US;ZA,2011
10014,W1979813476,xml_bibl,1,US,2006
10014,W2111642621,xml_bibl,1,US,2004
10014,W4235169531,xml_bibl,1,US,1985
10014,W1970301364,xml_bibl,1,ES;IT;US,2011
10014,W2132202037,xml_bibl,1,US,2007
10014,W2168346701,xml_bibl,1,US,2007
10014,W2016381774,xml_bibl,1,US,1963
10015,W2174706414,xml_bibl,1,US,2012
10016,W2765151303,xml_bibl,1,DE,2017
10016,W2795779899,xml_bibl,1,BE;DE;PL,2018
10016,W2251049886,xml_bibl,1,BE,2014
10016,W2028701196,xml_bibl,1,BE,2013
10016,W2122640599,xml_bibl,1,GB,2011
10016,W4250089123,xml_bibl,1,GR,2008
10016,W2016381774,xml_bibl,1,US,1963
10029,W1970948046,xml_bibl,1,PL,2013
10029,W2765151303,xml_bibl,1,DE,2017
10029,W2316105199,xml_bibl,1,DE,2016
10029,W2030619639,xml_bibl,1,AU,2015
10029,W2893765306,xml_bibl,1,DE;IT,2018
10029,W2367932617,xml_bibl,1,GB,2016
10029,W2791378298,xml_bibl,1,NL,2018
10030,W2086873754,xml_doi_only,1,US,2007
10030,W2000567849,xml_doi_only,1,CH,2007
10030,W2142456483,xml_doi_only,1,US,1966
10035,W2915761118,xml_bibl,1,FR,2019
10036,W1951628766,xml_bibl,1,FR;US,2011
10037,W2076771101,xml_bibl,1,MX,2014
10037,W2791711530,xml_bibl,1,GB,2018
10038,W6894068518,xml_bibl,1,DE;MN;US,2017
10039,W2124401097,xml_bibl,1,US,2015
10042,W1993829301,xml_doi_only,1,IT;US,2014
10050,W2889315866,xml_bibl,1,GB;US,2018
10050,W2762344494,xml_bibl,1,IT,2017
10053,W2573750093,xml_doi_only,1,NL;US,2016
10053,W6943644750,xml_doi_only,1,DE;NL,2016
10053,W2109262094,xml_doi_only,1,NL,2014
10060,W2096394736,xml_bibl,1,GB,2013
10065,W2015191210,xml_bibl,1,DE;US,2009
10070,W2181995626,xml_bibl,1,US,2015
10072,W2911269178,xml_bibl,1,GB,2019
10074,W2110510858,xml_bibl,1,CH,2014
10074,W168939352,xml_bibl,1,DE;US,2014
10074,W2058071972,xml_bibl,1,BE;DE;NL,2014
10074,W2787743659,xml_bibl,1,DE,2017
10074,W2514031637,xml_bibl,1,BE,2016
10074,W2069188354,xml_bibl,1,GB,1989
10074,W1973470310,xml_bibl,1,AU;US,1969
10079,W2903298154,xml_bibl,1,CA;DE;SA;US,2018
10079,W2127954254,xml_bibl,1,IN,2010
10082,W2487564270,xml_bibl,1,IT,2016
10083,W2487564270,xml_bibl,1,IT,2016
10084,W4230543443,xml_doi_only,1,FR,2017
10086,W2896419327,xml_bibl,1,FI,2018
10087,W2952582174,xml_bibl,1,FR;IL,2019
10088,W2414682136,xml_bibl,1,PL,2010
10088,W4205460017,xml_bibl,1,US,2011
10088,W2078277523,xml_bibl,1,CN,2013
10088,W2810393426,xml_bibl,1,CA,2019
10096,W2137763598,xml_bibl,1,CA,2004
10097,W2760476461,xml_doi_only,1,CN,2017
10097,W2097921961,xml_doi_only,1,CN,2009
10097,W2103017773,xml_doi_only,1,US,2008
10108,W2096765155,xml_bibl,1,US,2005
10108,W2186356639,xml_bibl,1,FI;NL,2015
10108,W2005024168,xml_bibl,1,FR,2013
10111,W2809854951,xml_doi_only,1,AU;DE,2018
10111,W2914595506,xml_doi_only,1,NL,2019
10114,W2895553377,xml_bibl,1,CA;GB;IE;IL,2018
10114,W2765415921,xml_bibl,1,NL,2017
10114,W6943869855,xml_bibl,1,NL,2012
10114,W2166048187,xml_bibl,1,CA,2012
10114,W2140910804,xml_bibl,1,US,2009
10116,W2339840868,xml_bibl,1,IT;US,2016
10116,W2590212478,xml_bibl,1,AT;NL,2017
10117,W2113877376,xml_bibl,1,CA,2011
10117,W4252289828,xml_bibl,1,DE,2015
10117,W1728530420,xml_bibl,1,GB,2011
10117,W2127734388,xml_bibl,1,US,2003
10117,W2080723035,xml_bibl,1,GB,2007
10119,W2912335273,xml_doi_only,1,IL,2019
10119,W2774980958,xml_doi_only,1,NO;UA,2017
10120,W1721376966,xml_doi_only,1,FR,2013
10122,W2883763531,xml_bibl,1,AT,2018
10124,W2791711530,xml_bibl,1,GB,2018
10125,W2033154143,xml_bibl,1,IT,2007
10125,W2547745290,xml_bibl,1,DE,2016
10125,W2001496424,xml_bibl,1,CL,2001
10127,W2902508773,xml_bibl,1,AT;IE,2018
10127,W2559941959,xml_bibl,1,AT;ES,2016
10127,W1987172718,xml_bibl,1,GB,2009
10131,W2900754149,xml_bibl,1,DE,2018
10131,W2901883762,xml_bibl,1,DE,2018
10131,W2811235538,xml_bibl,1,CZ;DE,2018
10136,W2514454423,xml_bibl,1,US,2016
10136,W2067481201,xml_bibl,1,US,1987
10136,W2806668993,xml_bibl,1,DE,2018
10136,W1938298890,xml_bibl,1,DE;US,2008
10136,W1744653234,xml_bibl,1,DE,2009
10137,W2806668993,xml_bibl,1,DE,2018
10137,W1938298890,xml_bibl,1,DE;US,2008
10138,W3210348128,xml_bibl,1,IE,2019
10141,W2528611437,xml_bibl,1,DE,2016
10141,W2330763494,xml_bibl,1,DE,2015
10141,W2883763531,xml_bibl,1,AT,2018
10145,W2893933684,xml_bibl,1,GB,2018
10146,W6930859263,xml_bibl,1,DE;US,2016
10146,W6931253515,xml_bibl,1,DE;US,2017
10146,W2938301417,xml_bibl,1,US,2019
10146,W6968346660,xml_bibl,1,CA;US,2019
10503,W2004739122,xml_bibl,1,DE,2015
10509,W1917410257,xml_bibl,1,DE,2015
10510,W2081514874,xml_bibl,1,US,2007
10510,W2004340073,xml_bibl,1,PL,2013
10510,W1970948046,xml_bibl,1,PL,2013
10510,W1970948046,xml_bibl,1,PL,2013
10510,W2146793826,xml_bibl,1,PL,2011
10510,W4296471285,xml_bibl,1,DE,2015
10510,W2143426320,xml_bibl,1,US,2002
10510,W2025882237,xml_bibl,1,CA,2007
10510,W2040162312,xml_bibl,1,US,2004
10510,W4241151676,xml_bibl,1,US,2004
10510,W2139445257,xml_bibl,1,BE,2012
10510,W2092743872,xml_bibl,1,DE;GB,2011
10510,W2165431734,xml_bibl,1,GR,2000
10515,W2137249711,xml_bibl,1,BE;FR;GB,2013
10533,W2548085508,xml_bibl,1,FR,2015
10554,W2110510858,xml_bibl,1,CH,2014
10554,W2058071972,xml_bibl,1,BE;DE;NL,2014
10560,W70162963,xml_doi_only,1,DE,2015
10561,W1978181142,xml_bibl,1,CA,2006
10561,W2031253971,xml_bibl,1,US,2008
10561,W2071238250,xml_doi_only,1,IE,2006
10577,W2169248012,xml_bibl,1,DE;US,2013
10584,W2343241637,xml_bibl,1,NL,2016
10589,W1776391388,xml_bibl,1,GB,2015
10589,W1550341078,xml_bibl,1,CA,2014
10589,W2093505263,xml_bibl,1,US,2004
10590,W2174706414,xml_bibl,1,US,2012
10600,W2036379231,xml_bibl,1,DE,2015
10605,W2085153875,xml_bibl,1,DE,2015
10614,W2067130497,xml_bibl,1,DE;US,2014
10614,W1610125115,xml_bibl,1,SE,2011
10614,W2117772055,xml_bibl,1,IT,2011
10616,W2174706414,xml_bibl,1,US,2012
10617,W35086054,xml_bibl,1,US,2011
10617,W2530151296,xml_bibl,1,DE;US,2016
10617,W2077419346,xml_bibl,1,US,1991
10623,W2473994494,xml_bibl,1,DE,2016
10626,W2159397589,xml_bibl,1,US,2009
10626,W1965920543,xml_bibl,1,US,2012
10635,W2004340073,xml_bibl,1,PL,2013
10635,W1970948046,xml_bibl,1,PL,2013
10635,W2146793826,xml_bibl,1,PL,2011
10635,W4296471285,xml_bibl,1,DE,2015
10635,W4241151676,xml_bibl,1,US,2004
10638,W1500693574,xml_bibl,1,RU;US,2012
10640,W2516678343,xml_bibl,1,US,2016
10653,W2074520033,xml_bibl,1,DE,2014
10656,W6893389783,xml_doi_only,1,DE,2016
10660,W2466716993,xml_bibl,1,DE,2016
10661,W2099741957,xml_bibl,1,DE,2008
10664,W2257437519,xml_bibl,1,IT,2016
10664,W2079247256,xml_bibl,1,FI,2000
10667,W2470839140,xml_bibl,1,DE,2016
10667,W2461048813,xml_bibl,1,DE,2016
10669,W2129615061,xml_bibl,1,GB;GR,2012
10672,W2461048813,xml_bibl,1,DE,2016
10673,W2051877961,xml_bibl,1,US,2006
10677,W2067811068,xml_bibl,1,CA,2008
10677,W2069901186,xml_bibl,1,KW,2003
10677,W2159553441,xml_bibl,1,FI;GB;SE,2014
10677,W1684840287,xml_bibl,1,BE,2009
10677,W1506025786,xml_bibl,1,GR;MX,2013
10679,W2470839140,xml_bibl,1,DE,2016
10681,W2528611437,xml_bibl,1,DE,2016
10690,W2091780959,xml_doi_only,1,EE;US,1990
10690,W2508577670,xml_doi_only,1,IT,2009
10692,W2801030384,xml_bibl,1,DE,2017
10694,W2153480432,xml_bibl,1,DE,2009
10694,W2017671454,xml_bibl,1,CA,2008
10694,W70910767,xml_bibl,1,DE,2014
10694,W2045749853,xml_bibl,1,GB,1980
10694,W2621065906,xml_bibl,1,CA;US,2017
10694,W777131852,xml_bibl,1,DE,2015
10694,W4248575338,xml_bibl,1,CA,2002
10699,W2618360734,xml_bibl,1,DE,2017
10700,W1477691519,xml_bibl,1,GB,2014
10700,W2731189061,xml_bibl,1,CH;DE;DK;GB;NL;US;ZA,2017
10700,W2118137100,xml_bibl,1,US,2012
10704,W2004340073,xml_bibl,1,PL,2013
10704,W1970948046,xml_bibl,1,PL,2013
10704,W4296471285,xml_bibl,1,DE,2015
10705,W3122548859,xml_bibl,1,US,2016
10705,W2527734161,xml_bibl,1,IT,2016
10705,W2547745290,xml_bibl,1,DE,2016
10705,W2144977042,xml_bibl,1,FI,2012
10706,W1601880167,xml_bibl,1,US,2012
10706,W2547745290,xml_bibl,1,DE,2016
10706,W2544061660,xml_bibl,1,DE,2016
10706,W1861492603,xml_bibl,1,US,2014
10708,W6948950849,xml_bibl,1,DE,2018
10708,W6911450334,xml_bibl,1,US,2017
10710,W2473317074,xml_bibl,1,DE,2016
10712,W2526593884,xml_bibl,1,DE;GB,2016
10714,W2524164223,xml_bibl,1,US,2016
10714,W2552787576,xml_bibl,1,CA,2016
10714,W2522997537,xml_bibl,1,CA,2016
10714,W2522857532,xml_bibl,1,US,2016
10714,W2523265094,xml_bibl,1,GB,2016
10717,W2561816456,xml_doi_only,1,RU,2016
10719,W2617002442,xml_bibl,1,CA;GB,2008
10724,W4205460017,xml_bibl,1,US,2011
10724,W2053440061,xml_bibl,1,US,2015
10724,W2552787576,xml_bibl,1,CA,2016
10724,W1999797504,xml_bibl,1,AU,2014
10727,W2470839140,xml_doi_only,1,DE,2016
10735,W2174706414,xml_bibl,1,US,2012
10740,W2032223184,xml_bibl,1,DE,2014
10745,W4244743760,xml_bibl,0.96,US,2006
10749,W2470839140,xml_doi_only,1,DE,2016
10749,W2461969232,xml_doi_only,1,DE,2016
10751,W2516678343,xml_bibl,1,US,2016
10754,W1593799278,xml_bibl,0.9592233009708738,DE,2014
10759,W2765151303,xml_bibl,1,DE,2017
10759,W2609343816,xml_bibl,1,US,2017
10764,W2104131505,xml_bibl,1,GB,2013
10773,W4238017106,xml_bibl,1,FR,2016
10782,W2285902059,xml_doi_only,1,DE,2015
10783,W2091822696,xml_doi_only,1,DE;IT,2012
10784,W2091240496,xml_bibl,1,DE;FR;US,2014
10784,W2130450302,xml_bibl,1,US,2011
10784,W2175597406,xml_bibl,1,GB,2013
10784,W2067130497,xml_bibl,1,DE;US,2014
10784,W2557768656,xml_bibl,1,DE;US,2016
10787,W2174706414,xml_bibl,1,US,2012
10790,W2081514874,xml_bibl,1,US,2007
10790,W2765151303,xml_bibl,1,DE,2017
10790,W2092743872,xml_bibl,1,DE;GB,2011
10791,W2112796928,xml_bibl,1,CA;US,1998
10791,W1861492603,xml_bibl,1,US,2014
10791,W2117539524,xml_bibl,1,US,2015
10796,W2625465398,xml_bibl,1,US,2017
10801,W2173468644,xml_bibl,1,DK;ES,2014
10801,W2592825817,xml_bibl,1,ES,2017
10801,W3174655110,xml_doi_only,1,ES;FR,2023
10802,W4241838627,xml_bibl,1,GB;US,1995
10803,W2044360356,xml_bibl,1,US,2014
10808,W2014864037,xml_bibl,1,AU,2006
10808,W2057525273,xml_bibl,1,US,2008
10808,W4211148787,xml_bibl,1,GB,2001
10808,W2159553441,xml_bibl,1,FI;GB;SE,2014
10808,W2021581601,xml_bibl,1,AU,2010
10812,W2657046718,xml_bibl,1,CN;GB;PK;ZA,2017
10812,W1599633451,xml_doi_only,1,GB,2014
10816,W70162963,xml_bibl,1,DE,2015
10817,W4238794129,xml_bibl,1,AU;GB,2012
10826,W2561816456,xml_bibl,1,RU,2016
10827,W2470839140,xml_bibl,1,DE,2016
10827,W2079362959,xml_bibl,1,IT,1973
10835,W2754254297,xml_bibl,1,DE,2017
10836,W2065139259,xml_bibl,1,CA,2010
10836,W2017483902,xml_bibl,1,US,1975
10836,W2188849270,xml_bibl,1,US,2015
10839,W2782293788,xml_bibl,1,DE,2018
10853,W2503603735,xml_bibl,1,US,2014
10853,W2014286915,xml_bibl,1,DE;NL,2014
10856,W769228992,xml_bibl,1,DE;GB,2015
10856,W2794821671,xml_bibl,1,DE,2018
10858,W2547745290,xml_bibl,1,DE,2016
10858,W2080100102,xml_bibl,1,US,1965
10864,W2761810437,xml_bibl,1,IT,2017
10864,W2524842539,xml_bibl,1,DE,2016
10864,W1222975311,xml_bibl,1,US,2012
10864,W2774953364,xml_bibl,1,DE,2017
10864,W2526106007,xml_bibl,1,DE;PL,2016
10864,W2001708035,xml_bibl,1,US,2013
10867,W6906429750,xml_doi_only,1,DE;RU,2018
10870,W6925177586,xml_bibl,1,DE,2018
10884,W6892688001,xml_bibl,1,AT,2018
10884,W2763927193,xml_bibl,1,DE,2017
10886,W6906496562,xml_bibl,1,DE,2018
10887,W2219216336,xml_bibl,1,GB;US,2015
10891,W2754254297,xml_bibl,1,DE,2017
10892,W2801030384,xml_bibl,1,DE,2017
10892,W2004340073,xml_bibl,1,PL,2013
10892,W1970948046,xml_bibl,1,PL,2013
10892,W4296471285,xml_bibl,1,DE,2015
10898,W1983704199,xml_bibl,1,US,2008
10898,W2803609932,xml_bibl,1,BR,2018
10898,W2752167790,xml_bibl,1,CH;GB;US,2017
10900,W2035251626,xml_bibl,1,CA,2006
10906,W2414682136,xml_bibl,1,PL,2010
10906,W6925942884,xml_bibl,1,AU;DE,2017
10906,W128367078,xml_bibl,1,FR;US,2007
10906,W2464648470,xml_bibl,1,DE,2010
10911,W1990587423,xml_bibl,1,AT;DE,2010
10913,W2767120523,xml_bibl,1,US,2017
10913,W2067847281,xml_bibl,1,DE,2011
10914,W2015850049,xml_bibl,1,DE,2014
10914,W2793532927,xml_bibl,1,DE,2016
10919,W2150481357,xml_bibl,1,ES,2013
10923,W2892332415,xml_bibl,1,AT,2018
10924,W2325553602,xml_bibl,1,US,2015
10926,W1975615174,xml_bibl,1,GB;US,2009
10933,W4232498459,xml_bibl,1,US,2013
10933,W2894428786,xml_bibl,1,LU,2018
10933,W4255060347,xml_bibl,1,DE,2017
10934,W6949929080,xml_bibl,1,DE,2018
10935,W2174706414,xml_bibl,1,US,2012
10936,W4255060347,xml_bibl,1,DE,2017
10938,W2012914609,xml_bibl,1,ES;PT,2005
10938,W2801227764,xml_bibl,1,DE,2018
10938,W2277931188,xml_bibl,1,ES;MX,2016
10938,W2065627366,xml_bibl,1,US,1994
10938,W2028742638,xml_bibl,1,NL,2015
10938,W2108325777,xml_bibl,1,US,2004
10938,W2156170481,xml_bibl,1,US,1997
10938,W1819903106,xml_bibl,1,US,2002
10938,W2120699290,xml_bibl,1,IT,2012
10938,W2494589370,xml_bibl,1,DE;US,2016
10938,W2278854812,xml_bibl,1,DE,2018
10938,W165430317,xml_bibl,1,PL,2014
10939,W2088532286,xml_bibl,1,US,2014
10939,W2471028124,xml_bibl,1,DE,2015
10939,W2157922230,xml_bibl,1,AU;GB,2014
10940,W2161484642,xml_bibl,1,US,1983
10940,W1987513739,xml_bibl,1,ES,1994
10940,W2263958115,xml_bibl,1,GB,2015
10940,W2058702778,xml_bibl,1,AU;CA,1993
10940,W2070745908,xml_bibl,1,IL;US,1998
10940,W1975442866,xml_bibl,1,US,2009
10940,W2006134061,xml_bibl,1,BE,2008
10944,W2754254297,xml_doi_only,1,DE,2017
10945,W2900141533,xml_bibl,1,DE,2018
10946,W6967825551,xml_bibl,1,AT,2018
10947,W2523604920,xml_bibl,1,IT,2016
10947,W2769497875,xml_bibl,1,NL;US,2017
10947,W2906665827,xml_bibl,1,US,2018
10947,W2091780959,xml_bibl,1,EE;US,1990
10947,W2030972446,xml_bibl,1,DE,2010
10947,W2507246375,xml_bibl,1,US,2012
10949,W2018920031,xml_bibl,1,DE;US,2015
10950,W2056944867,xml_bibl,1,US,1978
10950,W1967390364,xml_doi_only,1,US,1948
10951,W7138923201,xml_bibl,1,US,2026
10954,W1989661826,xml_bibl,1,FR,2008
10956,W4246027123,xml_bibl,1,DE,2013
10957,W6887638383,xml_bibl,1,DE,2018
10958,W4240633527,xml_bibl,1,AT;CH;DE,2013
10958,W2883763531,xml_bibl,1,AT,2018
10963,W2159247125,xml_bibl,1,CA,2011
10963,W2753171348,xml_bibl,1,US,2017
10963,W2801516600,xml_bibl,1,AT;DE,2018
10963,W2885202565,xml_bibl,1,AT,2018
10967,W6892688001,xml_doi_only,1,AT,2018
10967,W2666003972,xml_doi_only,1,DE,2017
10967,W2118129210,xml_doi_only,1,DK,2014
10970,W2949376760,xml_bibl,1,IN,2019
10970,W1979471112,xml_bibl,1,GB,2005
10970,W2925806266,xml_bibl,1,AT;DE;FR;RU,2019
10970,W2904024594,xml_bibl,1,US,2016
10970,W2184810749,xml_bibl,1,NL,2012
10970,W2050784591,xml_bibl,1,US,2002
10971,W6943810690,xml_doi_only,1,DE,2019
10971,W2966999375,xml_doi_only,1,AT;DE,2019
10971,W2911295314,xml_doi_only,1,IT,2019
10972,W2092349521,xml_doi_only,1,US,2002
10972,W6893671294,xml_doi_only,1,DE,2019
10972,W1972126978,xml_doi_only,1,SE,2002
10972,W2258117333,xml_doi_only,1,GB,2015
10972,W2137045791,xml_doi_only,1,NL,2008
10972,W2088564338,xml_doi_only,1,NL,2005
10975,W2953417592,xml_bibl,1,CH;DE,2019
10977,W2949780281,xml_bibl,1,AT;CH;DE;ES;FI;GB;GR,2019
10980,W2808940002,xml_bibl,1,AT,2018
10980,W2316577050,xml_bibl,1,AT,2016
10988,W2223092947,xml_bibl,1,US,2019
10988,W1583667855,xml_doi_only,1,FR,2010
10988,W2147462660,xml_doi_only,1,DK,2012
10988,W4300801043,xml_doi_only,1,DE;US,2016
10988,W2893710235,xml_doi_only,1,US,2018
10991,W4393485820,xml_doi_only,1,DE,2020
10992,W6962973153,xml_bibl,1,DE,2015
10993,W6906429750,xml_doi_only,1,DE;RU,2018
10995,W6925081237,xml_bibl,1,DE,2019
10997,W1927727507,xml_bibl,1,IN,2010
10997,W2093605115,xml_bibl,1,CN,2008
10997,W2006604430,xml_bibl,1,FR;GB,2014
10997,W2001082470,xml_bibl,1,US,2004
10999,W2399632649,xml_bibl,1,DE,2015
10999,W2777794874,xml_doi_only,1,US,2017
11000,W2275656195,xml_doi_only,1,US,2015
11001,W2805379486,xml_bibl,1,AT,2018
11001,W2890802767,xml_bibl,1,DE,2018
11002,W6925081237,xml_bibl,1,DE,2019
11004,W2526593884,xml_bibl,1,DE;GB,2016
11013,W6906429750,xml_doi_only,1,DE;RU,2018
11016,W1855078745,xml_bibl,1,BE;NL,2015
11016,W6931395389,xml_doi_only,1,GB,2019
11017,W6931032414,xml_bibl,1,DE,2020
11017,W2973894996,xml_bibl,1,DE,2019
11022,W6887593785,xml_bibl,1,DE,2017
11023,W3083337566,xml_bibl,1,DE;FR,2019
11024,W6925147114,xml_bibl,1,DE,2018
11024,W3208181977,xml_doi_only,1,DE,2019
11027,W2951187834,xml_bibl,1,GB,2019
11027,W2736287575,xml_doi_only,1,IL,2012
11031,W6893671294,xml_doi_only,1,DE,2019
11032,W2136783211,xml_bibl,1,SE,2015
11033,W2087628652,xml_bibl,1,DE;ES;GB;LU;ZA,2015
11033,W2905218413,xml_doi_only,1,DE,2018
11033,W2904196061,xml_doi_only,1,DE,2018
11033,W2943033516,xml_doi_only,1,DE,2019
11033,W6931007017,xml_doi_only,1,DE,2019
11037,W1973578915,xml_bibl,1,US,1991
11037,W2098746383,xml_bibl,1,US,1992
11040,W2805379486,xml_doi_only,1,AT,2018
11043,W2903298154,xml_bibl,1,CA;DE;SA;US,2018
11043,W2127954254,xml_bibl,1,IN,2010
11051,W6912420954,xml_doi_only,1,DE,2019
11056,W2070103088,xml_bibl,1,AU;MY,2009
11056,W4207017606,xml_bibl,1,AU,2009
11056,W2302501749,xml_bibl,1,BE;BR;CH;CN;DE;ES;GB;NL;SE;US,2016
11057,W4229494842,xml_bibl,1,US,2017
11057,W2792641098,xml_bibl,1,US,2018
11058,W6906429750,xml_bibl,1,DE;RU,2018
11061,W6925147114,xml_bibl,1,DE,2018
11061,W2908217340,xml_bibl,1,CA;LB;US,2019
11061,W2955979802,xml_bibl,1,DE,2019
11061,W2090687959,xml_bibl,1,DE,2014
11063,W2967768991,xml_doi_only,1,AT;DE;IT,2019
11065,W2492922441,xml_bibl,1,CN;GB;MX;SA;SG,2016
11065,W2764235766,xml_bibl,1,GB,2017
11065,W2607331267,xml_bibl,1,GB,2017
11070,W2127587224,xml_bibl,1,NL;US,2008
11070,W2070205520,xml_bibl,1,CZ;US,2014
11070,W2482994513,xml_bibl,1,NL;US,2014
11071,W2547745290,xml_bibl,1,DE,2016
11071,W2936503027,xml_bibl,1,US,2019
11071,W2797199205,xml_bibl,1,DE,2018
11075,W1500693574,xml_bibl,1,RU;US,2012
11079,W2794612894,xml_bibl,1,US,2018
11079,W2740717536,xml_bibl,1,GB,2017
11083,W6906128338,xml_bibl,1,DE,2018
11083,W2570870113,xml_bibl,1,DE,2016
11092,W6925147114,xml_bibl,1,DE,2018
11092,W6887639940,xml_bibl,1,RU,2018
11092,W2157922230,xml_bibl,1,AU;GB,2014
11092,W2526593884,xml_doi_only,1,DE;GB,2016
11094,W2765151303,xml_doi_only,1,DE,2017
11704,W3153785672,xml_bibl,1,IT;SI,2021
11704,W2582947585,xml_bibl,1,NL,2017
11704,W1490094884,xml_bibl,1,NO,2007
11704,W150699991,xml_bibl,1,DE;US,2014
11704,W2171310595,xml_bibl,1,IT,2015
11704,W3096218982,xml_bibl,1,CA,2020
11705,W3157297172,xml_bibl,1,US,2021
11705,W2040150143,xml_bibl,1,GB,2012
11705,W2535365587,xml_bibl,1,GB,2016
11706,W1984284869,xml_bibl,1,CA,1966
11707,W2526593884,xml_bibl,1,DE;GB,2016
11708,W2139946344,xml_bibl,1,DE,2015
11708,W2574754003,xml_bibl,1,DE;US,2016
11708,W3112784172,xml_bibl,1,DE,2020
11708,W2256794907,xml_bibl,1,DE,2014
11708,W3034158220,xml_bibl,1,US,2020
11708,W3094140582,xml_bibl,1,DE;TW,2021
11708,W2414270688,xml_bibl,1,JP,2015
11708,W1568511037,xml_bibl,1,DE,2010
11708,W2037228293,xml_bibl,1,DE,2013
11708,W2324777689,xml_bibl,1,DE,2015
11708,W2980783467,xml_bibl,1,DE,2019
11708,W3109670622,xml_bibl,1,DE,2020
11714,W3201713007,xml_bibl,1,US,2019
11715,W2995054019,xml_bibl,1,DE;ES,2019
11715,W3174007554,xml_bibl,1,US,2021
11715,W2935939699,xml_bibl,1,ES,2019
11715,W3001434439,xml_bibl,1,IL;US,2020
11715,W2798362442,xml_bibl,1,DE,2018
11715,W2948223045,xml_bibl,1,US,2019
11715,W3201414383,xml_bibl,1,ES,2021
11715,W3169483174,xml_bibl,1,US,2021
11716,W2970540476,xml_doi_only,1,DE,2019
11716,W2970861400,xml_doi_only,1,DE,2018
11722,W2092716238,xml_bibl,1,US,1993
11722,W1548374273,xml_bibl,1,IL,2013
11725,W3048724100,xml_bibl,1,GB,2020
11725,W2885159198,xml_bibl,1,GB;US,2019
11725,W4206144622,xml_bibl,1,GB,2021
11728,W2240774691,xml_bibl,1,GB;IE,2010
11728,W111632462,xml_bibl,1,AU,2001
11728,W2949619143,xml_bibl,1,NL,2019
11728,W1976529074,xml_bibl,1,GB;US,1997
11728,W2782497824,xml_bibl,1,NL,2017
11728,W2126351705,xml_bibl,1,GB,2009
11730,W2898401058,xml_bibl,1,SA;US,2018
11732,W2530151296,xml_bibl,1,DE;US,2016
11732,W2077419346,xml_bibl,1,US,1991
11733,W2027068576,xml_bibl,1,GB,2005
11736,W6912727686,xml_bibl,1,CA,2021
11736,W6887795132,xml_bibl,1,CA,2021
11737,W2173085103,xml_bibl,1,US,2015
11737,W3033442791,xml_bibl,1,GB,2020
11737,W3041501620,xml_bibl,1,US,2020
11738,W3180936257,xml_bibl,1,CN,2021
11741,W6968992225,xml_bibl,1,FR,2021
11741,W3170599566,xml_doi_only,1,FR,2021
11742,W2966559634,xml_bibl,1,BR,2019
11742,W2739322668,xml_bibl,1,US,2017
11742,W4289423021,xml_bibl,1,NO,2018
11742,W1707236347,xml_bibl,1,CA,2011
11743,W6949549905,xml_bibl,1,CN,2023
11744,W2897630418,xml_doi_only,1,AU;BE,2018
11744,W2953821062,xml_doi_only,1,AU;CH;DE;US,2019
11744,W2083370608,xml_doi_only,1,BR,2012
11744,W1974654105,xml_doi_only,1,BR,2014
11755,W2802076461,xml_bibl,1,NL,2018
11755,W2940225719,xml_bibl,1,GB,2019
11755,W2766786822,xml_bibl,1,GB,2017
11755,W4393484795,xml_bibl,1,LU,2021
11755,W6968787520,xml_bibl,1,LU,2021
11755,W2801516600,xml_bibl,1,AT;DE,2018
11761,W2810393426,xml_doi_only,1,CA,2019
11765,W2128955271,xml_bibl,1,US,2013
11766,W2149055390,xml_bibl,1,ES;FR,2004
11766,W6912431688,xml_doi_only,1,GB,2021
11769,W3032991123,xml_bibl,1,NL,2020
11769,W4393596808,xml_doi_only,1,CH,2022
11770,W2482043750,xml_bibl,1,KR,2016
11771,W2894607199,xml_bibl,1,FR,2019
11771,W4288083516,xml_bibl,1,CH;US,2018
11771,W1861492603,xml_bibl,1,US,2014
11771,W3130362456,xml_bibl,1,ES,2020
11771,W2117539524,xml_bibl,1,US,2015
11771,W3166389337,xml_bibl,1,DE,2021
11772,W4288577476,xml_bibl,1,BE,2019
11772,W6949460393,xml_bibl,1,BE;CA,2018
11772,W3037396094,xml_bibl,1,AU;CA;GB;US,2020
11773,W2972341520,xml_bibl,1,AU;CN,2019
11776,W3032505619,xml_bibl,1,CN,2020
11776,W2966366179,xml_bibl,1,RS,2019
11776,W2969702528,xml_bibl,1,PL,2019
11776,W2976653079,xml_bibl,1,DE,2019
11779,W3179592931,xml_bibl,1,UA,2021
11779,W2926555354,xml_bibl,1,GB;US,2019
11780,W2807488797,xml_bibl,1,ES,2018
11782,W2991303833,xml_bibl,1,NO,2019
11782,W2998523903,xml_bibl,1,DE,2019
11782,W2040467972,xml_bibl,1,CA,2012
11782,W4220744172,xml_bibl,1,CH;DE,2022
11782,W2469055036,xml_bibl,1,AU;US,2016
11782,W2096452841,xml_bibl,1,CA;US,1981
11783,W3035621160,xml_bibl,1,US,2020
11783,W3197451302,xml_bibl,1,CA;US,2021
11783,W2906783149,xml_bibl,1,IT,2018
11783,W1807256410,xml_bibl,1,US,2015
11783,W3039824088,xml_bibl,1,US,2020
11784,W2955244474,xml_bibl,1,GB;NL;US,2020
11785,W4251605192,xml_bibl,1,US,2014
11787,W3208487370,xml_bibl,1,CZ,2021
11788,W6893952942,xml_doi_only,1,AT,2022
11790,W3211217078,xml_bibl,1,AT;DE;DK;RU,2019
11790,W2953647140,xml_bibl,1,FR,2019
11790,W6906429750,xml_bibl,1,DE;RU,2018
11794,W2902054591,xml_bibl,1,GB,2018
11795,W3209609048,xml_bibl,1,JP,2021
11795,W4393816883,xml_bibl,1,CN;JP,2021
11800,W2103219254,xml_bibl,1,US,2014
11800,W2948882406,xml_bibl,1,AU;US,2019
11800,W2092743872,xml_bibl,1,DE;GB,2011
11804,W3174098064,xml_bibl,1,US,2021
11805,W2050762370,xml_bibl,1,US,2014
11810,W2886690326,xml_bibl,1,IN,2018
11811,W4200162648,xml_bibl,1,DE;US,2021
11812,W2023165546,xml_bibl,1,US,2010
11812,W2012217809,xml_bibl,1,US,2010
11812,W2086096185,xml_bibl,1,US,2014
11812,W1969790497,xml_bibl,1,US,2015
11812,W2005362678,xml_bibl,1,US,2013
11812,W2040568123,xml_bibl,1,HU;US,2013
11813,W2339562889,xml_bibl,1,DE,2015
11816,W3098130354,xml_bibl,1,US,2021
11820,W2765151303,xml_bibl,1,DE,2017
11820,W2784473403,xml_bibl,1,MX,2018
11820,W2054151502,xml_bibl,1,US,2007
11820,W2008347746,xml_bibl,1,US,2013
11821,W2469989167,xml_bibl,1,FR;PK,2016
11822,W2547160040,xml_bibl,1,NL,2016
11822,W2978185095,xml_bibl,1,US,2019
11823,W2962730651,xml_bibl,1,US,2019
11823,W2795540509,xml_bibl,1,CH,2018
11823,W2965570799,xml_bibl,1,FR;US,2019
11824,W3132936636,xml_bibl,1,CH,2021
11824,W2928915328,xml_bibl,1,US,2019
11824,W4300827275,xml_bibl,1,US,2016
11828,W2108825259,xml_bibl,1,US,2013
11829,W3153865529,xml_bibl,1,US,2021
11835,W3089609260,xml_bibl,1,ES,2020
11835,W3032028102,xml_bibl,1,DE;ES,2020
11836,W3159496320,xml_bibl,1,DE,2021
11838,W2053804523,xml_bibl,1,GB,2005
11838,W2036699209,xml_bibl,1,GB,2013
11838,W6887767750,xml_bibl,1,US,2020
11842,W2898506642,xml_bibl,1,DE,2018
11842,W2904010535,xml_bibl,1,US,2018
11842,W6909147411,xml_bibl,1,DE,2019
11842,W2302501749,xml_bibl,1,BE;BR;CH;CN;DE;ES;GB;NL;SE;US,2016
11843,W2789906209,xml_bibl,1,GB,2018
11843,W3207608052,xml_bibl,1,GB,2021
11847,W1859306660,xml_bibl,1,US,2015
11847,W2163781300,xml_bibl,1,CA,2013
11847,W2515403157,xml_bibl,1,CA,2016
11848,W2606644626,xml_bibl,1,US,2017
11848,W3207232223,xml_bibl,1,GB,2021
11848,W2151419531,xml_bibl,1,US,2014
11848,W3213462364,xml_bibl,1,US,2021
11848,W2005362678,xml_bibl,1,US,2013
11850,W3140293287,xml_bibl,1,FI,2021
11850,W2187569332,xml_bibl,1,NL,2016
11851,W2038446658,xml_bibl,1,US,1976
11851,W2166947488,xml_bibl,1,DK,2011
11851,W2903612697,xml_bibl,1,PT,2018
11851,W3210920047,xml_bibl,1,IT,2021
11851,W3126278763,xml_bibl,1,CN,2021
11851,W2048600471,xml_bibl,1,US,1999
11854,W3153225109,xml_doi_only,1,IN,2021
11854,W2134614734,xml_doi_only,1,CH;DE,2009
11854,W2787677190,xml_doi_only,1,AT,2017
11854,W2762447329,xml_doi_only,1,BE;DE;FR,2017
11854,W2984055017,xml_doi_only,1,FR,2019
11854,W3217270401,xml_doi_only,1,FR,2021
11857,W2739351760,xml_bibl,1,ES;GB;US,2017
11858,W4393825001,xml_bibl,1,DE,2021
11859,W2566708345,xml_bibl,1,CA,2016
11859,W3110232738,xml_doi_only,1,MX,2020
11859,W3176689798,xml_doi_only,1,DE,2021
11862,W3046350551,xml_bibl,1,LU,2020
11862,W2943251877,xml_bibl,1,GB,2019
11863,W3006171860,xml_bibl,1,NL,2020
11864,W3164937913,xml_bibl,1,GB;NL,2021
11864,W2787560479,xml_bibl,1,US,2018
11868,W2120154746,xml_bibl,1,GB,2011
11868,W2087889651,xml_bibl,1,US,2008
11868,W2995027983,xml_bibl,1,US,2019
11868,W2000125441,xml_bibl,1,US,2014
11872,W3208355496,xml_bibl,1,DE,2020
11874,W3092367224,xml_bibl,1,DE,2020
11874,W2123442489,xml_bibl,1,US,2014
11876,W2626407095,xml_bibl,1,US,2017
11876,W2141766660,xml_bibl,1,GB;IT;US,2008
11876,W6931169074,xml_bibl,1,DE,2021
11876,W3007901495,xml_bibl,1,DE,2020
11878,W2475287302,xml_bibl,1,DE;US,2016
11878,W2773351610,xml_bibl,1,CN,2017
11878,W3119955046,xml_bibl,1,US,2021
11882,W2619592867,xml_bibl,1,US,2017
11882,W3092503081,xml_bibl,1,CA,2020
11882,W2042794826,xml_bibl,1,GB,2014
11883,W2883343889,xml_bibl,1,NL,2018
11886,W2012875530,xml_bibl,1,US,2009
11887,W2886186188,xml_bibl,1,DE,2018
11893,W6968400446,xml_bibl,1,GB;IT,2019
11897,W2731315050,xml_bibl,1,US,2017
11897,W2734163982,xml_bibl,1,US,2017
11899,W2152577585,xml_bibl,1,DE;GB;US,2005
11899,W2171310595,xml_bibl,1,IT,2015
11899,W3206078149,xml_bibl,1,IT,2021
11899,W3023112361,xml_bibl,1,AU;FR,2020
11901,W3209249321,xml_bibl,1,CH,2017
11903,W1966423308,xml_bibl,1,CA,2012
11903,W2177117098,xml_bibl,1,US,2015
11903,W2012612167,xml_bibl,1,AU,2003
11903,W2941915841,xml_bibl,1,US,2019
11903,W2903695211,xml_bibl,1,AU,2018
11904,W6912628312,xml_bibl,1,FR,2020
11904,W6968372048,xml_bibl,1,FR;RU;US,2024
11904,W2032223184,xml_bibl,1,DE,2014
11905,W2062167706,xml_bibl,1,US,1993
11905,W1996630280,xml_bibl,1,GB,1986
11905,W2291963777,xml_bibl,1,IE;US,2015
11905,W1975088211,xml_bibl,1,US,2010
11905,W2889872358,xml_bibl,1,SE,2018
11905,W2752413702,xml_bibl,1,US,2017
11905,W2930157406,xml_bibl,1,FR;NL,2019
11907,W4235693583,xml_bibl,1,AU;GB;US,2016
11907,W3126174444,xml_bibl,1,US,2021
11907,W6968499493,xml_bibl,1,DE,2021
11907,W2302501749,xml_bibl,1,BE;BR;CH;CN;DE;ES;GB;NL;SE;US,2016
11908,W3190917855,xml_bibl,1,DK,2021
11909,W6912523175,xml_doi_only,1,DE,2015
11911,W2970392061,xml_bibl,1,JP;US,2019
11912,W2582947585,xml_bibl,1,NL,2017
11912,W4200088769,xml_bibl,1,DE;IL,2021
11912,W3010336026,xml_bibl,1,AT;CL;DE;ES;FR;GB;IT;NL;SE;US,2021
11912,W2083688575,xml_bibl,1,GR;TW,2008
11912,W2888634710,xml_bibl,1,DE;IT,2018
11912,W2759136286,xml_bibl,1,CN,2017
11912,W3015285715,xml_bibl,1,CN,2020
11914,W3092008677,xml_bibl,1,DE;US,2020
11915,W3211217078,xml_bibl,1,AT;DE;DK;RU,2019
11915,W4220722114,xml_bibl,1,DE,2022
11915,W2953343412,xml_bibl,1,US,2019
11915,W6968490090,xml_bibl,1,DE,2021
11916,W3162754366,xml_bibl,1,JP,2021
11916,W2017146118,xml_bibl,1,ES,2010
11921,W2787677190,xml_bibl,1,AT,2017
11921,W2973047034,xml_bibl,1,CH;DE,2019
11921,W2941040653,xml_bibl,1,DE,2019
11926,W2146559907,xml_bibl,1,GB,2015
11926,W2084910698,xml_bibl,1,GB,2006
11926,W1684840287,xml_bibl,1,BE,2009
11928,W4248665398,xml_doi_only,1,US,2015
11929,W1836023969,xml_bibl,1,US,2005
11929,W3114950584,xml_bibl,1,DE,2020
11929,W6912664918,xml_bibl,1,DE,2022
11929,W4220937527,xml_bibl,1,DE,2022
11929,W3196782920,xml_bibl,1,DE;HU,2021
11929,W3211635632,xml_bibl,1,DE;SI,2021
11929,W4226065911,xml_bibl,1,DE,2022
11929,W2098667769,xml_bibl,1,IT,2015
11931,W6931008252,xml_bibl,1,FR,2019
11931,W2921596091,xml_bibl,1,BE;NL,2019
11931,W6969268840,xml_doi_only,1,FR,2022
11931,W6912607961,xml_doi_only,1,FR,2022
11931,W6912612555,xml_doi_only,1,FR,2020
11932,W2984055017,xml_bibl,1,FR,2019
11932,W4416180778,xml_bibl,1,DE;FR,2019
11932,W6965158893,xml_bibl,1,FR,2019
11933,W3210372743,xml_bibl,1,AT;FI;NL,2015
11933,W3208760237,xml_doi_only,1,NL;US,2019
11933,W4286973546,xml_doi_only,1,CA;NL,2021
11934,W2806154504,xml_doi_only,1,AE;DZ,2018
11934,W2119804197,xml_doi_only,1,US,2012
11934,W3198401230,xml_doi_only,1,PL,2021
11934,W2952276524,xml_doi_only,1,DE;FI;GB;SE,2019
11934,W1970948046,xml_doi_only,1,PL,2013
11934,W2784473403,xml_doi_only,1,MX,2018
11934,W2146793826,xml_doi_only,1,PL,2011
11934,W2558611208,xml_doi_only,1,MX,2016
11937,W4393557887,xml_doi_only,1,DE,2022
11939,W3134214835,xml_bibl,1,US,2021
11940,W3037582630,xml_bibl,1,IL;US,2020
11942,W2809830266,xml_doi_only,1,CA;US,2018
11943,W2612617842,xml_bibl,1,US,2013
11945,W2954900357,xml_bibl,1,BR;DE;ES;MX,2019
11945,W2801857496,xml_bibl,1,ES,2018
11946,W2302501749,xml_doi_only,1,BE;BR;CH;CN;DE;ES;GB;NL;SE;US,2016
11947,W3048724100,xml_bibl,1,GB,2020
11947,W2885159198,xml_bibl,1,GB;US,2019
11949,W1482821939,xml_bibl,1,US,2001
11949,W2528809416,xml_bibl,1,US,2016
11949,W2998668385,xml_bibl,1,CN,2020
11949,W1995228795,xml_bibl,1,US,2014
11950,W2515070191,xml_bibl,1,US,2016
11950,W2884322152,xml_bibl,1,GB;IT,2019
11953,W2993168160,xml_bibl,1,US,2019
11953,W2994699430,xml_bibl,1,BE,2019
11953,W3081541477,xml_bibl,1,GR,2020
11955,W2754643028,xml_bibl,1,CA;US,2016
11955,W2931143880,xml_bibl,1,US,2019
11955,W3134587269,xml_bibl,1,US,2021
11959,W6949795266,xml_bibl,1,GB;US,2019
11959,W6907777513,xml_bibl,1,DE,2020
11959,W6909147411,xml_bibl,1,DE,2019
11959,W2302501749,xml_bibl,1,BE;BR;CH;CN;DE;ES;GB;NL;SE;US,2016
11963,W4205888186,xml_bibl,1,JP,2022
11965,W2134627713,xml_bibl,1,CH;US,1999
11965,W3091852516,xml_bibl,1,DE;DK,2020
11972,W2160243635,xml_bibl,1,DE;ES,2013
11972,W2766137647,xml_bibl,1,DE,2017
11972,W2094722300,xml_bibl,1,DE;JP;KR,2010
11972,W2551892342,xml_bibl,1,DE,2016
11972,W4232616145,xml_bibl,1,DE;ES,2014
11972,W2749000656,xml_bibl,1,CA,2017
11975,W4393633933,xml_doi_only,1,DE,2020
11976,W3133702157,xml_bibl,1,US,2021
11976,W2041532239,xml_bibl,1,GB;US,2014
11976,W2971277088,xml_bibl,1,US,2019
11976,W1988325585,xml_bibl,1,GB,1991
11976,W3093721400,xml_bibl,1,FR;US,2021
11976,W4393523641,xml_bibl,1,DE,2019
11976,W1588612820,xml_bibl,1,US,1999
11976,W3214260033,xml_bibl,1,ES,2021
11976,W3208170897,xml_bibl,1,DE;NO;RO;SI,2021
11978,W2302501749,xml_bibl,1,BE;BR;CH;CN;DE;ES;GB;NL;SE;US,2016
11979,W2562708093,xml_doi_only,1,FR,2016
11979,W2283704184,xml_doi_only,1,GB,2016
11980,W3113786846,xml_bibl,1,US,2020
11982,W2908727252,xml_bibl,1,ES,2019
11983,W3194532384,xml_bibl,1,AT;FI;FR,2021
11983,W2001642682,xml_bibl,1,US,2007
11983,W3111780165,xml_bibl,1,TW,2020
11983,W2302501749,xml_bibl,1,BE;BR;CH;CN;DE;ES;GB;NL;SE;US,2016
11984,W4210343982,xml_bibl,1,BG;BR;CZ;DE;DK;ES;FR;GB;HU;IS;IT;LT;LV;NL;PL;SI,2022
11984,W3158084495,xml_bibl,1,CZ,2021
11984,W3133650632,xml_bibl,1,CZ,2021
11984,W2969521469,xml_bibl,1,CA,2003
11984,W2568636341,xml_bibl,1,CA;NL,2016
11984,W2954211942,xml_bibl,1,CA,2019
11984,W3012289950,xml_bibl,1,GB;NL,2020
11985,W2586096704,xml_bibl,1,GB;NL,2018
11985,W2787677190,xml_bibl,1,AT,2017
11985,W2786298913,xml_bibl,1,ES,2017
11985,W2523265094,xml_bibl,1,GB,2016
11985,W1978964824,xml_bibl,1,CN,2013
11986,W1975667485,xml_bibl,1,DE;US,2015
11986,W2899325231,xml_bibl,1,CA;US,2018
11986,W2564784331,xml_bibl,1,US,2016
11986,W2997135118,xml_bibl,1,CH;IT;KR,2020
11986,W2893765306,xml_bibl,1,DE;IT,2018
11986,W3211635632,xml_bibl,1,DE;SI,2021
11986,W3094332004,xml_bibl,1,DE,2020
11986,W2091245925,xml_bibl,1,BE;US,2011
11986,W2611337005,xml_bibl,1,US,2017
11987,W4236478846,xml_bibl,1,DK,2015
11987,W2302501749,xml_bibl,1,BE;BR;CH;CN;DE;ES;GB;NL;SE;US,2016
11989,W3213971470,xml_doi_only,1,FR,2021
11989,W6968951126,xml_doi_only,1,FR,2021
11989,W3217270401,xml_doi_only,1,FR,2021
11990,W3040504253,xml_bibl,1,DE,2020
11990,W4225679515,xml_doi_only,1,DE,2022
11991,W2127743235,xml_bibl,1,CN;JP,2011
11991,W3210756622,xml_bibl,1,NL,2021
11991,W2579131192,xml_bibl,1,NL,2018
11991,W2145959026,xml_bibl,1,JP,2015
11991,W2151659907,xml_bibl,1,US,2015
11991,W3157875203,xml_bibl,1,CH;US,2021
11992,W2953343412,xml_bibl,1,US,2019
11995,W3133702157,xml_doi_only,1,US,2021
11995,W2181995626,xml_doi_only,1,US,2015
11995,W3160860426,xml_doi_only,1,US,2021
11996,W2067191022,xml_bibl,1,US,2002
11996,W2015159529,xml_bibl,1,AU;FR;US;ZA,2014
11997,W2032230259,xml_bibl,1,US,2007
11998,W2901641989,xml_bibl,1,PS,2018
11998,W3210441797,xml_bibl,1,JP,2021
11998,W2888084656,xml_bibl,1,US,2018
11998,W2808023841,xml_bibl,1,IE,2018
11998,W2782874623,xml_bibl,1,IN,2017
11999,W3093938929,xml_bibl,1,US,2020
11999,W3095889957,xml_bibl,1,US,2020
11999,W2909677418,xml_bibl,1,NL,2019
12000,W2805196829,xml_bibl,1,BE;EG,2018
12000,W2154977911,xml_bibl,1,GB,2009
12000,W2178665133,xml_bibl,1,GB,2015
12000,W6893777519,xml_bibl,1,FR,2021
12001,W3138670362,xml_bibl,1,DE;FI,2021
12003,W2471633190,xml_bibl,1,US,2016
12004,W2040298842,xml_bibl,1,GB,2013
12004,W2151419531,xml_bibl,1,US,2014
12004,W4225665156,xml_bibl,1,DE;RU,2021
12004,W4225361448,xml_bibl,1,DE,2022
12004,W1967350923,xml_bibl,1,JP,2002
12004,W3176689798,xml_bibl,1,DE,2021
12004,W3013443731,xml_bibl,1,DE,2020
12004,W4226285788,xml_bibl,1,AT;DE;RU,2022
12006,W2342934368,xml_bibl,1,DE,2016
12006,W2006199585,xml_bibl,1,DE,2014
12006,W1998151601,xml_bibl,1,IE;US,2008
12006,W2515855575,xml_bibl,1,US,2017
12008,W1513563257,xml_bibl,1,JP,2008
12010,W4251429397,xml_bibl,1,CA,2003
12012,W6887787763,xml_bibl,1,DE,2020
12012,W2901565633,xml_bibl,1,BE;FR;US,2018
12012,W2918775500,xml_bibl,1,NL,2019
12012,W2809322369,xml_bibl,1,NL,2018
12012,W2883343889,xml_bibl,1,NL,2018
12012,W2887081019,xml_bibl,1,NL,2018
12012,W2302501749,xml_bibl,1,BE;BR;CH;CN;DE;ES;GB;NL;SE;US,2016
12013,W2460595138,xml_bibl,1,CA,2016
12013,W2810440186,xml_bibl,1,FR;IT;PT,2018
12014,W1030963941,xml_bibl,1,CA,2011
12014,W3214260033,xml_bibl,1,ES,2021
12014,W2006613335,xml_bibl,1,US,2009
12015,W3207232223,xml_bibl,1,GB,2021
12016,W2014167464,xml_bibl,1,GB,2008
12016,W3003385079,xml_bibl,1,DE,2020
12017,W3114950584,xml_bibl,1,DE,2020
12017,W4220659135,xml_doi_only,1,DE,2022
12020,W3084392019,xml_bibl,1,IN,2020
12022,W1955857676,xml_bibl,1,US,2012
12022,W3152040157,xml_bibl,1,DE,2021
12023,W2781579677,xml_bibl,1,DE,2018
12023,W6930436085,xml_bibl,1,DE,2025
12023,W3212826957,xml_bibl,1,DE,2020
12023,W4286988349,xml_bibl,1,DE,2021
12023,W6893845480,xml_bibl,1,DE,2021
12023,W6962681671,xml_bibl,1,DE,2020
12023,W2302501749,xml_bibl,1,BE;BR;CH;CN;DE;ES;GB;NL;SE;US,2016
12026,W2251262855,xml_bibl,1,US,2015
12026,W2967279932,xml_bibl,1,TH,2019
12026,W2980255619,xml_bibl,1,ES,2019
12029,W4220910459,xml_doi_only,1,DE,2022
12029,W4220801539,xml_doi_only,1,DE,2022
12029,W6969130777,xml_doi_only,1,DE,2021
12031,W3183282142,xml_bibl,1,AT;IE,2021
12031,W2945842795,xml_bibl,1,NL,2019
12031,W3120140601,xml_bibl,1,CN,2021
12032,W1976457731,xml_bibl,1,GB,2010
12032,W3112929524,xml_bibl,1,DE,2020
12032,W3106109117,xml_bibl,1,US,2020
12032,W1999710473,xml_bibl,1,CN,2014
12034,W1928219753,xml_bibl,1,US,2015
12034,W3207673938,xml_bibl,1,AT;ES;IE,2021
12034,W2910098727,xml_bibl,1,GB,2018
12034,W1898144923,xml_bibl,1,US,1993
12034,W2971111151,xml_bibl,1,IE,2019
12034,W2946314493,xml_bibl,1,US,2019
12034,W2969084871,xml_bibl,1,ES,2019
12036,W2790401843,xml_bibl,1,AT;NL,2018
12039,W2555737633,xml_bibl,1,IN,2016
12039,W3094465195,xml_bibl,1,IT,2020
12039,W2991786318,xml_bibl,1,US,2019
12039,W2962686197,xml_bibl,1,CN,2018
12039,W2782830987,xml_bibl,1,AT;AU;CA;GB,2018
12039,W1996216563,xml_bibl,1,US,2014
12039,W3168420064,xml_bibl,1,FR;JP;VN,2020
12046,W2765798223,xml_bibl,1,US,2017
12046,W6950046021,xml_bibl,1,US,2021
12046,W6912471479,xml_doi_only,1,US,2021
12048,W2080025064,xml_bibl,1,US,2013
12051,W168939352,xml_bibl,1,DE;US,2014
12051,W2561607149,xml_bibl,1,CZ;DE;SE;SK;US,2016
12051,W4243754476,xml_bibl,1,US,2014
12051,W2099984129,xml_bibl,1,US,2013
12051,W2087064593,xml_bibl,1,US,1981
12057,W2469989167,xml_bibl,1,FR;PK,2016
12060,W3045054783,xml_bibl,1,JP,2020
8,W1967461618,anystyle,1,US,2006
20,W2186423839,anystyle,1,TR,2007
20,W2092546171,anystyle,1,GB;US,1998
21,W2061039273,anystyle,1,AU,1992
21,W2118537526,anystyle,1,US,1998
21,W2052354855,anystyle,1,GB,1994
21,W1606480292,anystyle,1,DE;GB;NL,1998
23,W2017364694,anystyle,1,FR,1994
26,W1503669979,anystyle,1,US,1993
27,W2173420170,anystyle,1,US,1997
29,W2116780029,anystyle,1,US,1993
29,W2080219709,anystyle,1,AU,1998
29,W2154701989,anystyle,1,US,1996
31,W2061039273,anystyle,0.9507362784471218,AU,1992
39,W10536688,anystyle,1,US,2000
46,W63741873,anystyle,1,US,1999
51,W263793962,anystyle,1,US,1991
51,W1555244713,anystyle,1,US,1995
51,W1632114991,anystyle,1,US,1993
52,W2127071136,anystyle,1,AT;GB,1994
52,W2949164288,anystyle,1,US,1996
52,W1993423805,anystyle,1,GB,1987
52,W2161383849,anystyle,1,GB,2002
52,W2145211186,anystyle,1,FI,1997
53,W1600528196,anystyle,1,US,1950
53,W2219154801,anystyle,0.95,GB;GH,1971
53,W136402863,anystyle,1,US,2018
57,W1983222731,anystyle,1,CA,1980
57,W2044794736,anystyle,1,GB,1996
57,W2118537526,anystyle,1,US,1998
57,W2086835745,anystyle,1,NL,1995
58,W2052354855,anystyle,1,GB,1994
58,W1606480292,anystyle,1,DE;GB;NL,1998
63,W2727452592,anystyle,1,NL,1998
64,W2338425439,anystyle,1,GB,1985
64,W2618397929,anystyle,0.9874113475177304,FR,1995
64,W1606480292,anystyle,1,DE;GB;NL,1998
65,W2118537526,anystyle,1,US,1998
65,W2057592151,anystyle,1,GB,1995
65,W2036552232,anystyle,1,AU,1996
65,W1606480292,anystyle,1,DE;GB;NL,1998
67,W2029135525,anystyle,1,US,1987
67,W279271875,anystyle,1,US,1992
70,W4210996323,anystyle,1,DE,2021
76,W4233111722,anystyle,1,PT,2021
76,W2003165685,anystyle,1,US,1989
94,W2115792525,anystyle,1,US,1998
94,W3198833120,anystyle,1,ID,2017
95,W2072087231,anystyle,1,US,1996
95,W2338425439,anystyle,1,GB,1985
95,W2139593428,anystyle,1,US,1997
101,W2076522290,anystyle,0.9855708548479634,CA,1998
101,W2082103176,anystyle,0.9612379280070236,US,1965
101,W2091700388,anystyle,1,CA,1976
108,W2010173694,anystyle,1,US,1991
108,W2008575098,anystyle,1,US,1996
108,W1547781706,anystyle,1,US,1988
108,W2004690028,anystyle,1,GB,1995
108,W1975830550,anystyle,1,US,1994
108,W2112185593,anystyle,1,US,1997
108,W2134814621,anystyle,1,US,1999
108,W2001358413,anystyle,1,US,1994
108,W2076274993,anystyle,1,US,1999
112,W1985556836,anystyle,1,IL;US,1995
112,W1969822125,anystyle,1,GB,1998
113,W1973590673,anystyle,1,ES,2001
113,W2011318054,anystyle,1,NG,1993
116,W2094799191,anystyle,1,US,1998
116,W2070912910,anystyle,1,DK;US,1998
116,W2074117435,anystyle,1,CA,1988
116,W1988343039,anystyle,1,GB,2000
125,W1493108551,anystyle,1,US,1994
125,W1989338489,anystyle,1,CA;US,1994
125,W2045812729,anystyle,1,DE,2002
125,W1623284604,anystyle,1,GB,1998
125,W2525226332,anystyle,1,CA;FR,1999
125,W1539861085,anystyle,1,GR,1999
125,W2000672666,anystyle,1,US,1990
125,W2151801809,anystyle,1,NL,2000
125,W1500977665,anystyle,1,GB,1999
125,W2005422315,anystyle,1,US,1999
127,W1991848143,anystyle,1,FI,1989
127,W2116411927,anystyle,1,US,1990
127,W2101262111,anystyle,1,US,2002
129,W2580224128,anystyle,1,GB,2001
129,W2055746532,anystyle,1,US,1993
129,W568357700,anystyle,1,RU,1997
129,W1522654972,anystyle,0.9767441860465116,US,1993
129,W279271875,anystyle,1,US,1992
131,W2063448193,anystyle,1,US,1996
131,W2030985250,anystyle,1,US,1989
134,W2951911250,anystyle,1,US,1994
134,W4386270396,anystyle,1,FR,1995
134,W2939083804,anystyle,1,US,1990
135,W1772726763,anystyle,1,AU,1991
136,W261728349,anystyle,0.960655737704918,GB,2001
136,W2321883869,anystyle,1,US,1991
137,W4301440055,anystyle,1,US,2022
139,W2077642983,anystyle,1,GB,2001
140,W2227667512,anystyle,1,US,1999
141,W2245763634,anystyle,1,FR,1993
141,W1573617985,anystyle,1,FR,1997
141,W4254989944,anystyle,1,JP;US,1998
142,W4389290516,anystyle,1,GB,1993
142,W44107431,anystyle,1,CA,1999
143,W1526666271,anystyle,1,US,1996
143,W1495195247,anystyle,1,US,1999
144,W1973590673,anystyle,1,ES,2001
144,W2033176220,anystyle,1,FI,1997
144,W1511342409,anystyle,1,FI,1997
144,W2082863623,anystyle,1,ES,1999
144,W2080947572,anystyle,1,FR,2000
148,W1973717701,anystyle,1,NL,1993
148,W2092654472,anystyle,0.9728813559322034,US,2003
148,W2044153609,anystyle,1,GB,1976
148,W1976629384,anystyle,0.9682539682539684,NL,2000
149,W1529493719,anystyle,1,DE,1998
149,W2017473312,anystyle,1,US,1958
149,W4254989944,anystyle,1,JP;US,1998
149,W2117823388,anystyle,1,US,1998
149,W111943560,anystyle,1,DE,1998
149,W1573258392,anystyle,1,US,1993
149,W2088646280,anystyle,1,JP,1996
149,W1483947680,anystyle,1,US,1998
149,W2019316145,anystyle,1,US,1991
149,W2032568667,anystyle,1,US,1993
150,W4242019303,anystyle,1,SE,1998
150,W1594470049,anystyle,1,SE,2000
150,W3014896652,anystyle,1,SI,2017
150,W1522545030,anystyle,1,NL,1997
159,W1963862494,anystyle,1,AU;US,1998
160,W2017545992,anystyle,1,US,1991
160,W2119543237,anystyle,1,GB,1997
160,W2070240294,anystyle,1,FR,1998
160,W214577476,anystyle,1,FI,1994
189,W4245803678,anystyle,1,GB;US,1995
191,W4229539396,anystyle,1,CA,1977
193,W2125055259,anystyle,1,AU,1992
194,W2067745947,anystyle,1,US,1979
194,W2295209691,anystyle,1,US,1999
194,W2038869722,anystyle,1,US,2000
194,W1964650550,anystyle,1,DE,2000
194,W1600822211,anystyle,1,GB,2000
314,W1177602578,anystyle,0.979064039408867,SE,2014
314,W2048144088,anystyle,1,US,2000
314,W1690636059,anystyle,1,US,1990
314,W2091922602,anystyle,1,US,1981
318,W2081373496,anystyle,1,US,2001
319,W6967820142,anystyle,0.9568627923800336,DE;FI;NL;US,2024
323,W2093649117,anystyle,1,NL,2003
324,W1950460020,anystyle,1,JP,2001
325,W2046222983,anystyle,1,US,1993
327,W4245510435,anystyle,1,GB,2005
362,W86310152,anystyle,1,IT,2001
362,W19364013,anystyle,1,GB,2002
362,W4230863283,anystyle,1,PL,2011
362,W8608827,anystyle,1,DE,2001
362,W2011003805,anystyle,1,GB;US,2002
363,W86310152,anystyle,1,IT,2001
363,W19364013,anystyle,1,GB,2002
363,W4230863283,anystyle,1,PL,2011
363,W8608827,anystyle,1,DE,2001
363,W2011003805,anystyle,1,GB;US,2002
363,W1975730959,anystyle,1,CA,1992
363,W162987696,anystyle,1,NZ,2002
363,W2047578077,anystyle,1,CA,1997
366,W111082368,anystyle,1,IT,2003
366,W1999754276,anystyle,1,IT,2002
371,W4253022320,anystyle,1,BG;US,1967
371,W2011316358,anystyle,1,GH,1990
373,W2887306438,anystyle,1,US,2012
381,W2154701989,anystyle,1,US,1996
382,W2116376820,anystyle,0.9608597285067872,NG,1976
388,W4236888462,anystyle,1,US,1986
394,W4251690049,anystyle,1,US,2002
394,W1495195247,anystyle,1,US,1999
402,W2061039273,anystyle,1,AU,1992
402,W2053967177,anystyle,1,US,2001
402,W2092809464,anystyle,1,AU,1989
402,W2088343725,anystyle,1,AU,2002
402,W2060978735,anystyle,1,US,1998
402,W1569901886,anystyle,1,GB,2003
405,W783443860,anystyle,1,GB,2001
409,W2399198658,anystyle,1,GB;IT;US,2000
409,W196159769,anystyle,1,SE,2001
409,W1982982698,anystyle,1,GB,1999
409,W2121455532,anystyle,0.9548387096774194,GB,2000
418,W1989153134,anystyle,1,GB,1987
418,W2062086417,anystyle,1,GB,1999
418,W2112217537,anystyle,1,NL,2001
418,W2118537526,anystyle,1,US,1998
418,W2086835745,anystyle,1,NL,1995
419,W2029190513,anystyle,1,NL,1992
419,W1505524995,anystyle,1,US,2003
419,W1606480292,anystyle,1,DE;GB;NL,1998
424,W1563335155,anystyle,1,FI,1997
424,W2090509376,anystyle,1,ES,2000
424,W2049790815,anystyle,1,CA,1988
425,W1573136363,anystyle,1,DE,2003
425,W2140352991,anystyle,1,US,1994
425,W1966254260,anystyle,1,NZ,2004
427,W1574578120,anystyle,0.975,CH,2017
429,W2112390708,anystyle,1,US,2015
430,W2091780959,anystyle,1,EE;US,1990
430,W2061569511,anystyle,1,NO,1994
431,W131456442,anystyle,1,US,1999
433,W2157070558,anystyle,1,US,2001
433,W2755641247,anystyle,1,US,2003
436,W2030026550,anystyle,1,US,1993
436,W2045812729,anystyle,1,DE,2002
436,W2165612380,anystyle,1,US,1975
439,W2800069645,anystyle,1,US,2001
439,W1603213950,anystyle,0.9534299516908212,CA,2000
439,W1893879974,anystyle,1,US,2002
439,W2153339042,anystyle,1,US,1956
439,W1503203355,anystyle,1,US,2003
439,W2123250295,anystyle,1,GR,2002
449,W2091780959,anystyle,1,EE;US,1990
451,W2157963512,anystyle,1,US,2001
451,W4210996323,anystyle,1,DE,2021
451,W2124700334,anystyle,1,DK,1997
451,W2164641162,anystyle,1,GB,1998
451,W2097532520,anystyle,1,GR,2001
454,W2091250791,anystyle,1,US,1985
454,W4230541729,anystyle,1,FI;HU,2002
454,W1985156790,anystyle,0.9846153846153848,US,1988
458,W2009204330,anystyle,1,US,1999
466,W1947310543,anystyle,1,GB,2003
468,W1973482080,anystyle,1,FI,2011
469,W2091780959,anystyle,1,EE;US,1990
471,W1975184481,anystyle,1,US,2001
471,W1592458933,anystyle,1,IT,2012
471,W2094471776,anystyle,1,US,2001
471,W2108310619,anystyle,0.9873076923076924,US,1999
473,W2502139158,anystyle,1,JP,2018
483,W2009659525,anystyle,1,GB;IE,2003
483,W2070519126,anystyle,1,IN;US,1977
487,W2040162312,anystyle,1,US,2004
487,W2040162312,anystyle,1,US,2004
488,W1555042857,anystyle,1,US,2003
489,W2052726491,anystyle,1,RU;US,2004
490,W2119136420,anystyle,1,CA,2001
490,W2143072945,anystyle,1,FR,2000
492,W2074156482,anystyle,1,US,1974
493,W2065475636,anystyle,1,GB,2004
494,W2046224275,anystyle,1,US,1992
494,W2797013687,anystyle,0.9766153846153848,US,1989
494,W4252276737,anystyle,1,HU,1990
494,W2120770606,anystyle,1,DE,1994
495,W2020352922,anystyle,0.96,CA,1978
495,W1836814292,anystyle,1,US,2003
495,W2111802712,anystyle,0.953228738911006,US,2005
496,W2013855677,anystyle,1,NL,1994
496,W76669076,anystyle,1,US,1995
496,W2115209721,anystyle,1,NL,2004
496,W1983668253,anystyle,1,DE;NL,2005
499,W2172167380,anystyle,1,US,1963
511,W1963862494,anystyle,1,AU;US,1998
511,W2057640438,anystyle,1,US,1999
512,W2144622447,anystyle,1,US,2003
513,W1504718005,anystyle,1,FI;GB,2003
513,W2140352991,anystyle,1,US,1994
514,W2107067440,anystyle,1,GB,2005
515,W2149430911,anystyle,1,BE,2003
515,W1860762366,anystyle,1,GR,2002
521,W4206759527,anystyle,1,DE,2003
521,W2048144088,anystyle,1,US,2000
521,W4251690049,anystyle,1,US,2002
525,W4247522292,anystyle,1,US,1998
525,W2020352922,anystyle,0.9806451612903226,CA,1978
525,W2064359092,anystyle,0.9752808988764043,US,1983
525,W2020352922,anystyle,0.9696969696969696,CA,1978
525,W2167489963,anystyle,1,TW;US,2003
530,W1500105507,anystyle,1,ES,2002
532,W2091780959,anystyle,1,EE;US,1990
532,W2520481048,anystyle,1,GB,1995
532,W2461041707,anystyle,1,GB,2001
533,W2108983520,anystyle,1,CA,2002
534,W4394869660,anystyle,1,NZ,2024
536,W1580027200,anystyle,1,CA,1997
536,W2020352922,anystyle,0.9696969696969696,CA,1978
541,W2086677051,anystyle,1,US,2000
541,W2004341558,anystyle,1,CA,1979
541,W2020352922,anystyle,0.9696969696969696,CA,1978
541,W2020352922,anystyle,0.9866666666666668,CA,1978
541,W367202956,anystyle,0.9639344262295082,AU,1999
541,W2063325798,anystyle,0.9659574468085106,NL,1998
541,W1988574380,anystyle,1,GB,1998
541,W2046445456,anystyle,1,NZ,1997
546,W2020352922,anystyle,0.9806451612903226,CA,1978
547,W1545477088,anystyle,1,US,2002
551,W4229727521,anystyle,1,CA;CN,2002
551,W2768581363,anystyle,1,US,1973
551,W4252060112,anystyle,1,GB,2000
551,W1503824486,anystyle,1,CA;GB,2003
552,W4245982725,anystyle,1,GB,1987
552,W2167982713,anystyle,1,US,1998
552,W1996508650,anystyle,1,GB,1982
555,W2803785402,anystyle,1,US,2003
555,W1607312309,anystyle,1,US,2003
555,W1985013216,anystyle,0.97192118226601,SE,2003
556,W1984741823,anystyle,1,US,2003
556,W2094799191,anystyle,1,US,1998
563,W1978515644,anystyle,1,GB,1987
563,W2096601602,anystyle,1,DE,2006
563,W2950268498,anystyle,1,US,1996
564,W1520377376,anystyle,1,US,1999
564,W1968067123,anystyle,1,US,2002
564,W1982982698,anystyle,1,GB,1999
564,W2131354971,anystyle,1,US,2001
565,W2050963422,anystyle,1,US,1998
565,W2138978154,anystyle,1,US,2004
565,W2011834644,anystyle,0.9657894736842104,FR,2004
565,W1981069805,anystyle,1,US,1990
565,W2022709964,anystyle,1,US,1995
570,W1541082487,anystyle,1,ZA,2003
571,W1899663285,anystyle,1,ES,2005
573,W2099323449,anystyle,1,CA,2005
573,W2140061837,anystyle,0.965432098765432,CA,2005
575,W84421257,anystyle,1,AU,2003
577,W1977803477,anystyle,1,US,2002
578,W2339747818,anystyle,0.95,US,1993
582,W2040684668,anystyle,1,GB,2004
582,W2321052252,anystyle,1,GB,1998
584,W2138014861,anystyle,1,US,1993
587,W2094799191,anystyle,1,US,1998
587,W2401282331,anystyle,1,US,1990
587,W4299789576,anystyle,1,US,2000
589,W4232974554,anystyle,1,US,2004
589,W2058300759,anystyle,1,US,2006
591,W2061039273,anystyle,1,AU,1992
591,W2001888644,anystyle,1,AU,2005
591,W367202956,anystyle,1,AU,1999
591,W2502600674,anystyle,1,US,1999
591,W2052028938,anystyle,1,US,2003
591,W2040162312,anystyle,1,US,2004
591,W4241151676,anystyle,1,US,2004
591,W1990479500,anystyle,1,AU,2001
591,W2103909773,anystyle,1,PL,2005
594,W2118020653,anystyle,1,IT,2002
594,W2027582570,anystyle,1,GR,2000
595,W4239365428,anystyle,1,CA;GB;US,1995
595,W2076638146,anystyle,1,CA,1988
595,W1555042857,anystyle,1,US,2003
595,W2061569511,anystyle,1,NO,1994
595,W1503669979,anystyle,1,US,1993
595,W1552337495,anystyle,1,NO;US,2004
596,W3139253192,anystyle,1,JP,2004
596,W4248141252,anystyle,1,US,1972
596,W2047713992,anystyle,1,US,1998
596,W2029135525,anystyle,1,US,1987
597,W2031014895,anystyle,1,GB,2005
597,W2016912565,anystyle,1,US,1995
602,W164793848,anystyle,1,GB,2009
602,W2129652293,anystyle,0.9528577330946152,US,1997
602,W194159072,anystyle,1,US,1958
608,W1563017973,anystyle,1,AU,2004
608,W22447144,anystyle,1,GB,2001
608,W2113169658,anystyle,1,NL,1996
609,W2126788007,anystyle,1,DK,1991
609,W1981384081,anystyle,1,GB,2000
609,W2066218728,anystyle,1,US,1992
611,W2052821041,anystyle,1,US,1992
611,W205851768,anystyle,1,DE,2005
611,W2014815538,anystyle,1,US,1999
611,W4239616591,anystyle,1,US,1997
611,W1513571002,anystyle,1,CN,2005
611,W2058667189,anystyle,1,US,1999
611,W2058667189,anystyle,1,US,1999
613,W2506337555,anystyle,1,FI,2004
616,W1593854440,anystyle,0.9571428571428572,RU,2004
616,W1998572429,anystyle,1,HK,2000
616,W2039287344,anystyle,1,CA;US,1998
626,W4229903187,anystyle,1,US,2007
626,W1975479483,anystyle,1,GB,1987
627,W2140686056,anystyle,1,US,1997
628,W2058304827,anystyle,1,US,2005
628,W2112390708,anystyle,1,US,2015
628,W1585360772,anystyle,0.9954545454545456,US,2001
628,W2024669286,anystyle,1,CA,2003
631,W2091780959,anystyle,1,EE;US,1990
631,W2048144088,anystyle,1,US,2000
634,W2061687846,anystyle,0.9839285714285714,US,1993
634,W1970182655,anystyle,1,US,1994
634,W2056300997,anystyle,1,US,2002
634,W2093373464,anystyle,0.9971529888551164,US,1995
635,W2038201841,anystyle,1,IL;SE;US,1994
637,W2326529218,anystyle,1,US,1933
639,W2040162312,anystyle,1,US,2004
639,W2018609954,anystyle,1,US,1995
642,W2016463801,anystyle,1,US,2005
642,W2170295423,anystyle,0.958453692370461,US,2005
642,W2112162759,anystyle,0.9614035087719298,US,2001
642,W1989877919,anystyle,1,US,2006
645,W2003067475,anystyle,1,GB,2005
648,W2040466507,anystyle,1,US,2005
648,W2502601067,anystyle,1,CA,2005
658,W2091780959,anystyle,1,EE;US,1990
658,W2048144088,anystyle,1,US,2000
658,W1503669979,anystyle,1,US,1993
660,W4248927543,anystyle,0.9542857142857144,DK,2001
660,W2021490594,anystyle,1,US,2005
662,W3148940546,anystyle,1,FR,2005
664,W3001599156,anystyle,0.982051282051282,US,2001
667,W2739548462,anystyle,1,US,1995
667,W2896307795,anystyle,1,US,1973
670,W2333584440,anystyle,1,GB,1998
676,W2060889754,anystyle,1,CA,1985
679,W2053804523,anystyle,1,GB,2005
684,W1521964574,anystyle,1,US,2005
688,W2054092346,anystyle,1,US,2005
688,W2014271227,anystyle,1,US,2003
689,W1496535410,anystyle,1,GB,2000
690,W1985322647,anystyle,1,US,1991
692,W2162104004,anystyle,1,FI;US,2003
692,W2112378812,anystyle,1,FI,2004
696,W2043781346,anystyle,1,DE,2005
698,W2158997610,anystyle,1,US,1998
698,W1566965859,anystyle,0.962962962962963,US,2003
699,W2124166542,anystyle,1,GB,2002
699,W1582145286,anystyle,0.994039603960396,DE,2004
699,W1503824486,anystyle,1,CA;GB,2003
701,W2056300997,anystyle,1,US,2002
701,W2028508257,anystyle,1,US,2004
701,W2124947132,anystyle,1,GB,2004
701,W2090740585,anystyle,1,US,2000
701,W1996508650,anystyle,1,GB,1982
701,W1578510241,anystyle,1,FI,2003
702,W1972694649,anystyle,1,CA,2005
702,W2056300997,anystyle,0.9617948717948718,US,2002
702,W2090740585,anystyle,1,US,2000
702,W2170586945,anystyle,1,CA;GB,1988
703,W2071175130,anystyle,0.9738191632928476,US,1960
703,W2326529218,anystyle,1,US,1933
703,W177708352,anystyle,1,US,1995
703,W2163665261,anystyle,1,US,1971
710,W2137079713,anystyle,1,US,1993
710,W4236488977,anystyle,1,US,2016
711,W4391956911,anystyle,0.957925407925408,CA,2023
713,W2017198325,anystyle,0.9672727272727272,US,2005
714,W4234078818,anystyle,1,US,2014
714,W2017198325,anystyle,0.9672727272727272,US,2005
715,W2070522347,anystyle,1,US,1997
715,W1592381037,anystyle,0.9692307692307692,US,2002
721,W2020956012,anystyle,1,DE,2000
724,W2495442207,anystyle,0.9586206896551724,US,2014
725,W2163224477,anystyle,1,NL,2006
725,W820840726,anystyle,1,FR,2007
732,W1533406524,anystyle,1,DE,2002
733,W2010382625,anystyle,1,US,1997
733,W2185733930,anystyle,1,US,1984
743,W2014864037,anystyle,1,AU,2006
744,W2081514874,anystyle,0.9709422309256608,US,2007
744,W2014864037,anystyle,1,AU,2006
744,W2040162312,anystyle,1,US,2004
746,W2100304601,anystyle,1,AU,2003
746,W2164641162,anystyle,1,GB,1998
750,W2498565771,anystyle,1,GB,1979
750,W1516293359,anystyle,1,US,1999
750,W2588038987,anystyle,1,GB,2006
750,W1587302206,anystyle,1,US,2002
750,W6940710098,anystyle,1,CH,2001
750,W2031159308,anystyle,1,GB,1996
755,W2010290975,anystyle,1,DE;ES;US,1998
758,W2052495819,anystyle,1,US,2001
758,W4404907332,anystyle,1,IE,2017
759,W2581498794,anystyle,1,FR,2003
759,W2123018404,anystyle,1,AT;FR,2004
761,W1981202432,anystyle,0.952,US,1998
761,W4230674625,anystyle,1,US,2000
761,W1510073064,anystyle,0.988403361344538,GB,2004
762,W2116755243,anystyle,1,US,2003
762,W2018926400,anystyle,0.9846153846153848,US,2004
764,W1582145286,anystyle,1,DE,2004
768,W2075812907,anystyle,0.9565217391304348,IE,2005
768,W4210508250,anystyle,1,GB,2018
769,W4300067636,anystyle,1,GB,2010
775,W2069582578,anystyle,1,US,2005
777,W4251690049,anystyle,1,US,2002
779,W4251690049,anystyle,1,US,2002
779,W2891408580,anystyle,1,IT,2018
789,W63741873,anystyle,0.9833333333333332,US,1999
789,W2020352922,anystyle,0.96,CA,1978
790,W2799148064,anystyle,1,US,2011
790,W2112865076,anystyle,1,US,1997
790,W2109154616,anystyle,1,US,2004
791,W2020352922,anystyle,0.9696969696969696,CA,1978
795,W2102700284,anystyle,0.9708333333333332,US,2005
795,W4293114085,anystyle,1,US,1988
796,W2004341558,anystyle,0.9707317073170731,CA,1979
796,W2502600674,anystyle,1,US,1999
796,W2063325798,anystyle,0.9659574468085106,NL,1998
796,W2046445456,anystyle,0.9772727272727272,NZ,1997
796,W4240732758,anystyle,1,DK,1984
799,W2061560407,anystyle,0.9659574468085106,GB,2006
812,W4210996323,anystyle,1,DE,2021
813,W2048972751,anystyle,0.9945945945945944,US,1991
818,W2171114294,anystyle,1,SG;US,2007
818,W1559065557,anystyle,1,US,2002
819,W2502248444,anystyle,0.9625,AU,2003
825,W3021498212,anystyle,1,US,2003
826,W4247379457,anystyle,1,US,2019
836,W58740868,anystyle,1,AU,2006
839,W2038201841,anystyle,1,IL;SE;US,1994
840,W2154331289,anystyle,1,US,2006
841,W2014007504,anystyle,1,US,2005
841,W1592381037,anystyle,1,US,2002
842,W2560772377,anystyle,1,CA,2016
842,W2000742945,anystyle,1,US,1997
842,W1491083719,anystyle,0.9661971830985916,US,2006
842,W2035721382,anystyle,1,US,1999
846,W1687157824,anystyle,1,GB,2003
847,W2163224477,anystyle,1,NL,2006
847,W2920789561,anystyle,1,GB,2009
848,W6962722163,anystyle,1,GB,2007
849,W2001496424,anystyle,1,CL,2001
849,W1515839227,anystyle,1,CL;FR,2002
851,W2010631146,anystyle,1,FR;GB,2006
851,W2147404218,anystyle,1,NL,2000
851,W4230454426,anystyle,1,DE,2016
852,W2102525064,anystyle,1,IE,2009
853,W1604075113,anystyle,1,GB;NZ,2005
853,W1532578473,anystyle,1,US,2013
853,W2010210047,anystyle,1,GB,1999
855,W1979701466,anystyle,0.9734567901234568,DK,1996
855,W2047317708,anystyle,1,US,1988
860,W2618153646,anystyle,1,GB,2005
862,W291106023,anystyle,1,CA,2002
864,W2170087572,anystyle,1,US,2006
864,W2077419346,anystyle,0.968421052631579,US,1991
864,W1522263329,anystyle,1,US,1999
864,W1986361898,anystyle,0.9967741935483873,US,2005
866,W6912723412,anystyle,1,CH;DE;GR;PT,2021
866,W1646716985,anystyle,1,FR,2004
866,W1516293359,anystyle,1,US,1999
866,W1565300882,anystyle,1,GB,1999
866,W1546879195,anystyle,1,GB,2004
866,W2045812729,anystyle,1,DE,2002
866,W2152245018,anystyle,0.953173076923077,US,2006
866,W2119307930,anystyle,1,US,2006
866,W2110187075,anystyle,1,CA,2006
866,W2939083804,anystyle,1,US,1990
866,W2331959951,anystyle,1,US,2008
869,W1505524995,anystyle,0.9571428571428572,US,2003
871,W2078654557,anystyle,0.9695652173913044,DE,1980
872,W2560772377,anystyle,1,CA,2016
873,W2035812738,anystyle,1,NZ,2002
874,W1607983314,anystyle,0.95,GB,2002
874,W2618153646,anystyle,1,GB,2005
875,W2052028938,anystyle,0.962962962962963,US,2003
876,W2170087572,anystyle,1,US,2006
876,W2492741339,anystyle,1,DE,2007
879,W2603989712,anystyle,1,GB,2004
879,W2460870151,anystyle,0.991963963963964,CA,2001
880,W1983419394,anystyle,1,US,2003
881,W2306941010,anystyle,0.9714285714285714,US,2015
881,W4234993303,anystyle,0.96875,US,2014
883,W2014858765,anystyle,1,CA,1999
883,W2055854942,anystyle,1,CA,2001
883,W4312214273,anystyle,1,GB,2008
883,W2098812693,anystyle,1,US,2019
883,W2168300309,anystyle,1,US,2000
884,W1479947188,anystyle,1,GB,1995
884,W2069567430,anystyle,1,GB,1963
885,W2003325168,anystyle,1,US,2007
885,W4250638525,anystyle,1,DE,2012
885,W4253896631,anystyle,1,US,2019
885,W2492991284,anystyle,1,AT,2010
885,W2134337131,anystyle,1,US,1992
886,W2560772377,anystyle,1,CA,2016
886,W1977828664,anystyle,1,US,2007
888,W187371574,anystyle,0.952808988764045,FR,2007
888,W1965621264,anystyle,1,US,1999
888,W4205639047,anystyle,1,GB,2009
888,W2797013687,anystyle,0.9766153846153848,US,1989
888,W4231301236,anystyle,1,US,1990
888,W933794097,anystyle,1,FR,2006
888,W146450714,anystyle,1,FR,2005
888,W2561462773,anystyle,0.9574468085106383,FR,2010
893,W2920789561,anystyle,1,GB,2009
898,W4232967490,anystyle,1,GB,2006
900,W2166159138,anystyle,1,US,2006
900,W2160308942,anystyle,1,US,2004
902,W2133737908,anystyle,1,US,2023
904,W4394869660,anystyle,1,NZ,2024
904,W2085852932,anystyle,1,US,2006
904,W4238541275,anystyle,0.95,IT,2006
905,W2149775132,anystyle,1,US,2005
906,W2035614649,anystyle,1,US,1998
908,W2094411915,anystyle,1,IT,1989
909,W1487409515,anystyle,1,US,1977
909,W61450922,anystyle,1,DE,1994
909,W2031787665,anystyle,1,CN,2003
910,W1544054969,anystyle,0.9842696629213484,GB,2002
913,W2041010712,anystyle,1,US,1967
913,W2042150179,anystyle,1,GB,2007
914,W4256269742,anystyle,1,CA;FR,2008
915,W168434859,anystyle,1,TW,1991
916,W2021405073,anystyle,1,IT,1997
916,W2080048221,anystyle,1,US,1997
917,W168434859,anystyle,1,TW,1991
919,W1604075113,anystyle,1,GB;NZ,2005
919,W2129305658,anystyle,1,US,2000
919,W2010210047,anystyle,1,GB,1999
922,W6962722163,anystyle,1,GB,2007
922,W4388780004,anystyle,0.9560975609756096,CA,2006
922,W2014709533,anystyle,1,US,2007
922,W2003067475,anystyle,1,GB,2005
927,W2040162312,anystyle,1,US,2004
927,W4241151676,anystyle,1,US,2004
930,W1516444405,anystyle,0.96,IT,2017
934,W4313372983,anystyle,0.9885841170323928,FR,1987
942,W2730674231,anystyle,1,GB,2006
942,W2498880705,anystyle,1,US,2016
949,W1552337495,anystyle,1,NO;US,2004
949,W2102525064,anystyle,1,IE,2009
951,W7135893787,anystyle,0.98,US,2007
953,W1483684694,anystyle,1,GB,2013
953,W2171538950,anystyle,1,US,2002
963,W1606661733,anystyle,1,US,2006
969,W1976562506,anystyle,1,GB,2004
970,W2186423839,anystyle,1,TR,2007
971,W1571315002,anystyle,1,CA,2007
972,W1586197708,anystyle,0.9675,DE;US,2007
972,W1977001629,anystyle,1,IN;US,1999
972,W2155046806,anystyle,1,US,1989
974,W2062200611,anystyle,0.9582651743435212,DK,2009
977,W2039404831,anystyle,1,US,1993
977,W1521783342,anystyle,1,US,2007
977,W1521783342,anystyle,1,US,2007
979,W157626857,anystyle,1,US,2003
981,W2466298811,anystyle,1,US,2009
984,W4245982725,anystyle,1,GB,1987
984,W2896828731,anystyle,0.9722222222222222,US,1978
984,W1505524995,anystyle,1,US,2003
984,W2052028938,anystyle,1,US,2003
984,W2888278254,anystyle,1,CN,2018
987,W43416609,anystyle,1,IT;US,2008
987,W170339427,anystyle,1,FR;GR;IT,2009
989,W2121537254,anystyle,1,US,2008
991,W1875261861,anystyle,1,CA,2005
991,W2506375732,anystyle,0.9725925925925926,DE,2016
992,W2014021179,anystyle,0.9633333333333332,US,2008
992,W2062304357,anystyle,0.953664596273292,US,1994
994,W1555042857,anystyle,1,US,2003
994,W1532578473,anystyle,1,US,2013
994,W2069582578,anystyle,1,US,2005
994,W2618153646,anystyle,1,GB,2005
994,W2043781346,anystyle,1,DE,2005
995,W1989318653,anystyle,1,CA;DE;GB,2008
995,W2125143496,anystyle,1,NZ,2005
995,W2726585279,anystyle,1,AU,2017
996,W2152577585,anystyle,1,DE;GB;US,2005
998,W2085529605,anystyle,1,US,1995
998,W2002500403,anystyle,1,US,1989
999,W1996460024,anystyle,1,CA,2008
1000,W2143210257,anystyle,1,US,2007
1003,W2499616545,anystyle,1,FR;GB;NL,1986
1003,W2487779721,anystyle,1,FR;GB;NL,1986
1003,W411418390,anystyle,1,FR,1988
1004,W2001888644,anystyle,1,AU,2005
1004,W2072422415,anystyle,1,US,2008
1004,W2138550913,anystyle,1,US,2002
1006,W2007842132,anystyle,1,US,1995
1009,W2033768017,anystyle,1,US,2006
1010,W2158791046,anystyle,0.951248898031149,GB,2005
1010,W2152091855,anystyle,1,US,2003
1011,W2158791046,anystyle,0.951248898031149,GB,2005
1014,W2764273953,anystyle,1,US,2013
1014,W198998754,anystyle,0.95,CH,2009
1014,W1587351043,anystyle,1,ES,2002
1014,W116097061,anystyle,0.9623376623376624,SE;US,2004
1014,W2404517651,anystyle,1,GB,2008
1019,W2339191583,anystyle,1,US,2003
1019,W1966290122,anystyle,1,ES,2006
1019,W2101481293,anystyle,1,CA;US,2005
1019,W2025882237,anystyle,1,CA,2007
1019,W2060978735,anystyle,1,US,1998
1020,W1577916321,anystyle,1,IE,2007
1020,W1569901886,anystyle,1,GB,2003
1023,W1979471112,anystyle,1,GB,2005
1023,W1981080848,anystyle,0.96,GB,2008
1023,W1606661733,anystyle,1,US,2006
1025,W4230341329,anystyle,1,US,1999
1033,W1982907973,anystyle,1,FR,2006
1039,W2799813130,anystyle,1,US,1989
1039,W1652950457,anystyle,1,MX,2015
1040,W2113960660,anystyle,1,GB,2008
1041,W7118840890,anystyle,0.9531818181818182,DK,2025
1041,W1541431938,anystyle,1,GB,1999
1042,W2040162312,anystyle,1,US,2004
1042,W2033768017,anystyle,1,US,2006
1043,W2040162312,anystyle,1,US,2004
1043,W1575216008,anystyle,0.9619047619047618,US,2013
1043,W2049190120,anystyle,0.958139534883721,DE,1996
1043,W2033768017,anystyle,1,US,2006
1045,W2055065256,anystyle,1,AU,2005
1045,W1969543263,anystyle,0.965217391304348,CN;CZ;DE;NO;US,2007
1048,W2091780959,anystyle,1,EE;US,1990
1048,W1503669979,anystyle,1,US,1993
1050,W2126069159,anystyle,1,US,2003
1050,W2398854657,anystyle,0.9552238805970148,US,2006
1050,W2031253971,anystyle,1,US,2008
1051,W4298286908,anystyle,1,BR,2007
1053,W4394869660,anystyle,1,NZ,2024
1053,W4238067037,anystyle,1,GB,2000
1053,W2085852932,anystyle,1,US,2006
1053,W4238541275,anystyle,0.986206896551724,IT,2006
1054,W2152990662,anystyle,1,US,2003
1054,W4234557929,anystyle,1,NZ,2004
1055,W2101445598,anystyle,1,US,2006
1059,W2102145433,anystyle,1,BG;US,2006
1059,W2077861593,anystyle,1,US,2006
1059,W2035614649,anystyle,1,US,1998
1060,W2117180230,anystyle,1,NL,2007
1060,W2040075948,anystyle,1,GB,2001
1063,W150329035,anystyle,1,CN;US,2004
1063,W2594146046,anystyle,1,US,1979
1063,W2156492599,anystyle,1,US,1983
1063,W2066646653,anystyle,0.9678571428571427,GB,2001
1065,W2148376195,anystyle,1,NL;US,2004
1065,W1963709184,anystyle,0.96,US,1999
1065,W2163299954,anystyle,1,US,2002
1067,W4229588232,anystyle,1,DE,1991
1068,W1974300993,anystyle,1,US,1996
1068,W1977063241,anystyle,1,JP;US,2008
1069,W2148384838,anystyle,1,US,2001
1070,W1711140305,anystyle,1,DE,2010
1072,W6925213461,anystyle,1,GB,2008
1072,W2136409007,anystyle,1,US,2004
1075,W2100615386,anystyle,1,US,2001
1076,W1989462999,anystyle,1,US,1998
1076,W2102700284,anystyle,1,US,2005
1076,W2010210047,anystyle,1,GB,1999
1079,W2077419346,anystyle,0.968421052631579,US,1991
1084,W1982793155,anystyle,1,US,1956
1084,W2104863407,anystyle,1,US,1997
1088,W1575216008,anystyle,0.9619047619047618,US,2013
1089,W1974533997,anystyle,1,DE,2007
1089,W1607289359,anystyle,0.962962962962963,JP,2006
1094,W2005082088,anystyle,1,GB,2007
1094,W1981080848,anystyle,0.96,GB,2008
1104,W2100549774,anystyle,0.9761194029850748,US,2005
1104,W1994281102,anystyle,0.96,US,1968
1110,W65241213,anystyle,0.9679119278953578,NL,2006
1112,W2001524118,anystyle,1,SE,1997
1112,W2131861796,anystyle,1,CA,1995
1119,W356284649,anystyle,1,FR,1992
1148,W1505524995,anystyle,1,US,2003
1164,W200561625,anystyle,1,GB,2008
1183,W2043549430,anystyle,1,GB,2002
1184,W93917463,anystyle,1,CA,2007
1188,W2321883869,anystyle,1,US,1991
1192,W1524424337,anystyle,0.960919540229885,FR,2008
1192,W2151554142,anystyle,1,GB,2004
1192,W2949999312,anystyle,1,CA;NL;US,2001
1193,W2155061451,anystyle,0.9739130434782608,AU;FR;GB;NL,2008
1194,W2155475939,anystyle,0.951851851851852,JP,2008
1194,W2076962836,anystyle,1,IT,2004
1195,W2137079713,anystyle,1,US,1993
1195,W1985650263,anystyle,1,NO,2009
1205,W2175506846,anystyle,1,CA,2012
1206,W2070103088,anystyle,1,AU;MY,2009
1209,W1986930961,anystyle,1,US,2009
1209,W2799785251,anystyle,1,US,2003
1215,W2089188009,anystyle,1,US,1988
1216,W356284649,anystyle,1,FR,1992
1217,W2051302227,anystyle,1,DE,2007
1217,W2068737686,anystyle,1,US,1992
1217,W2145211186,anystyle,1,FI,1997
1220,W2029264742,anystyle,1,US,2006
1221,W1989256839,anystyle,1,GB,2009
1222,W1894938496,anystyle,1,CA,2012
1228,W2273982008,anystyle,1,FR;US,2006
1228,W1560179866,anystyle,1,ES;HU;SE;US,2010
1232,W2148638861,anystyle,1,US,2005
1233,W1984152712,anystyle,1,AU,2009
1234,W2383152463,anystyle,1,CN,2004
1236,W1575216008,anystyle,1,US,2013
1240,W4239365428,anystyle,1,CA;GB;US,1995
1240,W356284649,anystyle,1,FR,1992
1240,W2042822564,anystyle,0.964,DE;GB,2005
1240,W2790696069,anystyle,1,FR,2007
1241,W2138413222,anystyle,1,AU,2007
1242,W1981781259,anystyle,1,US,2004
1242,W4393179723,anystyle,0.988679245283019,FR,2003
1242,W2894935079,anystyle,0.961111111111111,US,2016
1243,W2553040726,anystyle,1,US,2013
1251,W2073990800,anystyle,1,AU;SE;US,2007
1251,W2093252374,anystyle,1,CA;GB,2006
1251,W2053875162,anystyle,1,US,1998
1251,W2108867290,anystyle,1,US,2004
1251,W4298252494,anystyle,1,US,2008
1251,W2129691311,anystyle,1,GB,2002
1251,W4241668152,anystyle,1,GB,2009
1251,W2148804784,anystyle,1,FI;GB,2007
1251,W2147988994,anystyle,1,US,2003
1251,W2051141584,anystyle,1,GB,2007
1251,W1990068886,anystyle,1,HK,1998
1251,W2096602285,anystyle,1,GB,2000
1251,W2041638525,anystyle,1,US,2007
1251,W2048142632,anystyle,1,US,2004
1251,W2075826340,anystyle,1,CA,2009
1252,W6967039749,anystyle,0.995,US,1999
1252,W2149055390,anystyle,0.9955555555555556,ES;FR,2004
1252,W2110725936,anystyle,1,ES;FR,2003
1252,W2008480878,anystyle,0.9864406779661018,US,1998
1252,W2053248591,anystyle,1,CH;ES;IT,2002
1252,W1582145286,anystyle,0.9683362453892448,DE,2004
1252,W1969116892,anystyle,1,JP,2004
1252,W2155353872,anystyle,1,GB,2004
1253,W1542485741,anystyle,1,AU;CA;GB,2010
1253,W2502600674,anystyle,1,US,1999
1253,W4241151676,anystyle,1,US,2004
1253,W2040162312,anystyle,1,US,2004
1254,W1996238366,anystyle,1,FR,2009
1254,W2101632759,anystyle,1,JP,2006
1258,W2164634022,anystyle,1,AU,2003
1259,W1494152264,anystyle,1,GB;JP,2006
1260,W2112167028,anystyle,1,US,2010
1260,W2033420318,anystyle,1,US,2007
1260,W1989256839,anystyle,1,GB,2009
1260,W2150768874,anystyle,1,GB,2008
1264,W1516293359,anystyle,1,US,1999
1270,W2401306152,anystyle,1,US,2009
1270,W2151315066,anystyle,0.9852850877192983,IT,2008
1270,W2054581441,anystyle,1,GB,2010
1272,W1541431938,anystyle,1,GB,1999
1274,W2293878548,anystyle,1,GB,2008
1274,W1986832654,anystyle,1,GB,2010
1274,W2125887849,anystyle,1,AU,2005
1274,W2120708355,anystyle,1,AU;US,2008
1275,W1986046953,anystyle,1,GB;JP;TH,2004
1275,W2063413915,anystyle,1,US,1995
1276,W157306042,anystyle,1,GB,2003
1278,W1546606754,anystyle,1,GB,2009
1278,W2170974034,anystyle,1,US,2007
1278,W2073433993,anystyle,1,US,2002
1278,W2164196242,anystyle,1,NL,2006
1278,W2138582924,anystyle,1,US,2009
1278,W1521770754,anystyle,1,GB;NL,2004
1280,W2081514874,anystyle,1,US,2007
1280,W1592805114,anystyle,1,CA,2008
1280,W2014864037,anystyle,1,AU,2006
1280,W2168581589,anystyle,1,AU,2009
1280,W2066464964,anystyle,1,GB,2005
1280,W2040162312,anystyle,1,US,2004
1280,W4241151676,anystyle,1,US,2004
1280,W2095069785,anystyle,1,US,2010
1280,W2033768017,anystyle,1,US,2006
1280,W2146793826,anystyle,1,PL,2011
1281,W2166354010,anystyle,1,US,2008
1281,W2137958601,anystyle,1,GB;US,2010
1285,W4377821387,anystyle,1,US,2009
1285,W2591157735,anystyle,0.9850640359986156,US,2010
1285,W2018433199,anystyle,1,US,2010
1286,W2105875112,anystyle,1,ES;GB,2009
1286,W2125757196,anystyle,1,ES;GB,2010
1286,W232655087,anystyle,1,US,2000
1286,W2065056965,anystyle,1,ES,2008
1288,W2080243784,anystyle,1,ES;PR,2008
1290,W2035088412,anystyle,1,US,1985
1290,W2088565018,anystyle,1,AU,2004
1290,W2022184030,anystyle,1,GB,2004
1291,W2020181757,anystyle,1,AU;US,2008
1293,W1592805114,anystyle,1,CA,2008
1293,W2117180230,anystyle,1,NL,2007
1293,W2066464964,anystyle,1,GB,2005
1293,W2040162312,anystyle,1,US,2004
1293,W4241151676,anystyle,1,US,2004
1293,W2146793826,anystyle,1,PL,2011
1294,W2010743112,anystyle,1,US,2006
1294,W2045458507,anystyle,1,IL,2009
1299,W2040162312,anystyle,1,US,2004
1299,W4241151676,anystyle,1,US,2004
1299,W2168628252,anystyle,1,GB;US,2009
1299,W2095069785,anystyle,1,US,2010
1299,W2146793826,anystyle,1,PL,2011
1299,W1966626540,anystyle,1,US,2003
1301,W2461953383,anystyle,1,CA,1963
1302,W6925213461,anystyle,1,GB,2008
1306,W1545953061,anystyle,1,US,2008
1306,W7001530380,anystyle,1,CH,2010
1309,W3105155400,anystyle,1,PL,2004
1311,W2165492362,anystyle,1,GB,2009
1311,W1989932697,anystyle,1,US,2007
1311,W2025412701,anystyle,1,US,2006
1311,W2070429553,anystyle,1,US,2006
1312,W2141362318,anystyle,1,GB;US,2007
1315,W2112390708,anystyle,1,US,2015
1315,W2064236037,anystyle,1,US,2010
1315,W1502383433,anystyle,1,US,1962
1315,W2294043777,anystyle,1,CA;US,2010
1315,W2175506846,anystyle,1,CA,2012
1315,W2085610451,anystyle,1,US,1992
1320,W2102086564,anystyle,0.9768115942028984,NL,2007
1320,W2482905438,anystyle,0.974468085106383,IT,2009
1320,W2094301197,anystyle,1,US,2007
1320,W2062855263,anystyle,1,CA,1991
1320,W2030972446,anystyle,1,DE,2010
1320,W2102775690,anystyle,1,US,2006
1320,W2022700045,anystyle,1,US,2005
1320,W4245510435,anystyle,1,GB,2005
1320,W1988343039,anystyle,1,GB,2000
1321,W2100615386,anystyle,1,US,2001
1321,W1969681536,anystyle,1,DE;US,2008
1321,W4403671028,anystyle,1,CH,2024
1321,W1489599888,anystyle,1,CA,2006
1323,W1539772865,anystyle,1,DE;NL,2010
1324,W4244718571,anystyle,1,US,1976
1324,W2294126501,anystyle,1,CA,2007
1324,W2057300723,anystyle,1,CA;US,2005
1324,W1930377306,anystyle,1,CN,2005
1324,W1514965089,anystyle,1,JP,2003
1326,W2058138032,anystyle,1,US,2006
1328,W1980953150,anystyle,1,US,1999
1328,W4250198375,anystyle,0.967689760942597,US,2008
1332,W2125297759,anystyle,1,US,2005
1336,W2001708911,anystyle,1,AU;GB,2010
1336,W7043396348,anystyle,1,GB,2007
1339,W1986094003,anystyle,1,NL,2004
1339,W2953038320,anystyle,1,US,1995
1339,W2061134637,anystyle,1,NL,2009
1343,W1968139773,anystyle,0.9826320710612436,DE,2001
1343,W2053362964,anystyle,1,GB,2005
1343,W2099559000,anystyle,1,DE,2001
1343,W1995913628,anystyle,1,NL,2005
1343,W2134877473,anystyle,1,DE;FR,2009
1343,W22702538,anystyle,1,GB,2000
1344,W2004587985,anystyle,1,US,2008
1344,W2051939396,anystyle,1,CA;PL,2010
1344,W1981080848,anystyle,1,GB,2008
1344,W1606661733,anystyle,1,US,2006
1344,W3171093681,anystyle,1,GB;US,2021
1347,W1564857700,anystyle,1,US,2008
1347,W2893436674,anystyle,0.9696,GB,2010
1350,W4394869660,anystyle,1,NZ,2024
1352,W1985837111,anystyle,1,US,2010
1352,W2069040761,anystyle,1,DE,2006
1352,W2118095865,anystyle,1,GB,2010
1354,W3021498212,anystyle,1,US,2003
1355,W2091780959,anystyle,1,EE;US,1990
1355,W2056420273,anystyle,1,US,2001
1355,W2102525064,anystyle,1,IE,2009
1355,W2129974153,anystyle,1,US,2007
1356,W2164227198,anystyle,1,NL,2010
1356,W2140945425,anystyle,1,US,2010
1356,W2119307930,anystyle,1,US,2006
1356,W2138199375,anystyle,1,US,2002
1360,W2112167028,anystyle,1,US,2010
1362,W2001932471,anystyle,1,US,2010
1369,W2107284343,anystyle,1,US,1951
1369,W2113641473,anystyle,1,CA;NZ,1991
1370,W2013970953,anystyle,1,FI;US,2007
1370,W2949227201,anystyle,1,AU;US,2003
1371,W1858408568,anystyle,1,SK,2010
1371,W2068838907,anystyle,0.9789473684210528,US,2010
1371,W4253022320,anystyle,1,BG;US,1967
1374,W2133098167,anystyle,1,AU;DE,2009
1374,W2037022736,anystyle,1,US,2009
1374,W2008896880,anystyle,1,DE;GB;US,2001
1374,W1978394996,anystyle,1,US,1988
1380,W2140939560,anystyle,1,US,2007
1381,W6912041751,anystyle,1,AU,2018
1381,W2117180230,anystyle,1,NL,2007
1385,W2914718033,anystyle,1,RU,2019
1385,W1991324103,anystyle,1,GB,2010
1385,W2168297987,anystyle,1,US,2011
1385,W290275416,anystyle,1,GU,2011
1386,W2117443849,anystyle,0.9824561403508772,US,2006
1386,W1990811607,anystyle,1,GB,2003
1386,W4301442932,anystyle,1,DE;US,2003
1389,W1979936484,anystyle,1,CA,1989
1389,W1985329486,anystyle,1,US,1989
1389,W2040975210,anystyle,1,US,2004
1390,W4210996323,anystyle,1,DE,2021
1390,W2172147831,anystyle,1,KR,2009
1390,W1947595544,anystyle,1,NL;SI,2018
1391,W2113227740,anystyle,1,US,1998
1391,W1548663377,anystyle,1,US,2006
1391,W2153911474,anystyle,1,US,2003
1391,W1906503946,anystyle,1,US,2001
1397,W77947639,anystyle,1,DE;NL,2012
1397,W189514963,anystyle,1,DE,2000
1397,W2109730238,anystyle,1,GB,1997
1397,W2054211469,anystyle,1,US,2001
1397,W7568813,anystyle,1,NL,2012
1397,W4205275851,anystyle,1,US,1981
1397,W2205363709,anystyle,1,ES,2010
1397,W1979068940,anystyle,1,US,1997
1397,W1590985041,anystyle,0.996078431372549,NL,2010
1397,W1632114991,anystyle,1,US,1993
1397,W1578503079,anystyle,1,US,2006
1397,W2113233730,anystyle,0.9558823529411764,US,1996
1398,W2090017022,anystyle,1,HK,1999
1398,W2294043777,anystyle,1,CA;US,2010
1398,W2012766980,anystyle,1,CA,2008
1399,W1594684443,anystyle,1,GB,2008
1399,W2087383181,anystyle,1,GB,2008
1403,W1970413016,anystyle,1,US,2010
1403,W1983276301,anystyle,1,CA,2009
1404,W2171674491,anystyle,1,AU,2010
1405,W1761842824,anystyle,1,AU,2011
1405,W2019096529,anystyle,1,US,2010
1405,W2141441158,anystyle,1,US,2007
1406,W2017323173,anystyle,1,TW,2009
1406,W2028285783,anystyle,1,FR,2009
1407,W2013740390,anystyle,1,CA;ES,2012
1408,W2116780029,anystyle,1,US,1993
1409,W1564752413,anystyle,1,BR;FR,2009
1410,W4241122112,anystyle,1,GB,2011
1411,W1849380654,anystyle,0.9736842105263158,GB,2011
1411,W2952295744,anystyle,1,DK;GB,2013
1411,W2098422045,anystyle,1,GB,2011
1413,W2116780029,anystyle,1,US,1993
1413,W4214612423,anystyle,1,GB,2000
1413,W2519428086,anystyle,1,JP,2002
1414,W2134955506,anystyle,1,AT,2002
1414,W2158295342,anystyle,1,SE,2006
1414,W2133702079,anystyle,1,GB,2002
1414,W2401109438,anystyle,1,DE,2004
1415,W1506777119,anystyle,1,DE;US,2008
1416,W2141802275,anystyle,1,DE;GB,2011
1416,W1564120371,anystyle,1,DE,2010
1417,W4205460017,anystyle,1,US,2011
1417,W2048144088,anystyle,1,US,2000
1417,W4251690049,anystyle,1,US,2002
1417,W2070103088,anystyle,0.9766666666666668,AU;MY,2009
1419,W1892813713,anystyle,0.988095238095238,DE,2008
1419,W4413431304,anystyle,1,NL,2025
1419,W1505147213,anystyle,1,DE,2008
1420,W2060852232,anystyle,1,GB;NZ,2011
1420,W2000196122,anystyle,1,AU;NL,2009
1420,W2167788171,anystyle,1,DE,2010
1420,W1993977866,anystyle,1,DE,2011
1420,W1923658367,anystyle,1,DE,2011
1422,W2054151502,anystyle,1,US,2007
1422,W1533349965,anystyle,1,GR,2006
1422,W1964642694,anystyle,1,IL;US,2010
1422,W2156695938,anystyle,1,US,2010
1422,W2108557656,anystyle,0.9666666666666668,AU,2022
1422,W2097532520,anystyle,1,GR,2001
1423,W2034662015,anystyle,1,US,1998
1423,W2058787788,anystyle,1,FR,2005
1423,W2080830759,anystyle,1,GB,2005
1423,W2154455356,anystyle,1,GB,1947
1423,W257874415,anystyle,1,US,2007
1423,W2065647385,anystyle,1,US,2011
1423,W2171770233,anystyle,1,US,2004
1423,W24912070,anystyle,1,US,2003
1423,W2100094531,anystyle,1,US,2002
1423,W4252379696,anystyle,1,US,1987
1423,W2546101873,anystyle,1,DE,2011
1423,W2167574069,anystyle,1,US,2006
1423,W2107901333,anystyle,1,US,2002
1423,W39110104,anystyle,1,CN,2004
1423,W2061912997,anystyle,0.9594202898550724,US,1999
1423,W2099415951,anystyle,1,FR,2005
1423,W307400639,anystyle,0.9593220338983052,PL;US,2007
1423,W2162591825,anystyle,1,JP,2002
1425,W2009807065,anystyle,1,US,1960
1425,W2123703620,anystyle,1,US,2009
1427,W2132827946,anystyle,1,US,2003
1427,W1966290122,anystyle,1,ES,2006
1427,W2054151502,anystyle,1,US,2007
1427,W2053967177,anystyle,1,US,2001
1427,W2051147002,anystyle,1,AU;US,1995
1427,W1521373230,anystyle,1,AU,2005
1428,W1767706601,anystyle,0.9505882352941176,KR,2011
1428,W2501935359,anystyle,0.9578947368421054,GB,2006
1430,W1594684443,anystyle,1,GB,2008
1431,W1801674572,anystyle,0.972972972972973,NL,2012
1431,W2571765418,anystyle,1,NL,2011
1431,W2115590701,anystyle,1,NL,1996
1432,W1555354714,anystyle,1,GB,2007
1432,W3212884198,anystyle,1,NL,1986
1432,W2803361678,anystyle,1,AU,1989
1432,W2151170651,anystyle,1,US,2002
1432,W4229859872,anystyle,1,US,2007
1432,W2134389010,anystyle,1,US,2009
1434,W1747212165,anystyle,1,US,1996
1435,W2120267536,anystyle,0.952046332046332,DE,2012
1435,W2086677051,anystyle,1,US,2000
1435,W1991572852,anystyle,1,GB,2012
1435,W1796592579,anystyle,1,DE,2006
1435,W2023434958,anystyle,1,US,1998
1435,W1904784307,anystyle,0.9958762886597938,BE;NL,2010
1436,W2014864037,anystyle,1,AU,2006
1436,W2040162312,anystyle,1,US,2004
1436,W2117180230,anystyle,1,NL,2007
1436,W2092743872,anystyle,1,DE;GB,2011
1438,W1815154252,anystyle,1,AU,2010
1442,W1993655898,anystyle,1,GB,2010
1446,W2065218635,anystyle,1,IL,2004
1447,W2116780029,anystyle,1,US,1993
1447,W1504882515,anystyle,1,HK,2010
1447,W2128354940,anystyle,1,GB,2011
1447,W6999969212,anystyle,1,FR;SE,2012
1447,W2140798747,anystyle,1,GB,1997
1448,W2120368664,anystyle,1,AU,2008
1448,W4239946314,anystyle,1,DE;GB,2010
1449,W2069677263,anystyle,1,AT,2010
1451,W2603324824,anystyle,1,GB,2007
1451,W1927175093,anystyle,1,GB,2009
1451,W2130410032,anystyle,1,US,2005
1452,W2098434511,anystyle,0.965217391304348,BE,2010
1452,W4250089123,anystyle,1,GR,2008
1452,W2069985874,anystyle,1,DE,2010
1452,W2065218635,anystyle,1,IL,2004
1453,W2477855741,anystyle,1,NO;PT,2010
1454,W1461677342,anystyle,1,US,2005
1454,W2078248217,anystyle,1,US,2001
1454,W1967686629,anystyle,1,US,2007
1454,W2903444008,anystyle,1,BE;FR,2015
1454,W1507370768,anystyle,1,US,2011
1454,W2120780511,anystyle,1,CN,2007
1454,W200839526,anystyle,1,CN,2007
1454,W2138682483,anystyle,1,CN,2008
1455,W2028800441,anystyle,1,US,2009
1455,W2123697931,anystyle,1,GB,2008
1455,W1582528364,anystyle,0.9653061224489796,IE;US,2010
1455,W2055768487,anystyle,0.9835051546391752,US,2001
1456,W2165857685,anystyle,1,CA;GB;US,2005
1456,W1970476061,anystyle,0.96850760867942,US,2009
1458,W2103377156,anystyle,1,NL,2007
1458,W1755397260,anystyle,1,IN;US,2007
1458,W2161574341,anystyle,1,NL,2007
1458,W2096695793,anystyle,1,NL;US,2009
1458,W4235781639,anystyle,0.986932215234102,CH,2004
1461,W2339223376,anystyle,1,CH,2007
1461,W2134614734,anystyle,1,CH;DE,2009
1461,W2167042387,anystyle,1,CH,2010
1461,W2004165551,anystyle,1,CH,2011
1461,W1997312619,anystyle,0.989023569023569,FR,2001
1461,W2122585011,anystyle,1,CH;DE;PK;US,2009
1461,W1982907973,anystyle,1,FR,2006
1461,W4255234640,anystyle,1,CH,2001
1461,W1609144197,anystyle,1,CH,2011
1461,W1999431203,anystyle,1,US,1996
1462,W1912336655,anystyle,1,FR,2010
1462,W4207089803,anystyle,1,FR,2008
1462,W2274383844,anystyle,1,FR,2010
1464,W2153698174,anystyle,1,GB,2004
1464,W2061393379,anystyle,1,CA,2011
1464,W1985397115,anystyle,1,CA,2010
1464,W2065635299,anystyle,1,US,2010
1465,W46186211,anystyle,1,SE,2010
1465,W2134289803,anystyle,1,SE,2007
1465,W2095023851,anystyle,1,US,2011
1465,W2268590461,anystyle,1,CA,2010
1465,W2294043777,anystyle,1,CA;US,2010
1465,W2031406010,anystyle,1,NL,2008
1466,W2064865952,anystyle,1,GB;US,2010
1467,W1494404649,anystyle,1,GB,2001
1467,W2148578434,anystyle,1,US,2008
1468,W4232529941,anystyle,0.986206896551724,US,2018
1468,W4252015580,anystyle,1,US,1994
1468,W2155354890,anystyle,1,US,2011
1468,W1687157824,anystyle,1,GB,2003
1468,W2045397480,anystyle,1,FI;SE,2008
1468,W2033420318,anystyle,1,US,2007
1468,W2039262691,anystyle,1,GB,2007
1469,W1963559748,anystyle,1,GB,2000
1473,W174758427,anystyle,1,DE,2010
1474,W2013731798,anystyle,0.9878333333333332,US,2008
1474,W2066636486,anystyle,1,US,1998
1474,W4205729404,anystyle,1,GB,1999
1474,W3217187966,anystyle,0.9565217391304348,FR,2009
1474,W1927815414,anystyle,1,US,2006
1475,W2039320347,anystyle,1,FR,2001
1476,W2168581589,anystyle,1,AU,2009
1476,W2095069785,anystyle,1,US,2010
1476,W2088343725,anystyle,1,AU,2002
1476,W2060978735,anystyle,0.9686746987951806,US,1998
1476,W2139593428,anystyle,1,US,1997
1478,W2004841738,anystyle,1,GB,1992
1478,W1927175093,anystyle,1,GB,2009
1479,W4388122245,anystyle,1,AU,2009
1479,W337668662,anystyle,1,GB,2001
1479,W1529271041,anystyle,1,US,2001
1479,W4246260612,anystyle,1,GB;US,2012
1480,W122223760,anystyle,1,AT;DE;HU,2011
1480,W1560179866,anystyle,1,ES;HU;SE;US,2010
1480,W138654001,anystyle,1,AT;HU,2011
1480,W37352174,anystyle,1,GB,2006
1482,W2126094488,anystyle,1,SI,2003
1483,W2032641371,anystyle,1,US,2011
1483,W1532736851,anystyle,1,NL,2010
1483,W2063389094,anystyle,1,US,2003
1483,W2003370949,anystyle,1,US,2006
1483,W2111183635,anystyle,1,US,2006
1483,W2108205486,anystyle,1,US,2005
1483,W2075826340,anystyle,1,CA,2009
1484,W2118095865,anystyle,1,GB,2010
1485,W1503669979,anystyle,1,US,1993
1485,W2321883869,anystyle,1,US,1991
1486,W2047111393,anystyle,1,US,1992
1487,W1997071389,anystyle,1,GB,1992
1488,W2950193311,anystyle,1,CH;US,2011
1488,W754249672,anystyle,1,DE;IT,2009
1491,W2144324336,anystyle,1,DE,2011
1492,W2100585253,anystyle,1,MX,2012
1493,W1552604813,anystyle,0.9815384615384616,CA;FR,1997
1493,W2155322595,anystyle,1,CA,1980
1493,W1666289648,anystyle,1,GB,1998
1493,W1780472831,anystyle,1,DE,2002
1494,W2004587985,anystyle,1,US,2008
1494,W4246212442,anystyle,1,US,2009
1495,W1979471112,anystyle,0.988095238095238,GB,2005
1495,W2033420318,anystyle,1,US,2007
1496,W2019025183,anystyle,1,IE,2006
1496,W2169778455,anystyle,1,CN,2007
1496,W2134614734,anystyle,1,CH;DE,2009
1496,W89301254,anystyle,1,DE,2003
1496,W2134097102,anystyle,1,US,2004
1496,W2151103935,anystyle,1,CA,2004
1496,W2005035880,anystyle,1,CN,2008
1496,W2129884094,anystyle,1,IL,2007
1496,W2065638089,anystyle,1,US,2003
1497,W695700,anystyle,1,FR;GR,2007
1497,W1993977866,anystyle,1,DE,2011
1498,W3147331073,anystyle,1,US,2010
1498,W2154331289,anystyle,1,US,2006
1498,W1967820447,anystyle,1,US,2006
1501,W2017323173,anystyle,1,TW,2009
1503,W2042117803,anystyle,1,GB,2009
1503,W2015646678,anystyle,1,US,2009
1504,W4211148787,anystyle,1,GB,2001
1505,W2070103088,anystyle,0.9621621621621622,AU;MY,2009
1506,W2081267498,anystyle,1,IL,1998
1506,W1574320860,anystyle,1,MX,2008
1507,W2325840117,anystyle,1,GB,2011
1507,W2118537526,anystyle,1,US,1998
1507,W2129119089,anystyle,1,US,2001
1507,W2065218635,anystyle,1,IL,2004
1507,W7001530380,anystyle,1,CH,2010
1507,W1570651926,anystyle,1,IE,2008
1508,W2140772294,anystyle,1,US,2007
1509,W2019096529,anystyle,1,US,2010
1509,W1875261861,anystyle,1,CA,2005
1509,W2490557014,anystyle,1,US,2013
1511,W2014864037,anystyle,1,AU,2006
1511,W2054151502,anystyle,1,US,2007
1511,W2186423839,anystyle,1,TR,2007
1512,W1592805114,anystyle,1,CA,2008
1512,W2117180230,anystyle,1,NL,2007
1512,W2066464964,anystyle,1,GB,2005
1512,W4244743760,anystyle,1,US,2006
1512,W2040162312,anystyle,1,US,2004
1512,W4241151676,anystyle,1,US,2004
1512,W2502482532,anystyle,1,GB,2010
1512,W2092743872,anystyle,0.984564393939394,DE;GB,2011
1514,W4247522292,anystyle,1,US,1998
1514,W2033786417,anystyle,1,US,2003
1514,W1974087763,anystyle,1,US,1993
1514,W2095069785,anystyle,1,US,2010
1514,W2137334650,anystyle,1,GB,2001
1514,W2002156209,anystyle,1,US,1995
1514,W2031474728,anystyle,1,IL,2006
1514,W2064359092,anystyle,0.9866156315594518,US,1983
1514,W2118279084,anystyle,1,GB,2004
1514,W2021392329,anystyle,1,US,1970
1514,W2097532520,anystyle,1,GR,2001
1514,W2167489963,anystyle,1,TW;US,2003
1515,W2051508702,anystyle,1,US,1981
1515,W2097991536,anystyle,0.9978021978021978,US,1983
1515,W165948429,anystyle,1,CA,1993
1515,W2891249152,anystyle,1,US,2005
1516,W2482201216,anystyle,1,GB,1972
1516,W2016012873,anystyle,1,GB,1977
1517,W1964678744,anystyle,0.963265306122449,CH;US,2009
1517,W2477855741,anystyle,1,NO;PT,2010
1519,W2097706568,anystyle,1,US,1987
1520,W2137426032,anystyle,1,US,2007
1520,W2018041479,anystyle,1,US,2010
1520,W2553040726,anystyle,1,US,2013
1520,W3105155400,anystyle,1,PL,2004
1520,W2171674491,anystyle,1,AU,2010
1520,W2070103088,anystyle,1,AU;MY,2009
1521,W4243919672,anystyle,1,GB;US,2001
1521,W2051887480,anystyle,1,FI,2011
1521,W2070103088,anystyle,1,AU;MY,2009
1521,W2040075948,anystyle,1,GB,2001
1522,W2033595959,anystyle,1,US,2002
1524,W1906503946,anystyle,1,US,2001
1525,W1987469653,anystyle,1,CA,2004
1525,W1979135380,anystyle,1,GB,1998
1525,W2500977095,anystyle,1,US,2008
1526,W2274383844,anystyle,0.9655172413793104,FR,2010
1526,W121769347,anystyle,1,GB,2011
1526,W2614137764,anystyle,1,FR,2009
1528,W2139618209,anystyle,1,FI,2009
1528,W2511479263,anystyle,1,US,2007
1528,W4240454569,anystyle,1,DE,2008
1528,W2036242330,anystyle,1,GB,2009
1529,W2110764733,anystyle,1,CA;US,2007
1529,W2019999690,anystyle,1,DE,2011
1530,W1978584603,anystyle,1,DE,2010
1531,W2457143,anystyle,1,GB,2001
1531,W2122322468,anystyle,1,US,2006
1531,W2127990839,anystyle,1,US,2002
1532,W1485109029,anystyle,1,DE,2003
1532,W2089241138,anystyle,1,GB,1989
1532,W1977304153,anystyle,1,US,1981
1532,W2045194962,anystyle,1,DE,1979
1533,W1997071389,anystyle,1,GB,1992
1534,W2105594594,anystyle,1,US,1986
1534,W2147965298,anystyle,1,US,2000
1534,W4235330398,anystyle,1,US,1981
1534,W1593934207,anystyle,1,DE;NL,2006
1534,W1516789863,anystyle,1,DE;NL,2010
1534,W2156991152,anystyle,1,DE,2004
1534,W2119374145,anystyle,1,JP,2002
1535,W8437397,anystyle,1,KR,1984
1535,W1565206031,anystyle,1,US,1999
1535,W1935857547,anystyle,1,DE;NL,1998
1535,W1798089913,anystyle,1,CA,1994
1535,W2130103520,anystyle,1,US,1994
1535,W2151554678,anystyle,1,US,1997
1536,W186150023,anystyle,1,DE,2019
1536,W2071943868,anystyle,1,US,2000
1536,W1981920898,anystyle,1,DE;ES;IE;NL,2012
1536,W37352174,anystyle,1,GB,2006
1537,W2046020929,anystyle,1,US,2005
1537,W3123518987,anystyle,1,GR;US,2006
1537,W1591007150,anystyle,1,PT,2008
1538,W2133160781,anystyle,1,AU;HK,2003
1538,W2118020653,anystyle,1,IT,2002
1538,W1994740746,anystyle,1,US,2004
1538,W11540594,anystyle,1,US,2007
1543,W2478371279,anystyle,1,US,2013
1543,W6925595407,anystyle,0.9615384615384616,US,2013
1549,W2053804523,anystyle,1,GB,2005
1551,W2091442045,anystyle,1,IE;US,1993
1552,W1491606790,anystyle,1,MA,2010
1552,W4205750522,anystyle,1,FR,2009
1556,W1516789863,anystyle,1,DE;NL,2010
1556,W1581547891,anystyle,1,DE;NL,2011
1557,W2105395040,anystyle,1,TW,2005
1557,W1990976049,anystyle,1,US,2005
1557,W2028842220,anystyle,0.9500214776632302,FR,2011
1557,W2147880316,anystyle,1,US,2001
1557,W1981791873,anystyle,1,US,2005
1557,W1964879903,anystyle,1,US,2009
1557,W2097682512,anystyle,1,DE,2007
1558,W748204814,anystyle,1,US,2019
1559,W1499244104,anystyle,1,CA,2011
1559,W2003867816,anystyle,1,CA,1996
1559,W2098327022,anystyle,1,NL;US,1995
1560,W2155171486,anystyle,1,US,2007
1561,W2006616005,anystyle,1,ES,2007
1561,W2155171486,anystyle,1,US,2007
1562,W2039857112,anystyle,1,US,1988
1562,W1991291418,anystyle,1,CA,2008
1562,W1658543218,anystyle,1,CA,2012
1564,W2149140320,anystyle,1,DE,2011
1566,W2112167028,anystyle,1,US,2010
1566,W2235289537,anystyle,1,BD,1994
1568,W2234154942,anystyle,1,GB,2010
1568,W1993977866,anystyle,1,DE,2011
1572,W2032190725,anystyle,1,CN,2010
1572,W1983704199,anystyle,1,US,2008
1572,W2124917259,anystyle,1,DE,2011
1572,W4206220710,anystyle,1,GB,2010
1572,W1994326726,anystyle,1,US,2005
1573,W2476395526,anystyle,1,US,2003
1574,W2065468945,anystyle,1,DE,2012
1577,W2096101609,anystyle,1,CH,2007
1578,W286430144,anystyle,1,US,2011
1578,W246714797,anystyle,1,US,2011
1580,W2013369170,anystyle,1,GB;US,2015
1581,W2092847110,anystyle,1,CA,1986
1582,W4243260509,anystyle,1,US,1990
1582,W4243260509,anystyle,1,US,1990
1585,W2253621663,anystyle,1,US,2009
1585,W2322999553,anystyle,1,US,1988
1586,W4246502257,anystyle,1,US,1972
1586,W304967268,anystyle,1,US,2007
1586,W1798089913,anystyle,1,CA,1994
1586,W2134031328,anystyle,1,US,2003
1587,W2051405067,anystyle,1,GB;IE;US,2010
1587,W7032023249,anystyle,1,JP,2008
1587,W1979569538,anystyle,1,GB,2011
1588,W2498912814,anystyle,1,JP,2005
1588,W2159918425,anystyle,1,DE,2007
1588,W2019096529,anystyle,1,US,2010
1589,W2123139556,anystyle,1,US,2010
1589,W2093194075,anystyle,1,DE;GB,2012
1589,W1999111115,anystyle,1,BE,2010
1589,W2124917259,anystyle,1,DE,2011
1589,W2045812729,anystyle,1,DE,2002
1589,W2105045857,anystyle,1,US,1998
1592,W2014864037,anystyle,1,AU,2006
1592,W6906653474,anystyle,1,US,2025
1592,W2053967177,anystyle,1,US,2001
1592,W2146793826,anystyle,1,PL,2011
1593,W2014864037,anystyle,1,AU,2006
1593,W2118537526,anystyle,1,US,1998
1593,W2060978735,anystyle,1,US,1998
1593,W2146793826,anystyle,1,PL,2011
1594,W2293651818,anystyle,1,SG,2002
1594,W2108333603,anystyle,1,US,2009
1594,W2290931995,anystyle,1,US,2011
1594,W279271875,anystyle,1,US,1992
1597,W2171707538,anystyle,1,DE,2001
1598,W1546552670,anystyle,1,US,2008
1598,W1975392791,anystyle,1,US,2005
1598,W2105151156,anystyle,1,US,2006
1598,W1645623507,anystyle,1,US,2008
1598,W1967958282,anystyle,1,US,2011
1598,W2101524054,anystyle,1,CH;FR,2007
1598,W1863227302,anystyle,1,US,1991
1598,W2169858038,anystyle,1,US,2009
1601,W1499006725,anystyle,1,DE;DK;NL,2012
1601,W1593934207,anystyle,1,DE;NL,2006
1601,W1581547891,anystyle,1,DE;NL,2011
1601,W2097508847,anystyle,1,DK,2007
1601,W3142229559,anystyle,1,KR,2007
1601,W2167858346,anystyle,1,ES;GB,2003
1601,W4241044671,anystyle,1,US,2012
1601,W2166894669,anystyle,1,CA,2002
1601,W1689644917,anystyle,1,IE;IT,2007
1602,W4236036072,anystyle,0.9731343283582088,AU,2006
1602,W2251853001,anystyle,1,RO,2012
1602,W1544505227,anystyle,1,DE;ES,2010
1604,W123719442,anystyle,1,GB,2012
1604,W2071257110,anystyle,1,DE,1991
1604,W2232818058,anystyle,1,RU;US,2010
1604,W2314883097,anystyle,1,US,1983
1605,W2097061332,anystyle,1,GB,2010
1605,W1999730404,anystyle,1,GB,2011
1605,W2112390708,anystyle,1,US,2015
1605,W2030868177,anystyle,1,DE,2008
1605,W1999591000,anystyle,1,GB,2007
1606,W2186524564,anystyle,1,IT,2012
1606,W2527241226,anystyle,0.987878787878788,DE,2010
1607,W2127192518,anystyle,1,GB,2011
1608,W2768817266,anystyle,1,US,2011
1608,W2100026518,anystyle,1,US,2010
1611,W2992359569,anystyle,1,NL;US,1972
1611,W2163685257,anystyle,1,US,1992
1611,W279271875,anystyle,1,US,1992
1611,W1823329909,anystyle,1,US,2000
1611,W3168009298,anystyle,1,US,2020
1611,W2038651474,anystyle,1,CA,2006
1612,W2081514874,anystyle,1,US,2007
1612,W2040162312,anystyle,1,US,2004
1612,W4241151676,anystyle,1,US,2004
1612,W2095069785,anystyle,1,US,2010
1612,W4211134195,anystyle,1,IL;US,2008
1612,W2146793826,anystyle,1,PL,2011
1612,W2033098905,anystyle,1,US,2011
1612,W2092743872,anystyle,0.984423076923077,DE;GB,2011
1613,W2014864037,anystyle,1,AU,2006
1613,W2117180230,anystyle,1,NL,2007
1613,W2040162312,anystyle,1,US,2004
1613,W4241151676,anystyle,1,US,2004
1613,W2072422415,anystyle,1,US,2008
1613,W2146793826,anystyle,1,PL,2011
1614,W2077832206,anystyle,1,US,2012
1615,W2047224058,anystyle,1,CA,2012
1615,W2160630045,anystyle,1,US,2009
1615,W2601870390,anystyle,1,US,2012
1615,W2145837009,anystyle,1,US,2011
1616,W2149151630,anystyle,1,FR;GB;US,2012
1616,W2476395526,anystyle,1,US,2003
1617,W2065139259,anystyle,1,CA,2010
1622,W2313469048,anystyle,1,US,1976
1624,W1992715089,anystyle,1,US,2012
1624,W2065139259,anystyle,1,CA,2010
1624,W2059590932,anystyle,1,US,2006
1625,W2065139259,anystyle,1,CA,2010
1625,W2160133849,anystyle,1,CA;NL,2012
1627,W1975989409,anystyle,1,US,2008
1627,W3142588439,anystyle,1,US,NA
1629,W2322582211,anystyle,1,NL,2000
1630,W2071902141,anystyle,1,US,1985
1630,W4211187293,anystyle,1,ES,2009
1630,W2021540580,anystyle,1,SE,2010
1630,W4240578951,anystyle,1,SE,2009
1630,W2090017022,anystyle,1,HK,1999
1630,W2145234608,anystyle,1,US,2005
1630,W6892457839,anystyle,1,FR,2006
1630,W2950148221,anystyle,1,NL;SE,2011
1630,W2150569271,anystyle,1,US,1975
1630,W2159737986,anystyle,1,US,1982
1630,W2161564750,anystyle,1,IL,1983
1630,W2141272607,anystyle,1,NL;US,2011
1630,W2113190934,anystyle,1,US,1995
1630,W4239006905,anystyle,1,US,1975
1630,W2159569041,anystyle,1,US,2012
1631,W2295693316,anystyle,1,US,1996
1631,W1791635689,anystyle,1,US,2010
1632,W2122172122,anystyle,1,US,2011
1633,W2081514874,anystyle,1,US,2007
1633,W1542485741,anystyle,1,AU;CA;GB,2010
1633,W4244743760,anystyle,1,US,2006
1633,W2040162312,anystyle,1,US,2004
1633,W2892687524,anystyle,1,US,2011
1633,W1492556827,anystyle,0.986206896551724,GB,2012
1633,W2117180230,anystyle,1,NL,2007
1635,W2832198302,anystyle,1,BR,2010
1635,W1250679509,anystyle,1,BG;ES;US,2011
1635,W1573733520,anystyle,1,IT,2008
1635,W2162237094,anystyle,0.9789473684210528,US,2010
1636,W1582588624,anystyle,1,DE;IE,2008
1636,W1560757032,anystyle,1,IT;US,2010
1636,W2110372823,anystyle,1,NL,2013
1637,W1508029622,anystyle,1,ES,2010
1637,W2020740057,anystyle,1,GB;US,2011
1637,W2232943036,anystyle,1,US,2010
1637,W2034206760,anystyle,1,US,2010
1637,W4238443967,anystyle,1,DE;GB,2011
1637,W1585360772,anystyle,1,US,2001
1637,W2250625331,anystyle,1,GB,2015
1637,W2050054881,anystyle,1,AT;DE,2012
1637,W2023363262,anystyle,1,US,2010
1639,W2160001313,anystyle,1,US,2009
1639,W2466298811,anystyle,1,US,2009
1639,W2069582578,anystyle,0.9607142857142856,US,2005
1640,W1513441237,anystyle,1,FR,2006
1640,W2071472314,anystyle,1,US,1976
1640,W1975280008,anystyle,1,CA;US,1973
1640,W2045194962,anystyle,1,DE,1979
1640,W2069188354,anystyle,0.9888106416275432,GB,1989
1640,W1550506917,anystyle,1,GB,2009
1640,W2007634252,anystyle,1,US,1987
1641,W1539552652,anystyle,1,NL,2011
1641,W2184810749,anystyle,1,NL,2012
1642,W1999814814,anystyle,1,CA;US,2010
1642,W1752237536,anystyle,1,US,2012
1642,W2066645370,anystyle,1,PT;US,2011
1642,W1971719336,anystyle,1,CA,2009
1645,W2504121612,anystyle,1,US,2012
1645,W2120734245,anystyle,1,GB,2006
1645,W4298513266,anystyle,0.9894736842105264,FR;US,1998
1647,W2151999543,anystyle,1,AU,2006
1647,W2105046342,anystyle,1,US,2004
1647,W2074709118,anystyle,1,US,2005
1647,W2165715280,anystyle,1,US,2001
1647,W2137806997,anystyle,1,US,2002
1647,W1585089348,anystyle,1,JP,2009
1647,W2127127580,anystyle,1,FI,2008
1647,W2147776155,anystyle,1,AT;JP,2009
1647,W2037569144,anystyle,1,HK,2008
1647,W1491797991,anystyle,1,DE;US,2005
1647,W2119350939,anystyle,1,DK;GB,2006
1647,W2100018893,anystyle,1,US,2005
1647,W2155351433,anystyle,1,CN,2003
1648,W1696340651,anystyle,1,GB,2010
1648,W2034141601,anystyle,1,NL;US,2009
1649,W2013490357,anystyle,1,CN,2010
1649,W2091780959,anystyle,1,EE;US,1990
1649,W2171674491,anystyle,1,AU,2010
1650,W2032218568,anystyle,0.9515789473684212,IL,2012
1651,W2139445257,anystyle,1,BE,2012
1651,W1490292573,anystyle,0.9914688128772636,FR,2001
1651,W2167417018,anystyle,0.9829787234042552,RU,2010
1651,W2146793826,anystyle,1,PL,2011
1651,W2117180230,anystyle,1,NL,2007
1657,W2122080230,anystyle,1,GB,2006
1657,W2337179679,anystyle,1,CH,2012
1657,W2017483096,anystyle,0.9741758241758242,PE;US,2001
1657,W2032503839,anystyle,1,US,1997
1658,W2011977264,anystyle,1,US,1981
1658,W2000569830,anystyle,1,US,1994
1658,W2068106061,anystyle,1,US,2006
1658,W1520158417,anystyle,1,US,2013
1658,W2896968184,anystyle,1,JM,2012
1661,W2033154143,anystyle,1,IT,2007
1661,W2014949296,anystyle,1,IT,2007
1661,W1598692378,anystyle,1,DE;IT,2004
1661,W1540299793,anystyle,1,IE;IL,2012
1666,W2251758222,anystyle,1,US,2012
1666,W2158195707,anystyle,1,GB;US,1999
1666,W2151631470,anystyle,1,US,1992
1666,W2114084204,anystyle,1,US,2004
1666,W2097606805,anystyle,1,US,2003
1666,W2167072947,anystyle,1,US,2002
1666,W3140899032,anystyle,1,US,2002
1666,W3152441428,anystyle,1,US,2002
1666,W2100613188,anystyle,1,SK;US,2005
1666,W1972641242,anystyle,1,US,1997
1666,W2547255185,anystyle,1,IN,2016
1666,W2004763266,anystyle,1,US,2009
1666,W2138199375,anystyle,1,US,2002
1666,W2158604298,anystyle,1,US,2008
1666,W59466250,anystyle,1,US,2008
1666,W2105963649,anystyle,1,DK;NL;SI,2003
1666,W2019433909,anystyle,1,US,1996
1666,W2087556608,anystyle,1,US,2003
1668,W6925248474,anystyle,1,US,2012
1669,W2127192518,anystyle,0.9829787234042552,GB,2011
1670,W4239343758,anystyle,0.9775280898876404,US,2007
1673,W2009031793,anystyle,1,US,2005
1673,W2128724692,anystyle,0.9972602739726028,US,2008
1673,W1974178397,anystyle,1,US,2006
1674,W2030972446,anystyle,1,DE,2010
1674,W2127192518,anystyle,1,GB,2011
1674,W2160133849,anystyle,1,CA;NL,2012
1675,W1983721404,anystyle,1,SI,2006
1675,W2596969499,anystyle,1,GB;IT,2005
1675,W4248437541,anystyle,1,US,1995
1675,W2603324824,anystyle,1,GB,2007
1677,W1972309850,anystyle,1,US,2005
1677,W2120438589,anystyle,1,DE;IL,2004
1677,W2016743875,anystyle,1,ES,2007
1677,W2014693370,anystyle,1,US,2005
1679,W2001932471,anystyle,1,US,2010
1681,W2103129828,anystyle,1,US,2012
1681,W2409540396,anystyle,0.99568345323741,US,2009
1685,W2054920719,anystyle,1,AU,2012
1686,W2003494254,anystyle,1,GB;US,2011
1686,W2030972446,anystyle,1,DE,2010
1686,W2298585625,anystyle,1,GB,2006
1686,W1532077989,anystyle,1,AU;CA;GB,2010
1687,W2065327270,anystyle,1,CA,2002
1687,W1984472853,anystyle,1,CA,2006
1687,W2055602674,anystyle,1,GB,2006
1688,W1569709747,anystyle,1,IT,2003
1688,W173640133,anystyle,1,AT;IE;IT,2012
1688,W1986930961,anystyle,1,US,2009
1688,W2070080270,anystyle,1,GB,2010
1690,W84421257,anystyle,1,AU,2003
1690,W1556818555,anystyle,1,DE;NL,2010
1690,W4390911412,anystyle,1,DE,2004
1690,W136640197,anystyle,1,DE,2010
1690,W2087392613,anystyle,1,DE;NL,2009
1691,W2036699209,anystyle,1,GB,2013
1692,W2078066714,anystyle,1,GB,2008
1692,W6944218998,anystyle,1,GB,2012
1692,W2152304295,anystyle,1,DE;US,1962
1692,W1993977866,anystyle,1,DE,2011
1692,W2036699209,anystyle,1,GB,2013
1694,W2102775690,anystyle,0.9620689655172414,US,2006
1694,W1607405323,anystyle,1,US,2012
1695,W4255692800,anystyle,1,US,2002
1696,W2140945425,anystyle,1,US,2010
1696,W1598464089,anystyle,1,US,2011
1696,W2138191347,anystyle,1,CM;GB,2005
1697,W177623003,anystyle,1,SG,2009
1697,W2290931995,anystyle,1,US,2011
1697,W2167904823,anystyle,1,CA,2006
1698,W2039262691,anystyle,1,GB,2007
1698,W1596675947,anystyle,1,CH,2010
1703,W37596163,anystyle,1,US,2011
1703,W2022667416,anystyle,1,CN;GB,2000
1703,W2038032083,anystyle,1,DE,2008
1704,W2199919826,anystyle,1,CN;US,2006
1704,W2188888987,anystyle,1,US,2011
1705,W3170284245,anystyle,1,NG,2012
1705,W2260509623,anystyle,0.9622641509433962,FR,1991
1705,W2260509623,anystyle,0.9869565217391304,FR,1991
1705,W4245883374,anystyle,1,US,1990
1707,W2070103088,anystyle,1,AU;MY,2009
1708,W2127192518,anystyle,1,GB,2011
1708,W2618153646,anystyle,0.966412213740458,GB,2005
1709,W2065139259,anystyle,1,CA,2010
1711,W2042100730,anystyle,1,GB;US,2012
1713,W1912336655,anystyle,1,FR,2010
1713,W2129173781,anystyle,1,FR,2010
1714,W2610983826,anystyle,1,FR,2010
1714,W1912336655,anystyle,1,FR,2010
1714,W2129173781,anystyle,1,FR,2010
1714,W2616456470,anystyle,1,FR,2012
1716,W2161484642,anystyle,1,US,1983
1716,W186125810,anystyle,1,GR,1998
1716,W1503292535,anystyle,1,SE,2010
1716,W1556469429,anystyle,1,GB,2005
1716,W2033595959,anystyle,1,US,2002
1717,W2112424197,anystyle,1,AU;GB,2002
1717,W2021082438,anystyle,1,US,2003
1717,W2065409953,anystyle,1,BE,2012
1717,W1786106239,anystyle,1,NO,2003
1717,W2077824492,anystyle,1,US,1987
1717,W2000453604,anystyle,1,AU,1994
1717,W1996508650,anystyle,1,GB,1982
1718,W104387568,anystyle,1,US,1996
1723,W2026586727,anystyle,0.9792067510548524,US,2012
1723,W2081479411,anystyle,1,US,2011
1723,W2102854878,anystyle,1,US,2010
1724,W1509696072,anystyle,1,DE;NL;US,2012
1724,W2142687753,anystyle,0.9752808988764043,US,2001
1724,W1605977370,anystyle,1,DE;NL,2007
1724,W1546213456,anystyle,1,DE;NL,2013
1727,W1907282519,anystyle,1,US,2010
1727,W2953150912,anystyle,1,US,2008
1727,W2109248779,anystyle,1,US,2011
1727,W1968637158,anystyle,1,HU,2012
1727,W2010133698,anystyle,1,GB,2010
1730,W2096765155,anystyle,1,US,2005
1731,W2099603485,anystyle,1,AU;GB,2009
1731,W2128162117,anystyle,1,GB,2011
1731,W1807820360,anystyle,1,GB,2011
1731,W2073959870,anystyle,1,US,2002
1734,W2112167028,anystyle,1,US,2010
1734,W1972156139,anystyle,1,US,2008
1734,W2591157735,anystyle,1,US,2010
1734,W2131154369,anystyle,1,GB;US,1997
1734,W2016281502,anystyle,1,US,2011
1737,W2282241625,anystyle,1,US,2012
1737,W2031850547,anystyle,1,GB;US,2013
1737,W2033420318,anystyle,1,US,2007
1737,W2260421091,anystyle,1,US,2010
1737,W2122682621,anystyle,1,AU;GB,2011
1737,W326132479,anystyle,1,IE,2012
1737,W2159569041,anystyle,1,US,2012
1739,W2906896639,anystyle,1,US,2009
1739,W6962766693,anystyle,1,US,2000
1741,W2149151630,anystyle,1,FR;GB;US,2012
1741,W2098513900,anystyle,1,GB;US,2009
1741,W57270252,anystyle,1,DE;US,2011
1741,W6891752327,anystyle,1,GB;US,2009
1741,W1543492740,anystyle,1,AU,2010
1741,W2279975692,anystyle,1,FR,2011
1741,W2075826340,anystyle,1,CA,2009
1741,W1605246803,anystyle,1,US,2012
1741,W2079249788,anystyle,1,CA,2011
1742,W1991291418,anystyle,0.9777777777777776,CA,2008
1742,W2075826340,anystyle,1,CA,2009
1742,W2110117288,anystyle,0.975,CA,2012
1745,W2084758626,anystyle,1,DE,2004
1745,W2160167418,anystyle,1,GB,2010
1746,W2120154746,anystyle,0.9563479623824452,GB,2011
1746,W2003094793,anystyle,0.9708333333333332,GB,2010
1746,W2006616005,anystyle,1,ES,2007
1746,W1986353013,anystyle,1,GB,2007
1747,W1484970859,anystyle,1,DE,2012
1747,W4236396054,anystyle,1,SE,2011
1747,W2134289803,anystyle,1,SE,2007
1747,W2251158885,anystyle,1,SE,2012
1747,W2251186911,anystyle,0.9957446808510638,SE,2012
1747,W2120154746,anystyle,1,GB,2011
1747,W2141835599,anystyle,1,US,2010
1748,W2076638146,anystyle,1,CA,1988
1748,W2061569511,anystyle,1,NO,1994
1748,W2507246375,anystyle,1,US,2012
1748,W2171674491,anystyle,1,AU,2010
1748,W2321883869,anystyle,1,US,1991
1750,W2032230259,anystyle,1,US,2007
1750,W2619408079,anystyle,1,US,2012
1752,W1807057519,anystyle,1,GR;US,2003
1752,W1815154252,anystyle,1,AU,2010
1752,W2988517541,anystyle,1,US,2019
1753,W4234361085,anystyle,1,US,2013
1753,W7020780038,anystyle,1,US,2011
1754,W275800404,anystyle,1,US,2006
1755,W2005057101,anystyle,1,US,2006
1755,W2018013323,anystyle,0.9744186046511628,US,2002
1755,W2019096529,anystyle,1,US,2010
1755,W2110631042,anystyle,1,IT,2009
1755,W2138615112,anystyle,1,US,2007
1755,W2142838865,anystyle,1,US,2010
1755,W1735394485,anystyle,1,DE;US,1997
1757,W2053804523,anystyle,1,GB,2005
1757,W1975989409,anystyle,1,US,2008
1757,W1561585380,anystyle,1,NL,2010
1757,W1993977866,anystyle,1,DE,2011
1757,W1985001445,anystyle,1,US,2011
1757,W2151196269,anystyle,1,US,2012
1760,W153166331,anystyle,1,JP,2010
1760,W2157900633,anystyle,1,US,2010
1761,W4205460017,anystyle,1,US,2011
1762,W2023363262,anystyle,1,US,2010
1763,W2099881366,anystyle,1,US,2007
1763,W2170749155,anystyle,0.9695652173913044,GB,2007
1763,W2038598927,anystyle,1,US,1996
1764,W2064942698,anystyle,1,NO;US,2008
1764,W2048144088,anystyle,1,US,2000
1764,W1866830055,anystyle,1,US,2003
1764,W581737134,anystyle,1,US,2009
1765,W2061455381,anystyle,1,BD;JP,2011
1765,W2004782507,anystyle,1,IR;MY,2011
1766,W1592381037,anystyle,1,US,2002
1770,W2080328584,anystyle,1,JP,2010
1771,W2521593815,anystyle,1,US,2011
1771,W1997704060,anystyle,1,US,2012
1771,W2036040422,anystyle,1,DK,1992
1771,W2020726632,anystyle,1,CA,2011
1772,W4250548453,anystyle,1,GB;IR,2010
1773,W1964678744,anystyle,1,CH;US,2009
1773,W1569113775,anystyle,1,NO,2004
1774,W2145523428,anystyle,1,US,2001
1775,W1979983754,anystyle,1,NL,2008
1775,W4213262649,anystyle,1,CL,2010
1776,W2119777643,anystyle,1,DE,2010
1777,W2725613426,anystyle,1,GB,2018
1779,W4307099447,anystyle,1,GB,2022
1780,W1985435398,anystyle,1,US,2012
1780,W2019096529,anystyle,1,US,2010
1780,W1524326598,anystyle,1,US,1993
1781,W4253022320,anystyle,1,BG;US,1967
1781,W2140945425,anystyle,1,US,2010
1781,W1538327173,anystyle,1,AT;DE;US,2013
1782,W2058524158,anystyle,1,US,1987
1782,W2025386421,anystyle,0.9818181818181818,US,1991
1782,W2079907791,anystyle,1,US,1976
1782,W1966415889,anystyle,1,US,1981
1782,W2180506411,anystyle,1,ES;US,2007
1782,W2047911491,anystyle,1,US,1986
1782,W1976891289,anystyle,1,US,1976
1782,W2167904823,anystyle,1,CA,2006
1783,W1252642861,anystyle,1,US,2001
1783,W4248329583,anystyle,1,CA,2015
1784,W2228111448,anystyle,1,US,2012
1784,W2768817266,anystyle,1,US,2011
1784,W2100772677,anystyle,1,US,2006
1785,W2145640629,anystyle,1,NL,2006
1785,W1951628766,anystyle,1,FR;US,2011
1785,W4255060347,anystyle,1,DE,2017
1788,W7032650626,anystyle,1,US,2013
1790,W2022730097,anystyle,1,US,2005
1790,W2025820231,anystyle,0.99,US,2002
1790,W4250089123,anystyle,1,GR,2008
1790,W2167489963,anystyle,1,TW;US,2003
1791,W2045108252,anystyle,1,US,2003
1791,W2031850547,anystyle,1,GB;US,2013
1791,W2155831461,anystyle,0.96,AU,2007
1791,W1979597688,anystyle,1,GB,2013
1791,W2029135525,anystyle,1,US,1987
1792,W2045108252,anystyle,1,US,2003
1792,W4255004754,anystyle,1,GB,2017
1792,W2948770719,anystyle,1,US,2013
1792,W1979597688,anystyle,1,GB,2013
1792,W2029135525,anystyle,1,US,1987
1793,W2065139259,anystyle,1,CA,2010
1793,W2069040761,anystyle,1,DE,2006
1797,W2128778986,anystyle,1,US,2010
1798,W2126216613,anystyle,1,SE,2003
1798,W2140985214,anystyle,1,GB,2002
1798,W2225448313,anystyle,0.9616438356164384,GB,2012
1800,W2020956012,anystyle,1,DE,2000
1801,W1496564158,anystyle,1,US,2003
1803,W2100613188,anystyle,1,SK;US,2005
1807,W3123033100,anystyle,1,FR;GB;US,2008
1808,W2130544183,anystyle,0.9624527324527324,DE,2006
1808,W2081748579,anystyle,1,IN,2006
1809,W2004587985,anystyle,1,US,2008
1809,W2143572175,anystyle,1,US,2008
1809,W2119307930,anystyle,1,US,2006
1809,W2294043777,anystyle,1,CA;US,2010
1809,W1964716780,anystyle,1,US,2012
1813,W2401080094,anystyle,1,TW,2013
1813,W588768443,anystyle,1,GB,2002
1815,W2137334650,anystyle,1,GB,2001
1815,W2025882237,anystyle,1,CA,2007
1815,W1972527555,anystyle,1,FR,1996
1816,W2089798447,anystyle,1,US,2008
1816,W4250703237,anystyle,1,IN,2007
1816,W787192692,anystyle,1,US,2014
1816,W1975937185,anystyle,1,RU,2006
1816,W1972374522,anystyle,0.9894736842105264,US,2012
1816,W4301041073,anystyle,1,US,2002
1816,W1573179677,anystyle,1,NL,2013
1816,W2069423658,anystyle,1,US,2013
1817,W2070103088,anystyle,1,AU;MY,2009
1817,W2071353749,anystyle,0.9666666666666668,JP,1981
1817,W2070103088,anystyle,1,AU;MY,2009
1819,W4240431742,anystyle,1,GB,1995
1819,W1535333213,anystyle,1,NL,2010
1820,W2089971690,anystyle,1,US,1984
1821,W2111373704,anystyle,1,US,2010
1821,W1545281081,anystyle,1,US,2004
1821,W2084582774,anystyle,1,FR;US,2012
1825,W1579151799,anystyle,1,US,1993
1825,W2009599571,anystyle,1,US,2003
1825,W1475736584,anystyle,1,IT,2013
1825,W1588213250,anystyle,1,DE,2010
1826,W2048843534,anystyle,1,NL;US,2011
1826,W2151242492,anystyle,1,GB,1998
1826,W2066462470,anystyle,1,US,2006
1828,W22217794,anystyle,0.9738317757009346,US,2003
1828,W2068089235,anystyle,0.952164502164502,US,2010
1828,W4251125398,anystyle,1,FR,2017
1830,W2154334459,anystyle,1,FI,2009
1830,W2078333774,anystyle,1,ES,2013
1830,W2070103088,anystyle,1,AU;MY,2009
1830,W35086054,anystyle,1,US,2011
1830,W909639066,anystyle,1,SE,2011
1831,W1999520240,anystyle,0.98,US,2011
1831,W2104481867,anystyle,1,GB,2009
1831,W2001490587,anystyle,1,FR;NL;US,2005
1831,W2334566778,anystyle,1,CA,1997
1833,W195567734,anystyle,0.9846153846153848,BE,2008
1833,W4205597825,anystyle,1,IR,2021
1833,W2143507336,anystyle,1,US,2013
1833,W2058971120,anystyle,0.9511111111111112,US,2004
1833,W4250089123,anystyle,1,GR,2008
1833,W2131976234,anystyle,0.9838709677419356,US,2011
1835,W2488556065,anystyle,1,US,2015
1836,W2070103088,anystyle,1,AU;MY,2009
1836,W2151103935,anystyle,1,CA,2004
1836,W2134842516,anystyle,1,US,2012
1836,W2000742945,anystyle,1,US,1997
1836,W1532362218,anystyle,1,GB,2006
1841,W2047104717,anystyle,1,DE,2013
1843,W2804228592,anystyle,0.9582134387351778,LT;PL,2018
1843,W4243839776,anystyle,1,JP,2009
1844,W2111442813,anystyle,0.960919540229885,DE,2013
1845,W1985804453,anystyle,1,IT,2011
1845,W2003108218,anystyle,1,IT,2011
1845,W164389521,anystyle,1,CH;US,2008
1845,W1993977866,anystyle,1,DE,2011
1845,W2054509941,anystyle,1,GB;IT,2012
1845,W2054509941,anystyle,1,GB;IT,2012
1846,W1979983754,anystyle,1,NL,2008
1846,W2092307040,anystyle,1,GB,1992
1846,W2142944882,anystyle,0.9792629165931934,FR;GB,1988
1846,W2021951617,anystyle,1,ES,2011
1847,W1878282730,anystyle,1,CH,2013
1847,W4301667328,anystyle,1,CH,2013
1849,W2118132750,anystyle,1,GB,2011
1851,W2068737686,anystyle,1,US,1992
1851,W1744411523,anystyle,1,NL,2013
1851,W6912442762,anystyle,1,DE,2015
1851,W179179905,anystyle,1,US,2001
1851,W2118020653,anystyle,1,IT,2002
1851,W2146719366,anystyle,1,BE;NL,2007
1851,W2147528681,anystyle,1,US,2012
1853,W2892687524,anystyle,1,US,2011
1853,W2117180230,anystyle,1,NL,2007
1854,W2148587638,anystyle,1,US,2002
1854,W2930547767,anystyle,1,US,2019
1855,W1912336655,anystyle,1,FR,2010
1856,W2122384383,anystyle,1,CN,2008
1856,W1977427440,anystyle,1,KR,2012
1856,W2141523247,anystyle,1,ES;US,2012
1856,W2034124286,anystyle,1,CN,2011
1856,W2026321360,anystyle,1,CU;ES,2009
1857,W4248419311,anystyle,1,JP,2007
1857,W1984516781,anystyle,1,CH,2011
1857,W1988371238,anystyle,1,CH,2013
1857,W2137975285,anystyle,1,DE,2009
1857,W1988619868,anystyle,1,DE,2011
1857,W2103377156,anystyle,1,NL,2007
1857,W2134614734,anystyle,1,CH;DE,2009
1857,W2111099669,anystyle,1,AT,2012
1857,W2163288728,anystyle,1,FR,2002
1857,W2101995674,anystyle,1,CH,2007
1857,W4255234640,anystyle,1,CH,2001
1857,W2001908502,anystyle,1,IL,2011
1857,W2119702532,anystyle,0.978221153846154,US,2004
1859,W2032390994,anystyle,0.9809523809523808,UG;US,2013
1859,W2032390994,anystyle,1,UG;US,2013
1859,W4254241093,anystyle,1,AU,2014
1859,W96869143,anystyle,0.9674418604651164,GB,1990
1860,W2552113294,anystyle,1,NO,2007
1860,W1979414667,anystyle,1,GB,2008
1860,W1659163511,anystyle,1,US,2013
1861,W2065840553,anystyle,1,DE,2009
1861,W1982020468,anystyle,1,IT,2009
1861,W1587098539,anystyle,1,ES;FR,2003
1862,W2069813268,anystyle,0.9502890173410404,GB;MT,2013
1862,W2081656201,anystyle,1,DK;GB;SE,2012
1865,W2031850547,anystyle,1,GB;US,2013
1865,W1979983754,anystyle,1,NL,2008
1865,W2764436181,anystyle,1,GB,1992
1866,W2013614639,anystyle,0.9577777777777776,US,2013
1866,W4312471384,anystyle,0.9605286605286604,US,2021
1869,W1986253188,anystyle,1,DE,2012
1869,W2811343220,anystyle,1,IL;IT,2013
1869,W2811343220,anystyle,1,IL;IT,2013
1869,W2053804523,anystyle,1,GB,2005
1869,W1986253188,anystyle,1,DE,2012
1871,W4240431742,anystyle,1,GB,1995
1871,W1535333213,anystyle,1,NL,2010
1872,W2119777643,anystyle,1,DE,2010
1874,W1533168581,anystyle,1,PL,2004
1876,W1654805921,anystyle,1,US,2002
1876,W2013093146,anystyle,1,FR;IT,2011
1876,W2096578078,anystyle,1,GR;IT,2008
1876,W125094683,anystyle,1,DE;US,2012
1877,W1972594981,anystyle,1,US,2004
1877,W2071940869,anystyle,1,US,2003
1877,W4211148787,anystyle,1,GB,2001
1877,W3020389149,anystyle,1,CN;US,2020
1877,W2116780029,anystyle,1,US,1993
1877,W1912336655,anystyle,1,FR,2010
1877,W2099873701,anystyle,1,US,2007
1879,W1498806819,anystyle,1,US,1977
1879,W2797674557,anystyle,1,US,1968
1880,W3124887621,anystyle,1,US,2012
1880,W1997679156,anystyle,1,US,1998
1880,W2096975878,anystyle,1,US,2013
1880,W2088333775,anystyle,1,US,2002
1881,W3004248957,anystyle,1,IN;US,2001
1881,W60059853,anystyle,1,DE,2012
1881,W1746982834,anystyle,1,DE;NO,2012
1886,W2110430935,anystyle,1,US,2012
1888,W1982543239,anystyle,1,US,1994
1888,W1507445946,anystyle,1,DE,2005
1888,W1857527683,anystyle,1,US,2002
1888,W2103318667,anystyle,1,US,1991
1888,W2052110545,anystyle,1,GB,2009
1888,W2045812729,anystyle,1,DE,2002
1888,W2170022107,anystyle,1,US,2011
1889,W2104428806,anystyle,1,NL;NO,2011
1889,W2160839086,anystyle,1,IN;IT,2013
1889,W4235637372,anystyle,1,NL,2010
1889,W2098647075,anystyle,1,NL,2010
1889,W3160083004,anystyle,1,NL,2011
1889,W7015088525,anystyle,1,US,2011
1889,W1529471266,anystyle,1,FR;GB;NL;US,2010
1890,W1714309311,anystyle,1,GB,2011
1892,W2111343503,anystyle,0.9578247261345852,GB,2007
1892,W2189607261,anystyle,1,JP,2009
1892,W2111343503,anystyle,0.9578247261345852,GB,2007
1894,W2129390568,anystyle,1,DK;PK,2013
1894,W2490625219,anystyle,1,CA,2014
1894,W2077731451,anystyle,1,US,2004
1896,W2122803783,anystyle,1,US,1995
1896,W2039708501,anystyle,1,US,1989
1896,W2147965298,anystyle,1,US,2000
1896,W2892013119,anystyle,0.9957894736842106,US,1941
1896,W2147965298,anystyle,1,US,2000
1897,W1981080848,anystyle,1,GB,2008
1897,W2000992716,anystyle,1,IE,2008
1897,W2984837800,anystyle,1,AU,2012
1898,W4233608981,anystyle,1,GB,2018
1899,W290275416,anystyle,1,GU,2011
1901,W1979900189,anystyle,1,IN,2008
1901,W2092911974,anystyle,1,FR;IN;US,2009
1901,W2024730980,anystyle,1,US,2004
1901,W1982334679,anystyle,1,DE,2011
1901,W2040062114,anystyle,1,US,2004
1903,W6925248474,anystyle,1,US,2012
1904,W2072653129,anystyle,1,US,2007
1908,W120525789,anystyle,1,AT;US,2011
1908,W2950193311,anystyle,1,CH;US,2011
1908,W2096105170,anystyle,1,AT;GB;HK,2012
1908,W2952411838,anystyle,1,US,2013
1911,W1965934207,anystyle,1,GB,2006
1911,W2087111816,anystyle,1,IT,2012
1911,W1965934207,anystyle,1,GB,2006
1911,W2925325374,anystyle,1,FR,2011
1914,W2529948255,anystyle,1,DE,2013
1915,W4322750018,anystyle,1,BA,2023
1920,W2214440489,anystyle,1,NL,2022
1921,W168622922,anystyle,1,AU,2003
1921,W2400574415,anystyle,1,ES,2013
1921,W2003000826,anystyle,0.95,GB,2003
1921,W2036808384,anystyle,1,US,2013
1921,W2171924875,anystyle,1,FR,2013
1921,W2143507336,anystyle,1,US,2013
1921,W2100772444,anystyle,1,US,2002
1921,W1600716602,anystyle,0.9585585585585584,GB;US,2010
1921,W1984115169,anystyle,1,NL,2011
1924,W2149151630,anystyle,1,FR;GB;US,2012
1924,W65576697,anystyle,1,SE,2009
1924,W2619277705,anystyle,1,US,2012
1924,W2175597406,anystyle,1,GB,2013
1924,W2045053583,anystyle,1,US,2008
1924,W3160484018,anystyle,1,GB,2020
1924,W2098761885,anystyle,1,US,2012
1925,W1982543239,anystyle,1,US,1994
1925,W1507445946,anystyle,1,DE,2005
1925,W1857527683,anystyle,1,US,2002
1925,W2103318667,anystyle,1,US,1991
1925,W2052110545,anystyle,1,GB,2009
1925,W2045812729,anystyle,1,DE,2002
1925,W2170022107,anystyle,1,US,2011
1926,W1522777881,anystyle,1,NL,2011
1928,W2010462968,anystyle,1,GB;US,2013
1930,W2135298690,anystyle,1,US,2000
1930,W2172156083,anystyle,1,GB,2011
1930,W2036310903,anystyle,1,US,2010
1930,W2120113516,anystyle,0.959375,KR;US,2012
1930,W2031947069,anystyle,1,DE,2012
1930,W2156924265,anystyle,1,DE,2011
1931,W2511479263,anystyle,1,US,2007
1931,W2013093146,anystyle,1,FR;IT,2011
1937,W1982604981,anystyle,1,AU,1989
1938,W2076239609,anystyle,0.9600496277915632,GB,2012
1938,W2153412625,anystyle,1,US,2012
1938,W2141034612,anystyle,1,US,2012
1938,W2135880665,anystyle,1,US,1993
1938,W1939276857,anystyle,1,US,2015
1939,W2142819620,anystyle,0.9879692446856626,GB,2013
1939,W2096765155,anystyle,1,US,2005
1939,W2547255185,anystyle,1,IN,2016
1939,W78848553,anystyle,1,CA,2008
1939,W2140756075,anystyle,1,DE;US,2013
1939,W2002390378,anystyle,1,GB,2006
1939,W2100341149,anystyle,1,NZ,2008
1940,W2054151502,anystyle,1,US,2007
1940,W2072422415,anystyle,1,US,2008
1941,W2053804523,anystyle,1,GB,2005
1941,W7124871498,anystyle,0.9636363636363636,GB,2013
1941,W2036699209,anystyle,1,GB,2013
1941,W2170939614,anystyle,1,DE,2005
1942,W1978650270,anystyle,1,GB,2005
1942,W6997177263,anystyle,0.9535590801822074,GB;US,2009
1942,W570927610,anystyle,1,GB,2012
1944,W1993145239,anystyle,1,JP,1994
1944,W2121855447,anystyle,1,DE,2004
1944,W2149890413,anystyle,1,CA,2014
1944,W2065450758,anystyle,1,CA,2011
1945,W2086354937,anystyle,1,CA,2008
1945,W1625563295,anystyle,1,IN,2010
1946,W1981553963,anystyle,1,US,1997
1946,W1981553963,anystyle,1,US,1997
1947,W1987604215,anystyle,1,HK,2010
1947,W2109688704,anystyle,1,US,2006
1947,W2125126745,anystyle,1,JP;US,2005
1947,W4237259407,anystyle,1,US,2003
1947,W2039752115,anystyle,1,DE,1996
1947,W2023044639,anystyle,1,CA,1998
1947,W2036948072,anystyle,1,NL,1993
1947,W3000063644,anystyle,1,US,1991
1947,W2144527622,anystyle,1,NL,2009
1947,W1939167060,anystyle,1,DE;GB,2008
1947,W4230357854,anystyle,1,US,1966
1948,W1994453871,anystyle,0.9894736842105264,JP,2012
1949,W1555436267,anystyle,1,US,2012
1949,W2008747755,anystyle,1,US,2012
1949,W4230857708,anystyle,0.9506493506493506,US,2006
1951,W3020389149,anystyle,1,CN;US,2020
1952,W2116456623,anystyle,0.98381981981982,US,2012
1953,W1542433116,anystyle,1,CH,2009
1954,W2064816492,anystyle,1,GB,2012
1954,W2033069678,anystyle,1,GB;US,2009
1954,W4237123057,anystyle,1,US,2001
1954,W1506553119,anystyle,1,GB,2011
1954,W2122682621,anystyle,1,AU;GB,2011
1954,W2396414759,anystyle,1,NL;US,2012
1955,W2123163097,anystyle,1,GB,1988
1955,W2123281817,anystyle,1,US,1997
1955,W2073895844,anystyle,1,CA,2012
1955,W2109741756,anystyle,1,NO,2012
1957,W2127192518,anystyle,1,GB,2011
1958,W2040121976,anystyle,1,DE,2013
1958,W4285068309,anystyle,1,FR;US,2020
1960,W3035272425,anystyle,1,US,2020
1960,W148089522,anystyle,1,FR,1996
1960,W1516582089,anystyle,0.9951219512195122,AU,2006
1960,W2014193345,anystyle,0.9529411764705882,DE,2009
1960,W2100006640,anystyle,1,US,2006
1962,W2489663452,anystyle,1,US,2014
1963,W2144180554,anystyle,1,NZ,2011
1964,W2128574544,anystyle,1,GB,2012
1964,W2118129210,anystyle,1,DK,2014
1964,W4211064610,anystyle,1,US,2008
1964,W2005362678,anystyle,1,US,2013
1964,W2075826340,anystyle,1,CA,2009
1964,W1996299733,anystyle,1,SG,2011
1965,W2161588237,anystyle,1,CH,2006
1965,W407991494,anystyle,1,NL,2007
1966,W1966290122,anystyle,1,ES,2006
1966,W2168628252,anystyle,1,GB;US,2009
1966,W2088343725,anystyle,1,AU,2002
1966,W1569901886,anystyle,1,GB,2003
1969,W1999730404,anystyle,1,GB,2011
1970,W2151419531,anystyle,1,US,2014
1972,W2013095479,anystyle,1,FR,2013
1972,W2070103088,anystyle,1,AU;MY,2009
1972,W1532077989,anystyle,1,AU;CA;GB,2010
1975,W4297455884,anystyle,1,FR,2006
1978,W2089832600,anystyle,1,US,1997
1979,W2019096529,anystyle,1,US,2010
1980,W1541431938,anystyle,1,GB,1999
1981,W779297117,anystyle,1,DE,2011
1981,W2006873020,anystyle,1,US,2003
1981,W2950162700,anystyle,1,US,2005
1985,W4210706177,anystyle,1,DE,2012
1985,W2105673178,anystyle,1,US,2010
1986,W2001932471,anystyle,1,US,2010
1986,W2117667023,anystyle,0.9686274509803922,US,2013
1986,W2037510009,anystyle,1,US,2014
1986,W2153383412,anystyle,1,US,2009
1986,W2095655043,anystyle,1,US,2013
1986,W1988361130,anystyle,1,US,2013
1986,W1986937683,anystyle,1,US,2013
1986,W2144874182,anystyle,1,US,2009
1986,W2071198821,anystyle,1,US,2013
1987,W2045053583,anystyle,0.9721518987341772,US,2008
1992,W2511479263,anystyle,1,US,2007
1992,W2013093146,anystyle,1,FR;IT,2011
1995,W2004587985,anystyle,1,US,2008
1997,W2096765155,anystyle,1,US,2005
1997,W2251071463,anystyle,1,FR,2013
1998,W2047224058,anystyle,1,CA,2012
1999,W2025876597,anystyle,1,US,1982
1999,W610595537,anystyle,1,US,1970
1999,W1996430422,anystyle,1,IL;US,2003
2000,W2059590932,anystyle,1,US,2006
2000,W1541431938,anystyle,1,GB,1999
2001,W2250251786,anystyle,1,US,2013
2001,W2054920719,anystyle,1,AU,2012
2001,W1744411523,anystyle,1,NL,2013
2001,W2480729902,anystyle,1,US,2008
2001,W2027582570,anystyle,1,GR,2000
2002,W1992121812,anystyle,1,GB,2014
2002,W3199313930,anystyle,1,GB,2012
2003,W2006491909,anystyle,1,GB,2008
2003,W2116780029,anystyle,1,US,1993
2003,W2144331291,anystyle,1,GB,2004
2004,W1523250209,anystyle,1,AU,2011
2004,W1797970955,anystyle,1,US,1999
2004,W2481951340,anystyle,1,AU,2000
2005,W2167904823,anystyle,1,CA,2006
2006,W2064589598,anystyle,1,US,2008
2006,W2155142785,anystyle,1,US,2010
2006,W2998574808,anystyle,1,US,1993
2006,W1947595544,anystyle,1,NL;SI,2018
2006,W1947595544,anystyle,1,NL;SI,2018
2006,W1947595544,anystyle,1,NL;SI,2018
2007,W2030972446,anystyle,1,DE,2010
2008,W1657013754,anystyle,1,US,2009
2009,W2617854354,anystyle,1,BE;FR,2013
2009,W1572124604,anystyle,1,FR,1982
2009,W2144823786,anystyle,1,DE,2001
2009,W2142980255,anystyle,1,GB,1995
2010,W2265868432,anystyle,1,DE,2015
2010,W1744653234,anystyle,1,DE,2009
2012,W2110842406,anystyle,1,GB,2013
2012,W1499464753,anystyle,1,DE,2012
2012,W2096537993,anystyle,1,US,2009
2012,W2154977911,anystyle,1,GB,2009
2012,W2061569511,anystyle,1,NO,1994
2012,W1503669979,anystyle,1,US,1993
2012,W2096537993,anystyle,1,US,2009
2012,W2064942698,anystyle,1,NO;US,2008
2012,W2110842406,anystyle,1,GB,2013
2014,W1975598178,anystyle,1,US,2000
2015,W1596675947,anystyle,1,CH,2010
2016,W1970516708,anystyle,1,US,2001
2016,W2059829637,anystyle,1,CH,2013
2017,W2408005737,anystyle,1,US,2011
2019,W2404954229,anystyle,0.9734104046242774,DE,2013
2019,W1540550673,anystyle,1,US,2002
2019,W2083541983,anystyle,1,DE,2005
2019,W4210996323,anystyle,1,DE,2021
2020,W2027492671,anystyle,0.9574468085106383,IN,2011
2020,W2901139370,anystyle,1,GB,2018
2022,W2001108871,anystyle,0.9540983606557376,GB,1966
2023,W1987562626,anystyle,0.9955555555555556,NO,1997
2025,W2283096313,anystyle,1,US,1980
2027,W2096105170,anystyle,1,AT;GB;HK,2012
2027,W2078664223,anystyle,1,DE,2011
2027,W2003094793,anystyle,1,GB,2010
2031,W1982870346,anystyle,1,CA,2013
2031,W4238646708,anystyle,1,IT,2013
2031,W2165441500,anystyle,1,US,2014
2034,W2127192518,anystyle,1,GB,2011
2034,W127927333,anystyle,1,AU,2013
2034,W127927333,anystyle,1,AU,2013
2035,W1531648885,anystyle,1,GB,2007
2035,W2069149367,anystyle,1,GB,2006
2035,W2033409555,anystyle,1,GB,2011
2036,W2040162312,anystyle,1,US,2004
2036,W2040162312,anystyle,1,US,2004
2036,W2014864037,anystyle,1,AU,2006
2036,W2146793826,anystyle,1,PL,2011
2036,W3023336139,anystyle,1,US,1999
2036,W1566768190,anystyle,1,NL;US,2005
2037,W1893213668,anystyle,1,AU;PL,2010
2037,W1956885672,anystyle,1,DE,2010
2037,W157641273,anystyle,1,DE,2009
2038,W1505524995,anystyle,1,US,2003
2039,W1836745953,anystyle,1,FR,2007
2041,W2131877510,anystyle,1,CA,2002
2043,W1596864518,anystyle,0.9613636363636364,CA,1974
2044,W1569409391,anystyle,1,CA;US,2012
2044,W2397171046,anystyle,0.993103448275862,GB,2012
2045,W2586574703,anystyle,1,AU;CA,2003
2045,W2015142061,anystyle,1,GB,2007
2045,W2015142061,anystyle,1,GB,2007
2045,W1984682578,anystyle,1,DE;RU,2012
2046,W4244410541,anystyle,1,US,2010
2048,W2102700284,anystyle,1,US,2005
2048,W2149668773,anystyle,1,US,2003
2050,W1545953061,anystyle,1,US,2008
2050,W2142943833,anystyle,1,US,2007
2050,W2149315300,anystyle,1,DE;US,2013
2050,W276614544,anystyle,1,US,2013
2050,W2893882452,anystyle,1,US,2011
2050,W79397898,anystyle,0.9722627737226278,GB,2013
2051,W2149151630,anystyle,1,FR;GB;US,2012
2051,W1806725217,anystyle,0.9835994168033534,GB,2011
2051,W1993655898,anystyle,1,GB,2010
2052,W1785902031,anystyle,1,FR,2012
2052,W2251518740,anystyle,1,FR;IN;IT,2012
2053,W2097061332,anystyle,1,GB,2010
2055,W2612101319,anystyle,1,US,2010
2056,W2165873328,anystyle,0.9611491628614915,FR,1989
2056,W2333584440,anystyle,1,GB,1998
2056,W2029135525,anystyle,1,US,1987
2058,W2547255185,anystyle,1,IN,2016
2058,W2014902591,anystyle,1,US,2005
2058,W2098420572,anystyle,1,US,2010
2058,W2160660844,anystyle,1,US,2004
2058,W2113459411,anystyle,1,US,2011
2058,W1696340651,anystyle,1,GB,2010
2058,W180971321,anystyle,1,FI,2011
2058,W2950494993,anystyle,1,CA,2013
2058,W2112422413,anystyle,1,US,2004
2058,W2251939518,anystyle,1,US,2013
2058,W2950426098,anystyle,1,CA,2013
2058,W193524605,anystyle,1,IT;US,2010
2058,W92858395,anystyle,1,US,2008
2058,W2141766660,anystyle,1,GB;IT;US,2008
2058,W2547255185,anystyle,1,IN,2016
2058,W2014902591,anystyle,1,US,2005
2059,W1690636059,anystyle,1,US,1990
2059,W1503669979,anystyle,1,US,1993
2059,W2078277523,anystyle,1,CN,2013
2059,W170339427,anystyle,1,FR;GR;IT,2009
2059,W2078277523,anystyle,1,CN,2013
2060,W2293122125,anystyle,1,DE;NL,2012
2060,W2014864037,anystyle,1,AU,2006
2060,W4235169531,anystyle,1,US,1985
2061,W2047880469,anystyle,0.9875,US,2012
2063,W2110842406,anystyle,1,GB,2013
2063,W2064942698,anystyle,1,NO;US,2008
2063,W2290080725,anystyle,1,US,2009
2064,W1991696425,anystyle,1,JP,2005
2064,W4240982721,anystyle,1,US,2002
2067,W4400937814,anystyle,1,AU,2024
2068,W2002896674,anystyle,1,NO;US,2013
2071,W2962935508,anystyle,1,NL,2012
2071,W2098571233,anystyle,1,US,2007
2071,W2077731451,anystyle,1,US,2004
2073,W2070291387,anystyle,1,US,2013
2073,W2046328982,anystyle,1,US,2009
2073,W1972825149,anystyle,1,GB,2010
2073,W2129305658,anystyle,1,US,2000
2074,W2001888644,anystyle,1,AU,2005
2074,W2014864037,anystyle,1,AU,2006
2074,W2116780029,anystyle,1,US,1993
2074,W2052028938,anystyle,1,US,2003
2074,W2892687524,anystyle,1,US,2011
2074,W4211148787,anystyle,1,GB,2001
2074,W4214612423,anystyle,1,GB,2000
2074,W2146793826,anystyle,1,PL,2011
2075,W2004340073,anystyle,1,PL,2013
2076,W2060204338,anystyle,1,US,2009
2076,W2035247595,anystyle,0.9529411764705882,NL,2013
2077,W1484836944,anystyle,1,NL,2009
2077,W80749369,anystyle,1,HR;NL,2013
2077,W2152238224,anystyle,1,NL,2013
2077,W1637997352,anystyle,1,NL,2013
2077,W1944416486,anystyle,1,HR;LU;NL,2014
2078,W1999730404,anystyle,1,GB,2011
2079,W1590526014,anystyle,1,US,2008
2079,W4249977998,anystyle,1,CH,2012
2079,W2171923384,anystyle,1,FR,2007
2079,W4296726337,anystyle,1,DE,2011
2079,W2312420046,anystyle,1,GB,1990
2079,W2566120848,anystyle,1,LU,2010
2079,W2971655332,anystyle,1,CH,2014
2079,W2121916329,anystyle,0.9615567765567766,GB,2009
2080,W1594684443,anystyle,1,GB,2008
2080,W2006616005,anystyle,1,ES,2007
2081,W848608365,anystyle,1,DE;NL,2011
2081,W1983850915,anystyle,1,DE,2011
2090,W4235330398,anystyle,1,US,1981
2091,W1957277773,anystyle,1,US,1999
2091,W1957277773,anystyle,1,US,1999
2091,W4235878726,anystyle,1,GB,2021
2091,W1957277773,anystyle,1,US,1999
2091,W2166711410,anystyle,1,AU,2005
2091,W2166711410,anystyle,1,AU,2005
2091,W2022739457,anystyle,1,JP,2009
2091,W2164832023,anystyle,1,US,1996
2091,W2059364951,anystyle,1,GB,2008
2092,W2832198302,anystyle,1,BR,2010
2092,W4285740507,anystyle,1,DE,2022
2092,W2274838782,anystyle,1,US,2013
2092,W2573033155,anystyle,1,US,2014
2092,W2002500403,anystyle,1,US,1989
2092,W2070119988,anystyle,1,US,2007
2092,W2078436381,anystyle,1,US,2004
2094,W2021210366,anystyle,1,BE,2006
2094,W2104788631,anystyle,1,IT,2013
2096,W2281816568,anystyle,1,IL;US,2013
2096,W2095885230,anystyle,1,US,2008
2096,W1617145451,anystyle,1,GB,2012
2096,W1529660413,anystyle,1,GB,2012
2096,W2004799419,anystyle,1,FI,2013
2096,W1522645873,anystyle,1,IE,2012
2097,W2070899684,anystyle,1,US,1994
2097,W2049641207,anystyle,1,GB,2012
2097,W2110837004,anystyle,1,US,2006
2097,W2106316567,anystyle,0.9647058823529412,US,2004
2098,W2101152439,anystyle,1,CA,2002
2098,W1685233465,anystyle,1,CA,2010
2098,W1646853841,anystyle,1,GB,2010
2098,W2062983859,anystyle,1,GB,2011
2098,W1973472718,anystyle,1,GB,2009
2100,W2250263133,anystyle,1,SE,2011
2100,W2071198821,anystyle,1,US,2013
2100,W2126581182,anystyle,1,US,2010
2100,W2113459411,anystyle,1,US,2011
2100,W1724181667,anystyle,1,DE;SE,2012
2100,W2122172122,anystyle,1,US,2011
2102,W2081056190,anystyle,1,IN,2010
2102,W151579683,anystyle,1,CA,2011
2102,W2122497354,anystyle,1,US,2005
2102,W7015831105,anystyle,1,US,2004
2102,W1939882552,anystyle,1,US,2010
2103,W2111736068,anystyle,1,CH;MX,2010
2103,W37295926,anystyle,1,CH,2013
2103,W1982488498,anystyle,1,CH,2013
2103,W2332059045,anystyle,1,US,1962
2104,W1986046953,anystyle,1,GB;JP;TH,2004
2104,W2162997869,anystyle,1,US,2004
2106,W2075826340,anystyle,1,CA,2009
2106,W2002213703,anystyle,1,US,2013
2106,W2522612006,anystyle,1,BE,2013
2106,W2114192153,anystyle,1,US,2010
2106,W2005362678,anystyle,1,US,2013
2107,W2153562920,anystyle,1,CA;DE,2012
2108,W2130261113,anystyle,1,DE,2005
2108,W2130261113,anystyle,1,DE,2005
2108,W2121003513,anystyle,1,US,2005
2109,W2031253971,anystyle,1,US,2008
2109,W2030891299,anystyle,1,US,2013
2110,W2131354971,anystyle,1,US,2001
2110,W2139593428,anystyle,1,US,1997
2110,W2186423839,anystyle,1,TR,2007
2110,W2046263451,anystyle,1,US,2012
2110,W2915998928,anystyle,0.9555555555555556,GR;US,2013
2110,W2168204821,anystyle,1,IL;US,2012
2115,W2802675004,anystyle,1,BG,2010
2116,W2036699209,anystyle,1,GB,2013
2116,W2107315187,anystyle,1,NL,2011
2119,W1964678744,anystyle,1,CH;US,2009
2119,W2137079713,anystyle,0.996551724137931,US,1993
2119,W2134206911,anystyle,1,IT,2012
2119,W2104788631,anystyle,1,IT,2013
2120,W2033595959,anystyle,1,US,2002
2121,W2055380710,anystyle,1,US,2005
2121,W3159931589,anystyle,1,GB;IT;NO,2012
2121,W1988559090,anystyle,1,IT,2013
2123,W4312278162,anystyle,0.9627906976744186,DE,2022
2123,W2105685079,anystyle,1,US,2004
2123,W2166957049,anystyle,1,IT;US,2008
2123,W1868150344,anystyle,1,DE,2005
2123,W2148249960,anystyle,1,DE,2013
2123,W2099757732,anystyle,1,DE,2011
2123,W1509789153,anystyle,1,DE,2012
2123,W2101197767,anystyle,1,DE,2013
2125,W2039827492,anystyle,0.9528299684910724,US,2011
2125,W2045812729,anystyle,1,DE,2002
2126,W2003094793,anystyle,0.9654923215898826,GB,2010
2126,W6887792168,anystyle,1,CA,2014
2126,W1516293359,anystyle,1,US,1999
2126,W2158943277,anystyle,1,CA;FR,2008
2128,W1980345904,anystyle,1,US,2009
2128,W6949945021,anystyle,1,CA,1993
2130,W2040162312,anystyle,1,US,2004
2130,W2072422415,anystyle,1,US,2008
2130,W2036552232,anystyle,1,AU,1996
2130,W2146793826,anystyle,1,PL,2011
2130,W2149478650,anystyle,1,PL,2013
2131,W2040162312,anystyle,1,US,2004
2133,W2080309194,anystyle,1,IT,2013
2133,W14903747,anystyle,1,DE,2010
2133,W2053804523,anystyle,1,GB,2005
2133,W1965867134,anystyle,1,DE,2013
2133,W2006616005,anystyle,1,ES,2007
2133,W2036699209,anystyle,1,GB,2013
2133,W2162407175,anystyle,1,GB,2010
2134,W2057474630,anystyle,1,US,2011
2134,W1976756941,anystyle,1,CA,2010
2135,W2171950509,anystyle,1,NL,2010
2137,W2165570465,anystyle,1,GB,2011
2139,W2160467647,anystyle,1,US,2018
2139,W4231109964,anystyle,1,CA,2009
2139,W4233733985,anystyle,1,IT,2002
2139,W1505524995,anystyle,1,US,2003
2139,W2146950091,anystyle,1,US,1991
2139,W2141599568,anystyle,1,CZ;US,2013
2139,W1976123261,anystyle,1,AR;AU,2008
2140,W1981080848,anystyle,1,GB,2008
2141,W754249672,anystyle,1,DE;IT,2009
2141,W2013376900,anystyle,1,US,1999
2143,W2089003041,anystyle,1,US,2013
2143,W2122219881,anystyle,1,SE,2006
2143,W153166331,anystyle,1,JP,2010
2143,W2047046780,anystyle,1,US,1985
2144,W3152592756,anystyle,1,CA,2018
2144,W2078379782,anystyle,1,US,1972
2144,W2147495744,anystyle,1,US,2010
2144,W1984682580,anystyle,1,NL,2010
2144,W2756034733,anystyle,1,AU;MK;US,2009
2144,W2036759922,anystyle,1,US,2006
2144,W2032835506,anystyle,1,CA,2011
2144,W1599238028,anystyle,1,US,2008
2144,W2128075856,anystyle,1,US,2008
2144,W4255004754,anystyle,1,GB,2017
2144,W2612101319,anystyle,1,US,2010
2144,W636825951,anystyle,1,US,2008
2144,W2151458682,anystyle,1,US,2005
2144,W2165405551,anystyle,1,NL,2010
2147,W4300655138,anystyle,1,DE,2009
2147,W2789849100,anystyle,1,US,2010
2151,W1964053876,anystyle,1,US,2009
2151,W1942684339,anystyle,1,FR;GB,2012
2151,W2018433199,anystyle,1,US,2010
2152,W2105950236,anystyle,1,IL,2010
2152,W2536045881,anystyle,1,IL,2009
2153,W2404596224,anystyle,1,CA;GB;US,2012
2154,W2093194075,anystyle,1,DE;GB,2012
2154,W1977304153,anystyle,1,US,1981
2155,W4234514625,anystyle,1,AU;GB,2011
3764,W1961342963,anystyle,1,DE,2015
3764,W2886197253,anystyle,1,FR,2016
3766,W1492834058,anystyle,1,US,1998
3766,W2130568803,anystyle,1,US,2004
3766,W1977331850,anystyle,1,US,2012
3766,W137160847,anystyle,1,US,2016
3766,W2010169953,anystyle,1,US,2002
3767,W120186173,anystyle,1,GB,2013
3769,W2115347426,anystyle,1,CA,2010
3772,W2625467398,anystyle,1,GB;US,2017
3773,W2148078886,anystyle,1,US,2009
3773,W2270396357,anystyle,1,GB,2015
3773,W2901346567,anystyle,1,FR,2014
3773,W2178665133,anystyle,1,GB,2015
3775,W1878282730,anystyle,1,CH,2013
3775,W2084184243,anystyle,1,GB,2007
3775,W2090105430,anystyle,1,US,2007
3777,W597352675,anystyle,1,US,2014
3777,W2154511440,anystyle,1,US,2012
3778,W2081687495,anystyle,1,US,1992
3778,W2166394306,anystyle,1,US,1993
3778,W2061271742,anystyle,1,US,1988
3778,W1571096757,anystyle,1,US,1988
3778,W1522263329,anystyle,1,US,1999
3778,W1996430422,anystyle,1,IL;US,2003
3778,W12215899,anystyle,0.9710843373493976,CN,2013
3780,W2035168235,anystyle,1,US,2005
3780,W2010229520,anystyle,1,ES;GB;US,2013
3780,W2091675738,anystyle,1,US,1985
3780,W2115570304,anystyle,1,AT;BG;GB;US,2007
3782,W2081514874,anystyle,1,US,2007
3782,W4296471285,anystyle,1,DE,2015
3782,W3165728972,anystyle,0.96,DE,2017
3782,W2040162312,anystyle,1,US,2004
3782,W2092743872,anystyle,0.959375,DE;GB,2011
3782,W2107061852,anystyle,1,US,2007
3782,W2138615112,anystyle,1,US,2007
3783,W2028547478,anystyle,1,US,1977
3783,W1908861937,anystyle,1,HK;US,2010
3783,W2888278254,anystyle,1,CN,2018
3783,W2510831875,anystyle,1,DE;US,2016
3783,W2165232124,anystyle,1,CA,2007
3783,W2250405801,anystyle,1,US,2015
3783,W2888045868,anystyle,1,DE,2012
3783,W2625998290,anystyle,1,US,2010
3783,W1640287562,anystyle,1,GB,2010
3783,W2126530744,anystyle,1,PT;US,2014
3783,W1566908292,anystyle,1,BE,2013
3784,W1986930961,anystyle,1,US,2009
3784,W2026987575,anystyle,1,DK,2014
3786,W1535357018,anystyle,1,US,2008
3786,W610131805,anystyle,1,US,2014
3786,W2128868982,anystyle,1,NL,2006
3788,W2140945425,anystyle,1,US,2010
3788,W2472926939,anystyle,1,NL,2016
3788,W1993025464,anystyle,0.989155844155844,ES;FR,2015
3788,W2082704366,anystyle,1,NL,2012
3789,W2411138432,anystyle,1,GB;US,2015
3789,W197254723,anystyle,1,CH;SE,2011
3789,W201361503,anystyle,1,US,2021
3789,W2105330923,anystyle,1,DE,2004
3789,W2002582915,anystyle,1,FR,2010
3789,W2091952912,anystyle,0.979746835443038,FR,2011
3791,W2123327389,anystyle,1,ES;GB;US,2013
3792,W1978712684,anystyle,1,DE,1995
3794,W2050714035,anystyle,1,GB,2014
3794,W2004340073,anystyle,1,PL,2013
3797,W2097156270,anystyle,1,CA,2007
3797,W3168009298,anystyle,1,US,2020
3798,W1836413371,anystyle,1,US,2009
3798,W2170623643,anystyle,1,US,2007
3799,W2159426623,anystyle,1,US,2009
3799,W2949695381,anystyle,1,IT,2010
3799,W2605354388,anystyle,1,DE;FR,2016
3799,W2962767161,anystyle,1,DE;FR,2016
3799,W2144100511,anystyle,1,CA;US,2009
3800,W1554338108,anystyle,1,CA,2005
3800,W2730029372,anystyle,0.965359477124183,BR,2011
3800,W2964023588,anystyle,1,ES;MX,2013
3800,W3023542652,anystyle,1,ES,2015
3800,W2015370254,anystyle,1,GB,1993
3801,W102708294,anystyle,1,DE;US,2007
3801,W2150822694,anystyle,1,CH;IT,2013
3801,W2012898230,anystyle,1,US,2007
3801,W2949695381,anystyle,1,IT,2010
3802,W4239006905,anystyle,1,US,1975
3802,W1993997371,anystyle,1,AU,2009
3803,W2251460488,anystyle,1,US,2012
3803,W4255168391,anystyle,1,DE,2016
3803,W2098136992,anystyle,0.9666666666666668,AT,2011
3803,W6893731526,anystyle,1,DE;US,2015
3803,W2275136012,anystyle,1,BR;GB,2016
3803,W2143514796,anystyle,1,GB,2003
3803,W2138191347,anystyle,1,CM;GB,2005
3803,W2612713860,anystyle,0.9979166666666668,RU,2016
3803,W2683648933,anystyle,1,CH,2016
3804,W2102378236,anystyle,1,US,2012
3804,W1899381100,anystyle,1,FR;US,2015
3804,W2092994526,anystyle,1,GB,1925
3804,W2791186883,anystyle,1,GB,1931
3804,W2120253883,anystyle,1,FR,2011
3804,W2083046130,anystyle,1,GB,1959
3804,W2125455313,anystyle,1,US,1999
3804,W2140053249,anystyle,1,US,2007
3805,W2078601409,anystyle,1,TW;US,2004
3805,W2129173781,anystyle,1,FR,2010
3805,W2069172670,anystyle,1,US,2009
3805,W621135921,anystyle,1,FR,2007
3808,W2952111767,anystyle,1,CA,2012
3808,W2270396357,anystyle,1,GB,2015
3808,W2616944770,anystyle,1,FR,2016
3808,W2526985373,anystyle,1,FR,2016
3809,W2514031637,anystyle,1,BE,2016
3810,W2153132027,anystyle,1,CN,2008
3810,W1977597971,anystyle,1,AM;CA;CN;FR,2014
3810,W2144219418,anystyle,1,GB,2003
3810,W2160943512,anystyle,1,AR,2001
3810,W2048176942,anystyle,1,US,2014
3810,W1968625547,anystyle,1,AU,1998
3810,W2076859930,anystyle,1,CN,2011
3813,W2031850547,anystyle,1,GB;US,2013
3813,W2339875341,anystyle,1,CH,2016
3813,W2129043771,anystyle,1,US,2004
3813,W2118129210,anystyle,0.9690140845070422,DK,2014
3813,W1984689597,anystyle,1,NL,2013
3814,W1968228596,anystyle,1,JP,2014
3815,W1502459084,anystyle,1,FR,2011
3815,W29482179,anystyle,1,IT;US,2012
3817,W2279261172,anystyle,1,FR,2011
3817,W2962752656,anystyle,1,DE;FR,2016
3817,W2545802220,anystyle,1,DE;FR,2014
3820,W2122454226,anystyle,1,US,2014
3821,W4243260509,anystyle,1,US,1990
3821,W2724125653,anystyle,1,US,2012
3822,W2169761225,anystyle,1,DE,2009
3822,W1603350713,anystyle,1,BE;CA,2009
3822,W2410857158,anystyle,0.9815789473684212,FR,2016
3822,W2506553925,anystyle,1,CH,2016
3825,W2411162516,anystyle,1,US,2016
3826,W2401368874,anystyle,1,US,2015
3826,W4250944130,anystyle,1,CA,2017
3828,W2001695461,anystyle,1,AU;GB,2008
3828,W2129250212,anystyle,1,AU,2006
3828,W2167091434,anystyle,0.9604395604395604,CL,2009
3828,W2005492506,anystyle,1,HK,1997
3828,W1519276832,anystyle,1,GB;HK;IL,2002
3828,W2050602153,anystyle,1,FI,2012
3832,W6925248474,anystyle,1,US,2012
3832,W7042557581,anystyle,1,US,2007
3832,W4246212442,anystyle,1,US,2009
3833,W2517464701,anystyle,1,GB;US,2016
3833,W2528824210,anystyle,1,GB;US,2016
3833,W2250819792,anystyle,1,US,2015
3835,W2251792744,anystyle,1,DE,2014
3836,W2041303800,anystyle,0.972972972972973,CZ,2009
3836,W2765672453,anystyle,1,GB,2017
3836,W6943799579,anystyle,1,CA,2011
3836,W2026987575,anystyle,1,DK,2014
3836,W3041757859,anystyle,1,US,2020
3841,W2118595535,anystyle,1,TW,2015
3841,W2255608185,anystyle,1,KR,2015
3841,W2330695312,anystyle,1,FR,2015
3841,W2289110461,anystyle,1,PT,2015
3841,W1550862748,anystyle,1,DE,2015
3841,W2292872062,anystyle,0.9675675675675676,ZA,2015
3841,W3164459275,anystyle,1,DE,2017
3841,W4233608981,anystyle,1,GB,2018
3841,W115205111,anystyle,1,DE,2000
3843,W2184810749,anystyle,1,NL,2012
3844,W2950577311,anystyle,1,CN;CZ;US,2013
3845,W6999547532,anystyle,1,CA,2021
3845,W2065139259,anystyle,1,CA,2010
3845,W1918833844,anystyle,1,CA;GB,2015
3845,W2108982845,anystyle,1,US,2011
3845,W2339562889,anystyle,1,DE,2015
3845,W2133443878,anystyle,1,US,2007
3848,W2001932471,anystyle,1,US,2010
3848,W2151295812,anystyle,1,US,2008
3848,W2159426623,anystyle,1,US,2009
3848,W2903565856,anystyle,1,CA,2011
3848,W33188510,anystyle,1,US,1999
3848,W1612003148,anystyle,1,US,2013
3848,W2591668238,anystyle,1,FR,2010
3850,W2253509007,anystyle,1,PT,2002
3851,W2512575858,anystyle,1,US,2016
3851,W1996640618,anystyle,1,CA;CH;RS,2006
3852,W2147742901,anystyle,1,CZ;SA,2011
3852,W2561607149,anystyle,1,CZ;DE;SE;SK;US,2016
3852,W2120699290,anystyle,1,IT,2012
3856,W3210665554,anystyle,0.9855421686746988,CH;CZ;SI,2015
3857,W2401359613,anystyle,1,US,2015
3857,W1961186055,anystyle,1,US,1968
3857,W1929585199,anystyle,1,PT,2013
3857,W2048564356,anystyle,1,PT,2013
3857,W2470361632,anystyle,1,AR;ES,2016
3857,W1998017916,anystyle,1,SE,1999
3857,W6912179158,anystyle,1,AR;ES,2016
3858,W2033190541,anystyle,0.9622739491691104,IT;US,2010
3858,W2197081628,anystyle,1,GB,2010
3859,W4206865782,anystyle,1,FR,2016
3859,W2506276345,anystyle,1,CA;FI,2015
3859,W2574146182,anystyle,1,CA;FR,2011
3859,W2069843624,anystyle,1,FI;FR,2014
3859,W2009991652,anystyle,1,FR,2014
3859,W2054022628,anystyle,1,SE,2002
3859,W2066582434,anystyle,1,FR,2010
3859,W2142122858,anystyle,1,AU,2013
3859,W2159996805,anystyle,1,CA,2004
3859,W2067456760,anystyle,1,CA;GB;SE,2009
3864,W2028386247,anystyle,1,DE,2011
3864,W11298561,anystyle,1,DE;GB,2011
3864,W4253542583,anystyle,1,US,2010
3864,W2020278455,anystyle,1,CA;US,2007
3864,W2950090310,anystyle,1,CA,2002
3865,W192873707,anystyle,1,US,2014
3865,W2289063488,anystyle,0.9647058823529412,AT,2015
3865,W41776400,anystyle,1,US,2014
3865,W2380427058,anystyle,0.9803571428571428,FR,2016
3868,W2621911108,anystyle,1,FR,2013
3868,W2109268594,anystyle,1,US,2014
3868,W2097073572,anystyle,1,ES;FR,2005
3868,W2126835830,anystyle,0.968421052631579,CA,2002
3876,W2284187132,anystyle,1,GB,2016
3877,W2250949227,anystyle,1,NL,2015
3877,W1854024133,anystyle,1,FR,2015
3877,W2963780471,anystyle,1,US,2016
3877,W2153579005,anystyle,1,US,2013
3877,W4210706177,anystyle,1,DE,2012
3879,W1984985056,anystyle,1,US,2011
3883,W2050111090,anystyle,1,ZA,1995
3883,W2508604498,anystyle,1,NL;US,2016
3883,W2250384109,anystyle,1,DE,2015
3884,W1999846904,anystyle,1,ES,2001
3884,W2155619922,anystyle,1,CN;JP,2002
3884,W1999183701,anystyle,1,AU;HK,2003
3884,W2079703172,anystyle,1,IN,2014
3884,W2292033530,anystyle,1,BD,2015
3884,W2138451337,anystyle,1,US,1991
3887,W2503991758,anystyle,1,US,2013
3888,W2592118550,anystyle,1,NL;NO,2017
3888,W2184425661,anystyle,1,US,2015
3888,W2154466601,anystyle,1,DE;NL;US,2009
3888,W2160133849,anystyle,1,CA;NL,2012
3888,W746094715,anystyle,1,DE;NL,2014
3890,W1536471652,anystyle,1,FR,2012
3891,W411382560,anystyle,1,US,2009
3891,W2787118623,anystyle,0.9585365853658536,DE,2016
3891,W1593045043,anystyle,1,GB,1990
3891,W2063324404,anystyle,1,US,1992
3891,W2166048187,anystyle,1,CA,2012
3891,W2950426098,anystyle,1,CA,2013
3891,W2128544444,anystyle,1,US,2013
3891,W1939808012,anystyle,1,GB,2015
3892,W4301353258,anystyle,1,US,1976
3892,W2155814345,anystyle,1,IT,2005
3893,W2095655043,anystyle,1,US,2013
3893,W2107682024,anystyle,1,KR,2002
3895,W2367932617,anystyle,1,GB,2016
3895,W2667722724,anystyle,1,GB,2016
3896,W4286480208,anystyle,1,FR,2022
3896,W2484966756,anystyle,1,FR,2012
3896,W2613712461,anystyle,1,AT;DE,2016
3896,W2001320897,anystyle,0.9569620253164556,AU;CA,2014
3896,W2157561558,anystyle,1,US,2001
3896,W2074523892,anystyle,1,ES;US,2011
3896,W2020694859,anystyle,1,US,2014
3896,W2032115636,anystyle,1,CH;US,2011
3896,W1970060284,anystyle,1,US,2005
3899,W2135733112,anystyle,0.9823955669224212,NZ,2002
3900,W2902087045,anystyle,0.961790780141844,DE,2016
3900,W2251991755,anystyle,1,DE;US,2014
3900,W2096797897,anystyle,1,US,2004
3900,W168564468,anystyle,1,CZ,2010
3901,W651983059,anystyle,1,US,2013
3903,W2130696261,anystyle,1,FR,2004
3904,W2056473723,anystyle,1,GB,2004
3904,W2126041726,anystyle,1,NO,2008
3904,W1644233380,anystyle,1,GB,2015
3904,W1544014371,anystyle,1,CA,2016
3904,W2262948545,anystyle,1,TW;US,2007
3906,W4230826498,anystyle,1,CA,2015
3907,W2117196536,anystyle,1,CA,2015
3907,W1870437236,anystyle,1,CA,2015
3907,W2563634715,anystyle,1,CA,2016
3907,W4382705092,anystyle,0.961010733452594,GR,2023
3907,W2114192153,anystyle,1,US,2010
3907,W1573556226,anystyle,1,CA,2013
3907,W2002213703,anystyle,1,US,2013
3908,W1996630280,anystyle,0.9557762330354188,GB,1986
3908,W2184251807,anystyle,1,DE;US,2014
3909,W2768200023,anystyle,1,US,2017
3909,W2118148235,anystyle,1,US,1977
3910,W2325840117,anystyle,1,GB,2011
3910,W2141419290,anystyle,1,GB,2009
3910,W2020811293,anystyle,1,GB,2013
3910,W2083364261,anystyle,1,GB,2009
3910,W2009402168,anystyle,1,CA,2009
3913,W6925248474,anystyle,1,US,2012
3914,W2114561628,anystyle,1,US,2012
3916,W1994871651,anystyle,0.9588235294117646,NL,1943
3916,W4238931116,anystyle,1,GB,2012
3916,W25595769,anystyle,1,GB,2014
3916,W2179343889,anystyle,1,GB,2015
3923,W2069028782,anystyle,1,GB,2015
3923,W1528328118,anystyle,1,CA,2012
3926,W4401339479,anystyle,1,CA,2024
3927,W1963832348,anystyle,1,CA,2004
3929,W2144219418,anystyle,1,GB,2003
3932,W2094398406,anystyle,1,US,2008
3932,W2008606993,anystyle,1,US,2009
3932,W2150839204,anystyle,1,CA,2007
3932,W2118965652,anystyle,0.9638191632928474,RS,2013
3932,W1978924740,anystyle,1,IL;US,2010
3934,W4389052825,anystyle,1,AU;IE,2023
3940,W2096765155,anystyle,1,US,2005
3940,W2123442489,anystyle,1,US,2014
3940,W2251939518,anystyle,1,US,2013
3940,W2003458432,anystyle,1,US,2000
3941,W2894909149,anystyle,1,CA,2014
3945,W1986007610,anystyle,1,CA,1974
3945,W2159675211,anystyle,1,US,2003
3949,W2033094284,anystyle,1,IN,1998
3949,W2131681506,anystyle,1,BE;FR;GB,2008
3949,W1985690616,anystyle,1,FR,1994
3949,W1995587687,anystyle,1,NL,1993
3949,W2069425556,anystyle,1,NL,1992
3953,W2118942159,anystyle,1,ES,2015
3955,W2011544221,anystyle,1,GB,2009
3955,W2401830275,anystyle,1,US,2007
3955,W4299411752,anystyle,1,SG,2001
3956,W1971648245,anystyle,0.9942028985507246,GB,2015
3957,W3209531371,anystyle,1,AU,2016
3957,W2128105693,anystyle,1,GB,2011
3957,W1808554854,anystyle,1,NZ;US,2014
3958,W2147468287,anystyle,1,NL,2000
3958,W2083896568,anystyle,1,US,2000
3962,W4248481136,anystyle,1,US,2008
3962,W2154761488,anystyle,1,DE,2010
3962,W2554417355,anystyle,0.9808417997097242,DE,2012
3964,W2001496424,anystyle,1,CL,2001
3965,W4252959865,anystyle,1,CA,2020
3968,W2469288743,anystyle,1,US,2016
3968,W4230826498,anystyle,1,CA,2015
3969,W2043241530,anystyle,1,CA,2015
3969,W2121252355,anystyle,1,HU;US,2011
3969,W2012974247,anystyle,1,US,2012
3969,W2133365643,anystyle,1,US,2011
3969,W2134385885,anystyle,1,US,2011
3969,W2233384038,anystyle,1,GB;US,2015
3969,W1992654648,anystyle,1,US,2011
3969,W2163544880,anystyle,1,GB;US,2007
3970,W1785309004,anystyle,1,US,1988
3970,W2537572981,anystyle,1,US,2016
3970,W2952411838,anystyle,1,US,2013
3971,W2001932471,anystyle,1,US,2010
3971,W2159426623,anystyle,1,US,2009
3971,W2037510009,anystyle,1,US,2014
3971,W1988361130,anystyle,1,US,2013
3972,W2090581643,anystyle,1,GB;NL,2005
3972,W1993436622,anystyle,1,AT,2014
3975,W2143514796,anystyle,1,GB,2003
3975,W2683648933,anystyle,1,CH,2016
3975,W2529052057,anystyle,1,GB;IE,2016
3976,W2049919681,anystyle,0.9509803921568628,KH;US,2010
3976,W2894935079,anystyle,0.961111111111111,US,2016
3977,W2137887958,anystyle,1,US,2007
3977,W3164029670,anystyle,1,DE,2017
3977,W2107598941,anystyle,1,US,2009
3977,W174427690,anystyle,1,US,2012
3978,W2081514874,anystyle,1,US,2007
3978,W2025882237,anystyle,1,CA,2007
3978,W4211134195,anystyle,1,IL;US,2008
3978,W2098434511,anystyle,1,BE,2010
3978,W2146793826,anystyle,1,PL,2011
3978,W1993539890,anystyle,1,GR,2007
3978,W1521373230,anystyle,1,AU,2005
3979,W2619508393,anystyle,0.9607987979868003,GB;IS,2013
3979,W4412261577,anystyle,1,US,2017
3979,W2180354828,anystyle,0.9829787234042552,US,2015
3980,W327736674,anystyle,1,US,2014
3980,W1544485736,anystyle,1,FR,2010
3980,W2962752656,anystyle,1,DE;FR,2016
3980,W2560451689,anystyle,1,NZ,2016
3981,W2079466653,anystyle,1,US,2011
3981,W2031850547,anystyle,1,GB;US,2013
3982,W4243166200,anystyle,1,US,2012
3986,W2101234009,anystyle,1,CA;DE;FR;JP;US,2012
3986,W1996673766,anystyle,1,US,2009
3987,W4205460017,anystyle,1,US,2011
3987,W4205460017,anystyle,1,US,2011
3987,W4205590498,anystyle,1,DE,2012
3987,W4252947850,anystyle,1,DE,2018
3987,W4232980573,anystyle,1,DE,2017
3987,W2160630045,anystyle,1,US,2009
3987,W2503296136,anystyle,1,NO,2010
3987,W1644233380,anystyle,1,GB,2015
3987,W4232980573,anystyle,1,DE,2017
3987,W1951384579,anystyle,1,US,1994
3988,W2096394736,anystyle,1,GB,2013
3992,W2085405286,anystyle,1,US,1992
3995,W2746839818,anystyle,1,GB,2017
3995,W2578532545,anystyle,1,GB,2016
3995,W2408350387,anystyle,1,GB,2015
3995,W2052557990,anystyle,1,GB;US,2014
3996,W2015288398,anystyle,1,AU;US,2005
3996,W2114561628,anystyle,1,US,2012
3996,W2124056613,anystyle,1,US,2011
3996,W1552616512,anystyle,1,US,2003
3996,W1792785882,anystyle,1,US,2015
3997,W1644233380,anystyle,1,GB,2015
3997,W4300974084,anystyle,1,NO,2014
4001,W2250876140,anystyle,1,US,2010
4001,W2008481859,anystyle,1,US,2009
4001,W4232980573,anystyle,1,DE,2017
4001,W2609255920,anystyle,1,CH;CY;GR,2017
4001,W2027379807,anystyle,1,HU,1996
4001,W7102852,anystyle,1,CA,1988
4002,W2893882452,anystyle,1,US,2011
4002,W2060385833,anystyle,1,US,1994
4005,W1988135773,anystyle,1,CH,2012
4005,W4253022320,anystyle,1,BG;US,1967
4006,W2283896450,anystyle,1,AE;AU;GB;US,2016
4006,W2042355155,anystyle,1,FR;US,2013
4006,W1951628766,anystyle,1,FR;US,2011
4007,W2547745290,anystyle,1,DE,2016
4007,W2546891527,anystyle,0.9541666666666668,IE,2016
4008,W597352675,anystyle,1,US,2014
4008,W4243260509,anystyle,1,US,1990
4011,W2338299047,anystyle,1,AU;CA;US,2016
4012,W2001932471,anystyle,1,US,2010
4012,W2004340073,anystyle,1,PL,2013
4012,W2037510009,anystyle,1,US,2014
4012,W2040971670,anystyle,1,US,2013
4013,W2073319875,anystyle,1,US,2010
4013,W6925248474,anystyle,1,US,2012
4013,W2065139259,anystyle,1,CA,2010
4013,W169850822,anystyle,1,US,2002
4013,W4409672860,anystyle,1,US,2016
4014,W2043865005,anystyle,1,US,2014
4016,W2640444406,anystyle,1,CH,2015
4016,W2514595066,anystyle,1,FR,2016
4018,W2587953807,anystyle,1,CA,2022
4019,W2294085277,anystyle,1,US,2015
4019,W31196775,anystyle,1,US,2011
4024,W2311132329,anystyle,1,IL;US,2016
4024,W35086054,anystyle,1,US,2011
4024,W2158108973,anystyle,1,US,2006
4024,W2014703436,anystyle,1,US,2005
4024,W2156468487,anystyle,1,GB,2013
4024,W2138738738,anystyle,1,GB;US,2013
4024,W22861983,anystyle,1,FR,2011
4024,W1818857488,anystyle,1,US,2005
4024,W1632114991,anystyle,1,US,1993
4024,W70524345,anystyle,1,US,2007
4024,W1558068806,anystyle,1,DE;IT,2008
4024,W2250875199,anystyle,1,GB;IS;US,2012
4024,W121769347,anystyle,1,GB,2011
4024,W2250852500,anystyle,1,DE,2012
4024,W2030891299,anystyle,1,US,2013
4024,W2251732921,anystyle,1,US,2014
4024,W2963837895,anystyle,1,US,2016
4025,W2404416613,anystyle,1,GB;US,2013
4025,W2000411838,anystyle,1,US,2014
4025,W4240150825,anystyle,1,DE;US,2017
4026,W2001932471,anystyle,1,US,2010
4026,W2159426623,anystyle,1,US,2009
4030,W2099984129,anystyle,0.9882779198635976,US,2013
4031,W2147489905,anystyle,1,ES,2013
4031,W6967894861,anystyle,1,UZ,2025
4031,W2169570446,anystyle,1,US,2004
4031,W2597349080,anystyle,1,AU,2004
4031,W2047706901,anystyle,1,NZ,2011
4031,W2023062420,anystyle,1,US,2006
4031,W2016774389,anystyle,1,US,2013
4031,W2062153880,anystyle,1,US,2010
4034,W2534693011,anystyle,1,RU,2016
4035,W2314792675,anystyle,1,CA,2008
4035,W2019704491,anystyle,1,US,1979
4038,W2021737975,anystyle,1,FR,2014
4038,W2149354298,anystyle,1,FR,2015
4038,W2401306152,anystyle,1,US,2009
4040,W2292700734,anystyle,1,AU,2015
4040,W1546621621,anystyle,1,US,2002
4040,W2102700284,anystyle,1,US,2005
4040,W2075826340,anystyle,1,CA,2009
4046,W2595474683,anystyle,1,BR,2016
4048,W2131681506,anystyle,1,BE;FR;GB,2008
4048,W2167482691,anystyle,1,US,1991
4048,W1592601577,anystyle,1,US,2001
4051,W2602495519,anystyle,1,CH,2016
4051,W3213907423,anystyle,1,US,2010
4051,W2095450635,anystyle,1,FR,1999
4051,W2095450635,anystyle,1,FR,1999
4051,W1616662409,anystyle,1,CA,2014
4051,W3124741060,anystyle,1,DE;GB;US,2013
4051,W1591081625,anystyle,1,US,2015
4052,W2131681506,anystyle,1,BE;FR;GB,2008
4052,W2171707538,anystyle,1,DE,2001
4052,W2008157089,anystyle,1,GB,2005
4052,W2087391635,anystyle,1,US,1990
4052,W2110559753,anystyle,1,CA,2006
4052,W2145091824,anystyle,1,DE;NL;US,2006
4053,W4253485425,anystyle,1,SG,2006
4053,W2021198451,anystyle,1,US,2011
4053,W2076484470,anystyle,1,GH;IN;US,2009
4053,W2470175097,anystyle,1,US,2016
4058,W4243733818,anystyle,1,US,2007
4058,W1983503745,anystyle,1,BE;EC,2009
4059,W1998899840,anystyle,0.973823373876256,US,2014
4059,W2030891299,anystyle,1,US,2013
4060,W2018205712,anystyle,0.9537598204264872,US,2008
4060,W1843650355,anystyle,1,GB,2008
4067,W3162429346,anystyle,1,US,2002
4068,W2170233227,anystyle,1,US,2011
4068,W2156621168,anystyle,1,AU;GB,2014
4068,W2005065284,anystyle,0.9957894736842106,GB,1998
4068,W1590192302,anystyle,1,AU;PT,2012
4068,W2123846708,anystyle,1,GB;US,2012
4068,W2181995626,anystyle,0.9948717948717948,US,2015
4069,W2039952808,anystyle,1,GB;US,2007
4069,W2160839086,anystyle,1,IN;IT,2013
4069,W1911382742,anystyle,1,CA,2012
4069,W2162237094,anystyle,1,US,2010
4069,W2134911674,anystyle,1,SE,2011
4069,W2036293496,anystyle,1,US,1998
4070,W2296297107,anystyle,1,IT,2015
4070,W1610584710,anystyle,1,GB;US,2015
4070,W2181376205,anystyle,1,GB;JP,2015
4070,W2510141903,anystyle,1,AU;IN,2016
4070,W2305465358,anystyle,1,IN,2015
4070,W2289442414,anystyle,1,IN,2015
4070,W1992472982,anystyle,1,US,2004
4070,W4236727341,anystyle,1,US,2001
4070,W2130210787,anystyle,1,US,2004
4071,W2140945425,anystyle,1,US,2010
4073,W4255497883,anystyle,1,US,2010
4073,W2080996291,anystyle,1,US,1997
4073,W1970859146,anystyle,1,US,1963
4076,W2111536437,anystyle,1,AU;ES,2008
4076,W2141766660,anystyle,1,GB;IT;US,2008
4076,W2577529708,anystyle,0.9783076203833568,DE,2016
4078,W2251803266,anystyle,0.9584352552902348,IT,2014
4078,W1593045043,anystyle,1,GB,1990
4078,W2963780471,anystyle,1,US,2016
4078,W2516007590,anystyle,1,DE,2016
4078,W2574488981,anystyle,1,DE,2016
4078,W2740804691,anystyle,1,DE,2017
4078,W1969767174,anystyle,1,NL,2015
4078,W2952375406,anystyle,1,US,2014
4078,W2292415828,anystyle,1,US,2021
4078,W1615991656,anystyle,1,IL,2015
4078,W2153579005,anystyle,1,US,2013
4078,W2250539671,anystyle,1,US,2014
4079,W7032650626,anystyle,1,US,2013
4081,W2127160125,anystyle,1,GB;SE,2013
4081,W1830951065,anystyle,1,AU,2008
4081,W2511501439,anystyle,1,DE,2016
4081,W2787118623,anystyle,1,DE,2016
4081,W152717974,anystyle,1,CA,2010
4081,W1966797434,anystyle,1,US,1992
4081,W2964325543,anystyle,1,US,2016
4081,W2574488981,anystyle,1,DE,2016
4081,W1615991656,anystyle,1,IL,2015
4081,W3088107006,anystyle,0.9544464609800364,CN,2016
4081,W1968422660,anystyle,1,CA;DE;ES,2014
4081,W2951319051,anystyle,1,CA;NL,2003
4083,W856167857,anystyle,1,US,1990
4084,W2037757210,anystyle,1,US,2003
4084,W2117756735,anystyle,0.9835029190992494,US,2011
4084,W2978643462,anystyle,1,DE,2015
4084,W2480383200,anystyle,1,US,2015
4084,W2070996757,anystyle,1,US,2009
4085,W2564908306,anystyle,1,US,2016
4086,W262165189,anystyle,0.9566037735849056,CA,2003
4086,W1822914333,anystyle,1,NL,2013
4088,W2159934666,anystyle,1,GB;KR,2005
4088,W1967238710,anystyle,1,US,2006
4088,W2116604999,anystyle,1,GB;US,2009
4091,W2029097391,anystyle,1,US,2009
4092,W2741851820,anystyle,1,GB,2017
4092,W2337037554,anystyle,1,US,2016
4092,W2265977438,anystyle,1,US,2016
4092,W2526781987,anystyle,1,GB,2016
4094,W2293068626,anystyle,1,NL,2011
4095,W4232529941,anystyle,1,US,2018
4095,W2033420318,anystyle,1,US,2007
4095,W7065944282,anystyle,1,DE,2010
4099,W2164656827,anystyle,1,BE,2013
4099,W2116780029,anystyle,1,US,1993
4099,W191409295,anystyle,1,GB,2004
4101,W2096788288,anystyle,1,FR,2007
4101,W2519189343,anystyle,1,CH,2016
4101,W2099634219,anystyle,1,SE,1973
4101,W1986874010,anystyle,1,US,1977
4101,W2069002413,anystyle,1,US,1987
4101,W2082735203,anystyle,1,NL,2007
4102,W2144784353,anystyle,1,PL,2013
4102,W1539626980,anystyle,1,DE;GR;NL,2012
4102,W2299121287,anystyle,1,PL,2015
4102,W2400541756,anystyle,1,PL,2015
4102,W2111466213,anystyle,1,PL,2013
4102,W2121911413,anystyle,1,PL,2013
4102,W102339898,anystyle,0.9577856025039124,CZ,2014
4102,W2297247450,anystyle,1,PL,2015
4102,W2066680326,anystyle,1,US,2005
4103,W2645778682,anystyle,1,CH,2014
4104,W2295837698,anystyle,1,DE,2015
4104,W2571955562,anystyle,1,LU,2016
4104,W2578906201,anystyle,1,LU,2016
4110,W2313360958,anystyle,0.968227424749164,JP,2014
4111,W804398172,anystyle,1,US,2015
4111,W1631096903,anystyle,1,US,2012
4113,W97712939,anystyle,1,GB,1994
4113,W2120841887,anystyle,1,GB,2011
4113,W1563122285,anystyle,1,GB;IT;US,2021
4113,W2230587849,anystyle,1,GB,2016
4117,W2400362430,anystyle,0.9858585858585858,DE,2014
4117,W3165126451,anystyle,1,DE,2015
4118,W597352675,anystyle,1,US,2014
4119,W4211171368,anystyle,1,US,2015
4119,W2104989408,anystyle,1,DK,2004
4119,W1834435979,anystyle,1,US,2015
4119,W2011669570,anystyle,1,DE,2009
4119,W2132920211,anystyle,1,US,2001
4119,W1531085196,anystyle,1,GB,2012
4119,W2127574298,anystyle,1,US,2010
4119,W2127574298,anystyle,1,US,2010
4119,W2127111892,anystyle,1,US,2010
4121,W2006917372,anystyle,1,US,1990
4121,W2047721242,anystyle,1,US,2008
4124,W2567490477,anystyle,1,MX,2016
4125,W2127379833,anystyle,1,US,2012
4127,W2163605009,anystyle,1,CA;US,2017
4127,W2097117768,anystyle,1,US,2015
4128,W2107483875,anystyle,1,FR;US,2006
4129,W300217873,anystyle,1,GB,2015
4129,W4239072543,anystyle,1,US,2009
4129,W2164022341,anystyle,1,SE,2014
4129,W2520188521,anystyle,1,CH,2016
4129,W2065296697,anystyle,1,IL;US,2012
4129,W1686810756,anystyle,1,GB,2014
4129,W2131846894,anystyle,1,GB,2003
4129,W2963166708,anystyle,1,CZ;FR;IL,2016
4130,W6922518339,anystyle,1,US,2016
4134,W2134206911,anystyle,1,IT,2012
4134,W2916955308,anystyle,1,AR;CN;GB;IN;US,2016
4135,W2129315144,anystyle,1,DE;NL,2015
4135,W2096258735,anystyle,1,GB;IE,2012
4136,W2121538571,anystyle,1,DE,2012
4136,W2400430240,anystyle,1,GB,2012
4136,W950355994,anystyle,1,GB,2013
4136,W4401214615,anystyle,1,US,2024
4136,W2330106980,anystyle,1,US,2016
4136,W2118129210,anystyle,1,DK,2014
4136,W4253022320,anystyle,1,BG;US,1967
4141,W2227786163,anystyle,1,NL,2014
4141,W2118721021,anystyle,1,NL,2013
4142,W3117881903,anystyle,0.9868852459016392,US,2020
4142,W1988148062,anystyle,1,CA,2006
4142,W2028515682,anystyle,1,CA,2013
4142,W2031850547,anystyle,1,GB;US,2013
4142,W2765672453,anystyle,1,GB,2017
4144,W4230857708,anystyle,1,US,2006
4144,W2963780471,anystyle,1,US,2016
4144,W2153579005,anystyle,1,US,2013
4144,W2250539671,anystyle,1,US,2014
4144,W2768581363,anystyle,1,US,1973
4144,W2165612380,anystyle,1,US,1975
4147,W2128105693,anystyle,1,GB,2011
4148,W2066766101,anystyle,0.991420727522306,BE,2009
4148,W2878934329,anystyle,0.9600402414486922,NL,2018
4148,W2307195923,anystyle,1,RU,2016
4153,W2288967463,anystyle,1,TR,2015
4153,W2143959851,anystyle,1,AU,2013
4153,W2615841665,anystyle,1,US,2015
4153,W1983597741,anystyle,1,PL,2014
4156,W2761563692,anystyle,1,AU,2017
4156,W2277796163,anystyle,1,GB,2015
4156,W4412327071,anystyle,1,DE;IR,2014
4156,W2795984149,anystyle,1,GB,2018
4162,W1973747955,anystyle,0.9706145706145708,US,2014
4162,W2746839818,anystyle,1,GB,2017
4165,W2031850547,anystyle,1,GB;US,2013
4165,W2035292237,anystyle,1,US,2010
4165,W2461723275,anystyle,1,GB,2016
4165,W1993655898,anystyle,1,GB,2010
4166,W2511714226,anystyle,1,TW,2016
4166,W2962795603,anystyle,1,TW,2016
4166,W2963849739,anystyle,1,TW;US,2015
4166,W4293159471,anystyle,1,US,2017
4167,W2002827932,anystyle,1,US,1980
4167,W2064458621,anystyle,1,CH,2011
4168,W6943851773,anystyle,1,GB,2014
4169,W3213907423,anystyle,1,US,2010
4171,W1993977866,anystyle,1,DE,2011
4177,W2177985489,anystyle,1,CA;GB,2011
4178,W1993829301,anystyle,1,IT;US,2014
4188,W2403177987,anystyle,1,GB,2015
4188,W2076203007,anystyle,1,US,2012
4193,W2015430201,anystyle,1,ES;GB;GR,2014
4193,W2148869629,anystyle,1,GR,2015
4193,W2129615061,anystyle,1,GB;GR,2012
4194,W2343687437,anystyle,1,DE,2016
4194,W2250384109,anystyle,1,DE,2015
7053,W2162311237,anystyle,1,US,1993
7053,W198852883,anystyle,1,US,1994
7071,W38003809,anystyle,1,DE;NL;US,1996
7071,W4242212377,anystyle,1,AU;GB,1999
7074,W1985841288,anystyle,0.9620569620253164,US,1996
7074,W2119079563,anystyle,1,IT,1994
7074,W2081378666,anystyle,1,GB,1996
7074,W1512605477,anystyle,1,FR;US,1995
7082,W1584841508,anystyle,1,US,1996
7087,W1810869966,anystyle,1,US,1997
7087,W2013822945,anystyle,1,US,1996
7087,W2004518245,anystyle,1,US,1987
7087,W2037740990,anystyle,1,US,1982
7087,W166553570,anystyle,1,BE,1997
7108,W1602438245,anystyle,1,US,1994
7133,W4236888462,anystyle,1,US,1986
7136,W4236888462,anystyle,1,US,1986
7172,W236780116,anystyle,1,US,1989
7276,W2015418650,anystyle,1,NL;US,1991
7277,W2007565405,anystyle,1,US,1990
7277,W1940278502,anystyle,1,US,1993
7277,W1480519300,anystyle,1,US,1996
7715,W1609201029,anystyle,1,CH;US,1999
7717,W1983222731,anystyle,1,CA,1980
7717,W2044794736,anystyle,1,GB,1996
7717,W2052354855,anystyle,1,GB,1994
7717,W149273465,anystyle,1,US,1990
7717,W2041985188,anystyle,1,GB,1996
7718,W2038885379,anystyle,1,JP,1994
7718,W2061039273,anystyle,0.9507362784471218,AU,1992
7718,W2037421259,anystyle,1,GB,1995
7718,W2057592151,anystyle,1,GB,1995
7718,W4230043625,anystyle,1,US,1997
7722,W2054897495,anystyle,1,US,1996
7722,W2160196691,anystyle,0.953191489361702,GB,1990
7724,W2084773904,anystyle,0.9704800817160368,US,1998
7724,W1994128919,anystyle,1,FR,1994
7724,W2116865130,anystyle,1,FR,1989
7724,W3161906175,anystyle,1,CA,1995
7724,W411418390,anystyle,0.9594616977225672,FR,1988
7724,W2052135643,anystyle,0.978045867176302,FR,1991
7724,W1987780687,anystyle,0.9595518207282911,FR,1994
7724,W2084584893,anystyle,1,FR,1991
7724,W2082212189,anystyle,0.978959944806358,FR,1994
7727,W2081387730,anystyle,1,US,1985
7728,W2784116584,anystyle,1,BR,2012
7730,W7034074758,anystyle,1,NL,1997
7730,W1994920162,anystyle,1,CA,1996
7730,W4256687962,anystyle,1,US,1993
7730,W2138915595,anystyle,1,US,1995
7730,W2016815329,anystyle,1,FR,1995
7735,W2013569814,anystyle,0.9558406843090084,US,1989
7737,W2144914559,anystyle,1,US,1987
7738,W2038858953,anystyle,1,US,1990
7741,W1984079823,anystyle,1,GB,1990
7742,W1992766957,anystyle,1,GB,1992
7743,W1524371952,anystyle,1,GB,1992
7743,W2133717764,anystyle,1,CA,1989
7743,W2114877339,anystyle,1,US,1990
7743,W2034111846,anystyle,1,GB,1993
7743,W2041160344,anystyle,1,US,1988
7743,W2070921605,anystyle,1,CA;GB,1993
7743,W2097724282,anystyle,1,CA,2002
7743,W2129597719,anystyle,1,US,1995
7743,W2029135525,anystyle,1,US,1987
7747,W2073559431,anystyle,1,CA,1990
7747,W2015632915,anystyle,1,AU,1981
7747,W2085263611,anystyle,1,PL,1989
7747,W2089365867,anystyle,1,GB,1987
7747,W2138849432,anystyle,1,AU;GB,1989
7747,W2936838958,anystyle,1,DE,1993
7748,W1690636059,anystyle,1,US,1990
7748,W4241838627,anystyle,1,GB;US,1995
7750,W2068653718,anystyle,1,CA;GB,1986
7751,W1503669979,anystyle,1,US,1993
7756,W1680124648,anystyle,1,CA,1996
7756,W4296260942,anystyle,1,GB,2022
7759,W1987562626,anystyle,0.95,NO,1997
7759,W65253313,anystyle,1,US,2011
7837,W2028695285,anystyle,1,FR,2014
7837,W2028701196,anystyle,1,BE,2013
7837,W2296753779,anystyle,1,BE,2017
7840,W2291589945,anystyle,1,NL,2016
7840,W6964704929,anystyle,0.9636672325976232,GB;GR;NO,2021
7840,W1793935957,anystyle,0.9566666666666668,GB,2016
7850,W1971060454,anystyle,1,US,1985
7850,W1971921179,anystyle,1,NL,1993
7881,W1897154807,anystyle,1,CA,2009
7881,W2036726385,anystyle,1,US,2012
7881,W26845927,anystyle,0.9898089171974522,AU,2010
7886,W2130660124,anystyle,1,NL;US,2000
7886,W1965295228,anystyle,1,US,2013
7900,W1545396636,anystyle,1,US,1996
7901,W2061550507,anystyle,1,US,2004
7903,W2475640997,anystyle,1,GB,2004
7904,W2029353864,anystyle,0.9770491803278688,US,2001
7905,W574485962,anystyle,1,FR,2004
7908,W2114281481,anystyle,1,FR;US,1999
7908,W2163299954,anystyle,1,US,2002
7908,W2003449425,anystyle,1,GB;MX,2003
7911,W2036332605,anystyle,1,US,1991
7911,W356284649,anystyle,1,FR,1992
7911,W2055124994,anystyle,1,US,1987
7914,W2074095561,anystyle,0.97023516237402,AU,1994
7914,W356284649,anystyle,1,FR,1992
7914,W2120901813,anystyle,1,US,2003
7915,W2586959840,anystyle,1,US,1999
7915,W356284649,anystyle,1,FR,1992
7915,W2069582578,anystyle,1,US,2005
7915,W356284649,anystyle,1,FR,1992
7915,W1487298676,anystyle,1,FR,2002
7915,W356284649,anystyle,1,FR,1992
7917,W2069582578,anystyle,1,US,2005
7948,W1970026646,anystyle,1,US,1974
7949,W4205921272,anystyle,1,US,1992
7958,W4205628852,anystyle,1,GB,2014
7999,W1676530625,anystyle,1,DE;GB,1996
7999,W2038885379,anystyle,1,JP,1994
7999,W2061039273,anystyle,0.9507362784471218,AU,1992
7999,W2074095561,anystyle,0.97023516237402,AU,1994
7999,W1593045043,anystyle,1,GB,1990
7999,W2037421259,anystyle,1,GB,1995
7999,W2186423839,anystyle,1,TR,2007
7999,W2002156209,anystyle,0.9801618944061858,US,1995
7999,W2052354855,anystyle,1,GB,1994
7999,W2047336218,anystyle,1,AU;GB,1995
7999,W2125055259,anystyle,1,AU,1992
7999,W2109893852,anystyle,1,GB,1975
8002,W2128255315,anystyle,1,CA,2009
8002,W24078727,anystyle,1,NL,1987
8002,W1994989165,anystyle,1,CA,1992
8002,W1559172563,anystyle,1,US,1993
8003,W1527418717,anystyle,1,CA,1992
8003,W1966110778,anystyle,1,CA,1996
8003,W1990617431,anystyle,1,CA,1995
8007,W1985683154,anystyle,1,US,1991
8011,W2019932572,anystyle,1,US,1997
8012,W1991276630,anystyle,1,US,1991
8012,W2017361309,anystyle,1,GB,1992
8012,W2052354855,anystyle,1,GB,1994
8012,W2051147002,anystyle,0.9555305164319248,AU;US,1995
8012,W1985995047,anystyle,1,US,1990
8012,W149273465,anystyle,1,US,1990
8015,W2054579058,anystyle,1,TW,1996
8015,W1995287322,anystyle,0.9851851851851852,GB,1996
8016,W3164306476,anystyle,1,US,1995
8016,W2074441820,anystyle,1,US,1991
8016,W260896690,anystyle,1,AU,1977
8016,W1585017066,anystyle,1,US,1995
8016,W2032457005,anystyle,1,GB,1995
8016,W2039166019,anystyle,1,US,1986
8016,W2918810658,anystyle,1,DE,2019
8020,W2081666811,anystyle,0.9658578263841422,US,1990
8020,W4252015580,anystyle,1,US,1994
8020,W1992991762,anystyle,1,US,1973
8020,W4360587565,anystyle,1,GB,1984
8021,W1632114991,anystyle,1,US,1993
8022,W4389290495,anystyle,1,NL,1993
8038,W4244821448,anystyle,1,US,1995
8038,W2006468087,anystyle,1,US,1984
8038,W1510355787,anystyle,1,US,1988
8038,W2034520043,anystyle,1,US,1989
8038,W2055911669,anystyle,1,US,1986
8038,W1992011943,anystyle,1,US,1990
8038,W2019440304,anystyle,1,US,1984
8038,W4236897947,anystyle,1,US,1991
8038,W2031866415,anystyle,1,US,1994
8038,W2056844212,anystyle,1,US,1993
8038,W2060695949,anystyle,1,US,1989
8038,W2928502135,anystyle,1,US,1991
8038,W2073865239,anystyle,1,US,1990
8038,W4239080052,anystyle,1,US,1984
8038,W2161196841,anystyle,1,US,1989
8038,W2079741607,anystyle,1,US,1994
8038,W2010622566,anystyle,1,US,1980
8038,W2057949318,anystyle,1,DE,1987
8041,W2074095561,anystyle,1,AU,1994
8041,W2052354855,anystyle,1,GB,1994
8055,W2084569127,anystyle,1,US,1988
8055,W4239255329,anystyle,1,GB,2014
8055,W1526666271,anystyle,1,US,1996
8062,W2051889879,anystyle,0.951280737704918,JP,1996
8062,W1546333591,anystyle,1,NO,1994
8062,W1632114991,anystyle,1,US,1993
8364,W1690636059,anystyle,1,US,1990
8369,W2059607247,anystyle,1,US,1994
8369,W4402723339,anystyle,0.9582336182336184,CN,2024
8369,W3107411067,anystyle,0.9529411764705882,BE;US,2020
8381,W2074952134,anystyle,1,GB,1992
8381,W2046716868,anystyle,0.954054054054054,US,1994
8381,W2155638467,anystyle,1,US,1994
8383,W2088303151,anystyle,1,JP;US,1994
8383,W2053692962,anystyle,1,DK,1993
8385,W2061039273,anystyle,1,AU,1992
8388,W1986800743,anystyle,1,GU,1993
8388,W2111688703,anystyle,1,US,1994
8392,W48663515,anystyle,1,IT,2005
8397,W2081687495,anystyle,1,US,1992
8397,W2037042435,anystyle,1,FR,1994
8397,W2162861726,anystyle,1,US,1990
8402,W2052401917,anystyle,1,GB;GH,1984
8402,W2960439001,anystyle,1,BR;GB,1996
8402,W2014313181,anystyle,1,US,1987
8402,W4403671028,anystyle,1,CH,2024
8402,W2059788993,anystyle,1,US,1998
8411,W4403293835,anystyle,0.9696969696969696,TR,2024
8411,W2067009645,anystyle,1,US,1986
8411,W2105802566,anystyle,1,US,1984
8411,W2034520043,anystyle,1,US,1989
8411,W1817589426,anystyle,1,US,1988
8411,W2180385733,anystyle,1,CA;US,1983
8411,W2113070011,anystyle,1,US,1993
8411,W2123840151,anystyle,1,US,1984
8411,W2016663226,anystyle,0.9705601389491968,US,1986
8413,W4246078815,anystyle,1,FR;US,1995
8416,W2014864037,anystyle,1,AU,2006
8416,W2061039273,anystyle,1,AU,1992
8416,W367202956,anystyle,1,AU,1999
8416,W2052028938,anystyle,1,US,2003
8416,W1532510989,anystyle,1,GB;SE;US,2014
8416,W2036552232,anystyle,1,AU,1996
8420,W2074952134,anystyle,1,GB,1992
8420,W2046716868,anystyle,0.954054054054054,US,1994
8420,W2155638467,anystyle,1,US,1994
8423,W2122472280,anystyle,1,US,1970
8423,W227968378,anystyle,1,US,1994
8423,W2075164771,anystyle,1,NO,1994
8424,W2083067383,anystyle,0.9621303395399782,PL,1994
8430,W2100619427,anystyle,0.9828571428571428,US,1980
8431,W1971409400,anystyle,1,DE,1995
8447,W2157983063,anystyle,0.984,IN,1941
8447,W2186423839,anystyle,1,TR,2007
8450,W155313847,anystyle,1,CA;FR;GB;US,1995
8450,W2060425093,anystyle,1,NZ,1981
8450,W2048001624,anystyle,0.95,US,1977
8450,W1975009259,anystyle,0.9542857142857144,US,1979
8451,W2091780959,anystyle,1,EE;US,1990
8451,W2104062382,anystyle,1,US,1980
8452,W2091780959,anystyle,1,EE;US,1990
8456,W1982342836,anystyle,1,US,1983
8456,W4252844521,anystyle,0.972093023255814,US,1993
8467,W2046592963,anystyle,1,FI,1990
8474,W2020352922,anystyle,0.9806451612903226,CA,1978
8474,W2092824461,anystyle,1,US,2009
8482,W2051889879,anystyle,1,JP,1996
8482,W1523248069,anystyle,1,NZ;US,2011
8482,W2787088044,anystyle,1,FI,1983
8482,W3023954113,anystyle,1,GB,1994
8483,W2055142477,anystyle,0.9806039488966318,GB,1991
8483,W2162712571,anystyle,1,FR,1996
8483,W1987253610,anystyle,1,US,1985
8493,W2186423839,anystyle,1,TR,2007
8493,W2057592151,anystyle,1,GB,1995
8495,W2057592151,anystyle,1,GB,1995
8495,W1989265448,anystyle,1,FR,1990
8495,W2014143342,anystyle,1,ZA,1975
8496,W1518149811,anystyle,1,DE;US,1996
8504,W2062854376,anystyle,0.96678007023705,US,2009
8504,W1605860798,anystyle,1,US,1994
8505,W262821413,anystyle,1,DE,1981
8505,W2048025479,anystyle,0.9529411764705882,NZ,1965
8505,W1886985563,anystyle,1,US,1968
8509,W2061039273,anystyle,0.9507362784471218,AU,1992
8509,W2186423839,anystyle,1,TR,2007
8510,W1989597095,anystyle,1,US,1975
8510,W1973630779,anystyle,0.9860465116279068,US,1940
9023,W4243041937,anystyle,1,CA,2008
9023,W2095069785,anystyle,1,US,2010
9023,W4211134195,anystyle,1,IL;US,2008
9023,W2146793826,anystyle,1,PL,2011
9024,W1510934735,anystyle,1,GB,2008
9024,W59472372,anystyle,1,GB,2009
9027,W4229534227,anystyle,1,KR,2018
9144,W2015953751,anystyle,1,US,2006
9144,W2143514796,anystyle,1,GB,2003
9163,W1830599948,anystyle,1,US,2001
9163,W1512888954,anystyle,0.9679328454584588,US,2002
9163,W2618153646,anystyle,1,GB,2005
