id,publication_year,countries_str
W2132685610,2009,NA
W1748368049,2011,NA
W2500169358,2009,NA
W20615918,1991,NA
W98743080,2005,NA
W24341263,2005,NA
W39032255,1988,NA
W35565264,1999,NA
W22447144,2001,GB
W19403788,2009,NA
W30941674,2003,NA
W4472213,2002,NA
W22702538,2000,GB
W24756151,1967,NA
W34057406,2005,NA
W32879520,2007,NA
W9633081,2009,NA
W2457143,2001,GB
W7542544,2008,NA
W2557826,1997,NA
W7383015,1999,NA
W12113095,2001,NA
W31572222,2012,NA
W27431698,2004,NA
W24912070,2003,US
W6319482,1997,NA
W10729201,2002,NA
W8699629,1980,NA
W9394277,1996,NA
W16893199,2012,NA
W1199894,2004,NA
W11540594,2007,US
W23944679,1995,NA
W32434556,1995,NA
W24495263,2010,NA
W7744360,2010,NA
W10734482,1996,NA
W14903747,2010,DE
W8437397,1984,KR
W29482179,2012,IT;US
W7102852,1988,CA
W2098422045,2011,GB
W565003440,2002,NA
W3150690765,2012,NA
W1928727784,2001,NA
W1563687503,1935,NA
W1891753606,2006,NA
W2588373451,2013,NA
W400437270,1995,NA
W600962884,1990,NA
W2372127301,2004,NA
W2300264879,2005,NA
W3085466263,2008,NA
W3022908595,1999,NA
W50539638,2000,NA
W1873218394,2011,NA
W3185765745,2002,NA
W7039947230,2014,NA
W142223063,2007,NA
W3203463779,2019,NA
W1830599948,2001,US
W3106973,2008,NA
W2950642250,2017,NA
W2995719621,2018,NA
W2997195443,1993,NA
W170722954,2002,NA
W433166361,2012,NA
W1547626966,2012,NA
W2360784591,1986,NA
W2103129828,2012,US
W2113459411,2011,US
W93109923,1997,NA
W1940278502,1993,US
W1946910233,2004,NA
W111340424,2002,NA
W642033619,1992,NA
W2339191583,2003,US
W1501161035,2007,NA
W1581575783,2012,NA
W363048305,2011,NA
W1491439948,1992,NA
W1558807800,2009,NA
W641308992,2011,NA
W2894005906,2011,NA
W2886247393,2012,NA
W47476548,2005,NA
W2893604549,2011,NA
W2167788171,2010,DE
W135218250,2002,NA
W119388172,1990,NA
W2109730238,1997,GB
W2894362637,2011,NA
W2886790289,2013,NA
W2920916849,2019,NA
W1594035255,1972,NA
W2251158885,2012,SE
W1554286329,1989,NA
W2378095018,2001,NA
W2898149053,1995,NA
W2148576603,2006,NA
W1514157419,2001,NA
W599364814,1985,NA
W1912707411,1990,NA
W1538444718,2008,NA
W2751956662,1999,NA
W2116780029,1993,US
W1502430190,1995,NA
W30800838,1993,NA
W645221972,1956,NA
W2184080888,2010,NA
W229951249,2005,NA
W2749859386,2012,NA
W2114476929,2006,NA
W1588501438,1995,NA
W853619914,1980,NA
W2887821208,2012,NA
W2400362430,2014,DE
W2339747818,1993,US
W2472632394,2004,NA
W2184423166,2009,NA
W2892989980,2011,NA
W360765096,1979,NA
W47896558,2003,NA
W1548493544,1986,NA
W2159675976,2011,NA
W105372224,2002,NA
W589376459,1989,NA
W2107025501,2007,NA
W2809046696,2018,NA
W610624806,1985,NA
W2477835292,2006,NA
W3083199507,2020,NA
W2613276211,2016,NA
W2613712461,2016,AT;DE
W174427690,2012,US
W300318155,2001,NA
W2886244784,2012,NA
W1509696072,2012,DE;NL;US
W1931538245,2003,NA
W1871939050,2013,NA
W2915998928,2013,GR;US
W2914731853,2003,NA
W646538956,1969,NA
W1554672968,1975,NA
W3123033100,2008,FR;GB;US
W2791533066,2017,NA
W2626115014,2006,NA
W1596883239,2009,NA
W1936932840,2015,NA
W2943428692,2010,NA
W93917463,2007,CA
W2575540007,2002,NA
W635839418,1968,NA
W615014387,2014,NA
W3190389257,1977,NA
W636825951,2008,US
W1557552697,2008,NA
W1563707391,1994,NA
W198852883,1994,US
W2557624497,2006,NA
W2144622447,2003,US
W2960439001,1996,BR;GB
W1593934207,2006,DE;NL
W3009159684,2012,NA
W1593942564,2007,NA
W2518190408,1993,NA
W2885817207,2013,NA
W2273982008,2006,FR;US
W636476220,1994,NA
W1579307846,1995,NA
W2887709112,2012,NA
W46992670,2013,NA
W1590985041,2010,NL
W2253621663,2009,US
W577499744,2009,NA
W2809956584,2014,NA
W2184549556,2010,NA
W1602270355,1990,NA
W581860593,1971,NA
W1593799278,2014,DE
W2163544880,2007,GB;US
W1591516598,2006,NA
W2405108999,2016,NA
W1803451069,2010,NA
W3159984383,1970,NA
W639488835,1981,NA
W2306678812,2005,NA
W2893690746,2011,NA
W1525552955,1998,NA
W2908597580,2009,NA
W2287431289,2016,NA
W2603686667,1998,NA
W2279975692,2011,FR
W2887808802,2012,NA
W2579303873,2009,NA
W69409902,2011,NA
W614401162,2013,NA
W648729388,1989,NA
W2886001069,2012,NA
W2134385885,2011,US
W2887810531,2012,NA
W1506777119,2008,DE;US
W2130480350,2008,NA
W1483625976,1966,NA
W629179599,1994,NA
W658399486,2014,NA
W655229814,1998,NA
W1567986832,2008,NA
W2887310425,2013,NA
W1538374329,2003,NA
W34987858,1953,NA
W2404517651,2008,GB
W1582588624,2008,DE;IE
W29789243,2004,NA
W1549131123,2001,NA
W2887850014,2012,NA
W1882676139,2004,NA
W1598623029,2009,NA
W2406451213,2012,NA
W3087378729,2005,NA
W1539626980,2012,DE;GR;NL
W175993942,1995,NA
W1528522188,2010,NA
W2994029063,2008,NA
W2401368874,2015,US
W74447668,1995,NA
W115356716,1993,NA
W412463106,1990,NA
W1604301659,1996,NA
W606329772,2010,NA
W1785309004,1988,US
W600375165,1998,NA
W2250852500,2012,DE
W2887513417,2012,NA
W2887620368,2016,NA
W97696287,1988,NA
W1484722677,2004,NA
W2993551229,2007,NA
W1587088164,1999,NA
W1523250209,2011,AU
W1531027952,1990,NA
W196501055,1998,NA
W2893637530,2011,NA
W2993289147,2015,NA
W1545025528,2011,NA
W2185336139,2010,NA
W2606194557,2016,NA
W322747866,2012,NA
W2203635993,2015,NA
W566267450,1995,NA
W2894195614,2011,NA
W651037612,1993,NA
W2577529708,2016,DE
W1934193247,1989,NA
W1510205845,1976,NA
W1724181667,2012,DE;SE
W3216909802,1989,NA
W570384948,1990,NA
W2885059493,2016,NA
W193524605,2010,IT;US
W406915188,1999,NA
W152166928,2009,NA
W219224239,2009,NA
W2728959555,2012,NA
W2599911942,2017,NA
W1518149811,1996,DE;US
W195567734,2008,BE
W2885957918,2012,NA
W1605174196,1985,NA
W1553229631,1998,NA
W2134289803,2007,SE
W261272276,2004,NA
W1487677826,1993,NA
W595945875,2003,NA
W163222559,2005,NA
W2894244841,2011,NA
W2950577311,2013,CN;CZ;US
W2142943833,2007,US
W100967899,2008,NA
W2149668773,2003,US
W1569791325,1999,NA
W2810306566,2014,NA
W2166957049,2008,IT;US
W565171473,2007,NA
W2318014179,1999,NA
W656921300,1995,NA
W1487429035,2003,NA
W2885079459,2012,NA
W2612476266,1998,NA
W2548403034,2016,NA
W1866830055,2003,US
W581099993,2014,NA
W169850822,2002,US
W2337179679,2012,CH
W237179353,2001,NA
W2810407344,2014,NA
W2278518974,2012,NA
W7040207340,NA,NA
W294063226,2002,NA
W2588408798,2005,NA
W1577749430,2009,NA
W1575309554,2010,NA
W2572413432,2015,NA
W1740921282,2000,NA
W3023178173,2003,NA
W1525354585,2006,NA
W1569984076,2002,NA
W7031625778,2015,NA
W182489228,1996,NA
W6984278789,1996,NA
W6983855428,NA,NA
W371467908,2007,NA
W2909114460,1992,NA
W209279658,1984,NA
W2513162068,2009,NA
W647069096,1988,NA
W3143071804,1997,NA
W1521336220,2006,NA
W787553784,2009,NA
W2400574415,2013,ES
W395365565,2011,NA
W2892020137,2009,NA
W3012819051,2008,NA
W3153799196,2007,NA
W114496772,2013,NA
W155584418,2002,NA
W1547982474,1904,NA
W1537982310,1999,NA
W1540682331,1967,NA
W2297938547,1999,NA
W136640197,2010,DE
W153826199,2009,NA
W569110792,1997,NA
W2886227953,2012,NA
W1698440903,2007,NA
W2887946967,2012,NA
W1500977665,1999,GB
W2100281570,2008,NA
W3145894769,2000,NA
W2255996305,2002,NA
W2811491803,2014,NA
W1523747722,2007,NA
W650654099,1952,NA
W2533299579,2016,NA
W2151631470,1992,US
W856167857,1990,US
W2886348218,2012,NA
W1556818555,2010,DE;NL
W50505036,1998,NA
W607045018,1968,NA
W1548663377,2006,US
W1550505192,2010,NA
W2887005941,2013,NA
W566087743,2006,NA
W626742736,1998,NA
W2125247417,2012,NA
W3006182496,2006,NA
W2810029345,2014,NA
W224906013,1999,NA
W2547472686,2010,NA
W2122172122,2011,US
W1877312604,2007,NA
W1603503794,2003,NA
W46186211,2010,SE
W2886410867,2016,NA
W341123122,2000,NA
W2894408726,2011,NA
W2894122344,2011,NA
W1480850632,1997,NA
W3003363292,2003,NA
W37352174,2006,GB
W1739277643,1994,NA
W297317206,2008,NA
W256284653,2001,NA
W3168218413,2007,NA
W1595896281,2004,NA
W1563460837,1981,NA
W2115983085,2010,NA
W2147257990,2008,NA
W2758054112,2006,NA
W2809693724,2017,NA
W2810260703,2014,NA
W594220354,1977,NA
W341970972,1969,NA
W2205363709,2010,ES
W2893656983,2011,NA
W6602650,2011,NA
W2042349004,1987,NA
W2547255185,2016,IN
W1536529292,1994,NA
W584357261,1981,NA
W2893882452,2011,US
W2582035219,2016,NA
W2891772363,2018,NA
W1939882552,2010,US
W1563142988,1996,NA
W2893231105,2011,NA
W2894394321,2011,NA
W567603628,2005,NA
W1536577016,1952,NA
W2125887849,2005,AU
W184920414,2004,NA
W643991976,2000,NA
W2886653337,2016,NA
W1888270175,1998,NA
W172214095,2005,NA
W1571096757,1988,US
W614888608,1986,NA
W14151293,2008,NA
W2331959951,2008,US
W2893962444,2011,NA
W622302209,2002,NA
W187371574,2007,FR
W2404416613,2013,GB;US
W2886135112,2018,NA
W2887884979,2012,NA
W1572543779,1963,NA
W2787118623,2016,DE
W3095383182,1929,NA
W422872655,2003,NA
W2886714443,2016,NA
W1899730501,2006,NA
W2999113745,2019,NA
W3150238174,1988,NA
W191409295,2004,GB
W591308057,1921,NA
W1927175093,2009,GB
W3205989117,2021,NA
W2734955297,1996,NA
W3216985449,2003,NA
W1507881917,1989,NA
W2188459966,2010,NA
W3014967260,2013,NA
W1606500067,1992,NA
W2166394306,1993,US
W169386013,1998,NA
W1494404649,2001,GB
W2616456470,2012,FR
W2524450840,2007,NA
W1549412372,1997,NA
W2810109808,2014,NA
W204049287,2002,NA
W612824273,1997,NA
W237041105,2003,NA
W620901651,2004,NA
W2893905454,2011,NA
W2885831863,2013,NA
W2887532420,2012,NA
W2614670623,2013,NA
W324996784,2013,NA
W571861227,1996,NA
W2124376143,2007,NA
W57270252,2011,DE;US
W2098420572,2010,US
W1574320860,2008,MX
W401318598,2000,NA
W2099873701,2007,US
W88677476,2014,NA
W2401109438,2004,DE
W2810619563,2014,NA
W3217187966,2009,FR
W2520746697,2002,NA
W2132827946,2003,US
W2138615112,2007,US
W2886117815,2013,NA
W2257563020,2010,NA
W626508504,1979,NA
W612319109,2010,NA
W1568999108,2010,NA
W112366351,1993,NA
W2279261172,2011,FR
W1013171181,1984,NA
W599125773,2000,NA
W2167072947,2002,US
W92933533,2001,NA
W2344257400,2015,NA
W2577962306,2012,ES
W2148249960,2013,DE
W2110725936,2003,ES;FR
W4206364747,2025,NA
W2520481048,1995,GB
W70162963,2015,DE
W2465689519,2015,US
W2029264742,2006,US
W3101650665,2005,NA
W28202208,2018,NA
W6887593785,2017,DE
W2889198729,2018,ES
W6889708957,2012,NA
W3142229559,2007,KR
W2614137764,2009,FR
W4255060347,2017,DE
W156627326,1989,NA
W2081514874,2007,US
W168622922,2003,AU
W2640444406,2015,CH
W1945738378,2002,NA
W7014253435,1981,NA
W2920036545,2013,NA
W198166843,2012,DE;ES
W1560179866,2010,ES;HU;SE;US
W1982488498,2013,CH
W3192778059,2019,NA
W4254291794,2005,NA
W2796628533,1974,NA
W4241837165,1992,NA
W2606173475,2017,NA
W2948533454,2014,NA
W166509791,2012,NA
W1546621621,2002,US
W4299372754,1974,NA
W620907375,1987,NA
W2918258230,2016,NA
W2535284759,2015,MA
W2088091054,2015,GB
W4251039766,1999,NA
W2145959026,2015,JP
W598235423,2002,NA
W2504172877,2008,NA
W2094722300,2010,DE;JP;KR
W1177602578,2014,SE
W2189657385,2004,NA
W3201181617,2021,NA
W2140053249,2007,US
W2067009645,1986,US
W7100241942,2016,NA
W2749520615,2008,NA
W4296471285,2015,DE
W2338299047,2016,AU;CA;US
W1592601577,2001,US
W2504121612,2012,US
W2469055036,2016,AU;US
W4240412429,2006,NA
W2165405551,2010,NL
W262821413,1981,DE
W613058852,2009,NA
W374094236,2000,NA
W2004763266,2009,US
W2962767161,2016,DE;FR
W2046222983,1993,US
W4240752520,2012,NA
W600549504,2003,NA
W2127111892,2010,US
W2029353864,2001,US
W568357700,1997,RU
W1989925373,2014,IE;US
W2511479263,2007,US
W2142944882,1988,FR;GB
W191643371,2003,NA
W2033190541,2010,IT;US
W2114514406,2011,NA
W2101068469,2004,NA
W2180354828,2015,US
W1970026646,1974,US
W1984115169,2011,NL
W218682567,2013,NA
W2064816492,2012,GB
W2784568301,2018,NA
W2546101873,2011,DE
W4301215779,1996,NA
W2882319491,1954,NA
W2196673986,2006,NA
W2092911974,2009,FR;IN;US
W2115323600,2006,NA
W1481831381,1987,NA
W1973630779,1940,US
W2797013687,1989,US
W1540299793,2012,IE;IL
W3164103561,2019,NA
W1589370292,2004,NA
W177623003,2009,SG
W6968102435,2012,NA
W2581610544,2016,NA
W605248403,1995,NA
W2156468487,2013,GB
W2179343889,2015,GB
W2554135140,2016,NA
W2324125520,1975,NA
W4280494168,2022,NA
W4298171807,2013,NA
W6962934459,2015,NA
W174758427,2010,DE
W2077419346,1991,US
W6922437171,2018,NA
W1550341078,2014,CA
W2092307040,1992,GB
W6962973153,2015,DE
W2912362633,2012,NA
W2067297768,2015,NA
W2319828208,2012,NA
W2161564750,1983,IL
W2160167418,2010,GB
W2075503912,2008,NA
W2963312144,2017,NL
W7097432661,2009,NA
W6955177894,2005,NA
W2051405067,2010,GB;IE;US
W1821655122,2014,IT
W2787913601,2018,NA
W1998572429,2000,HK
W2143301584,1978,NA
W2894424550,2013,NA
W1568669012,2006,NA
W2016971174,2005,NA
W3113786846,2020,US
W2573750093,2016,NL;US
W2126216613,2003,SE
W2052548158,2013,IT;UZ
W4231976310,2017,NA
W2010122906,1986,NA
W2008368395,2003,NA
W1564120371,2010,DE
W2511714226,2016,TW
W2036552232,1996,AU
W1516582089,2006,AU
W2069677263,2010,AT
W4235953092,2012,NA
W4240530181,2016,NA
W594519770,2004,NA
W198998754,2009,CH
W392814844,2009,NA
W561535798,2014,NA
W1536313590,1997,NA
W6906908050,2017,NA
W2047911491,1986,US
W2013970953,2007,FI;US
W2033420318,2007,US
W2346443454,2000,NA
W2017146118,2010,ES
W1536348789,1980,NA
W2089832600,1997,US
W1569113775,2004,NO
W3132936636,2021,CH
W2111688703,1994,US
W1499632330,1991,NA
W1521964574,2005,US
W4242222816,2011,NA
W2489074695,1999,NA
W1961342963,2015,DE
W2145234608,2005,US
W1573418987,1992,NA
W655726244,2005,NA
W2797199205,2018,DE
W6892688001,2018,AT
W2898506642,2018,DE
W636128587,2009,NA
W114189172,2005,NA
W591157143,1991,NA
W4256117059,1995,NA
W7095694184,2015,NA
W2530797080,2013,NA
W2062983859,2011,GB
W2112378812,2004,FI
W6940764689,2010,NA
W48663515,2005,IT
W2043554314,1980,NA
W4253603997,2015,NA
W6936546850,2010,NA
W4240982721,2002,US
W2797685146,1993,NA
W2330820318,1985,NA
W3022868730,1997,NA
W1629017939,1996,NA
W131456442,1999,US
W1594470049,2000,SE
W1732953031,2001,NA
W2502993979,2009,NA
W4252498348,1973,NA
W4232227198,1945,NA
W4239327536,2020,NA
W4232346349,2013,NA
W2607331267,2017,GB
W4256269742,2008,CA;FR
W2181995626,2015,US
W4231832607,2014,NA
W1574198605,1958,NA
W4241767771,1999,NA
W2765600065,2017,NA
W3092872802,2012,NA
W4231763734,1965,NA
W2031530666,1992,NA
W2015850049,2014,DE
W4234191170,1995,NA
W6982602362,NA,NA
W7086620768,2000,NA
W1524561087,2008,NA
W1833785989,1989,NA
W2091780959,1990,EE;US
W3161906175,1995,CA
W4243166200,2012,US
W2080048221,1997,US
W3217168150,1986,NA
W2152577585,2005,DE;GB;US
W2294578991,2016,NA
W2324355469,1997,NA
W2408350387,2015,GB
W2057640438,1999,US
W2743189536,2011,NA
W2803785402,2003,US
W7096554397,2013,NA
W4237259407,2003,US
W2138582924,2009,US
W2175597406,2013,GB
W2141034612,2012,US
W6912354536,2025,NA
W2900141533,2018,DE
W2494192906,1993,NA
W7003343922,NA,NA
W4386966209,1976,NA
W6999427202,NA,NA
W2013731798,2008,US
W2007565405,1990,US
W2281816568,2013,IL;US
W7074687844,1997,NA
W1493144261,2001,NA
W2120780511,2007,CN
W2288512134,1994,NA
W2298585625,2006,GB
W1980569847,2000,NA
W2155638467,1994,US
W4248141252,1972,US
W6959596122,1996,NA
W2162969358,2008,NL;US
W2122322468,2006,US
W3124346487,2016,NA
W2319558190,1969,NA
W2112390708,2015,US
W4225665156,2021,DE;RU
W4205168779,1948,NA
W2122472280,1970,US
W7064965515,1975,NA
W3164306476,1995,US
W6912442762,2015,DE
W4242854026,2015,NA
W4230541729,2002,FI;HU
W2313991211,1992,NA
W7012130175,1995,NA
W1870754453,2004,NA
W2097073572,2005,ES;FR
W4298316712,1988,NA
W3186194285,2018,NA
W2030985250,1989,US
W4239006905,1975,US
W1967138298,1992,NA
W3045485643,1999,NA
W1515823327,2007,NA
W2491322121,2010,NA
W4230674625,2000,US
W3201414383,2021,ES
W4232713864,2012,NA
W1530710257,2008,NA
W7030106679,NA,NA
W4299513722,2004,NA
W4247601153,1988,NA
W2314792675,2008,CA
W2490557014,2013,US
W1591331509,2010,NA
W1977803477,2002,US
W7058600011,NA,NA
W4213159962,1964,NA
W2018205712,2008,US
W2141515438,2011,FI
W2074093568,2000,NA
W2767735817,2012,NA
W2902646442,2014,NA
W3201736957,2014,NA
W1528184356,1991,NA
W3160004228,2005,NA
W2155061451,2008,AU;FR;GB;NL
W2739322668,2017,US
W2047721242,2008,US
W1580027200,1997,CA
W1695074841,2002,NA
W2107214394,2008,NA
W7053350207,2004,NA
W2076859930,2011,CN
W2522848763,2016,NA
W2161019418,2013,AU
W4242563856,2017,NA
W2940225719,2019,GB
W2153318297,2014,ES
W4256356947,1988,NA
W1984689597,2013,NL
W4248903794,2019,DE
W2002827932,1980,US
W2326529218,1933,US
W2901143486,2018,IT
W2002546539,1966,NA
W2079907791,1976,US
W2147495744,2010,US
W1603580062,1927,NA
W6890406761,2002,NA
W1543082289,1964,NA
W2001524118,1997,SE
W2109827598,1988,NA
W4411771011,2009,NA
W7095413283,2014,NA
W2099603485,2009,AU;GB
W2896828731,1978,US
W2081267498,1998,IL
W567943190,2002,NA
W4243159994,2018,NA
W6944871961,2004,NA
W1980953150,1999,US
W2033409555,2011,GB
W3127260960,2020,NA
W2109750438,1999,NA
W1588612820,1999,US
W6945735098,2022,NA
W3201713007,2019,US
W6983937282,2013,NA
W2798427899,2004,NA
W6983904309,NA,NA
W4231969982,1981,NA
W4230997226,2009,US
W7013185768,2017,NA
W2568322411,1959,NA
W2000992716,2008,IE
W2047224058,2012,CA
W2320349078,1989,NA
W2008481859,2009,US
W4247210945,1955,NA
W7082763353,1969,NA
W2082092506,1953,NA
W2019682007,2010,US
W597197555,1998,NA
W2730124785,1993,NA
W620757538,2001,NA
W4239205658,2004,NA
W4253927351,2002,NA
W4250944130,2017,CA
W2335383874,1975,NA
W2494022067,2014,NA
W4246502257,1972,US
W2003165685,1989,US
W624527520,1982,NA
W2128075856,2008,US
W4213262649,2010,CL
W2125184362,2014,AU
W3003141724,2009,NA
W1492834058,1998,US
W4242052725,1866,NA
W3100446233,2021,NA
W1999111115,2010,BE
W6978050798,2020,NA
W4322750018,2023,BA
W2799137599,2009,NA
W1546552670,2008,US
W2316996788,1989,NA
W2500977095,2008,US
W2045738181,1988,NA
W2811063776,2005,NA
W591631827,1982,NA
W562319743,2004,NA
W7011981749,1988,NA
W7100624795,2008,NA
W2165570465,2011,GB
W2797156300,1992,NA
W2908727252,2019,ES
W1483123661,1996,NA
W4298237642,1968,NA
W6893077035,2024,NA
W2521275401,2016,NL
W2162069606,1998,NA
W2156924265,2011,DE
W2795458930,1922,NA
W7092367551,2025,NA
W7011814394,NA,NA
W1572470202,1997,NA
W1965511145,1993,NA
W4212842610,2016,GB
W4251772280,2010,NA
W4234709155,2006,NA
W2161383377,2004,NA
W7027480475,1943,NA
W2892332415,2018,AT
W4238874222,2017,NA
W4403671028,2024,CH
W2884980639,1996,NA
W2265991260,2004,NA
W185661871,2004,NA
W4235410611,1992,NA
W2482568154,2015,NA
W2581740767,2012,NA
W2117667023,2013,US
W2166048187,2012,CA
W3042207524,2020,NA
W4249019332,1946,NA
W2759867731,2017,NA
W3004771655,1992,NA
W1529437286,1991,NA
W1557917736,2017,NA
W7029065579,1993,NA
W4412430091,2025,NA
W1818857488,2005,US
W2123835189,2012,US
W7082480340,1967,NA
W2970861400,2018,DE
W1849361375,2007,NA
W2498188909,1996,NA
W7100178945,2015,NA
W2015142061,2007,GB
W2029135525,1987,US
W2946730470,2019,NA
W1970789040,2003,NA
W3000069905,1993,NA
W4293417080,1981,NA
W1714309311,2011,GB
W4237392656,2001,NA
W2563913735,1963,NA
W2140061837,2005,CA
W2167417018,2010,RU
W2323057193,1968,NA
W2334162802,1987,NA
W1602438245,1994,US
W4298872633,2000,NA
W6899161478,2010,NA
W2291963777,2015,IE;US
W2199511894,2015,NA
W2267799562,2007,NA
W4236722038,1997,NA
W1996508650,1982,GB
W2949164288,1996,US
W4236323253,1986,NA
W1645623507,2008,US
W2606092537,2017,DE
W1970413016,2010,US
W2098746383,1992,US
W1999710473,2014,CN
W2116376820,1976,NG
W2063135758,2017,NA
W7069316298,2011,NA
W2099984129,2013,US
W2268547407,1976,NA
W657594270,2007,NA
W1975598178,2000,US
W2323685518,1974,NA
W2124917259,2011,DE
W2027046728,2002,NA
W2026624244,1981,NA
W2481951340,2000,AU
W2051931973,2004,NA
W625680608,2011,NA
W2156170481,1997,US
W2084584893,1991,FR
W6955668405,2007,NA
W2799088584,2001,NA
W3148940546,2005,FR
W2140686056,1997,US
W4406798973,2024,NA
W1586142977,2002,NA
W1994802788,1992,NA
W1978712684,1995,DE
W1533950946,1995,NA
W2294385208,2015,NA
W1996136679,1986,NA
W2013845876,1979,NA
W4233904590,2014,NA
W2972341520,2019,AU;CN
W2011834644,2004,FR
W2000125441,2014,US
W2081479411,2011,US
W2154761488,2010,DE
W7843115,2002,NA
W1541082487,2003,ZA
W1573258392,1993,US
W1987609524,1983,NA
W3213971470,2021,FR
W99136341,2008,NA
W79149832,1977,NA
W1510740098,1996,NA
W6944305785,2021,NA
W2521029469,2004,NA
W2528283406,2004,NA
W3159496320,2021,DE
W4299789576,2000,US
W2149478650,2013,PL
W1517278739,2013,CA
W2081387730,1985,US
W4250703237,2007,IN
W2052401917,1984,GB;GH
W2768817266,2011,US
W2989867561,2000,NA
W7039141605,2011,NA
W1535389567,2000,NA
W2124401097,2015,US
W1966626540,2003,US
W7066003607,NA,NA
W2554751804,1975,NA
W1579151799,1993,US
W2619431208,2014,NA
W2061550507,2004,US
W2015528774,2001,NA
W2005065284,1998,GB
W203122926,1992,NA
W6912041751,2018,AU
W1610125115,2011,SE
W4205729404,1999,GB
W2292872062,2015,ZA
W2112865076,1997,US
W126040988,2013,IT
W3007901495,2020,DE
W7098142299,2014,NA
W2017364694,1994,FR
W2250405801,2015,US
W4247726326,2008,NA
W2493097334,2016,IT
W7098906259,2013,NA
W2061764622,1990,NA
W1606948226,2014,NA
W1512938120,2016,NA
W2566747599,2018,NA
W2069813268,2013,GB;MT
W2182077928,2011,NA
W2076771101,2014,MX
W2159934666,2005,GB;KR
W599680910,2004,NA
W130632585,2010,NA
W604815445,1987,NA
W1992669653,2010,NA
W4230811108,2018,NA
W4312278162,2022,DE
W2131976234,2011,US
W1825051614,2006,DE
W2115393269,2010,NA
W2048692860,2009,NA
W2091240496,2014,DE;FR;US
W2660066595,2011,NA
W2003513472,1999,NA
W1610478983,2012,AT
W4230543443,2017,FR
W2177117098,2015,US
W2517798554,1985,NA
W2560772377,2016,CA
W2611405939,2017,NA
W3158423242,2019,NA
W1549970612,2008,NA
W3140968660,2004,NA
W7006729587,2005,NA
W2032503839,1997,US
W83334756,2002,NA
W2015646678,2009,US
W1767706601,2011,KR
W7039580661,2007,NA
W6913133643,2017,NA
W2124662135,1994,NA
W2126629849,2015,US
W4213384923,2022,NA
W4385977249,1973,NA
W2003525603,1952,NA
W643605419,2006,NA
W1503147212,1999,NA
W4238242027,2009,NA
W2617773373,2010,NA
W2106872866,1996,NA
W1593297940,2009,NA
W227968378,1994,US
W7054931112,1990,NA
W2135672638,2004,NA
W2084290727,2009,NA
W6943944928,2020,NA
W4389290495,1993,NL
W2089197253,2013,NA
W2078333774,2013,ES
W2111799631,1999,US
W2318571685,1993,NA
W3209606106,2013,NA
W7098129169,2009,NA
W4254241093,2014,AU
W7031212959,1983,NA
W2031850547,2013,GB;US
W2726585279,2017,AU
W4232171896,1992,NA
W4233644383,1962,NA
W2012242687,2012,NA
W4244410541,2010,US
W7017992420,1998,NA
W3159931589,2012,GB;IT;NO
W1580575436,2001,NA
W3160484018,2020,GB
W2153222072,1984,NA
W2089971690,1984,US
W769228992,2015,DE;GB
W2169353943,2013,NA
W2737310538,1993,NA
W2412584894,2016,NA
W2035504166,2007,NA
W341075630,1998,NA
W1950460020,2001,JP
W1522206658,2000,NA
W2009402168,2009,CA
W839535680,2010,NA
W1774994870,2013,NA
W2181612721,2009,NA
W1510355787,1988,US
W1979135380,1998,GB
W196159769,2001,SE
W2087889651,2008,US
W2536442256,2008,NA
W2612101319,2010,US
W2047976426,2013,NA
W1987597775,2014,NA
W2506641459,2012,NA
W2042852569,2014,NA
W6887580317,2015,NA
W4296726337,2011,DE
W1964678744,2009,CH;US
W2076962836,2004,IT
W2083134980,2014,NA
W1552548898,1997,NA
W627457590,2011,NA
W574783391,2007,NA
W2006468087,1984,US
W1644233380,2015,GB
W1554831093,2007,NA
W4238320497,1958,NA
W7006887718,2009,NA
W3124741060,2013,DE;GB;US
W2975665784,2011,NA
W7034788132,1993,NA
W6887824681,2012,NA
W1563017973,2004,AU
W2130883452,2013,US
W4241928692,2016,NA
W1886985563,1968,US
W4255392728,1931,NA
W1982543239,1994,US
W6966977202,2012,NA
W2460870151,2001,CA
W4297432253,1975,NA
W2118942159,2015,ES
W2587239300,2017,AT;CA;CH;DE;ES;FR;GB;HR;IE;LT
W2166830886,2011,GB
W4206723821,2008,NA
W2061184313,1974,NA
W1986310535,1989,US
W2039857112,1988,US
W7015694389,1975,NA
W22217794,2003,US
W2108825259,2013,US
W2060889754,1985,CA
W1967820447,2006,US
W2277796163,2015,GB
W2567325828,2016,DE;US
W2529481065,2006,NA
W2006917372,1990,US
W4235662345,2010,NA
W2475350735,2023,NA
W2624679951,2016,NA
W2087111816,2012,IT
W176373023,2007,NA
W2149315300,2013,DE;US
W2938533736,2019,NA
W6925135148,2017,NA
W1562419279,1972,NA
W2070921605,1993,CA;GB
W2621911108,2013,FR
W4252844521,1993,US
W2058524158,1987,US
W2078436381,2004,US
W2105046342,2004,US
W1999846904,2001,ES
W2020740057,2011,GB;US
W2380427058,2016,FR
W578838036,1997,NA
W2615826748,1996,NA
W1997071389,1992,GB
W149617195,2007,NA
W4244802107,1998,NA
W1506026338,2002,NA
W2138915595,1995,US
W1752237536,2012,US
W2059590932,2006,US
W2108205486,2005,US
W192151521,1995,NA
W2008811452,2013,NL
W2988517541,2019,US
W7053355129,2013,NA
W2328690982,1990,NA
W2102854878,2010,US
W2667722724,2016,GB
W4240578951,2009,SE
W1604785350,2004,NA
W2056420273,2001,US
W2061912997,1999,US
W1987513739,1994,ES
W2108100787,2000,NA
W2006199585,2014,DE
W2096765155,2005,US
W2115792525,1998,US
W600775910,2007,NA
W2156488413,1989,NA
W2099634219,1973,SE
W2245241037,2006,NA
W1807256410,2015,US
W2801227764,2018,DE
W2130696261,2004,FR
W64032335,2012,NA
W2582390981,2016,NA
W2496433173,2008,NA
W2494437385,2016,NA
W2803928621,2018,NL
W2904612498,2011,NA
W6903246894,2021,NA
W1550804003,1973,NA
W7072326508,2012,NA
W616901662,1912,NA
W6997578949,2008,NA
W2042117803,2009,GB
W3092008677,2020,DE;US
W2999452233,2005,NA
W3109670622,2020,DE
W2085153875,2015,DE
W1554551091,1967,NA
W1576951148,1998,GB
W3112989555,2013,NA
W2284187132,2016,GB
W2002520018,2014,NA
W2004341558,1979,CA
W2503296136,2010,NO
W7097723700,2016,NA
W1573617985,1997,FR
W1801674572,2012,NL
W6990171181,2012,NA
W164199402,2014,FR
W2112185593,1997,US
W7018140053,1992,NA
W2324592753,1988,NA
W4232974554,2004,US
W3190917855,2021,DK
W2153992902,1989,NA
W1526508180,1983,NA
W3018556575,2016,NA
W2008575098,1996,US
W3164029670,2017,DE
W1978921188,1945,NA
W2180506411,2007,ES;US
W96277805,1996,NA
W2077040928,2013,NA
W2096452841,1981,CA;US
W2805379486,2018,AT
W2797746357,1986,NA
W1982342836,1983,US
W1507727981,1973,NA
W370001395,1994,NA
W2037022736,2009,US
W4249977998,2012,CH
W2512575858,2016,US
W2793959683,2014,NA
W2745603678,2008,NA
W2495148423,2016,SE
W2054092346,2005,US
W3207397737,1998,NA
W2579299294,2012,NA
W2197051382,2003,NA
W4256687962,1993,US
W2564313056,2008,NA
W1975937185,2006,RU
W73871076,2010,NA
W652146058,1994,NA
W7025397348,2000,NA
W2501424453,1997,NA
W2034520043,1989,US
W2110187075,2006,CA
W4206074845,2021,NA
W1852256824,2012,NA
W2909083582,2018,NA
W1591556778,2008,NA
W2127379833,2012,US
W1607312309,2003,US
W2109248779,2011,US
W1572124604,1982,FR
W2604156647,2017,NA
W4249194530,1969,NA
W7070669048,2007,NA
W1499244104,2011,CA
W2100018893,2005,US
W2790401843,2018,AT;NL
W609746935,1998,NA
W2038885379,1994,JP
W2969521469,2003,CA
W242876446,1994,NA
W3014779790,2011,NA
W1529271041,2001,US
W2121801714,2009,GB
W2792302727,2017,ES
W2097061332,2010,GB
W1566965859,2003,US
W1542485741,2010,AU;CA;GB
W2289427829,2012,NA
W2077117124,1995,NA
W1593656859,2009,NA
W2145211186,1997,FI
W7099506605,2013,NA
W7016219665,NA,NA
W2476370307,2010,NA
W1973717701,1993,NL
W2074523892,2011,ES;US
W309727084,1990,NA
W2142456483,1966,US
W6892184059,2016,NA
W1583928792,2010,NA
W1787731996,2011,NA
W7100642108,2007,NA
W2137334650,2001,GB
W3001434439,2020,IL;US
W2066680326,2005,US
W4240431742,1995,GB
W1507561656,1946,NA
W4241639793,2009,NA
W2086064135,2014,AT;GB
W1604638557,2006,NA
W2037802158,2006,US
W7014599487,NA,NA
W2604994368,2017,NA
W2293393648,2013,NA
W2235289537,1994,BD
W2016012873,1977,GB
W1203053091,2015,US
W1982982698,1999,GB
W1968812472,1971,NA
W3185175557,2020,NA
W2059788993,1998,US
W4236571475,2008,NA
W2102167660,1962,NA
W2099741957,2008,DE
W2082704366,2012,NL
W2127192518,2011,GB
W263793962,1991,US
W2153412625,2012,US
W144174380,2003,NA
W4230863283,2011,PL
W2085852932,2006,US
W2001888644,2005,AU
W4409334493,2025,NA
W4248168753,1993,NA
W4234681553,2021,NA
W4255866795,1999,NA
W616108176,1991,NA
W4214599543,2000,NA
W1995287322,1996,GB
W2288907593,2011,NA
W4298077063,1992,NA
W2087383181,2008,GB
W2914973542,1987,US
W2120770606,1994,DE
W165430317,2014,PL
W7057573083,1939,NA
W2594984285,2017,NA
W357505205,2013,NA
W1508992485,2005,NA
W2912234538,2005,NA
W1545477088,2002,US
W1527276481,2007,NA
W2522612006,2013,BE
W1994453871,2012,JP
W2013369170,2015,GB;US
W206447858,2014,NA
W7074261319,1995,NA
W2035292237,2010,US
W3105176531,2009,NA
W2078273886,2012,FI
W575470992,2003,NA
W1574775371,2002,NA
W2112217537,2001,NL
W591136216,1996,NA
W7039257869,NA,NA
W2796957067,1989,NA
W2012914609,2005,ES;PT
W4389015753,1994,NA
W6987282829,2006,NA
W7033625750,2009,NA
W3091852516,2020,DE;DK
W2096797897,2004,US
W6961166961,1983,NA
W4239095652,2020,NA
W2543350115,2016,NA
W4296260942,2022,GB
W1591842239,1968,NA
W2174706414,2012,US
W2013614639,2013,US
W4391905928,1996,NA
W2747317823,2010,NA
W120525789,2011,AT;US
W2096105170,2012,AT;GB;HK
W2021737975,2014,FR
W1591703882,2000,NA
W2012766980,2008,CA
W2261683077,2012,NA
W2161588237,2006,CH
W2111822924,1996,NA
W2047578077,1997,CA
W1989479769,1983,NA
W7099683874,2016,NA
W2046592963,1990,FI
W1785902031,2012,FR
W2015342654,2014,NA
W3175327519,2009,NA
W6925942884,2017,AU;DE
W2901139370,2018,GB
W2343862912,2005,NA
W2255608185,2015,KR
W7076975866,2020,NA
W2486982117,1998,NA
W1968139773,2001,DE
W2515403157,2016,CA
W4297942693,2012,NA
W7097170450,2016,NA
W2111343503,2007,GB
W2130660124,2000,NL;US
W2084910698,2006,GB
W4238541275,2006,IT
W3034318923,2018,NA
W2883751953,1901,NA
W2921304755,2019,NA
W2906279274,2005,NA
W2247008979,2013,NA
W2936503027,2019,US
W7024263401,2009,NA
W2603989712,2004,GB
W2017361309,1992,GB
W1569132324,1996,NA
W2889003519,1981,NA
W2085610451,1992,US
W593727409,2012,NA
W1974214306,1992,NA
W2052028938,2003,US
W6967820142,2024,DE;FI;NL;US
W4242057157,2015,NA
W2093194075,2012,DE;GB
W389160869,1997,NA
W2152990662,2003,US
W2312912619,1999,NA
W6903763226,2016,NA
W2483388053,2016,US
W7056476828,NA,NA
W1947310543,2003,GB
W2035614649,1998,US
W2019135282,2012,NA
W2147185625,1990,NA
W7077304301,2003,NA
W2068507218,2003,NA
W2068089235,2010,US
W3104629850,1998,NA
W2015632915,1981,AU
W6954851098,2024,NA
W2500509772,2016,NA
W1577971936,2001,NA
W2004739122,2015,DE
W4230264257,2006,NA
W2057525273,2008,US
W2555162864,2015,GB
W2148384838,2001,US
W2050963422,1998,US
W2058236716,2013,IT
W2885406664,2016,NA
W3000063644,1991,US
W7044461421,2009,NA
W1570098300,2015,US
W2788661145,1997,NA
W6922558898,2014,NA
W2147468287,2000,NL
W2256113572,2010,NA
W2519189343,2016,CH
W393878787,1999,NA
W762487540,2009,NA
W2159569041,2012,US
W2053362964,2005,GB
W2795540509,2018,CH
W2160660844,2004,US
W1660390307,1999,NA
W4200088769,2021,DE;IL
W1983668253,2005,DE;NL
W7014669000,2017,NA
W6993274707,2001,NA
W2606868508,2017,FR;SI
W1970516708,2001,US
W2020278455,2007,CA;US
W2612617842,2013,US
W7097100168,2011,NA
W6968372048,2024,FR;RU;US
W6955046807,2012,IT;JP
W4232498459,2013,US
W1989256839,2009,GB
W4252845129,2001,NA
W3041085773,2013,NA
W6902659462,2021,NA
W7098745455,2004,NA
W7024795343,1990,NA
W1603678173,1998,NA
W2151123237,1994,NA
W2118279084,2004,GB
W1514663260,1924,NA
W7082549973,1963,NA
W7074629602,2014,NA
W4241351591,2001,NA
W1505244248,2011,FR
W7080967480,2000,NA
W2480733761,2018,NA
W2102086564,2007,NL
W357365589,2015,NA
W1535357018,2008,US
W2796381150,1981,NA
W116001241,2002,NA
W2035168235,2005,US
W642195962,2008,NA
W2979357110,2013,NA
W2120734245,2006,GB
W7098450652,2011,NA
W2905146404,2017,NA
W2796891099,1959,NA
W2050054881,2012,AT;DE
W2796407549,1954,NA
W2172156083,2011,GB
W257874415,2007,US
W2036293496,1998,US
W2144914559,1987,US
W4241838627,1995,GB;US
W2343687437,2016,DE
W2118132750,2011,GB
W2042439821,2002,NA
W1513695776,2004,NA
W2008747755,2012,US
W3006171860,2020,NL
W6996563279,2005,NA
W2472815434,1992,NA
W157641273,2009,DE
W2096270943,2010,NA
W2254042067,2013,NA
W3122548859,2016,US
W2508604498,2016,NL;US
W2127734388,2003,US
W2030891299,2013,US
W4205951888,1997,NA
W7030485512,2010,NA
W6944106399,2014,NA
W3146444365,1958,NA
W7048336223,2010,NA
W200268914,2008,NA
W4214935459,2012,NA
W4249279483,2019,NA
W6920278005,2024,NA
W2045397480,2008,FI;SE
W6940957233,1996,NA
W3114211048,1951,NA
W2893967347,2016,NA
W1518267368,2007,NA
W3040703573,2005,NA
W2329977499,1981,NA
W2784473403,2018,MX
W2078248217,2001,US
W2070912910,1998,DK;US
W2498065774,2016,NA
W2794612894,2018,US
W7008000380,2002,NA
W2503603735,2014,US
W7071595236,1994,NA
W2896419327,2018,FI
W2623473173,2017,NA
W7104057026,2024,NA
W2100026518,2010,US
W2028515682,2013,CA
W2058300759,2006,US
W1992011943,1990,US
W157306042,2003,GB
W2010133698,2010,GB
W366754347,1985,NA
W4206590006,2013,NA
W2283850017,2015,US
W571027992,1997,NA
W2501451322,2005,NA
W70321236,2005,NA
W4241378690,1986,NA
W1558825816,1995,NA
W1940888119,2002,IT
W563370685,2011,NA
W4211171368,2015,US
W2309544157,2008,NA
W2043782339,2013,US
W1617909929,1995,NA
W2016912565,1995,US
W7037929232,2006,NA
W6944465869,2019,NA
W3214889149,2021,NA
W2291779752,2011,NA
W4235243453,2014,NA
W1859306660,2015,US
W2034206760,2010,US
W1969822125,1998,GB
W1993423805,1987,GB
W4240525679,2018,NA
W6944272396,2018,NA
W2053324038,2011,NA
W2038858953,1990,US
W394825089,1971,NA
W4302789018,2018,NA
W4411099133,2025,NA
W4298061009,2005,NA
W2894607199,2019,FR
W214577476,1994,FI
W2048142632,2004,US
W2126117249,2006,NA
W2330106980,2016,US
W2605041797,1998,NA
W411382560,2009,US
W4229898513,2007,NA
W4251125398,2017,FR
W2951665412,2008,NA
W2079362959,1973,IT
W2066218728,1992,US
W137160847,2016,US
W2496577398,1991,NA
W6912723412,2021,CH;DE;GR;PT
W1728530420,2011,GB
W4236788546,1979,NA
W2044794736,1996,GB
W1499006725,2012,DE;DK;NL
W2048234980,1990,NA
W3120167566,2013,NA
W2767855016,2017,EG;ES
W2781579677,2018,DE
W1978910334,1972,NA
W205851768,2005,DE
W2553169610,2007,NA
W6962529719,2015,NA
W2095069785,2010,US
W1836814292,2003,US
W586916919,2013,NA
W2105092348,1991,NA
W2172147831,2009,KR
W2795626219,1992,NA
W1497443613,2011,NA
W2530629960,2016,NA
W1994871651,1943,NL
W2126581182,2010,US
W2950162700,2005,US
W1986253188,2012,DE
W2797368037,1992,NA
W7048274264,2007,NA
W2561675875,1999,NA
W7099386653,2009,NA
W2148869629,2015,GR
W2559096420,2016,NA
W6912612555,2020,FR
W1951628766,2011,FR;US
W1533722774,2001,NA
W652185354,2006,NA
W2051889879,1996,JP
W2163299954,2002,US
W1493753552,2013,FI
W1593480148,2009,NA
W2040162312,2004,US
W4237944532,2011,NA
W2036539672,2009,NA
W2589581884,1997,NA
W593209974,1990,NA
W2774953364,2017,DE
W642508044,1995,NA
W1479895789,2007,NA
W168939352,2014,DE;US
W3110232738,2020,MX
W2906845418,2018,NA
W6983966962,NA,NA
W2133109597,1995,US
W1991319767,1996,NA
W2465651746,2006,NA
W2915761118,2019,FR
W6917766232,2013,NA
W2031947069,2012,DE
W2121810893,2008,NA
W2762344494,2017,IT
W2171674491,2010,AU
W2401359613,2015,US
W2139445257,2012,BE
W70910767,2014,DE
W7030620627,2009,NA
W2046263451,2012,US
W2283853152,2010,NA
W2920789561,2009,GB
W7058470385,2006,NA
W651044530,1925,NA
W4242140364,2006,NA
W2293068626,2011,NL
W2000443152,1933,NA
W2063420976,2009,NA
W2098452841,2019,NA
W2010229520,2013,ES;GB;US
W2070907364,2012,CH;ES;FR;GB;HU;IT;NL;PL;US
W2503971311,2012,NA
W608680103,2009,NA
W746094715,2014,DE;NL
W1515585552,1999,NA
W6995729274,1992,NA
W7095180184,2014,NA
W2914819212,1995,NA
W359616857,1982,NA
W2980307221,2014,NA
W2136701143,2014,GB;US
W6959780725,2020,NA
W4251002042,2014,NA
W4243612917,1987,NA
W2031674839,2002,NA
W1942684339,2012,FR;GB
W4411367089,2025,NA
W4234772671,2011,NA
W2799513230,2005,NA
W197307665,2010,NA
W4245510435,2005,GB
W2021392329,1970,US
W1961157042,2015,NA
W4210949095,1985,NA
W4243839776,2009,JP
W1696340651,2010,GB
W1689644917,2007,IE;IT
W3041757859,2020,US
W4250388507,1988,NA
W4246737745,2011,NA
W2613295512,2013,NA
W4241829171,2008,GB
W3094465195,2020,IT
W2069040761,2006,DE
W1987440068,1978,NA
W1989877919,2006,US
W4254073328,2020,NA
W2160839086,2013,IN;IT
W2146220792,2012,NL
W573704974,1986,NA
W3037582630,2020,IL;US
W4225679515,2022,DE
W2911269178,2019,GB
W2088532286,2014,US
W1918833844,2015,CA;GB
W2991786318,2019,US
W2030868177,2008,DE
W3179592931,2021,UA
W2769658474,2017,NA
W6997026078,2010,NA
W2795389517,1986,NA
W1595108726,2005,NA
W1977304153,1981,US
W199776583,1917,NA
W2024730980,2004,US
W1963832348,2004,CA
W359506738,2007,NA
W2140352991,1994,US
W2941040653,2019,DE
W2327820518,2016,NA
W2105882189,1993,NA
W2153911474,2003,US
W3002961191,2013,NA
W1512888954,2002,US
W186251830,2012,NA
W2071175130,1960,US
W1966110778,1996,CA
W3081754625,2019,NA
W1974087763,1993,US
W2109790075,2009,US
W2033094284,1998,IN
W1571218391,2003,NA
W1531865490,2019,NA
W145049183,2007,NA
W2171205676,1987,NA
W2321792051,2010,DK
W123719442,2012,GB
W2026586727,2012,US
W2327905770,1974,NA
W2483026342,2010,NA
W3110757427,2006,NA
W3137346669,2007,NA
W7096552618,2014,NA
W2768200023,2017,US
W3004962223,2019,NA
W2141272607,2011,NL;US
W2182023115,2007,NA
W7096004839,2010,NA
W399362423,1999,NA
W2495041158,2011,NA
W40599811,1999,NA
W637241713,1984,NA
W3147331073,2010,US
W2333939423,1988,NA
W6983756805,2015,NA
W4234993303,2014,US
W1950693968,2014,IT;US
W4233376364,2000,NA
W6959892084,2009,NA
W2320591047,1993,NA
W2151170651,2002,US
W4248419311,2007,JP
W1927815414,2006,US
W1542456107,2014,NA
W1608085974,2001,NA
W1968107352,2010,AT
W2131354971,2001,US
W2774980958,2017,NO;UA
W1601103044,2013,NA
W2125757196,2010,ES;GB
W2045812729,2002,DE
W2736430167,2017,BE;CH;ES;GB;HU;IE;IT;NL
W4235844004,2020,NA
W1975442866,2009,US
W4252309212,2016,NA
W4245609742,2014,NA
W2030745133,2011,NA
W2058925554,2010,US
W2061374420,2005,NA
W2144219418,2003,GB
W1978555201,2011,BE;US;ZA
W566960956,2008,NA
W2248235541,2007,NA
W1984152712,2009,AU
W2137887958,2007,US
W1954463725,2004,NA
W1564752413,2009,BR;FR
W2070745908,1998,IL;US
W2486848244,2013,NA
W2973047034,2019,CH;DE
W2333824767,2011,NA
W2611337005,2017,US
W603457677,1992,NA
W2153339042,1956,US
W2984055017,2019,FR
W7073727496,2008,NA
W2032230259,2007,US
W1953598269,2011,FR
W648512785,2013,NA
W7029386384,2002,NA
W1577759297,2008,NA
W2503503110,1994,NA
W2186524564,2012,IT
W7096348342,2016,NA
W2014840417,1998,NA
W2104428806,2011,NL;NO
W3098130354,2021,US
W2133160781,2003,AU;HK
W4410649090,2019,NA
W2119307930,2006,US
W7038166301,NA,NA
W6911937916,2018,DE
W2952518482,2018,NA
W634772572,2009,NA
W7049586970,1969,NA
W2130594238,1995,NA
W1546213456,2013,DE;NL
W3020850113,2005,NA
W1546342314,2012,NA
W2065647385,2011,US
W311601019,2003,NA
W7049408062,1986,NA
W1980850924,2004,NA
W2058971120,2004,US
W6997366249,1975,NA
W2152773768,2010,NA
W1981641419,1960,NA
W4367554469,2008,NA
W2998122451,2015,NA
W4256037313,1971,NA
W4301957645,1992,NA
W2253757112,1989,NA
W2001082470,2004,US
W2797212839,1951,NA
W2000465687,1959,NA
W4229999961,2019,NA
W1580896313,2001,NA
W2015344579,1976,NA
W2176641495,2014,NA
W2163123681,2000,NA
W2122384383,2008,CN
W1575216008,2013,US
W2264852629,2004,NA
W2033942683,1985,NA
W1971288995,1986,NA
W2312420046,1990,GB
W2070519126,1977,IN;US
W1991937093,2009,NA
W4243241279,1955,NA
W4229903187,2007,US
W2892011190,2018,DE
W7004979298,NA,NA
W2089259215,2010,CA
W2414244400,2016,NA
W633700893,2005,NA
W7097669843,2008,NA
W2413317570,2016,MA;QA
W2517464701,2016,GB;US
W2311132329,2016,IL;US
W1529660413,2012,GB
W2016743875,2007,ES
W4239387616,2000,NA
W4243586861,2007,NA
W2612142728,2009,NA
W7024398244,2012,NA
W2072702937,1983,NA
W2186356639,2015,FI;NL
W2012875530,2009,US
W1978515644,1987,GB
W2121911413,2013,PL
W2034111846,1993,GB
W4234782391,2018,NA
W7082719597,1977,NA
W2564784331,2016,US
W4248035989,2017,NA
W602522071,1887,NA
W1532077989,2010,AU;CA;GB
W1982907973,2006,FR
W2569304956,2016,NA
W2077731451,2004,US
W120300249,2000,NA
W644096668,2012,NA
W2109233187,2007,NA
W2765151303,2017,DE
W2149878051,2011,NA
W4211189939,2011,NA
W4255266571,1989,NA
W2118020653,2002,IT
W1979414667,2008,GB
W2191650818,2011,NA
W4231543050,1911,NA
W6893389783,2016,DE
W4319587949,1973,NA
W2796038175,1913,NA
W1482821939,2001,US
W6930378968,2011,NA
W3157273478,2006,NA
W4252752697,1948,NA
W2313956519,1987,NA
W1992121812,2014,GB
W1544840357,2007,NA
W2582743722,2000,NA
W2246222892,1996,NA
W1543670060,2011,NA
W2324777689,2015,DE
W2264949490,2015,DE
W2041303800,2009,CZ
W1970948046,2013,PL
W2055746532,1993,US
W2122682621,2011,AU;GB
W2097991536,1983,US
W2121455532,2000,GB
W1497555833,2002,NA
W75688346,1993,NA
W1975615174,2009,GB;US
W1582201759,2001,NA
W3139092757,2007,US
W2118721021,2013,NL
W1598464089,2011,US
W1526285778,1985,NA
W2169858038,2009,US
W612768959,2010,NA
W4294344217,2010,NA
W167093669,2012,NA
W2074441820,1991,US
W1983276301,2009,CA
W2532668434,2001,NA
W1529323856,2008,NA
W1485995441,2012,NA
W2952411838,2013,US
W1658543218,2012,CA
W2076274993,1999,US
W3207608052,2021,GB
W2112694410,2009,NA
W6987351832,2010,NA
W1606785137,2002,NA
W4254671779,1966,NA
W4246174104,2008,NA
W2529052057,2016,GB;IE
W2081656201,2012,DK;GB;SE
W2522271917,1992,NA
W2150839204,2007,CA
W2524338985,2011,NA
W2219216336,2015,GB;US
W2110092546,2004,NA
W2088343725,2002,AU
W2071918282,2012,NA
W4205921272,1992,US
W2322997049,1959,NA
W6963047340,2020,NA
W3012229226,2018,NA
W1999270204,1994,NA
W2485479620,2014,NA
W1495195247,1999,US
W2015370254,1993,GB
W1583523051,1997,NA
W1975009259,1979,US
W1858408568,2010,SK
W2129691311,2002,GB
W2071353749,1981,JP
W2168204821,2012,IL;US
W645974451,1979,NA
W1744653234,2009,DE
W1978394996,1988,US
W6910440967,2008,NA
W2930547767,2019,US
W2475640997,2004,GB
W2491468881,2011,NA
W65576697,2009,SE
W2571955562,2016,LU
W4213317718,2005,NA
W2127418522,2015,CA
W2052557990,2014,GB;US
W1964642694,2010,IL;US
W2107901333,2002,US
W783443860,2001,GB
W6894182651,2015,NA
W2227747699,2013,NA
W2782293788,2018,DE
W7024850652,1982,NA
W2123840151,1984,US
W1995743338,1999,NA
W7075292923,2006,NA
W1573136363,2003,DE
W625480676,1933,NA
W2791711530,2018,GB
W2003325168,2007,US
W2494373689,2015,NA
W1535954793,1998,NA
W1515852644,1966,NA
W3044436824,1996,NA
W2256794907,2014,DE
W2511501439,2016,DE
W2607879133,1993,NA
W2092743872,2011,DE;GB
W1532578473,2013,US
W1991324103,2010,GB
W4292930419,2017,NA
W6967984983,2024,NA
W4243783871,2008,NA
W2070662494,1987,NA
W2162311237,1993,US
W2073895844,2012,CA
W2994699430,2019,BE
W2160525869,2014,DE;NL
W3201745953,2007,NA
W1517393833,1993,NA
W2533452586,2012,NA
W2084040447,1978,NA
W1670606950,2011,NA
W165948429,1993,CA
W2027379807,1996,HU
W2143072945,2000,FR
W2802965309,1997,NA
W4230860706,2012,NA
W1542712517,2020,NA
W3026190133,1922,NA
W2802579689,2013,NA
W2334460204,1976,NA
W1523552741,2013,NA
W1977597971,2014,AM;CA;CN;FR
W2523077992,2016,NA
W3199029255,2019,NA
W2170749155,2007,GB
W4238198763,1983,NA
W2187172525,2003,NA
W2956728310,2004,NA
W2262948545,2007,TW;US
W4205736039,1997,NA
W7057459923,NA,NA
W2060385833,1994,US
W4255133132,1997,NA
W2002321516,2014,IN
W2468243006,2001,NA
W2398024745,2003,NA
W2082103176,1965,US
W4300292309,1994,NA
W4205628852,2014,GB
W2183937182,2009,NA
W2042100730,2012,GB;US
W2765798223,2017,US
W637253557,1984,NA
W2072087231,1996,US
W1480519300,1996,US
W2609343816,2017,US
W2420202289,2020,NA
W2280674827,2015,NA
W2017737388,2013,US
W4239852323,1962,NA
W404695663,2006,NA
W1985650263,2009,NO
W2110842406,2013,GB
W3094207607,2020,NA
W1984741823,2003,US
W4253485425,2006,SG
W2280159749,2008,NA
W6940136219,2015,NA
W2019316145,1991,US
W7070377047,1977,NA
W1984472853,2006,CA
W2002500403,1989,US
W4205831948,1950,NA
W2044153609,1976,GB
W2052086475,1996,NA
W1590192302,2012,AU;PT
W2150822694,2013,CH;IT
W1599928623,2006,IT
W150292108,2014,NL
W2955979802,2019,DE
W199964216,2005,NA
W1893211912,2003,NA
W2401080094,2013,TW
W4248481136,2008,US
W111632462,2001,AU
W4234988489,2003,NA
W177708352,1995,US
W2079249788,2011,CA
W4247684186,2015,NA
W2938301417,2019,US
W1999520240,2011,US
W2610983826,2010,FR
W2020811293,2013,GB
W2091822696,2012,DE;IT
W2153895776,2014,CH;US
W2189472871,2010,NA
W260896690,1977,AU
W2313360958,2014,JP
W2427443475,1985,NA
W2402899027,2010,NA
W2490323007,2012,NA
W6917849216,2013,NA
W2071472314,1976,US
W1603906775,2005,NA
W583074137,2004,NA
W2802076461,2018,NL
W2060695949,1989,US
W2130595888,2009,CN
W7000857236,NA,NA
W2013822945,1996,US
W1966406882,1980,NA
W2025237431,2014,US
W2032218568,2012,IL
W2257437519,2016,IT
W1527418717,1992,CA
W2991202624,2013,NA
W1906276607,2014,NA
W2090017022,1999,HK
W1605246803,2012,US
W2120708355,2008,AU;US
W878486807,1987,NA
W4409867410,2025,NA
W1534836547,1997,NA
W2133737908,2023,US
W2144100511,2009,CA;US
W4253542583,2010,US
W2086354937,2008,CA
W4301440055,2022,US
W1506025786,2013,GR;MX
W2606644626,2017,US
W3113438734,2009,NA
W2338425439,1985,GB
W2756034733,2009,AU;MK;US
W4399328590,2024,NA
W4298345975,1994,NA
W6969268840,2022,FR
W2165715280,2001,US
W2312981544,1973,NA
W6991706963,1996,NA
W2140910804,2009,US
W2060852232,2011,GB;NZ
W1687157824,2003,GB
W2561607149,2016,CZ;DE;SE;SK;US
W1983578042,1997,NA
W595652401,1996,NA
W2044497998,1991,NA
W4307099447,2022,GB
W2035756326,1981,NA
W2009599571,2003,US
W2618397929,1995,FR
W1496564158,2003,US
W3197380847,2001,NA
W2109262094,2014,NL
W6884679577,NA,NA
W2764235766,2017,GB
W4206220710,2010,GB
W7051735054,2008,NA
W3479563,2012,NA
W3123518987,2006,GR;US
W1529377512,1974,NA
W1973578915,1991,US
W3141884538,1993,NA
W2797540725,1939,NA
W7099094485,2016,NA
W6969431675,2023,NA
W2145535121,2013,IR;MY;US
W2070996757,2009,US
W3173455395,2016,NA
W2172167380,1963,US
W403460742,1991,NA
W1524326598,1993,US
W1512228424,1969,NA
W4253845793,1994,NA
W6906496562,2018,DE
W2519316019,2002,NA
W2047336218,1995,AU;GB
W6906429750,2018,DE;RU
W207078148,2001,NA
W3004248957,2001,IN;US
W4238017106,2016,FR
W2135984604,2009,NA
W2270396357,2015,GB
W1998583032,1996,NA
W3119955046,2021,US
W3020158445,1974,NA
W4242094518,2012,NA
W2468224156,1993,NA
W2129597719,1995,US
W584466840,2009,NA
W2528824210,2016,GB;US
W2013490357,2010,CN
W2564768785,2014,NA
W1996965557,2007,CA
W3096218982,2020,CA
W1972641242,1997,US
W1484082930,1963,NA
W4239721636,1992,NA
W2313303856,2013,NA
W2070302330,2007,NA
W1967350923,2002,JP
W2587953807,2022,CA
W617088946,2012,NA
W1993578591,1999,NA
W6955324955,2012,NA
W2034141601,2009,NL;US
W2068653718,1986,CA;GB
W614917948,2007,NA
W937738269,2015,NA
W2073865239,1990,US
W80840331,2014,NA
W2006873020,2003,US
W2140945425,2010,US
W4389290516,1993,GB
W201361503,2021,US
W2466298811,2009,US
W1547032355,2012,NA
W1511276533,1978,NA
W2122454226,2014,US
W1907282519,2010,US
W643950041,1982,NA
W4236158871,2013,NA
W4235693583,2016,AU;GB;US
W2013423029,1997,NA
W7074717545,2010,NA
W4388346711,2004,NA
W3210920047,2021,IT
W2334539557,1993,NA
W2492741339,2007,DE
W7011423115,2011,NA
W4312407527,2008,NA
W3035690894,1991,NA
W1552122516,2008,NA
W2154865093,1990,NA
W7042767579,1996,NA
W1957277773,1999,US
W6943997402,2015,NA
W2289063488,2015,AT
W1487175773,2006,NA
W1487298676,2002,FR
W1554339076,2001,NA
W2000567849,2007,CH
W2503283590,2002,NA
W2167574069,2006,US
W4239946314,2010,DE;GB
W2510099718,2016,SE
W2102380199,2014,NA
W2778482155,2017,IN
W1976629384,2000,NL
W2809322369,2018,NL
W1592458933,2012,IT
W2098684637,2012,CH;NO
W2058304827,2005,US
W4410373581,2025,NA
W127927333,2013,AU
W2153132027,2008,CN
W207823173,2013,NA
W1985397115,2010,CA
W7095251951,2015,NA
W7038415521,NA,NA
W7095581658,2015,NA
W1806725217,2011,GB
W2546891527,2016,IE
W2951911250,1994,US
W4248576114,1984,NA
W1518553298,1981,NA
W1601530724,2007,NA
W4252547990,2011,NA
W6962383800,2015,NA
W2963837895,2016,US
W6945110673,2018,NA
W2294085277,2015,US
W2515259593,1999,NA
W1524424337,2008,FR
W393210043,1993,NA
W7029479635,1983,NA
W2041404167,1948,NA
W6943851773,2014,GB
W6968243611,2024,NA
W4281630840,2022,NA
W1544485736,2010,FR
W1969767174,2015,NL
W201288405,1983,NA
W7039797877,2010,NA
W2005517790,1991,NA
W1999431203,1996,US
W1601752472,2009,NA
W4231042348,1991,NA
W4244155844,2010,NA
W126976171,1979,NA
W2404954229,2013,DE
W2250625331,2015,GB
W2313928532,2016,AU;FI;FR;GB;NL;NZ;SE;US
W1533255092,1904,NA
W2033564581,1987,NA
W2337037554,2016,US
W1485490758,1994,NA
W4302231525,2018,NA
W2798295956,1900,NA
W6987115930,2001,NA
W2117530780,2011,NA
W4288107201,2019,NA
W72720005,1993,NA
W4214612423,2000,GB
W2120368664,2008,AU
W1504914023,2000,NA
W2484350021,2015,NA
W6991427275,1993,NA
W1533026432,2007,NA
W1758477474,1994,NA
W2028265096,1995,NA
W2506337555,2004,FI
W4211064610,2008,US
W1966509134,2010,US
W611683488,2002,NA
W1991291418,2008,CA
W2125126745,2005,JP;US
W2012974247,2012,US
W2001108871,1966,GB
W2969084871,2019,ES
W1823329909,2000,US
W2526593884,2016,DE;GB
W2497231557,1993,NA
W2806668993,2018,DE
W2794310369,2002,NA
W2024669286,2003,CA
W2107682024,2002,KR
W4245877317,1996,NA
W2104062382,1980,US
W6986712430,2002,NA
W7006143224,2010,NA
W4237123057,2001,US
W2910098727,2018,GB
W1525442643,2016,NA
W2083541983,2005,DE
W4234843045,2020,NA
W2143945691,1972,NA
W4239504541,1921,NA
W4293752977,2022,NA
W2953417592,2019,CH;DE
W4239255329,2014,GB
W6887983896,2006,NA
W4238923633,1963,NA
W2464648470,2010,DE
W1987469653,2004,CA
W7061968053,1998,NA
W2324703051,1944,NA
W200839526,2007,CN
W2963849739,2015,TW;US
W943947147,2003,NA
W1532496395,2019,NA
W2483975084,2007,NA
W3107964656,2016,NA
W2023530290,2011,NA
W6993387585,NA,NA
W2580224128,2001,GB
W2010173694,1991,US
W2330932129,2011,NA
W2129250212,2006,AU
W2186590411,2001,NA
W2793803988,2017,CH
W6906684140,2022,NA
W4238818461,2014,NA
W2077663849,2000,NA
W2948947538,1990,NA
W890335157,2012,NA
W93672493,2011,NA
W2086390505,1999,NA
W2011977264,1981,US
W2019096529,2010,US
W2342642423,2016,NA
W4234132406,2010,NA
W4245883374,1990,US
W2077824492,1987,US
W2060352284,1980,NA
W1992654648,2011,US
W89301254,2003,DE
W2338696281,2016,IT
W2986348978,1990,NA
W2031241895,2002,NA
W2142838865,2010,US
W6917874620,2017,NA
W6925147114,2018,DE
W3209249321,2017,CH
W2091166097,1990,NA
W3013459919,2014,NA
W2333863289,1970,NA
W1533406524,2002,DE
W2097921961,2009,CN
W4251764195,2013,NA
W3004672448,2016,NA
W2047540281,1997,NA
W2056912210,2001,NA
W2796225572,1989,NA
W625059725,1993,NA
W2131182491,2014,US
W1972527555,1996,FR
W2318233859,1988,NA
W1520631470,1998,NA
W2104652891,2011,IN;US
W4301471132,1990,NA
W7099515247,2010,NA
W352284563,1994,NA
W2109458720,2010,NA
W604598878,2000,NA
W2154455356,1947,GB
W2950193311,2011,CH;US
W1566060455,2008,NA
W2072653129,2007,US
W65253313,2011,US
W6912302352,2018,NA
W6943819758,2021,NA
W7100189027,2015,NA
W2727452592,1998,NL
W4246540081,2016,NA
W2103318667,1991,US
W3037396094,2020,AU;CA;GB;US
W284160692,1992,NA
W2017545992,1991,US
W2896307795,1973,US
W648518373,2002,NA
W1977427440,2012,KR
W1560364858,2014,NA
W4409672860,2016,US
W1569709747,2003,IT
W2038869722,2000,US
W1497175759,2014,NA
W2798650415,1954,NA
W4205468582,2021,NA
W3085869354,1983,NA
W2128105693,2011,GB
W614707566,2001,NA
W6925421831,2016,NA
W2250949227,2015,NL
W4239080052,1984,US
W1944416486,2014,HR;LU;NL
W2485539313,2011,NA
W4255428302,2014,NA
W2049104535,2010,NA
W2552113294,2007,NO
W7052895475,1990,NA
W2251991755,2014,DE;US
W5577018,1995,NA
W70630842,1997,NA
W2140772294,2007,US
W2100619427,1980,US
W2157570808,2015,NA
W6968753953,2019,NA
W1516293359,1999,US
W2181414393,1996,NA
W2313469048,1976,US
W2910696912,2002,NA
W3021047719,1973,NA
W1998441365,2003,NA
W2023062420,2006,US
W7100998940,2010,NA
W1964086885,2009,US
W4236036072,2006,AU
W2084758626,2004,DE
W2005781323,1996,NA
W7038914940,1999,NA
W1991691953,1987,NA
W4415106825,2006,NA
W1965324566,1923,NA
W4299735061,2015,NA
W4255530568,1967,US
W3157137365,2020,NA
W2583135916,2017,CH
W4312802379,1978,NA
W2886950468,2004,NA
W3176689798,2021,DE
W2902087045,2016,DE
W7099132076,2008,NA
W2564228734,1974,NA
W2166159138,2006,US
W2761013555,2013,NA
W4301756976,1993,NA
W1981553963,1997,US
W2949619143,2019,NL
W2061393379,2011,CA
W2033786417,2003,US
W1603545804,2005,NA
W3023954113,1994,GB
W4249781628,2006,NA
W4250089123,2008,GR
W1585089348,2009,JP
W2524164223,2016,US
W2273152118,2000,NA
W2027582570,2000,GR
W1985001445,2011,US
W1995587687,1993,NL
W2327179563,1994,NA
W2138550913,2002,US
W2031265243,1990,NA
W2748142937,2017,US
W2002873854,2002,NA
W2281101909,2009,NA
W4239106785,1839,NA
W1518446430,1957,NA
W150699991,2014,DE;US
W2787560479,2018,US
W2002582915,2010,FR
W2286762629,2010,NA
W2531909931,2016,DE
W4239874889,2017,NA
W1479947188,1995,GB
W1536780232,2004,NA
W6999349899,NA,NA
W2780375406,2016,NA
W2234154942,2010,GB
W1967958282,2011,US
W4243677180,2004,NA
W2152888726,2002,NA
W2620799966,2017,NA
W2039404831,1993,US
W39110104,2004,CN
W6906128338,2018,DE
W2138191347,2005,CM;GB
W2138711659,2002,NA
W2134911674,2011,SE
W1966797434,1992,US
W1989462999,1998,US
W1539410358,1994,NA
W2274838782,2013,US
W2137975285,2009,DE
W2399632649,2015,DE
W1996430422,2003,IL;US
W2970458159,2011,NA
W1988574380,1998,GB
W2114877339,1990,US
W193730315,2004,NA
W4298288039,1995,NA
W1577231857,2000,NA
W6928907815,2009,NA
W2976653079,2019,DE
W2008179717,1992,NA
W2026321360,2009,CU;ES
W2754121486,1998,NA
W7000595960,2007,NA
W4245613788,2001,NA
W2168361049,2014,NA
W4206657241,1934,NA
W3123353740,2010,NA
W2125186487,2011,NA
W2149151630,2012,FR;GB;US
W2155046806,1989,US
W2048374711,2001,US
W3210441797,2021,JP
W4245803678,1995,GB;US
W2075812907,2005,IE
W2904010535,2018,US
W2332280637,2000,NA
W22250617,1979,NA
W2051995667,2009,CA
W2165441500,2014,US
W1975879668,1971,US
W2127113639,2008,NA
W1485668865,2003,NA
W207698892,1995,NA
W1995937385,1990,NA
W1571009574,1993,NA
W2591662395,2016,NA
W2055854942,2001,CA
W1540390468,2013,NA
W1997773921,1960,NA
W6942299474,NA,NA
W2467818647,2016,NA
W2498912814,2005,JP
W4293159471,2017,US
W4210706177,2012,DE
W2163605009,2017,CA;US
W2804228592,2018,LT;PL
W76669076,1995,US
W1487732651,2007,NA
W2067104099,2000,NA
W2471424292,2015,NA
W2083084326,2013,SI
W136111882,1995,NA
W2093870995,1989,NA
W2028025919,1999,NA
W2010743112,2006,US
W7098617795,2011,NA
W4230454426,2016,DE
W4230582344,2002,NA
W1585040575,1963,NA
W157626857,2003,US
W2049190120,1996,DE
W7048995464,2001,NA
W1529471266,2010,FR;GB;NL;US
W7075347840,1987,NA
W4230068649,2000,NA
W2586631982,2007,NA
W1968625547,1998,AU
W2014193345,2009,DE
W2798859944,1987,NA
W2730027538,2016,CH;SE
W4251674199,1994,NA
W1718459485,2011,NA
W1927727507,2010,IN
W2129305658,2000,US
W6936861850,2012,NA
W2138451337,1991,US
W6993757307,1985,NA
W4252015580,1994,US
W2770212943,1970,NA
W2089365867,1987,GB
W7023608096,NA,NA
W620878096,1992,NA
W2120154746,2011,GB
W2514186488,2013,NA
W7100363032,2011,NA
W4301376690,1993,NA
W4242212377,1999,AU;GB
W2056844212,1993,US
W2286884139,2014,NA
W2337605269,2008,NA
W1505524995,2003,US
W6887575305,2018,NA
W2323214159,2014,NA
W1666317203,2012,NA
W2475287302,2016,DE;US
W4300015139,1996,NA
W2189607261,2009,JP
W4230030479,2006,NA
W1607227060,1999,NA
W7010241805,1998,NA
W4245004615,2019,NA
W1563745820,2002,NA
W2786433726,2017,NA
W2081666811,1990,US
W6968787520,2021,LU
W7052382218,2013,NA
W1787944530,2000,NA
W2339023928,2014,NA
W1595375121,1999,NA
W2028508257,2004,US
W2883763531,2018,AT
W392558773,2009,NA
W4252254335,1987,NA
W2052013563,2009,NA
W3134464654,2015,NA
W2010448917,2008,NA
W155313847,1995,CA;FR;GB;US
W2155354890,2011,US
W2070528724,2014,DE;IE;NL
W1563790851,2013,NA
W2119079563,1994,IT
W2953150912,2008,US
W1965655304,1985,NA
W2044360356,2014,US
W2008157089,2005,GB
W2025403586,2002,NA
W2149140320,2011,DE
W1955857676,2012,US
W2763047460,2017,NA
W7057518272,NA,NA
W2066462470,2006,US
W2490882693,2012,NA
W3129904307,2006,NA
W574700118,2008,NA
W2801601160,2018,NA
W2136409007,2004,US
W2495442207,2014,US
W367202956,1999,AU
W2745750801,1901,NA
W6931020666,2019,DE
W2126351705,2009,GB
W7051696240,2009,NA
W2081687495,1992,US
W1986800743,1993,GU
W2019025183,2006,IE
W2101152439,2002,CA
W6936884577,2014,NA
W4302224129,2009,NA
W2574146182,2011,CA;FR
W2626407095,2017,US
W2039952808,2007,GB;US
W2563546680,2007,NA
W1803799134,2011,NA
W7002335179,1993,NA
W2019972659,2010,NA
W4253123917,2018,NA
W2067776268,2003,NA
W6992062938,2009,NA
W2170295423,2005,US
W2761563692,2017,AU
W2123163097,1988,GB
W2158809472,1989,NA
W1982609533,2004,US
W1863227302,1991,US
W2063325798,1998,NL
W3023542652,2015,ES
W2068695859,2012,GB
W1555731215,2006,NA
W2140609507,2015,NA
W612628484,1986,NA
W1992783832,1994,NA
W1529406847,2003,NA
W2054897495,1996,US
W4254882425,1904,NA
W4231109964,2009,CA
W3181870390,2018,NA
W2977505494,2018,NA
W1491478839,2012,NA
W2002077363,2012,CA
W2131193876,2012,NA
W2048972751,1991,US
W1498552788,1989,NA
W4245306224,1992,NA
W2992359569,1972,NL;US
W1543185284,2009,NA
W2003867816,1996,CA
W2098486530,2002,US
W2296881200,2016,IL
W1549636541,2001,NA
W7058149399,2004,NA
W3134175687,1994,NA
W2012746681,1994,NA
W2074156482,1974,US
W7044261007,2009,NA
W2495044932,1927,NA
W2333909909,1983,NA
W2046505268,2002,NA
W2142122858,2013,AU
W3013023890,2020,NA
W2037042435,1994,FR
W1991848143,1989,FI
W2614724840,1997,NA
W6912471479,2021,US
W2126835830,2002,CA
W7036237406,NA,NA
W1791635689,2010,US
W2094301197,2007,US
W3208170897,2021,DE;NO;RO;SI
W2186894932,2015,NA
W2105395040,2005,TW
W6967825551,2018,AT
W2400541756,2015,PL
W1966596976,2014,AU
W2406528403,2016,PL
W1998899840,2014,US
W3126499136,1991,NA
W2501699912,2015,NA
W7101009683,2014,NA
W61619129,2004,NA
W2950375693,2018,NA
W2064982052,1993,NA
W2131877510,2002,CA
W2484584769,2010,NA
W2012886212,2012,NA
W571324188,1992,NA
W4246260612,2012,GB;US
W1564645584,1994,NA
W2318971084,2013,ES
W2292429314,2016,BE
W2128868982,2006,NL
W6912727686,2021,CA
W2493752114,2009,NA
W2796574551,1929,NA
W2104903646,2011,NA
W6943815202,2012,NL
W77717277,2007,NA
W2995802139,2011,NA
W2161196841,1989,US
W2475450183,1993,NA
W6925177586,2018,DE
W2507251109,2015,NA
W2052821041,1992,US
W1969681536,2008,DE;US
W7095983791,2015,NA
W105720630,2005,NA
W2621475821,2014,NA
W2129532176,2012,NA
W2038718711,2012,NA
W2100094531,2002,US
W2018861772,1984,NA
W2105802566,1984,US
W2104756827,2013,BE
W2490803699,2012,NA
W1992031850,1964,US
W2299121287,2015,PL
W6968346660,2019,CA;US
W2118292713,2004,NA
W2621472371,2012,NA
W2610845782,1999,NA
W2022528557,2014,NA
W1968394517,2014,NA
W4220910459,2022,DE
W1555042857,2003,US
W2809854951,2018,AU;DE
W76112253,1997,NA
W2892556253,2011,NA
W55599575,2012,CY;IT
W2094883634,2014,FR
W1652950457,2015,MX
W2567980866,2016,GR;LU
W1666289648,1998,GB
W2156492599,1983,US
W4393474290,2021,NA
W1967975935,2007,NA
W1986699704,2013,IT
W2058786943,2001,NA
W2064589598,2008,US
W262165189,2003,CA
W4253072492,2020,NA
W33188510,1999,US
W6903424310,2021,NA
W2525107979,2003,NA
W145820976,2002,NA
W1984516781,2011,CH
W1559044897,2011,NA
W4248437541,1995,US
W7099039574,2010,NA
W4292887282,1968,US
W2893001937,2018,SI
W6887787763,2020,DE
W4246647561,2014,NA
W2795987013,1997,NA
W2150598871,2010,US
W3128496069,2021,NA
W2001708911,2010,AU;GB
W4240533910,1997,NA
W1592298879,1997,NA
W2480383200,2015,US
W2080243784,2008,ES;PR
W2000678254,1992,NA
W4247379457,2019,US
W2055577113,1994,NA
W6965037844,2006,NA
W2013740390,2012,CA;ES
W2588021892,2011,NA
W2386665471,2014,NA
W2966999375,2019,AT;DE
W2130902567,2011,NA
W2148376195,2004,NL;US
W1502313529,2007,NA
W590022474,2010,NA
W7008725311,1992,NA
W2090105430,2007,US
W1997406544,2013,NA
W4286973546,2021,CA;NL
W7071969626,2012,NA
W1985322647,1991,US
W4298252494,2008,US
W2312471310,1990,NA
W1975184481,2001,US
W1991696425,2005,JP
W2328918536,2015,DE;NL
W6990043664,2008,NA
W7029580381,1965,NA
W3162340357,2010,NA
W2041874089,1936,NA
W2332059045,1962,US
W1992559969,1977,NA
W2336700226,2007,NA
W4298336653,1915,NA
W4390030329,1997,NA
W6912431688,2021,GB
W3140899032,2002,US
W2008347746,2013,US
W2971655332,2014,CH
W4299491824,1996,NA
W2013569814,1989,US
W600525351,2014,NA
W2019678543,2013,NA
W2188888987,2011,US
W2199919826,2006,CN;US
W1676530625,1996,DE;GB
W2767120523,2017,US
W2430656797,2016,NA
W2026743036,2007,GR
W4254004579,1963,NA
W2028547478,1977,US
W1951384579,1994,US
W2948223045,2019,US
W7096009273,2009,NA
W2768701942,2012,NA
W4249869183,2020,NA
W2043561454,1988,NA
W7071672342,2013,NA
W7019478827,1960,NA
W2586096704,2018,GB;NL
W1987253610,1985,US
W2001492291,1987,NA
W4230354434,1974,NA
W2164832023,1996,US
W4243179097,2011,NA
W651983059,2013,US
W2986364205,1994,NA
W1600758593,2004,NA
W7019404950,2011,NA
W2037165225,2006,NA
W2603466734,2017,US
W1479815283,2003,NA
W197254723,2011,CH;SE
W1994410331,1968,NA
W151291914,2008,NA
W4244509707,2015,NA
W2005371243,1980,NA
W4230437849,1988,NA
W3138388980,2002,NA
W2498603026,1991,NA
W11298561,2011,DE;GB
W1990479500,2001,AU
W2137002059,2013,NA
W6968499493,2021,DE
W2036332605,1991,US
W2292700734,2015,AU
W1886752678,1998,NA
W1481474609,2002,NA
W2043514803,2013,DE
W7098382214,2016,NA
W123908909,2005,CA;NL;US
W2083364261,2009,GB
W4299411752,2001,SG
W2494887553,2016,NA
W80749369,2013,HR;NL
W4393485820,2020,DE
W2123250295,2002,GR
W6959429056,2013,NA
W1516444405,2017,IT
W2124700334,1997,DK
W2953647140,2019,FR
W2100290037,2015,GB
W2032568667,1993,US
W3207232223,2021,GB
W6981165323,1935,NA
W1898013218,2009,NA
W1878282730,2013,CH
W1512008748,2012,NA
W2505960324,2012,NA
W41776400,2014,US
W7067018513,NA,NA
W2582947585,2017,NL
W2738190210,2016,NA
W1597714596,2005,NA
W7098054606,2014,NA
W2490625219,2014,CA
W2001899195,2010,NA
W1965599725,2015,CA;IT
W2047104717,2013,DE
W7095375164,2008,NA
W2169761225,2009,DE
W6931169074,2021,DE
W2153480432,2009,DE
W272307436,1998,NA
W570331495,1988,NA
W2111308925,1988,NA
W1986153958,1997,NA
W2803025696,1993,NA
W608465013,2005,NA
W2324296656,1980,NA
W2163665261,1971,US
W60059853,2012,DE
W394539217,2008,NA
W1562021153,1905,NA
W2296009210,2015,NA
W1607998092,2001,NA
W3148245363,2010,NA
W62127499,2001,NA
W604155600,2007,NA
W4360587565,1984,GB
W7097916174,2014,NA
W2149055390,2004,ES;FR
W4206759527,2003,DE
W1755397260,2007,IN;US
W2157922230,2014,AU;GB
W2025820231,2002,US
W47029222,1996,NA
W4299698222,1998,NA
W2148578434,2008,US
W3126278763,2021,CN
W2018544402,1983,NA
W2098434511,2010,BE
W4293663350,2004,NA
W2251518740,2012,FR;IN;IT
W6911510819,2024,NA
W6893671294,2019,DE
W2080723035,2007,GB
W3140453591,1995,NA
W2000854852,2001,NA
W3021561300,1992,NA
W4246212442,2009,US
W1989175306,1980,NA
W4241122112,2011,GB
W71284182,1994,NA
W2040971670,2013,US
W3187061664,2018,NA
W2113070011,1993,US
W2108867290,2004,US
W2066646653,2001,GB
W2765415921,2017,NL
W2185733930,1984,US
W2079703172,2014,IN
W1979753624,1996,NA
W2082212189,1994,FR
W7027676610,2015,NA
W2143507336,2013,US
W2248575478,1998,NA
W1990811607,2003,GB
W1579929927,2002,NA
W2122803783,1995,US
W2091245925,2011,BE;US
W3216557463,2021,NA
W2482905438,2009,IT
W2903612697,2018,PT
W2001358413,1994,US
W2605116913,2015,NA
W2316597969,1994,NA
W6887965002,2012,NA
W7026762759,2005,NA
W2133365643,2011,US
W2888084656,2018,US
W2007800700,1997,NA
W2053479845,1991,NA
W1520877188,2003,NA
W2060425093,1981,NZ
W1994740746,2004,US
W2339260207,1993,NA
W2600146098,2008,NA
W7096586752,2015,NA
W7025344843,1966,NA
W2046224275,1992,US
W4220722114,2022,DE
W1489423786,2012,NA
W1570678026,1993,NA
W2789813717,2018,GB
W7009843994,1988,NA
W3159216642,2016,NA
W7055826559,2012,NA
W4250548453,2010,GB;IR
W2165431734,2000,GR
W2014693370,2005,US
W1985995047,1990,US
W599376927,2006,NA
W2063389094,2003,US
W2101262111,2002,US
W2163685257,1992,US
W1637997352,2013,NL
W2268590461,2010,CA
W2903444008,2015,BE;FR
W1830074637,2013,US
W2181376205,2015,GB;JP
W4256112441,2011,NA
W2903695211,2018,AU
W2073932362,1977,NA
W1978650270,2005,GB
W2299309080,2008,NA
W1994920162,1996,CA
W2088066974,1999,GB
W4210955859,2015,NA
W2096369514,1996,NA
W2144573571,2009,NA
W138654001,2011,AT;HU
W6967384103,2024,NA
W3159833757,2003,NA
W2928915328,2019,US
W2151419531,2014,US
W2755295133,1989,NA
W623571656,2012,NA
W64884043,1997,NA
W2413730868,1992,NA
W2081378666,1996,GB
W6949929080,2018,DE
W2408056113,2010,NA
W2070522347,1997,US
W1979471112,2005,GB
W1483646651,1998,NA
W2787382873,2012,DE
W1538369587,2004,NA
W2034598596,2001,NA
W1963709184,1999,US
W7053040899,2017,NA
W2349006378,2013,NA
W2570873744,2003,NA
W1583174256,2010,NA
W4253016408,1979,NA
W1504718005,2003,FI;GB
W2007842132,1995,US
W2755641247,2003,US
W2105875112,2009,ES;GB
W2005492506,1997,HK
W1546879195,2004,GB
W7062623549,2006,NA
W4211187293,2009,ES
W2337458058,2004,NA
W6930140726,2005,NA
W2912773781,2004,NA
W2171301064,1984,NA
W1984682578,2012,DE;RU
W2059479210,2014,IT
W1582145286,2004,DE
W1989153134,1987,GB
W2161484642,1983,US
W6925081237,2019,DE
W1511456413,2003,NA
W2075826340,2009,CA
W2322004164,2014,ID;KR
W1993977866,2011,DE
W2020536664,2007,NA
W2142045498,2014,IT
W2120987116,2011,NL;US
W659306968,2017,NA
W2403169738,2013,NA
W2018041479,2010,US
W2791532949,2017,DE;IT;US
W2330377445,2013,NA
W2386473615,2015,NA
W2037397438,1997,US
W3160083004,2011,NL
W2155814345,2005,IT
W2469288743,2016,US
W2165612380,1975,US
W1855933504,2011,NA
W1556469429,2005,GB
W2547160040,2016,NL
W2102775690,2006,US
W6983428482,1999,NA
W1729869109,1997,NA
W1528027857,2016,NA
W2140756075,2013,DE;US
W2582655215,2012,NA
W1974533997,2007,DE
W6948242829,1971,NA
W3048724100,2020,GB
W1989932697,2007,US
W6909147411,2019,DE
W2553040726,2013,US
W601987975,2005,NA
W2078313651,1994,NA
W1797970955,1999,US
W4251944136,2018,NA
W2080309194,2013,IT
W2004955945,1966,NA
W4205296617,2000,NA
W2060307520,1995,NA
W1596691921,1995,NA
W2138849432,1989,AU;GB
W1605799775,2013,US
W6955287420,2014,NA
W4238866089,1978,NA
W2800590071,2005,NA
W1686810756,2014,GB
W7039535121,2009,NA
W6911450334,2017,US
W4229494842,2017,US
W2128456768,2015,TH;US
W2066464964,2005,GB
W2586959840,1999,US
W59472372,2009,GB
W1514965089,2003,JP
W2126786229,2015,DE
W1963559748,2000,GB
W2008896880,2001,DE;GB;US
W1595170761,1993,NA
W7075622344,1982,NA
W7100234972,2010,NA
W6955593045,2013,NA
W4299954407,2003,NA
W2111802712,2005,US
W1489599888,2006,CA
W2995201825,2013,NA
W2263394486,2015,NA
W2145523428,2001,US
W2004587985,2008,US
W7071965005,1994,NA
W4235057824,1965,NA
W1594684443,2008,GB
W601307391,1991,NA
W2055121572,1991,NA
W4247204979,1989,NA
W2475993734,2012,NA
W4233733985,2002,IT
W4250098330,2010,NA
W2162709223,1976,NA
W3106656213,2018,NA
W1522645873,2012,IE
W2022709964,1995,US
W1498505619,2000,NA
W4236968739,1999,NA
W2032835506,2011,CA
W2487564270,2016,IT
W1990068886,1998,HK
W639921281,1998,NA
W659078055,1987,NA
W2482201216,1972,GB
W1985804453,2011,IT
W2068474017,1980,NA
W6948950849,2018,DE
W4230194789,1984,NA
W2095655043,2013,US
W3130362456,2020,ES
W2036699209,2013,GB
W2553559735,2006,NA
W4409479116,2014,NA
W4230377597,2020,NA
W2091442045,1993,IE;US
W2953343412,2019,US
W2886284861,2018,CA;IT;US
W2095445441,2002,NA
W4245050644,2011,NA
W1836413371,2009,US
W2904371163,1998,NA
W6925595407,2013,US
W4234514625,2011,AU;GB
W2128955271,2013,US
W2216455298,2012,NA
W2005035880,2008,CN
W2161383849,2002,GB
W1550506917,2009,GB
W2084773904,1998,US
W2010210047,1999,GB
W1982836019,2006,NA
W2150569271,1975,US
W6983124294,2007,NA
W1975261312,2012,NA
W2945842795,2019,NL
W1987779320,1987,NA
W186840447,2008,NA
W605705187,2004,NA
W3135477628,2010,NA
W1993707425,2004,NA
W1912888020,2015,AT
W2097724282,2002,CA
W1509213251,2008,NA
W2093649117,2003,NL
W6944218998,2012,GB
W2062854376,2009,US
W2759272309,2017,NA
W2063448193,1996,US
W6967039749,1999,US
W2020181757,2008,AU;US
W2315107197,1994,NA
W2153562920,2012,CA;DE
W4247161827,2016,NA
W2029190513,1992,NL
W2296297107,2015,IT
W7082451696,1980,NA
W6993011118,2007,NA
W3092367224,2020,DE
W3210024069,2015,NA
W1554451099,2011,NA
W4249324235,2005,NA
W2950942299,2019,NA
W1617145451,2012,GB
W2111293476,2012,GB
W2962686197,2018,CN
W2744349792,2017,MN
W2021490594,2005,US
W2098327022,1995,NL;US
W3101074529,2015,NA
W2138978154,2004,US
W2588530858,2012,NA
W7097701274,2014,NA
W4380236736,1998,NA
W1963862494,1998,AU;US
W2123697931,2008,GB
W1510073064,2004,GB
W2121916329,2009,GB
W6887940849,2013,NA
W2488637810,2009,NA
W2153509614,1988,NA
W7056807378,1977,NA
W1820824954,1983,NA
W3088107006,2016,CN
W2074909580,2011,US
W60537407,1998,NA
W2129043771,2004,US
W141114525,1999,NA
W2272153972,2013,NA
W2523657585,2006,NA
W2143959851,2013,AU
W1507606320,1998,NA
W2069188128,1994,NA
W2014663847,2014,NA
W2052794574,2011,NA
W4250562099,2007,NA
W2112424197,2002,AU;GB
W3021498212,2003,US
W6921781158,2003,NA
W2170939614,2005,DE
W4231856585,2007,NA
W2785836960,2017,FR
W2155895561,2011,NA
W2160482209,1991,NA
W2055142477,1991,GB
W7020978272,NA,NA
W2796742096,1973,NA
W2165232124,2007,CA
W1578719732,1998,NA
W2171923384,2007,FR
W576751822,2009,NA
W2917233523,2006,NA
W2557027389,2012,NA
W6906628572,1999,NA
W3153225109,2021,IN
W2329827755,1993,NA
W2935885081,2004,NA
W613634021,2002,NA
W2320494923,1998,NA
W3194334045,2021,NA
W2051508702,1981,US
W4231571023,1984,NA
W632878926,1971,NA
W2322999553,1988,US
W294466356,2013,DE;GB
W1495210209,2010,NA
W2990119823,2019,NA
W2128544444,2013,US
W1812476970,1995,NA
W2025882237,2007,CA
W2595474683,2016,BR
W2019827048,2003,NA
W1560937015,1973,NA
W2188849270,2015,US
W2051141584,2007,GB
W2785612464,2017,DE
W1975280008,1973,CA;US
W2779376275,2017,FR
W4239592276,2018,NA
W2614447760,2006,NA
W1997424273,2000,NA
W2005082088,2007,GB
W3208487370,2021,CZ
W1550862748,2015,DE
W2032464653,2013,BE;ES
W2237428880,2015,AU
W2470175097,2016,US
W2102145433,2006,BG;US
W2270210878,1964,NA
W2750294086,2017,NA
W7038975496,NA,NA
W2020781346,2007,US
W2154126229,2000,NA
W31873193,1999,NA
W7095318112,2010,NA
W2665083193,2001,NA
W650081832,2010,NA
W2051147002,1995,AU;US
W2494589370,2016,DE;US
W2158997610,1998,US
W6967282671,2006,NA
W2160001313,2009,US
W4245982725,1987,GB
W2950426098,2013,CA
W621135921,2007,FR
W2967647458,2019,NA
W2510831875,2016,DE;US
W3209531371,2016,AU
W2093373464,1995,US
W2019020697,1966,NA
W2321883869,1991,US
W4255692800,2002,US
W1596864518,1974,CA
W4243637771,2019,NA
W4367859427,2011,NA
W2219154801,1971,GB;GH
W3140189163,1998,NA
W4242479788,2010,NA
W2596839013,1998,NA
W2123846708,2012,GB;US
W3012544343,2013,NA
W2001496424,2001,CL
W2080100102,1965,US
W2939083804,1990,US
W7067093415,2003,NA
W1509357277,2010,NA
W2082770314,1989,NA
W2953001331,2013,US
W2130103520,1994,US
W7000288215,1992,NA
W3213462364,2021,US
W2758498662,1989,NA
W2244565573,2006,NA
W2764436181,1992,GB
W4241044671,2012,US
W2998668385,2020,CN
W2059526646,2015,AT
W2111373704,2010,US
W6931395389,2019,GB
W2087556608,2003,US
W7048893790,2002,NA
W1986723493,2008,IE
W2295837698,2015,DE
W2226205206,2012,US
W2905218413,2018,DE
W2134955506,2002,AT
W2949999312,2001,CA;NL;US
W4298013256,2011,NA
W1603213950,2000,CA
W1711140305,2010,DE
W6925053332,2020,NA
W7039633381,2011,NA
W2181178009,1966,NA
W599631745,1976,NA
W2031827150,2014,AT;IE;IT
W2476265231,2012,NA
W1969352110,1980,NA
W4250449747,2013,NA
W2045108252,2003,US
W4367846608,2023,NA
W2108338637,2015,NA
W2028800441,2009,US
W2325159013,1989,NA
W1965473796,2011,NA
W2164196242,2006,NL
W2940330410,2016,NA
W6975091652,2013,NA
W4247555486,2012,NA
W2482165768,1989,NA
W1599633451,2014,GB
W2078832584,2005,NA
W2054211469,2001,US
W1967461618,2006,US
W2404291855,2014,NA
W2526106007,2016,DE;PL
W4233255525,2001,NA
W2106316567,2004,US
W2151554678,1997,US
W2254117219,1999,NA
W1589309253,1992,NA
W1654521368,1977,NA
W1592182057,1972,NA
W1860762366,2002,GR
W2094799191,1998,US
W2170022107,2011,US
W1980963424,2002,NA
W2795864118,1957,NA
W2102004079,2001,NA
W2802919606,1979,NA
W2621065906,2017,CA;US
W1994128919,1994,FR
W2209876022,2015,GB
W1563335155,1997,FI
W1147370693,1997,NA
W1996673766,2009,US
W1965753998,2003,NA
W2808940002,2018,AT
W2147462660,2012,DK
W1986361898,2005,US
W3122330358,1998,NA
W588768443,2002,GB
W4230707702,2010,NA
W2000513624,2007,NA
W2607154244,2007,NA
W2032115636,2011,CH;US
W1989130645,1993,NA
W1577241858,2000,NA
W2101632759,2006,JP
W2096601602,2006,DE
W2080818521,1964,NA
W2035088412,1985,US
W2770754062,2015,NA
W1542433116,2009,CH
W79397898,2013,GB
W2057592151,1995,GB
W3165069777,1999,NA
W2256558198,2010,NA
W2327352287,1927,NA
W6888986436,2012,NA
W6977626351,2013,NA
W2520469646,2006,NA
W4300629527,2014,NA
W2151726861,2002,NA
W2015159529,2014,AU;FR;US;ZA
W1993655898,2010,GB
W4240119756,2017,NA
W4252379696,1987,US
W2081749411,2003,FR
W4252826613,1990,NA
W2034194047,2013,CA
W44004829,2021,NA
W2104863407,1997,US
W2252399018,2015,NA
W2017483096,2001,PE;US
W1968637158,2012,HU
W2047551361,2014,IT
W2251262855,2015,US
W2738700689,2014,US
W6987556185,2000,NA
W7056898017,2003,NA
W1784290353,2014,BR;DE
W2051877961,2006,US
W2529948255,2013,DE
W7050120870,2020,NA
W2160308942,2004,US
W1993145239,1994,JP
W1569409391,2012,CA;US
W1484695073,1984,NA
W2115590701,1996,NL
W1520654935,1995,NA
W2478258989,2003,NA
W2025412701,2006,US
W1494137514,2011,NA
W18498913,2015,NA
W2157561558,2001,US
W3106020546,2007,NA
W2095023851,2011,US
W4252987760,1979,NA
W2118095865,2010,GB
W4239616591,1997,US
W2070119988,2007,US
W3015285715,2020,CN
W2058702778,1993,AU;CA
W2028701196,2013,BE
W2518785444,2011,NA
W585551203,2011,NA
W2592760296,1927,NA
W7019508202,2009,NA
W4246078815,1995,FR;US
W1523257860,2001,NA
W2117756735,2011,US
W1976267225,2014,ES;NL
W1607365005,1998,NA
W4245969554,1908,NA
W4234083270,2018,NA
W6891953026,2006,NA
W2545055460,2015,NA
W2090509376,2000,ES
W2069188354,1989,GB
W2111183635,2006,US
W4249075320,2015,CN;IN
W2118971556,1984,NA
W2407872676,2008,NA
W1870437236,2015,CA
W1976891289,1976,US
W2223092947,2019,US
W2060411038,2007,NA
W2891652859,1842,NA
W7061280653,NA,NA
W6927451154,2021,NA
W2061455381,2011,BD;JP
W6908631282,2004,NA
W7124871498,2013,GB
W2111347279,2006,US
W2622238671,2012,NA
W3186983384,2009,NA
W2056300997,2002,US
W2040075948,2001,GB
W2232818058,2010,RU;US
W1972594981,2004,US
W3032505619,2020,CN
W2017323173,2009,TW
W2525226332,1999,CA;FR
W2470484508,2016,BE;GB;IL;NL
W160318044,2012,US
W2041638525,2007,US
W2129173781,2010,FR
W2897059295,2014,NA
W2617854354,2013,BE;FR
W2483085585,2015,NA
W2164480764,2010,NA
W2204570274,2012,NA
W2948770719,2013,US
W1964354556,1999,NA
W651470529,2011,NA
W2091250791,1985,US
W2981485863,1891,NA
W2359636176,2022,NA
W2089241138,1989,GB
W2016663226,1986,US
W4252276737,1990,HU
W2159492648,1999,NA
W2123281817,1997,US
W1985988274,1987,NA
W3194532384,2021,AT;FI;FR
W2254012214,2015,CH;US
W938614436,2013,US
W4244718571,1976,US
W2052696562,1986,NA
W4415106481,2002,NA
W1588414895,1984,NA
W7073816096,2013,NA
W2283096313,1980,US
W1544005581,2015,NA
W1544133294,2006,NA
W2056458586,2012,NA
W2074095561,1994,AU
W2494194344,2001,NA
W2590212478,2017,AT;NL
W2799236380,2017,BE;IT
W2101376585,1991,NA
W1966122741,1993,NA
W1548963525,2013,NA
W2025528194,2012,NA
W2492438467,2010,NA
W2129278567,2011,GB
W4206219360,2008,NA
W4206071946,2021,NA
W2118129210,2014,DK
W2071238250,2006,IE
W7010847725,1963,NA
W4240732758,1984,DK
W4229534227,2018,KR
W6887767750,2020,US
W2058071972,2014,BE;DE;NL
W4231898283,2004,NA
W7067966288,2003,NA
W2016774389,2013,US
W1992472982,2004,US
W1899381100,2015,FR;US
W1584712466,2000,NA
W1964716780,2012,US
W300217873,2015,GB
W2098761885,2012,US
W7043498555,2009,NA
W318414148,2002,NA
W7025037779,NA,NA
W128658763,2005,NA
W2904196061,2018,DE
W2804574125,2018,NA
W2018926400,2004,US
W2106684638,2012,CA
W2062167706,1993,US
W1507606058,2011,NA
W1972825149,2010,GB
W2069002413,1987,US
W4246210190,2007,NA
W2089003041,2013,US
W2127244520,2007,NA
W3209610810,2018,NA
W7098187292,2015,NA
W6889720431,2015,NA
W1526971235,2000,NA
W2495250808,2013,US
W2082185124,2004,NA
W2033098905,2011,US
W2142305795,2013,GB
W614969181,2002,NA
W2061039273,1992,AU
W2150445860,2000,NA
W2206140434,2012,NA
W1922281405,1954,NA
W1972368904,2005,NA
W32360141,2002,NA
W2157893159,2015,NA
W2367932617,2016,GB
W2004799419,2013,FI
W2952375406,2014,US
W1983704199,2008,US
W2560229946,2016,CO
W650141819,1997,NA
W2132937441,1987,NA
W2165873328,1989,FR
W4235781639,2004,CH
W2893710235,2018,US
W1265389026,2011,NA
W179179905,2001,US
W2006491909,2008,GB
W2760817094,2017,US
W3211635632,2021,DE;SI
W2564747098,2016,NA
W3120140601,2021,CN
W2809830266,2018,CA;US
W2409540396,2009,US
W2066993925,2013,NA
W1490410346,2010,IE
W7099912646,2016,NA
W1601961891,2011,NA
W2097411811,2011,NA
W2911261399,2018,NA
W2151801809,2000,NL
W601248446,1970,NA
W2164547069,1971,NA
W1558866924,1995,NA
W2314883097,1983,US
W2271074438,2011,NA
W2324672664,2000,NA
W1967005654,2009,NA
W1838824760,2013,NL;US
W2586574703,2003,AU;CA
W1503669979,1993,US
W7011768361,2012,NA
W7051566485,NA,NA
W636902298,1994,NA
W2071728531,1978,NA
W4229588232,1991,DE
W2901641989,2018,PS
W2539451237,2003,NA
W330105640,1994,NA
W2047046780,1985,US
W4238067037,2000,GB
W4229761838,2020,NA
W1581231885,2011,RS
W585707907,1980,NA
W2103017773,2008,US
W601179416,1973,NA
W2734163982,2017,US
W2016381774,1963,US
W2083896568,2000,US
W4233860625,1963,NA
W1879228936,2008,NA
W2792778232,2014,NA
W2167489963,2003,TW;US
W2003108218,2011,IT
W4246801329,1997,NA
W74309434,2012,NA
W2079786190,1972,NA
W2810393426,2019,CA
W1978181142,2006,CA
W391748452,2000,NA
W2101481293,2005,CA;US
W6950326015,2020,NA
W2095503871,2012,GB
W1587351043,2002,ES
W2019433909,1996,US
W1987417459,1999,NA
W2552787576,2016,CA
W3164811409,2005,NA
W2005024168,2013,FR
W2060287121,1996,NA
W1501111391,2021,NA
W7096187075,2013,NA
W1597655096,2000,NA
W2589089426,2006,NA
W3012902152,2000,NA
W2096602285,2000,GB
W2769497875,2017,NL;US
W2138416111,1994,NA
W2090687959,2014,DE
W2783099413,2018,GB
W4255468330,2002,NA
W75943607,2002,NA
W1592805114,2008,CA
W1609201029,1999,CH;US
W2982415327,2016,NA
W2094471776,2001,US
W2495488007,1999,NA
W2094810127,2010,NA
W2505973623,2014,NA
W6949549905,2023,CN
W1985290387,1984,NA
W2069299826,2012,CZ
W601198322,2015,NA
W2055768487,2001,US
W2509595411,2016,NA
W1992991762,1973,US
W3101827180,2006,NA
W1531131791,2007,NA
W7037111600,2015,NA
W1976562506,2004,GB
W2158195707,1999,GB;US
W4253896631,2019,US
W1556263870,1953,NA
W2064651093,1968,NA
W4413867247,2025,NA
W2085263611,1989,PL
W4235053634,2003,NA
W4238346259,1995,NA
W2079248494,2013,NA
W2159247125,2011,CA
W2522997537,2016,CA
W4245935542,2012,NA
W2990662234,1988,NA
W6925718331,2005,NA
W2166138876,2011,FI
W6887619536,2024,NA
W2519428086,2002,JP
W3093721400,2021,FR;US
W6982481461,1934,NA
W2062548243,2002,NA
W2109154616,2004,US
W1530933250,2006,NA
W3105155400,2004,PL
W1591042079,1998,NA
W2022952739,1972,NA
W77947639,2012,DE;NL
W4255681655,2012,NA
W2062362382,1984,NA
W2608063338,2008,NA
W6892666194,2017,FR
W4243919672,2001,GB;US
W1577916321,2007,IE
W2144331291,2004,GB
W1973816953,1989,NA
W6990434623,1998,NA
W4245089289,2010,NA
W2000411838,2014,US
W2250384109,2015,DE
W2128554541,2006,BR
W1965611256,1959,NA
W2077642983,2001,GB
W6968777524,2016,NA
W1559651171,2004,NA
W4238794129,2012,AU;GB
W78469058,2011,NA
W358099420,2012,US
W2502601067,2005,CA
W2811235538,2018,CZ;DE
W2744047851,2016,NA
W1566981002,2007,NA
W3090462667,1933,NA
W6958770291,2015,NA
W4239045648,2003,NA
W359302956,2001,NA
W1536258620,2002,NA
W2118537526,1998,US
W2746685337,2005,NA
W2787026234,2016,NA
W1531980706,2012,NA
W2503391776,2012,DE
W2127990839,2002,US
W6969130777,2021,DE
W7017241622,1998,NA
W6911441022,2024,NA
W4255236075,2010,NA
W2725572208,2011,NA
W2536045881,2009,IL
W2146793826,2011,PL
W2586422092,2006,NA
W2120438589,2004,DE;IL
W1485092691,2017,IT
W2124645731,2007,NA
W2887770551,2013,NA
W2079098866,1949,NA
W2288967463,2015,TR
W2970540476,2019,DE
W2797674557,1968,US
W2767339331,2017,GB;GR
W3138270718,2019,NA
W1505563434,1994,NA
W1985837111,2010,US
W6903470329,2004,NA
W2093585241,1988,NA
W2802658270,1979,NA
W6930859263,2016,DE;US
W1972309850,2005,US
W2041160344,1988,US
W2322163716,1941,NA
W1996630280,1986,GB
W2551695166,2003,NA
W2244663144,2006,NA
W2043241530,2015,CA
W1490900266,2000,NA
W2061569511,1994,NO
W2283896450,2016,AE;AU;GB;US
W1520154667,2011,NA
W1511154379,1992,NA
W1604670894,1928,NA
W2606134370,2017,NA
W2503991758,2013,US
W2082734006,1990,NA
W2168820179,2005,NA
W2803077893,2018,NA
W104687948,2011,NA
W2782497824,2017,NL
W1600528196,1950,US
W2552637713,2014,NA
W2770169988,2017,GR
W120505575,2006,NA
W4288577476,2019,BE
W2126069159,2003,US
W6940242996,2015,NA
W2130568803,2004,US
W2915330791,1957,NA
W4248819128,2018,NA
W861917484,2013,NA
W2045053583,2008,US
W2809924942,2018,US
W596698139,1996,NA
W2077807669,1991,NA
W2331222072,1994,NA
W2005026207,1998,NA
W1483947680,1998,US
W1461677342,2005,US
W2527954684,1991,NA
W581737134,2009,US
W2966366179,2019,RS
W1521082019,2004,NA
W2578532545,2016,GB
W1744411523,2013,NL
W2000061444,2008,GB
W2794887222,2002,NA
W2100772444,2002,US
W1903314806,2012,NA
W2154687603,2004,NA
W2068737686,1992,US
W4244266134,2014,NA
W2497214180,1999,NA
W4235637372,2010,NL
W2064865952,2010,GB;US
W2894935079,2016,US
W2902508773,2018,AT;IE
W2059837179,1988,US
W2006799216,2015,NA
W2230310712,1993,NA
W2131846894,2003,GB
W2158878127,2012,ES
W1517655337,2010,NA
W3005206189,2020,NA
W1988559090,2013,IT
W2070821333,2011,CA;CN;DE;DK;GB;JP;US
W3167589165,2016,NA
W6906762396,2023,NA
W653699326,1998,NA
W2171770233,2004,US
W84421257,2003,AU
W1983612178,2012,FR;NL
W4300888870,1963,NA
W2085405286,1992,US
W4253644327,1970,NA
W3166389337,2021,DE
W1590526014,2008,US
W2064199332,2009,NA
W1601018556,2000,NA
W2490280295,2014,NA
W4235471620,1991,NA
W2967279932,2019,TH
W2990637313,2019,NA
W4246319690,1992,NA
W7046611103,2013,NA
W6908147609,2011,NA
W2437169250,1998,NA
W1996216563,2014,US
W2102952322,2005,NA
W2312191608,2012,FR
W2025052569,2011,GB
W2980783467,2019,DE
W2325088437,1992,NA
W6977823241,2011,NA
W1623284604,1998,GB
W2102516547,2012,GB
W1840065400,2010,NA
W3046198670,2014,NA
W2001490587,2005,FR;NL;US
W2134877473,2009,DE;FR
W1991276630,1991,US
W3105790084,2005,NA
W1985013216,2003,SE
W7030554108,2003,NA
W7034544898,2004,NA
W2101524054,2007,CH;FR
W4302587129,2017,NA
W2138162781,2014,NA
W6950046021,2021,US
W2496517460,2008,NA
W2054994926,1982,NA
W2138682483,2008,CN
W2124947132,2004,GB
W1995915182,2002,NA
W2602724110,1992,NA
W4386909357,2009,NA
W2485990185,1980,NA
W2214276702,2015,US
W1978581818,2014,BE;PL;US
W1992766957,1992,GB
W2518582612,2016,NA
W2597324244,1986,NA
W2037952861,1968,NA
W4230826498,2015,CA
W2166354010,2008,US
W4235330398,1981,US
W1986874010,1977,US
W2264907413,2009,NA
W2306941010,2015,US
W2083790658,2012,NA
W2047880469,2012,US
W3168420064,2020,FR;JP;VN
W1966290122,2006,ES
W2123327389,2013,ES;GB;US
W2782874623,2017,IN
W2490389971,2010,NA
W2602495519,2016,CH
W2142687753,2001,US
W2116456623,2012,US
W6949615150,2002,NA
W2328607730,2001,NA
W2005945371,1975,NA
W4229528790,1986,NA
W2247258241,2000,NA
W1985690616,1994,FR
W2332189924,2014,NA
W2803217089,2018,NA
W1967390364,1948,US
W2400244588,2010,NA
W2895982685,2018,US
W2796946859,1990,NA
W2141419290,2009,GB
W2034411046,2007,NA
W1552616512,2003,US
W1602070487,2002,NA
W1597388772,1977,NA
W2142819620,2013,GB
W2143210257,2007,US
W2768581363,1973,US
W6899185097,2018,NA
W2020208628,1969,NA
W4229701392,2009,NA
W2065885317,2000,NA
W2486487162,2004,NA
W81647972,2009,NA
W2507246375,2012,US
W2416130262,2010,CA;NO;US
W4388119441,1998,NA
W2400962361,2009,NA
W2508577670,2009,IT
W2395497153,2009,NA
W4207017606,2009,AU
W2906665827,2018,US
W4205460017,2011,US
W2900326774,2018,US
W4230794088,2015,NA
W2290080725,2009,US
W1500370779,2009,NA
W4251605192,2014,US
W4416522397,2015,NA
W4416180778,2019,DE;FR
W7112684175,1979,NA
W7112454024,1979,NA
W7112513551,NA,NA
W7112314036,1962,NA
W7113790797,1976,NA
W7113077945,1974,NA
W7113462172,1986,NA
W7113004984,1939,NA
W2266285465,1980,NA
W2079343548,1980,NA
W7111510391,1964,NA
W7111744870,1969,NA
W7006372223,1980,NA
W7112996022,1976,NA
W7113016583,1953,NA
W7070369934,1996,NA
W7114376740,1986,NA
W7114478478,NA,NA
W7114105911,1938,NA
W7114529611,1986,NA
W7114360039,2002,NA
W1545069372,2009,NA
W2517977593,2015,NA
W4366762280,2023,NA
W4389179896,2023,NA
W4388154864,2000,NA
W4386985043,2023,NA
W4387365632,2023,NA
W3039824088,2020,US
W23877219,2000,NA
W563979812,2019,NA
W4385726594,2023,NA
W4390564658,2021,NA
W4388323954,2005,NA
W4390613991,2024,NA
W4390911412,2004,DE
W4387365658,2023,NA
W4388779580,2006,NA
W4392558196,2024,NA
W4388780004,2006,CA
W4390579868,2024,NA
W4391777080,2006,NA
W4401339479,2024,CA
W2165873576,1998,NA
W2791186883,1931,GB
W2478371279,2013,US
W1986007610,1974,CA
W2144823786,2001,DE
W2109578190,2007,NA
W2103219254,2014,US
W2169570446,2004,US
W2123442489,2014,US
W2163385868,2011,NA
W2122332016,2012,NA
W2096578078,2008,GR;IT
W2134283030,1984,NA
W2535365587,2016,GB
W7118840890,2025,DK
W2963780471,2016,US
W2953457250,2016,NA
W2952276524,2019,DE;FI;GB;SE
W2065862320,1993,NA
W1992389917,2015,SE
W2918775500,2019,NL
W2396414759,2012,NL;US
W2903298154,2018,CA;DE;SA;US
W2766137647,2017,DE
W1996712551,2003,NA
W2109688704,2006,US
W2114084204,2004,US
W2151458682,2005,US
W1646853841,2010,GB
W2037569144,2008,HK
W2151554142,2004,GB
W2160355410,2012,US
W2080830759,2005,GB
W2111099669,2012,AT
W2492922441,2016,CN;GB;MX;SA;SG
W2157004265,2014,GB;US
W2074709118,2005,US
W2132202037,2007,US
W2018013323,2002,US
W2566708345,2016,CA
W2973894996,2019,DE
W2157900633,2010,US
W2560257216,2018,US
W2059364951,2008,GB
W2415520783,2015,US
W2321813347,2013,US
W1968422660,2014,CA;DE;ES
W1970476061,2009,US
W2047864778,2009,US
W2091952912,2011,FR
W2041532239,2014,GB;US
W2110631042,2009,IT
W1810848165,2013,US
W2107067440,2005,GB
W1600716602,2010,GB;US
W2087628652,2015,DE;ES;GB;LU;ZA
W4232616145,2014,DE;ES
W2127127580,2008,FI
W2018920031,2015,DE;US
W2040298842,2013,GB
W2107061852,2007,US
W2056473723,2004,GB
W2777794874,2017,US
W2048176942,2014,US
W2123152121,2011,US
W2087392613,2009,DE;NL
W2063324404,1992,US
W2568636341,2016,CA;NL
W1996640618,2006,CA;CH;RS
W2054581441,2010,GB
W1969116892,2004,JP
W1971565588,2015,CA
W2108982845,2011,US
W2015953751,2006,US
W2160133849,2012,CA;NL
W2090581643,2005,GB;NL
W2117823388,1998,US
W2752167790,2017,CH;GB;US
W2044624726,2013,US
W2126530744,2014,PT;US
W2086096185,2014,US
W2551892342,2016,DE
W2145640629,2006,NL
W1962895639,2013,BR
W2897630418,2018,AU;BE
W2120841887,2011,GB
W2749000656,2017,CA
W2901565633,2018,BE;FR;US
W2171114294,2007,SG;US
W3041501620,2020,US
W2739351760,2017,ES;GB;US
W4255104612,2012,NA
W2036242330,2009,GB
W2096788288,2007,FR
W2789849100,2010,US
W1971648245,2015,GB
W2121003513,2005,US
W2534693011,2016,RU
W1978924740,2010,IL;US
W1969790497,2015,US
W4248575338,2002,CA
W1935857547,1998,DE;NL
W1508029622,2010,ES
W1554338108,2005,CA
W1147131037,2015,US
W3174007554,2021,US
W4414176514,2000,NA
W4394869660,2024,NZ
W2065450758,2011,CA
W1526666271,1996,US
W641648849,2020,NA
W2605210232,1976,NA
W3012289950,2020,GB;NL
W4253766863,2000,NA
W2985141934,2019,NA
W2898247218,2018,NA
W2587380683,2016,NA
W2786709099,2018,NA
W2931020970,2018,NA
W2586163947,2016,NA
W4247740782,2016,NA
W2988314392,2019,NA
W2032641371,2011,US
W2401667852,2016,NA
W2587367367,2016,NA
W4245219258,2012,NA
W1614153315,2000,NA
W2952411148,2019,NA
W4400937814,2024,AU
W4375846273,2023,NA
W3173585910,2012,NA
W7126984340,2006,NA
W7099890327,2009,NA
W2041587194,1992,NA
W7127645168,2026,NA
W7043372014,2009,NA
W2963166708,2016,CZ;FR;IL
W6990119105,1994,NA
W7111736489,1996,NA
W7071188038,1925,NA
W7126855451,2004,NA
W7070024159,1979,NA
W2886197253,2016,FR
W2964325543,2016,US
W7018561462,1894,NA
W7074712421,2009,NA
W4408719302,2025,NA
W7126937737,2003,NA
W2500995040,2015,NA
W2228111448,2012,US
W7075738930,2020,NA
W7035809735,2010,NA
W6997177263,2009,GB;US
W2791431999,2017,NA
W7064817370,2015,NA
W2998038439,2004,NA
W2265009408,2015,NA
W7041051692,2000,NA
W7007725678,2001,NA
W7003027895,NA,NA
W7061640699,NA,NA
W1491548997,2013,NA
W7015548651,1997,NA
W7011951797,2000,NA
W7051801425,1999,NA
W7030806321,NA,NA
W7062845698,2012,NA
W7021134219,2010,NA
W7074596581,1963,NA
W7061022601,2005,NA
W7038953021,2017,NA
W6986202369,2012,NA
W7064845124,NA,NA
W7006598113,1989,NA
W7004029576,2011,NA
W7065041631,2003,NA
W6999808968,2010,NA
W7046389074,2009,NA
W6997323363,NA,NA
W7038654492,2021,NA
W7037418667,2000,NA
W7006652478,2007,NA
W6992397365,1981,NA
W6999060486,2014,NA
W2281733440,1942,NA
W6990410328,2000,NA
W7048140255,2008,NA
W7065923403,NA,NA
W7040521184,NA,NA
W7039290966,1690,NA
W7013056591,2005,NA
W7053025064,2015,NA
W7019594092,1905,NA
W1970060284,2005,US
W7009058180,NA,NA
W7005658332,NA,NA
W7038956442,2012,NA
W2588096129,2007,NA
W7018730991,2016,NA
W1998017916,1999,SE
W7014948528,2011,NA
W7011375700,2002,NA
W7008283082,2001,NA
W7009624085,1776,NA
W7020234064,1900,NA
W7037542471,1850,NA
W6983426418,1994,NA
W2738095403,2001,NA
W7008988389,NA,NA
W7067614999,1970,NA
W7073906305,1992,NA
W6979744424,2012,NA
W7023929096,2021,NA
W7054153598,1980,NA
W2734403486,2012,NA
W7061131221,2009,NA
W7001665652,1935,NA
W6992362952,2015,NA
W6903078910,2025,NA
W7042869629,2018,NA
W6988460742,1965,NA
W2554417355,2012,DE
W7066052241,NA,NA
W7039245801,1994,NA
W2951417424,2008,NA
W2765860937,2009,NA
W7029223300,2001,NA
W7038150837,1990,NA
W6990040239,2004,NA
W181655641,2013,NA
W7046629465,NA,NA
W1543664037,2002,NA
W2110430935,2012,US
W7046289768,2000,NA
W7065267127,NA,NA
W7024948675,2012,NA
W2790034311,1972,NA
W2780729420,2006,NA
W7057712074,1996,NA
W2572781421,2012,NA
W7046334563,2022,NA
W6940710098,2001,CH
W7058531035,1989,NA
W7070834018,NA,NA
W6982895684,1994,NA
W6997366023,2022,NA
W7024843642,NA,NA
W7020718167,NA,NA
W7042459320,2010,NA
W7010312374,NA,NA
W7139770266,2013,NA
W3021100291,1995,NA
W7038316447,2016,NA
W7074675592,2011,NA
W2290931995,2011,US
W7075709295,NA,NA
W4297455884,2006,FR
W7047185892,2005,NA
W1887844026,2006,NA
W7033143972,1996,NA
W4300974084,2014,NO
W7000097375,2009,NA
W199768833,2012,NA
W4297623726,2018,NA
W3157685993,2008,NA
W1504882515,2010,HK
W7027797959,NA,NA
W1585253456,1997,NA
W7012555927,2014,NA
W6982036943,2015,NA
W6961110782,NA,NA
W6992736673,2009,NA
W2765163796,1991,NA
W7074718125,2005,NA
W7029045749,1997,NA
W2117772055,2011,IT
W6997288753,2017,NA
W2726946234,1994,NA
W2980859365,2016,NA
W7024999962,2023,NA
W7027493891,2014,NA
W7052147655,NA,NA
W7113208709,2003,NA
W7007112696,1962,NA
W6989696805,2009,NA
W7015780006,2016,NA
W7065681446,NA,NA
W7008774297,2012,NA
W7036874911,1870,NA
W7010228836,1994,NA
W7062604876,2014,NA
W6992661728,NA,NA
W64890175,2013,NA
W7005447959,2007,NA
W7037239790,2011,NA
W7011009193,2016,NA
W2797108224,2012,NA
W7036995217,2006,NA
W7043396348,2007,GB
W7038169804,2007,NA
W6987226518,2004,NA
W7052233211,2004,NA
W7011008905,2021,NA
W7044157056,2014,NA
W7015078160,2014,NA
W6995191643,NA,NA
W2683648933,2016,CH
W6989584036,NA,NA
W127033928,2005,NA
W6980111131,2011,NA
W7017917765,2012,NA
W7042199846,2004,NA
W7048818911,NA,NA
W7006201472,2008,NA
W7028615529,2000,NA
W2502529050,2015,NA
W7009784547,2009,NA
W7028958021,1996,NA
W2279527642,2013,NA
W7068956263,2013,NA
W4412284883,2011,NA
W7025804456,1994,NA
W7009742174,1946,NA
W7042878757,2017,NA
W7047347332,2011,NA
W7115381980,1982,NA
W7112046915,1994,NA
W7073903936,NA,NA
W7110861547,NA,NA
W7110533573,2011,NA
W356284649,1992,FR
W7052674758,2011,NA
W7139575676,2009,NA
W7111374187,NA,NA
W7111039393,NA,NA
W7115246528,2007,NA
W6991255869,1999,NA
W7050790441,2014,NA
W7113811948,NA,NA
W7110901211,NA,NA
W3111638845,2013,NA
W7038230298,1788,NA
W820840726,2007,FR
W2790696069,2007,FR
W7026551156,2012,NA
W2545802220,2014,DE;FR
W7110941411,NA,NA
W7111054119,NA,NA
W7115246989,1981,NA
W7120327764,1996,NA
W7034250006,2018,NA
W6892941053,2024,NA
W7042488450,2015,NA
W7059670930,2008,NA
W7010131361,2009,NA
W4206865782,2016,FR
W7070794279,2015,NA
W6996801976,2006,NA
W7075306996,2014,NA
W6939547133,2014,NA
W7094612236,1998,NA
W6999892104,2018,NA
W6960717777,2025,NA
W6994224836,2023,NA
W7008733197,2013,NA
W2108557656,2022,AU
W7096738107,2000,NA
W7100340648,1999,NA
W7096886529,2001,NA
W7097727053,2012,NA
W7098417668,2008,NA
W7099424634,1990,NA
W7095739496,1998,NA
W7099146525,2009,NA
W2796460583,2018,NA
W7096332238,2000,NA
W7098788843,1998,NA
W7098766032,1994,NA
W7098356159,2011,NA
W7097033338,2001,NA
W7097490006,2007,NA
W7097406138,2002,NA
W7095373493,1996,NA
W7095177802,2001,NA
W2548085508,2015,FR
W7095876290,1995,NA
W7100291438,2015,NA
W7099803605,2003,NA
W7100053171,2003,NA
W7098969823,2008,NA
W7099513236,2008,NA
W7097692178,2005,NA
W7096057817,2014,NA
W7098032434,2010,NA
W7096742687,2008,NA
W7096591907,1999,NA
W7096561526,1994,NA
W7096652812,2011,NA
W7096668543,2002,NA
W7096224669,2009,NA
W7096470528,2008,NA
W2502435097,2002,NA
W7095742207,1996,NA
W7095687610,2002,NA
W2904024594,2016,US
W7099265960,2001,NA
W7097271429,2007,NA
W7098338123,2016,NA
W7099699246,2005,NA
W7095904141,1993,NA
W7096069308,2008,NA
W7099361228,2012,NA
W7096190242,1999,NA
W7096205687,1991,NA
W7098033776,2002,NA
W2251071463,2013,FR
W7095450354,2007,NA
W7095649744,2011,NA
W7095213727,2003,NA
W7096458080,2004,NA
W186125810,1998,GR
W7034089035,2007,NA
W7100454160,2003,NA
W7100390486,2006,NA
W7095263116,2004,NA
W7095080199,1996,NA
W7096610721,2008,NA
W7095418070,2015,NA
W7095747741,2008,NA
W7099226481,1995,NA
W7099196268,2000,NA
W7100056536,2007,NA
W7097166530,2014,NA
W7098056363,1996,NA
W7097551157,1988,NA
W7097526376,2004,NA
W7100145908,2008,NA
W7100353312,2012,NA
W7098636999,2004,NA
W7101149990,2013,NA
W7095546731,2001,NA
W7095530963,1995,NA
W7100168400,2003,NA
W7100172240,2003,NA
W7039581999,2002,NA
W7096628252,2009,NA
W7096548625,1996,NA
W7096654840,1996,NA
W7095984041,2004,NA
W7095877319,2003,NA
W7098957830,2001,NA
W7100556966,2008,NA
W7096243826,2009,NA
W7096410731,2003,NA
W7099158202,2002,NA
W7100356736,1996,NA
W7099045397,1995,NA
W7096822620,2001,NA
W7099427446,2013,NA
W7097162241,2011,NA
W7096418607,2004,NA
W7096425038,2007,NA
W7097711224,1998,NA
W7098812546,2009,NA
W7100976984,2002,NA
W7014857506,1997,NA
W7100890537,1986,NA
W7101110212,2002,NA
W7095805730,1999,NA
W7096074923,2015,NA
W7099156580,1993,NA
W7098433570,1971,NA
W2560341749,2016,GB
W2548957182,2016,NA
W40617580,1989,NA
W7099648918,2007,NA
W7097427408,1999,NA
W2181653006,2004,NA
W7098864067,2012,NA
W7098778251,1964,NA
W2342934368,2016,DE
W7130836848,2026,NA
W2477855741,2010,NO;PT
W2476395526,2003,US
W2328159343,2013,NA
W2240774691,2010,GB;IE
W2123703620,2009,US
W3141739398,2009,NA
W2080328584,2010,JP
W2403177987,2015,GB
W2400430240,2012,GB
W4248665398,2015,US
W2050762370,2014,US
W1822914333,2013,NL
W4229859872,2007,US
W1519276832,2002,GB;HK;IL
W1507445946,2005,DE
W2180385733,1983,CA;US
W7133450169,2014,NA
W7125764761,2007,NA
W1975088211,2010,US
W2510141903,2016,AU;IN
W2516007590,2016,DE
W3040504253,2020,DE
W2175506846,2012,CA
W2100209351,2009,GB
W2100585253,2012,MX
W2605354388,2016,DE;FR
W3106109117,2020,US
W2250251786,2013,US
W2087232538,2003,NA
W2017473312,1958,US
W2008606993,2009,US
W2120699290,2012,IT
W6981203250,2005,NA
W6960007273,2018,NA
W7094312842,2014,NA
W1543551786,2003,NA
W2765932569,2017,US
W7016067423,2011,NA
W6922427456,2018,NA
W7065454666,2006,NA
W1506553119,2011,GB
W1561585380,2010,NL
W7134636139,1940,NA
W4242301167,1996,NA
W268325185,1992,NA
W7020780038,2011,US
W2125455313,1999,US
W7067996997,2004,NA
W651588516,1996,NA
W2006134061,2008,BE
W7134591889,1989,NA
W2160467647,2018,US
W2539734444,2015,NA
W2080947572,2000,FR
W1983721404,2006,SI
W2048564356,2013,PT
W1528517732,2000,NA
W6999105280,2013,NA
W7032197841,2005,NA
W2251939518,2013,US
W2618917656,2015,NA
W7071805827,2018,NA
W2047317708,1988,US
W7014405907,2010,NA
W2995081904,2018,NA
W4242019303,1998,SE
W4417220280,2021,NA
W6996481106,2007,NA
W3128577009,2016,NA
W4377821387,2009,US
W4389052825,2023,AU;IE
W2591157735,2010,US
W2073247008,1968,NA
W2331813863,1954,NA
W7135878553,2006,NA
W7137618269,2009,NA
W7135639586,2004,NA
W7038646901,2010,NA
W7043474596,2014,NA
W2951673217,2019,NA
W7139260203,1989,NA
W7067455183,2009,NA
W7042366220,2002,NA
W4288083516,2018,CH;US
W2974145818,2008,NA
W6995779217,2003,NA
W146450714,2005,FR
W7139270142,2003,NA
W3142588439,NA,US
W7024321782,1999,NA
W7139257361,1997,NA
W634102501,2004,NA
W4393179723,2003,FR
W6888022276,NA,NA
W7075296291,2008,NA
W2763464903,1999,NA
W7010609621,NA,NA
W7138923201,2026,US
W2015430201,2014,ES;GB;GR
W6991830230,2020,NA
W7015176520,2005,NA
W7070996175,2012,NA
W7046161085,2015,NA
W7048270743,1996,NA
W2035190383,2012,AT
W2002896674,2013,NO;US
W4252824898,2014,NA
W2523604920,2016,IT
W2173468644,2014,DK;ES
W2171855813,2014,IT;RO
W2152304295,1962,DE;US
W2048084432,2013,GB;US
W1948996485,2014,DE
W2039534987,2013,NA
W2772262375,2017,MX
W2040121976,2013,DE
W2095450635,1999,FR
W1721376966,2013,FR
W1999797504,2014,AU
W2469989167,2016,FR;PK
W2514595066,2016,FR
W3020220874,2020,NA
W1570544052,2011,NA
W2120267536,2012,DE
W2324873366,2010,NA
W2805196829,2018,BE;EG
W3196647872,2021,NA
W2013095479,2013,FR
W4200162648,2021,DE;US
W2461953383,1963,CA
W1994134586,2011,US
W2003494254,2011,GB;US
W1632114991,1993,US
W2169248012,2013,DE;US
W1854024133,2015,FR
W2970392061,2019,JP;US
W4408660048,2009,NA
W2289442414,2015,IN
W2562708093,2016,FR
W3153865529,2021,US
W2473994494,2016,DE
W2470839140,2016,DE
W2461048813,2016,DE
W2461969232,2016,DE
W2466716993,2016,DE
W68178626,2014,NA
W2085651290,2009,NA
W2666003972,2017,DE
W2473317074,2016,DE
W2475031433,2016,NA
W2962752656,2016,DE;FR
W2330763494,2015,DE
W2316577050,2016,AT
W3133650632,2021,CZ
W4393816883,2021,CN;JP
W3033442791,2020,GB
W6940067370,2025,NA
W6968400446,2019,GB;IT
W2995027983,2019,US
W2889872358,2018,SE
W4226285788,2022,AT;DE;RU
W6893845480,2021,DE
W2767637721,2017,PT
W3157875203,2021,CH;US
W4210343982,2022,BG;BR;CZ;DE;DK;ES;FR;GB;HU;IS;IT;LT;LV;NL;PL;SI
W2618360734,2017,DE
W2910465902,2019,FI
W6893768806,2021,NA
W2755282343,2017,NA
W2770811590,2017,NA
W6962681671,2020,DE
W3197451302,2021,CA;US
W2754254297,2017,DE
W6968490090,2021,DE
W3158084495,2021,CZ
W2890802767,2018,DE
W2953821062,2019,AU;CH;DE;US
W2769563773,2017,US
W6921555696,2025,NA
W3211217078,2019,AT;DE;DK;RU
W4225361448,2022,DE
W2117539524,2015,US
W2110559753,2006,CA
W2126552603,2006,GB
W2137045791,2008,NL
W2282241625,2012,US
W326132479,2012,IE
W7009018659,1956,NA
W2005422315,1999,US
W1994261170,1997,CA
W2163830255,2012,NA
W2302501749,2016,BE;BR;CH;CN;DE;ES;GB;NL;SE;US
W4235169531,1985,US
W2066636486,1998,US
W2482616518,2007,NA
W3155002036,2019,NA
W1861492603,2014,US
W3010336026,2021,AT;CL;DE;ES;FR;GB;IT;NL;SE;US
W1970301364,2011,ES;IT;US
W2164777277,1977,NA
W2112796928,1998,CA;US
W2135880665,1993,US
W4256272487,2006,US
W1992680037,1983,NA
W1500693574,2012,RU;US
W2054582128,1980,NA
W2885145646,2016,NA
W1899663285,2005,ES
W2383325189,1995,NA
W2613746244,2012,NA
W2887390018,2013,NA
W2249196960,1987,NA
W1510934735,2008,GB
W1601614949,2008,NA
W2893072254,2011,NA
W2886071646,2016,NA
W2206650717,2014,NA
W2032904020,1986,NA
W1984260138,1972,NA
W1912336655,2010,FR
W1522777881,2011,NL
W1494152264,2006,GB;JP
W3146248460,2007,NA
W89002645,2001,NA
W2795737701,2006,NA
W2101443534,2003,NA
W2613653758,2000,NA
W2953059768,2011,NA
W2885569714,2012,NA
W2408356685,2000,NA
W2886103318,2016,NA
W3148529547,1998,NA
W6980478920,NA,NA
W2383152463,2004,CN
W51635543,2006,NA
W1545281081,2004,US
W576469950,2005,NA
W2886922402,2016,NA
W197639590,2002,NA
W949808481,2009,NA
W2885764140,2013,NA
W3016736477,2007,NA
W371285397,2015,NA
W367514144,1964,NA
W2435251607,1997,NA
W2264996810,2005,NA
W1761842824,2011,AU
W25595769,2014,GB
W2573033155,2014,US
W658583817,2005,NA
W2887009956,2016,NA
W1607270978,2002,NA
W2144180554,2011,NZ
W623086534,1986,NA
W2123523568,2007,NA
W286430144,2011,US
W574728154,1973,NA
W2977707301,2012,NA
W2159426623,2009,US
W10536688,2000,US
W1496464855,1987,NA
W1531315709,1966,NA
W2255925181,2004,NA
W2893240443,2010,NA
W2893520602,2010,NA
W562861490,2003,NA
W623046565,2000,NA
W1537351552,2002,NA
W606701820,2007,NA
W2251758222,2012,US
W2120820700,2004,NA
W1559172563,1993,US
W271065003,1970,NA
W2980734172,2018,NA
W603586033,1993,NA
W1993062368,1992,NA
W276530374,2008,NA
W643071980,2000,NA
W1468262495,2005,NA
W1498506311,1991,NA
W617187255,2008,NA
W2284058874,1997,NA
W1608870584,1984,NA
W2156695938,2010,US
W2339119091,2015,NA
W2181382436,2010,NA
W23762829,2004,NA
W640273511,2006,NA
W1542830598,2011,NA
W367099195,1964,NA
W2286467007,2006,NA
W2887254009,2013,NA
W2251186911,2012,SE
W1509789153,2012,DE
W2558593640,2011,NA
W2105151156,2006,US
W2405657842,2011,NA
W318090680,1982,NA
W2886147593,2013,NA
W1640287562,2010,GB
W2398854657,2006,US
W43416609,2008,IT;US
W2886614784,2012,NA
W2921686929,2006,NA
W2513609053,1991,NA
W1519489172,1988,NA
W1517263911,2001,NA
W84649810,2002,NA
W2411095991,1947,NA
W152717974,2010,CA
W3158397894,2004,NA
W597688177,2005,NA
W1930377306,2005,CN
W3167637568,2004,NA
W2885917036,2016,NA
W2950148221,2011,NL;SE
W378412686,1965,NA
W1539861085,1999,GR
W2260964895,1991,NA
W3013596877,2016,NA
W11245674,2001,NA
W2892728612,2011,NA
W2885933950,2013,NA
W655142565,2009,NA
W2954569332,2010,NA
W2885476295,2013,NA
W70524345,2007,US
W1530124122,1999,NA
W564644726,2003,NA
W2574488981,2016,DE
W1605860798,1994,US
W1496535410,2000,GB
W2892687524,2011,US
W2886030762,2012,NA
W2108612475,2002,NA
W2885505080,2016,NA
W2612713860,2016,RU
W2993824365,2013,NA
W577304239,2009,NA
W2251460488,2012,US
W250721080,1990,NA
W360123920,1968,NA
W2952362487,2009,NA
W3121417828,2005,NA
W2160145247,2003,NA
W1545396636,1996,US
W2164641162,1998,GB
W2118595535,2015,TW
W2588038987,2006,GB
W1907791675,2010,NA
W97109095,2012,NA
W1560190766,1981,NA
W164389521,2008,CH;US
W1534191908,2010,NA
W1539772865,2010,DE;NL
W2371944409,2007,NA
W649152147,1999,NA
W646455380,1996,NA
W769551439,2015,NA
W2768449341,2012,NA
W65741422,1998,NA
W2230538813,2000,NA
W3122779281,2007,NA
W285934129,1967,NA
W3153500075,2006,NA
W582199770,1999,NA
W621459162,1969,NA
W2293122125,2012,DE;NL
W3123421291,2010,NA
W833394931,1988,NA
W2886456703,2012,NA
W189514963,2000,DE
W366101585,1961,NA
W654960185,1999,NA
W2893320962,2010,NA
W78187646,1998,NA
W94980963,2004,NA
W2579698039,2016,NA
W246714797,2011,US
W235857814,2007,NA
W1677329833,2010,NA
W114046849,2012,NA
W1565410409,1992,NA
W649154780,1998,NA
W2595597845,2014,NA
W2885704067,2012,NA
W1929585199,2013,PT
W2099757732,2011,DE
W1893213668,2010,AU;PL
W2033816062,1997,NA
W593918636,2015,NA
W105489431,2006,NA
W7062976017,1896,NA
W2098571233,2007,US
W1583443013,1999,NA
W2885604034,2012,NA
W2916431376,2016,NA
W615921396,2005,NA
W2809828462,2014,NA
W3137908676,2020,NA
W182347432,2007,NA
W600516192,1975,NA
W2587774128,2010,NA
W1616984885,1994,NA
W2277795758,2008,NA
W1482727051,1991,NA
W1549155190,1993,NA
W1647671624,1965,NA
W2886342536,2013,NA
W2885859380,2013,NA
W2141599568,2013,CZ;US
W2111536437,2008,AU;ES
W1533626832,1980,NA
W2100549774,2005,US
W8665436,2013,NA
W571716946,1932,NA
W2950268498,1996,US
W2613337034,2015,NA
W606676458,1997,NA
W978169828,2009,NA
W3147120178,2005,NA
W163388907,1992,NA
W3171891390,2009,NA
W2832198302,2010,BR
W2885925078,2013,NA
W2473192031,1983,NA
W2467435212,2000,NA
W1981202432,1998,US
W307909899,1992,NA
W1544505227,2010,DE;ES
W81264927,2013,NA
W566590153,1957,NA
W2599247984,1998,NA
W199541590,2001,NA
W2342235915,1986,NA
W3104752447,1974,NA
W1600280244,1950,NA
W1566638872,2012,NA
W1564857700,2008,US
W3015366174,2006,NA
W31196775,2011,US
W1956885672,2010,DE
W182492478,2008,NA
W2116411927,1990,US
W3110765098,1975,NA
W89704697,1995,NA
W162994997,1992,NA
W2885436780,2013,NA
W3040576955,1999,NA
W1598436092,2009,NA
W118828078,2000,NA
W200561625,2008,GB
W1545780902,1983,NA
W2893354938,2011,NA
W2887774344,2013,NA
W1780472831,2002,DE
W1571315002,2007,CA
W2151295812,2008,US
W98055435,2004,NA
W2885745338,2013,NA
W82945179,1990,NA
W290715465,1993,NA
W1500349723,2006,NA
W2561714694,2016,NA
W22792603,2007,NA
W1923658367,2011,DE
W601113590,2005,NA
W2885929944,2013,NA
W2403817026,2013,NA
W2173420170,1997,US
W1830951065,2008,AU
W2893401231,2010,NA
W1493108551,1994,US
W1532558977,1977,NA
W2767839253,2011,NA
W2886417752,2013,NA
W2892558802,2010,NA
W2893174480,2011,NA
W2247094401,2007,NA
W2887930215,2016,NA
W2144939131,2005,NA
W2053542249,1992,NA
W183396343,1998,NA
W2950494993,2013,CA
W1498806819,1977,US
W7568813,2012,NL
W2186174470,2010,NA
W2040002823,2001,NA
W2892527242,2011,NA
W2885887090,2016,NA
W2222661372,1992,NA
W1560189773,2011,NA
W396115858,2004,NA
W601361479,1985,NA
W129635239,1984,NA
W2138738738,2013,GB;US
W1480149598,2013,NA
W92858395,2008,US
W2344793762,2015,NA
W102951417,1998,NA
W374914522,2000,NA
W11253727,2005,NA
W432616134,1989,NA
W338462840,2004,NA
W3214833809,1990,NA
W2597349080,2004,AU
W2292232407,2005,NA
W41198089,2003,NA
W2164022341,2014,SE
W2887074340,2016,NA
W2903565856,2011,CA
W1585017066,1995,US
W2119777643,2010,DE
W2105673178,2010,US
W24137832,1975,NA
W619816177,1975,NA
W2206849251,2005,NA
W3137012968,1989,NA
W1574048057,2008,NA
W1498452254,2001,NA
W2728502293,2009,NA
W365088014,2004,NA
W2261895925,2012,NA
W1525187948,2001,NA
W3213907423,2010,US
W2526371425,2009,NA
W2189473138,2009,NA
W1509632066,1968,NA
W116097061,2004,SE;US
W1834435979,2015,US
W434198056,1998,NA
W1550172131,1926,NA
W648826063,2000,NA
W563315551,1994,NA
W2594236551,1998,NA
W2885800336,2013,NA
W2887832556,2016,NA
W2892405363,2011,NA
W2173690724,1993,NA
W2613233042,2012,NA
W1555354714,2007,GB
W1532574449,1993,NA
W2886981258,2013,NA
W1510806122,1939,NA
W1807057519,2003,GR;US
W583849466,2003,NA
W3217255791,2008,NA
W2268733724,2006,NA
W620717000,2009,NA
W2114561628,2012,US
W3107946979,1997,NA
W2101197767,2013,DE
W98354449,2006,NA
W6063220,2004,NA
W2918210060,2008,NA
W3089850975,2004,NA
W2949695381,2010,IT
W632305058,1978,NA
W2127071136,1994,AT;GB
W972977109,1995,NA
W2893715174,2010,NA
W642160029,1970,NA
W3003166071,2007,NA
W2214501117,2000,NA
W1550661103,2005,NA
W1593045043,1990,GB
W2279696016,1988,NA
W3161377175,2006,NA
W1603350713,2009,BE;CA
W276614544,2013,US
W1516789863,2010,DE;NL
W2172280999,1972,NA
W3184101687,2021,IT
W2148638861,2005,US
W1536477001,2005,NA
W2885364109,2012,NA
W1603386045,1974,NA
W1843650355,2008,GB
W3004104730,1996,NA
W2599132864,2011,NA
W2250875199,2012,GB;IS;US
W2098647075,2010,NL
W151579683,2011,CA
W1503203355,2003,US
W2885026219,2016,NA
W1553112538,2003,NA
W247261228,2010,NA
W51158779,2002,NA
W59466250,2008,US
W1541101632,1977,NA
W571248484,1971,NA
W168068709,2003,NA
W392896508,1996,NA
W2620771332,2011,NA
W2937136512,1952,NA
W242679258,1979,NA
W170186150,2009,NA
W2623685293,2017,NA
W2595570718,1889,NA
W184912254,2007,NA
W96509486,2009,NA
W1552604813,1997,CA;FR
W1929665628,1976,NA
W2962795603,2016,TW
W1568085434,2002,NA
W568222944,2001,NA
W1500849005,1988,NA
W168434859,1991,TW
W1560757032,2010,IT;US
W2153958417,1999,NA
W410503100,2013,NA
W1541761488,1965,NA
W2251792744,2014,DE
W2253330325,2005,NA
W2893436674,2010,GB
W183436898,1999,NA
W1606013962,2000,NA
W4210750349,1975,NA
W2924991041,1987,NA
W7098334505,2016,NA
W4253022320,1967,BG;US
W4252959865,2020,CA
W4244894426,2012,NA
W4244987326,1859,NA
W4229539396,1977,CA
W4206609873,1900,NA
W2801516600,2018,AT;DE
W4253337328,1990,NA
W4237274100,1997,NA
W2315944568,1999,NA
W121121973,1979,NA
W4413431304,2025,NL
W6983841977,1989,NA
W7021454139,1974,NA
W2381620735,2015,NA
W3120939083,2001,NA
W4241680724,2002,NA
W1970859146,1963,US
W2787088044,1983,FI
W6926064664,1989,NA
W2739313193,2008,NA
W2401282331,1990,US
W7074730380,2012,NA
W4233253069,2018,NA
W6947441469,NA,NA
W4298410489,2001,NA
W2147965298,2000,US
W1999937992,2012,US
W2795779899,2018,BE;DE;PL
W1981080848,2008,GB
W7030387921,2022,NA
W3165826534,2014,NA
W1547894463,2013,NA
W2496342584,2011,NA
W2127587224,2008,NL;US
W2069901186,2003,KW
W1520304437,2015,NA
W2891408580,2018,IT
W4250431678,2014,NA
W589722103,2008,NA
W2292033530,2015,BD
W2098513900,2009,GB;US
W4245041517,1980,NA
W4236616883,1920,NA
W1598851216,1968,NA
W2134814621,1999,US
W1758651971,2012,FR
W640913867,2000,NA
W2884322152,2019,GB;IT
W1579129360,2003,NA
W2795984149,2018,GB
W2159553441,2014,FI;GB;SE
W2003449425,2003,GB;MX
W2052495819,2001,US
W2090740585,2000,US
W6922386583,2015,NA
W1975830550,1994,US
W6889769864,2022,NA
W2313807763,1982,NA
W2112822796,2000,NA
W6948929144,2024,NA
W4220937527,2022,DE
W2526781987,2016,GB
W2184754740,2025,NA
W2134627713,1999,CH;US
W2004518245,1987,US
W2885159198,2019,GB;US
W1528251861,2019,NA
W1995913628,2005,NL
W2321052252,1998,GB
W2054151502,2007,US
W4243470318,2003,NA
W2524842539,2016,DE
W6963904772,2014,NA
W1786106239,2003,NO
W1635068472,1992,NA
W2076239609,2012,GB
W7017141593,1999,NA
W563221824,2004,NA
W6996756610,2006,NA
W7096984047,2016,NA
W2917213641,2014,NA
W7005570967,2011,NA
W164793848,2009,GB
W2041985188,1996,GB
W2799813130,1989,US
W2019440304,1984,US
W2324790452,2011,NA
W6931484984,2016,NA
W2057474630,2011,US
W7100530377,2012,NA
W7100755415,2015,NA
W2071902141,1985,US
W2001932471,2010,US
W4415127957,2024,NA
W2128354940,2011,GB
W4232424804,1979,NA
W1939276857,2015,US
W2799785251,2003,US
W1512818476,2008,NA
W4230659335,2015,NA
W6887792168,2014,CA
W4230115009,1997,NA
W2401306152,2009,US
W4242319719,1965,NA
W4405368393,2024,NA
W1991572852,2012,GB
W4231120181,2015,NA
W7095973812,2015,NA
W6969196718,2009,NA
W4245877441,1987,NA
W4205590498,2012,DE
W1484836944,2009,NL
W2076365206,2011,US
W4300975645,1992,NA
W2077718724,2002,NA
W4240454569,2008,DE
W2801070274,1976,NA
W4254276863,1996,NA
W2594707105,2016,NA
W2790977509,2017,NA
W2021856532,2000,NA
W2083474304,2013,NA
W6923562618,2018,NA
W2140985214,2002,GB
W1981509251,1986,NA
W3098032749,2020,NA
W4255953681,1852,NA
W2062153880,2010,US
W2942538095,2000,NA
W4245036172,2010,NA
W4229727521,2002,CA;CN
W2010631146,2006,FR;GB
W4232986404,2012,NA
W1997518940,2007,NA
W2110764733,2007,CA;US
W2038446658,1976,US
W2695210508,2016,NA
W2184425661,2015,US
W2887052060,2012,NA
W2056140546,2006,NA
W2038201841,1994,IL;SE;US
W1506811066,2010,NA
W2583401130,2017,NA
W2135733112,2002,NZ
W2093252374,2006,CA;GB
W4237892403,2000,NA
W2046328982,2009,US
W2754643028,2016,CA;US
W2017198325,2005,US
W2023044639,1998,CA
W1513836640,1988,NA
W6990097241,1989,NA
W2166947488,2011,DK
W317412983,1985,NA
W1607289359,2006,JP
W2952111767,2012,CA
W2487194617,2008,NA
W2323076272,2006,NA
W2325108967,1957,NA
W4238443967,2011,DE;GB
W6908342201,2019,NA
W4237472571,2018,NA
W2787743659,2017,DE
W2786298913,2017,ES
W2157996628,2002,NA
W4235878726,2021,GB
W2329643323,1985,NA
W2808854741,1875,NA
W3198833120,2017,ID
W2119804197,2012,US
W4299910166,1992,NA
W2331475904,1934,NA
W2498879210,2012,NA
W2066212671,2012,US
W4300092403,2015,NA
W2067745947,1979,US
W2925325374,2011,FR
W1544054969,2002,GB
W6912664918,2022,DE
W2571239659,2016,NA
W2797376168,2015,NA
W4230857708,2006,US
W4252532478,2002,NA
W2079741607,1994,US
W2800493218,1955,NA
W4229553140,2015,NA
W2343241637,2016,NL
W4251332545,1992,NA
W2799148064,2011,US
W2918810658,2019,DE
W2795636765,1998,NA
W4386985628,2023,NA
W7055846693,1993,NA
W4255004754,2017,GB
W2065769502,2000,US
W2117180230,2007,NL
W2219205294,2013,NA
W2094360630,1950,NA
W6987756846,1996,NA
W2954338133,2018,NA
W6996305111,2011,NA
W2494041114,2011,NA
W1492556827,2012,GB
W2103377156,2007,NL
W1522263329,1999,US
W1772726763,1991,AU
W4231135508,2014,US
W7027585268,2006,NA
W2487779721,1986,FR;GB;NL
W7100871172,2015,NA
W4230043625,1997,US
W7039801904,2003,NA
W2312407933,1995,NA
W1997589678,1972,NA
W2943033516,2019,DE
W304967268,2007,US
W2047713992,1998,US
W6927185706,2015,NA
W4414328614,2025,NA
W2618370955,2007,NA
W4301442932,2003,DE;US
W173640133,2012,AT;IE;IT
W7070766153,1990,NA
W2009807065,1960,US
W6893777519,2021,FR
W2087391635,1990,US
W2162407175,2010,GB
W1999591000,2007,GB
W4255168391,2016,DE
W2107315187,2011,NL
W4232973207,2004,NA
W4417365999,2018,NA
W2084569127,1988,US
W4210508250,2018,GB
W2168094638,2013,CA
W2058050023,2001,NA
W2129884094,2007,IL
W2097508847,2007,DK
W7027455185,2011,NA
W4300807487,1990,NA
W4313149887,1989,NA
W2086873754,2007,US
W7053201372,2001,NA
W7080975126,1900,NA
W7003950762,2021,NA
W2909677418,2019,NL
W1533200881,2018,NA
W2319630410,2011,NA
W7095511864,2012,NA
W3179482914,1986,NA
W7099101761,2010,NA
W2015191210,2009,DE;US
W2045194962,1979,DE
W3092503081,2020,CA
W2013093146,2011,FR;IT
W1964327035,1976,NA
W3099809208,2015,NA
W1972174622,2003,NA
W1857527683,2002,US
W2801809708,2018,NA
W2591979408,2013,NA
W625579289,1999,NA
W2006604430,2014,FR;GB
W2151659907,2015,US
W4303092061,2010,NA
W2225448313,2012,GB
W2745201332,1999,NA
W1487094871,1992,NA
W2277931188,2016,ES;MX
W188583744,2002,NA
W2040719362,1999,NA
W2625998290,2010,US
W2099951447,1886,NA
W2103850054,1993,NA
W4243001764,2009,NA
W1588213250,2010,DE
W4240633527,2013,AT;CH;DE
W4252289828,2015,DE
W2046139000,1963,NA
W6917856261,2013,NA
W313744730,2003,NA
W2808023841,2018,IE
W2073959870,2002,US
W3207314754,1999,NA
W1557628484,2011,NA
W6945050497,2002,NA
W4246820978,1994,NA
W2521593815,2011,US
W2800141205,1986,NA
W1979327299,2000,NA
W2130261113,2005,DE
W6931008252,2019,FR
W2260421091,2010,US
W124797015,1939,NA
W2499616545,1986,FR;GB;NL
W1565206031,1999,US
W2161896195,1994,CA;US
W2504186502,2012,NA
W418231951,2006,NA
W7099226168,2016,NA
W2141227537,2008,NA
W2293878548,2008,GB
W2891249152,2005,US
W2527734161,2016,IT
W1707236347,2011,CA
W2912335273,2019,IL
W2747721582,2017,IT
W2111442813,2013,DE
W2065840553,2009,DE
W1537280846,1990,NA
W2059829637,2013,CH
W4240069190,2016,NA
W3032028102,2020,DE;ES
W2119988049,2006,NL
W2139593428,1997,US
W4206253199,2001,NA
W616788630,2003,NA
W2618002138,2012,NA
W2128486736,1995,NA
W1630729109,2015,NA
W1817589426,1988,US
W2114281481,1999,FR;US
W4239365428,1995,CA;GB;US
W7082553141,1955,NA
W630337705,2008,NA
W2040467972,2012,CA
W2093979584,1980,NA
W2055124994,1987,US
W611400440,2008,NA
W2101995674,2007,CH
W2009312480,1996,NA
W2965570799,2019,FR;US
W3213943262,2006,NA
W2104989408,2004,DK
W6943799579,2011,CA
W7097174334,2015,NA
W2139946344,2015,DE
W909639066,2011,SE
W2581498794,2003,FR
W277582664,2009,NA
W658511108,1990,NA
W6931253515,2017,DE;US
W2158295342,2006,SE
W2128255315,2009,CA
W804398172,2015,US
W2151315066,2008,IT
W7095291756,2014,NA
W2032000448,2003,NA
W3095889957,2020,US
W6907777513,2020,DE
W1979900189,2008,IN
W1895010060,2006,NA
W1500105507,2002,ES
W2039262691,2007,GB
W116785612,2003,NA
W1984079823,1990,GB
W2000383487,1981,NA
W7011183928,1986,NA
W1982517434,2014,BA
W2245509969,2002,NA
W3017486294,2016,NA
W3156253011,2001,NA
W3152441428,2002,US
W2014949296,2007,IT
W2740551540,2004,NA
W6955407739,2016,NA
W1526604664,2013,NA
W2061687846,1993,US
W1907758552,2008,NA
W2120113516,2012,KR;US
W2989748914,2018,NA
W4220659135,2022,DE
W1974654105,2014,BR
W263545290,2001,NA
W1499958408,2009,AU;CH
W695700,2007,FR;GR
W2140798747,1997,GB
W3212826957,2020,DE
W35086054,2011,US
W2048144088,2000,US
W2033154143,2007,IT
W2168228503,1991,NA
W2165492362,2009,GB
W3212884198,1986,NL
W2028742638,2015,NL
W2083688575,2008,GR;TW
W2611705784,2011,NA
W3014896652,2017,SI
W4243286794,2000,NA
W2251049886,2014,BE
W2339875341,2016,CH
W2948882406,2019,AU;US
W2151565702,2010,NA
W7039039805,1922,NA
W4250998805,2005,NA
W1998151601,2008,IE;US
W3013190063,2008,NA
W1981781259,2004,US
W2074952134,1992,GB
W262970172,2002,NA
W65241213,2006,NL
W603682174,2009,NA
W2009204330,1999,US
W37716798,2004,NA
W1536857969,2007,NA
W4236720416,2019,NA
W2106787459,2013,US
W1747212165,1996,US
W2883343889,2018,NL
W1976529074,1997,GB;US
W2147742901,2011,CZ;SA
W122282742,2012,DE;ES;IE
W44107431,1999,CA
W2039166019,1986,US
W2167091434,2009,CL
W3023112361,2020,AU;FR
W2054509941,2012,GB;IT
W2121538571,2012,DE
W1968228596,2014,JP
W12215899,2013,CN
W4244011630,2001,NA
W2941915841,2019,US
W4226065911,2022,DE
W1522938520,2015,NA
W2340187444,2015,NA
W2494342339,2004,NA
W2133717764,1989,CA
W2066582434,2010,FR
W6892457839,2006,FR
W4248458088,2005,NA
W6925480966,1995,NA
W2914718033,2019,RU
W2962935508,2012,NL
W3081541477,2020,GR
W2796276444,2009,NA
W4293290348,1893,NA
W2009375902,1872,NA
W4241926506,2002,NA
W3135957087,1961,NA
W4252414935,2017,NA
W2072267104,1974,NA
W2321137278,2006,NA
W1967686629,2007,US
W7065881556,NA,NA
W2033768017,2006,US
W2014007504,2005,US
W2118137100,2012,US
W1979813476,2006,US
W1793935957,2016,GB
W2186423839,2007,TR
W2967768991,2019,AT;DE;IT
W4254966910,1996,NA
W2802002712,1944,NA
W4291136018,2022,NA
W650294878,1987,NA
W2782788751,2016,NA
W7095849678,2013,NA
W4235757940,2000,NA
W4302070002,1991,NA
W2764273953,2013,US
W2625467398,2017,GB;US
W2064969353,1969,NA
W2031866415,1994,US
W4210996323,2021,DE
W4312471384,2021,US
W2107576644,2010,NA
W2017671454,2008,CA
W1986046953,2004,GB;JP;TH
W2079580489,1957,NA
W2951300178,2014,NA
W2322582211,2000,NL
W4233459214,2011,NA
W1534188343,1983,NA
W2766295639,2017,NA
W2333479289,2009,NA
W2143572175,2008,US
W4410120139,2025,NA
W2586524013,2011,NA
W2040568123,2013,HU;US
W1985314291,1987,NA
W1155547861,2000,NA
W4245190690,2020,NA
W7062719371,2008,NA
W1996342824,1988,NA
W4236488977,2016,US
W2803361678,1989,AU
W279271875,1992,US
W1579093146,1999,NA
W2006616005,2007,ES
W1966451223,2010,NA
W2011003805,2002,GB;US
W2152304674,2007,NA
W7062559159,2013,NA
W2886186188,2018,DE
W7036415588,2008,NA
W2999471082,2019,NA
W407991494,2007,NL
W2168653510,2013,JP
W2072422415,2008,US
W2085529605,1995,US
W2037309073,2001,NA
W2326609635,1994,NA
W2422109782,2016,NA
W1796592579,2006,DE
W2099881366,2007,US
W84434913,2008,NA
W4240692692,1996,NA
W1531772821,2008,NA
W6936572455,2016,NA
W4380741429,2010,NA
W2002156209,1995,US
W2006908817,2002,NA
W2014709533,2007,US
W2333519607,1979,NA
W623459787,2002,NA
W1992750615,2000,NA
W1558278265,2003,NA
W2149354298,2015,FR
W1906503946,2001,US
W2099559000,2001,DE
W6991607693,NA,NA
W2461519789,2001,NA
W598184422,2017,NA
W2314335925,1989,NA
W1545065103,1999,NA
W2155351433,2003,CN
W6906255581,2014,NL
W2496821943,2013,NA
W2117131214,2011,NA
W2073043334,1964,NA
W1764303237,2013,NA
W1939167060,2008,DE;GB
W2108333603,2009,US
W1578510241,2003,FI
W2792738441,2016,NA
W1982334679,2011,DE
W2878934329,2018,NL
W6991645730,2004,NA
W1646716985,2004,FR
W1605255363,2004,NA
W1557915119,1993,NA
W2801030384,2017,DE
W4300655138,2009,DE
W2620467298,2013,NA
W2064942698,2008,NO;US
W162736920,2013,DE;GR;NL
W1984682580,2010,NL
W2121855447,2004,DE
W1586053859,2005,NA
W2033595959,2002,US
W2504131390,2012,NA
W1581036748,1992,NA
W2097156270,2007,CA
W2076473563,2010,NL
W4238646708,2013,IT
W2167982713,1998,US
W6964563408,2023,NA
W4241668152,2009,GB
W2528611437,2016,DE
W2096101609,2007,CH
W2147988994,2003,US
W2157983063,1941,IN
W2100513762,1982,NA
W2146559907,2015,GB
W1526308488,2004,NA
W2797366198,2011,NA
W6931007017,2019,DE
W7003979109,NA,NA
W7064378248,1802,NA
W2966559634,2019,BR
W1712451131,1970,NA
W2122219881,2006,SE
W2030619639,2015,AU
W1521783342,2007,US
W2274895364,2023,NA
W2059320283,1999,NA
W2146366995,2010,US
W1979233429,1995,NA
W1625563295,2010,IN
W1977828664,2007,US
W2067130497,2014,DE;US
W80619934,2021,NA
W4238317189,1996,NA
W2001320897,2014,AU;CA
W96869143,1990,GB
W2034662015,1998,US
W2079247256,2000,FI
W6955720781,2016,NA
W2754566940,2017,US
W1792785882,2015,US
W1499464753,2012,DE
W2735145739,2017,IE;US
W1967479852,2002,NA
W2045068659,2014,DE;US
W7097795882,2010,NA
W6949945021,1993,CA
W4399208338,1981,NA
W1520158417,2013,US
W4237970979,2009,NA
W2138014861,1993,US
W1970787355,1999,NA
W1985841288,1996,US
W4393484795,2021,LU
W7062366472,1990,NA
W2558289495,1995,NA
W3138670362,2021,DE;FI
W7097595615,2012,NA
W4388122245,2009,AU
W2116865130,1989,FR
W7011787378,2005,NA
W7043673027,2008,NA
W2155475939,2008,JP
W1776823293,2009,CN;US
W2133429179,2014,NA
W7058158223,1983,NA
W1559411088,2002,NA
W1987604215,2010,HK
W2188423507,2008,NA
W1687036045,2016,SG;US
W1597553622,2010,NA
W2787623536,2017,AT;DE;GR
W2156621168,2014,AU;GB
W4248927543,2001,DK
W2065056965,2008,ES
W2297247450,2015,PL
W2079847838,2013,NA
W1562528023,1966,NA
W1560775385,2008,NA
W1583654676,1994,NA
W4393633933,2020,DE
W2129119089,2001,US
W3217270401,2021,FR
W2061134637,2009,NL
W6912607961,2022,FR
W2489663452,2014,US
W2166711410,2005,AU
W2498565771,1979,GB
W201176254,1992,NA
W4245761742,2020,NA
W2323034171,1997,NA
W2091700388,1976,CA
W2751279003,1963,NA
W6990457555,NA,NA
W4301866120,1993,NA
W7075285450,1998,NA
W176697565,2008,NA
W7074569291,2007,NA
W4230222329,1955,NA
W1983222731,1980,CA
W6995809879,2005,NA
W769519764,2007,NA
W2121537254,2008,US
W4248329583,2015,CA
W153166331,2010,JP
W4242473425,1937,NA
W1533595436,2001,NA
W6978197065,2011,NA
W7067228629,2009,NA
W2978643462,2015,DE
W4240273905,2015,NA
W2725613426,2018,GB
W4302589881,2007,NA
W7098857357,2016,NA
W7086340146,2011,NA
W3207673938,2021,AT;ES;IE
W2181960425,2002,NA
W3089941381,2020,NA
W3102524409,1997,NA
W6998671198,1979,NA
W3019899041,2016,NA
W2556207763,2008,NA
W4299523904,2015,NA
W292220611,2012,NA
W1977853549,1998,NA
W1685233465,2010,CA
W6967894861,2025,UZ
W124678371,2002,NA
W1990976049,2005,US
W2041010712,1967,US
W4233549679,1999,NA
W2122497354,2005,US
W1894938496,2012,CA
W4297684549,2013,NA
W4302446377,1996,NA
W2730674231,2006,GB
W2101234009,2012,CA;DE;FR;JP;US
W1982604981,1989,AU
W275800404,2006,US
W2035251626,2006,CA
W1980282589,1975,NA
W69390434,1991,NA
W2954900357,2019,BR;DE;ES;MX
W2028449793,2000,NA
W6887647589,2015,NA
W1950893908,2011,DE
W2180894504,1998,NA
W2055165837,1986,NA
W568671865,1999,NA
W59945560,2003,NA
W4246643296,2017,NA
W2005169917,2004,NA
W2885202565,2018,AT
W2161531717,2011,NA
W1978964824,2013,CN
W2187644431,2011,NA
W6999243040,2012,NA
W2046046187,2002,NA
W1979936484,1989,CA
W4300672009,1981,NA
W2488668126,2012,NA
W3107411067,2020,BE;US
W6986955339,2006,NA
W4244821448,1995,US
W2041688921,1972,NA
W2894345382,2018,CA
W1986442769,2008,NA
W2102700284,2005,US
W111402244,2013,NA
W1674586686,2011,NA
W2341767931,2014,NA
W2159996805,2004,CA
W3134214835,2021,US
W7074719660,2014,NA
W2953038320,1995,US
W6973769049,2009,NA
W2026987575,2014,DK
W2482651752,2012,NA
W4232056989,2018,NA
W7039777156,2021,NA
W4300185665,1967,NA
W2134206911,2012,IT
W1980951963,2003,NA
W610344134,2001,NA
W1653451018,2015,GB;GH
W1577635125,1991,NA
W2977049298,2019,NA
W1757297963,2011,NA
W2040975210,2004,US
W4241841340,1997,NA
W1595486810,1992,NA
W3148555916,1980,NA
W1996299733,2011,SG
W7039223303,NA,NA
W6974075916,2009,NA
W1555244713,1995,US
W627653011,2011,NA
W606714604,1991,NA
W2096394736,2013,GB
W4247071970,2017,NA
W2952295744,2013,DK;GB
W1591974682,2007,NA
W2321334031,2005,NA
W2293936028,2011,NA
W3210372743,2015,AT;FI;NL
W2734644064,2009,NA
W2801719252,2018,NA
W1572615921,2004,NA
W2272929908,2006,NA
W3208355496,2020,DE
W2970318460,2002,NA
W2315481827,2002,NA
W2100772677,2006,US
W4246996556,1980,NA
W2582787477,2008,NA
W6889613497,2022,NA
W4220744172,2022,CH;DE
W4236478846,2015,DK
W4211134195,2008,IL;US
W3165728972,2017,DE
W1989720061,2009,NA
W3015246062,2009,NA
W1581218697,2013,NA
W1548374273,2013,IL
W2120206954,1996,NA
W6978120349,1999,NA
W2908217340,2019,CA;LB;US
W2073319875,2010,US
W2100615386,2001,US
W6931032414,2020,DE
W7052622963,NA,NA
W2002390378,2006,GB
W3034158220,2020,US
W2251732921,2014,US
W2289110461,2015,PT
W7004726404,2011,NA
W170780100,2016,NA
W1894957975,2015,IT;US
W2067811068,2008,CA
W2110837004,2006,US
W1994326726,2005,US
W4206519389,2017,NA
W2226734577,2005,NA
W754249672,2009,DE;IT
W2025089675,2006,NA
W1030963941,2011,CA
W2051939396,2010,CA;PL
W2645778682,2014,CH
W2411162516,2016,US
W7018934198,2005,NA
W2289722317,2016,NA
W4245810322,2017,NA
W2623988670,2017,NL
W2925806266,2019,AT;DE;FR;RU
W3100855922,1973,NA
W6955185371,2004,NA
W121769347,2011,GB
W2078654557,1980,DE
W1977618577,1974,NA
W2886245802,2017,NA
W4252105780,1983,NA
W1973405365,2013,NA
W2003458432,2000,US
W2181052298,2015,NA
W1985556836,1995,IL;US
W2100613188,2005,SK;US
W6989357560,2011,NA
W186150023,2019,DE
W6887638383,2018,DE
W2784116584,2012,BR
W1885991329,2010,NA
W4247522292,1998,US
W1150318157,2015,NA
W4253294963,2007,NA
W6948141042,2005,NA
W6894122747,2023,NA
W2031886924,2012,US
W1513088263,1999,NA
W128367078,2007,FR;US
W1966415889,1981,US
W6887937055,2014,NA
W4248162732,2020,NA
W1487409515,1977,US
W1852501187,2010,NA
W2127574298,2010,US
W2896190850,2018,NA
W114126034,2000,NA
W3016062268,2014,NA
W4254002532,1989,NA
W2109575213,2001,NA
W2492991284,2010,AT
W2148804784,2007,FI;GB
W2119350939,2006,DK;GB
W2047111393,1992,US
W1963287911,2000,NA
W4295720148,1954,NA
W4241585097,1994,NA
W1565362320,2007,NA
W4299125403,2007,NA
W253665689,2005,NA
W4310711488,2004,NA
W6929893971,2014,NA
W2497441362,1998,NA
W38003809,1996,DE;NL;US
W7014598373,2008,NA
W162517708,2004,NA
W2035812738,2002,NZ
W2334284794,1938,NA
W1965920543,2012,US
W327736674,2014,US
W2086284814,2000,NA
W2554341540,2006,NA
W2091675738,1985,US
W2030972446,2010,DE
W2021951617,2011,ES
W7053362956,2001,NA
W2055380710,2005,US
W3126015447,2003,NA
W7062253002,1992,NA
W584926911,1936,NA
W1995228795,2014,US
W2105685079,2004,US
W6925477546,2007,NA
W2460595138,2016,CA
W4300512056,2012,NA
W7098588052,2010,NA
W145560522,2011,NA
W2129315144,2015,DE;NL
W1974300993,1996,US
W2811343220,2013,IL;IT
W1976123261,2008,AR;AU
W802330973,2000,NA
W2050602153,2012,FI
W2564293336,2014,NA
W2522857532,2016,US
W2153503612,2004,NA
W7095846231,2016,NA
W2951154177,2016,NA
W7052917063,1976,NA
W2250819792,2015,US
W578425116,2001,NA
W4237785720,2015,NA
W2245763634,1993,FR
W2042355155,2013,FR;US
W7070806022,1985,NA
W2747364686,1996,NA
W2129974153,2007,US
W4300662983,1989,NA
W4230880750,2006,NA
W1567495192,1995,NA
W2564908306,2016,US
W2061560407,2006,GB
W2071304694,1991,NA
W6966905396,2015,NA
W7099137345,2013,NA
W2795769341,1988,NA
W1597329422,2013,NA
W2798517842,2005,NA
W2621037321,1984,NA
W2041660848,1991,NA
W2036040422,1992,DK
W1996460024,2008,CA
W2154785834,2002,NA
W3187837514,1997,NA
W3192371383,1968,NA
W3135906925,1977,NA
W7001492872,NA,NA
W3112020351,1994,NA
W1566908292,2013,BE
W7048698050,1988,NA
W1826510911,2013,NA
W2029444220,1992,AU
W2110079896,1997,NA
W1581817839,1900,NA
W1690636059,1990,US
W2931143880,2019,US
W2056139141,2010,NA
W2171555780,2001,NA
W2002265975,1985,NA
W3022663186,2010,NA
W6931068725,2020,NA
W2087563320,2013,NA
W2142191390,2006,NA
W2886609900,2013,NA
W7099532647,2016,NA
W3048324729,2020,NA
W620161688,2014,NA
W7100117287,2008,NA
W4388404628,1996,NA
W1573179677,2013,NL
W4240281575,1888,NA
W6891752327,2009,GB;US
W2018865080,2014,FR
W2737278209,2016,NA
W2558146920,1975,NA
W1509096154,1972,NA
W2886690326,2018,IN
W580495790,1991,NA
W2020352922,1978,CA
W2170362251,2011,NA
W1964650550,2000,DE
W1966254260,2004,NZ
W2146719366,2007,BE;NL
W2480892474,2012,NA
W1602089837,1997,NA
W2127743235,2011,CN;JP
W3143909215,1993,NA
W607721817,2001,NA
W2464262508,2016,NA
W2789906209,2018,GB
W2046258614,1999,NA
W2334566778,1997,CA
W2046716868,1994,US
W2024180774,1973,NA
W2138413222,2007,AU
W2108983520,2002,CA
W2054642852,2010,CA
W1967847028,1979,US
W2317000643,2001,NA
W2044275064,1983,NA
W2004340073,2013,PL
W2005207065,1973,NA
W2032457005,1995,GB
W1977331850,2012,US
W1961186055,1968,US
W1991262404,1992,NA
W4250802620,1992,NA
W7082519427,NA,NA
W1598135689,2004,NA
W2042140475,2003,NA
W4237459319,2012,NA
W2141441158,2007,US
W6966556848,2014,NA
W606727990,2013,NA
W3020389149,2020,CN;US
W6996496099,2018,NA
W1601930999,1994,NA
W2104788631,2013,IT
W4252947850,2018,DE
W4301027691,2003,NA
W2000278273,1994,NA
W7097940144,2016,NA
W2977237225,2018,NA
W2325227998,1983,NA
W3106754111,2017,NA
W2251853001,2012,RO
W2490292740,2010,NA
W2067488172,2010,IR
W2955675508,2019,NA
W2325840117,2011,GB
W2888871578,1989,NA
W2170087572,2006,US
W4238931116,2012,GB
W598272478,1891,NA
W7030824520,1998,NA
W1425396778,1999,NA
W2126788007,1991,DK
W2339604301,1978,NA
W2578292148,1992,NA
W1897154807,2009,CA
W2076484470,2009,GH;IN;US
W2005057101,2006,US
W2118148235,1977,US
W2571082394,1984,NA
W1572415284,1997,NA
W1971140185,1952,NA
W7029656156,1970,NA
W4242512332,2004,NA
W1798089913,1994,CA
W4298286908,2007,BR
W4253782694,2004,NA
W2137806997,2002,US
W6903561990,2020,NA
W6968951126,2021,FR
W4233608981,2018,GB
W4232967490,2006,GB
W2116755243,2003,US
W1988361130,2013,US
W1979725451,2012,NA
W1523857954,2007,NA
W7082096550,2014,NA
W2103909773,2005,PL
W2243903999,1997,NA
W2076551154,1991,NA
W7000992726,1993,NA
W2761810437,2017,IT
W2078664223,2011,DE
W6962756080,2009,NA
W6962722163,2007,GB
W2751598070,2017,FR
W2971111151,2019,IE
W4253872498,1984,NA
W1970349328,1994,NA
W2136861381,2004,NA
W3125119928,2013,NA
W2995054019,2019,DE;ES
W2130675236,2003,US
W610311203,1986,NA
W1525672133,2009,NA
W1577559063,1995,NA
W1998161216,2005,NA
W6926991038,2022,NA
W3165126451,2015,DE
W344342672,1987,NA
W1558068806,2008,DE;IT
W2082233681,2014,NL
W2915619484,1995,NA
W2330654701,1979,NA
W2122640599,2011,GB
W2113227740,1998,US
W2129390568,2013,DK;PK
W4252457841,2000,NA
W3083337566,2019,DE;FR
W3151096414,2019,NA
W569017593,2008,NA
W2092809464,1989,AU
W2414682136,2010,PL
W7058640742,2013,NA
W4301783483,1987,NA
W1969424246,2007,NA
W7008425774,1973,NA
W2053967177,2001,US
W572915348,2014,NA
W1974178397,2006,US
W1982870346,2013,CA
W4244489927,2018,NA
W1969024411,2012,NA
W2341371167,2013,NA
W6997454710,2004,NA
W1595017979,2004,NA
W1563100971,2011,NA
W1643104369,2010,NA
W610595537,1970,US
W2746839818,2017,GB
W4234557929,2004,NZ
W1899293728,1961,NA
W4239072543,2009,US
W2494755287,2013,NA
W2170480157,2001,NA
W2163288728,2002,FR
W4244136910,2003,NA
W6944563237,2021,NA
W3170183108,2005,NA
W2018609954,1995,US
W620343770,2002,NA
W6908393240,2022,NA
W1502187416,2006,NA
W7026710237,NA,NA
W2797731190,1968,NA
W2125981062,1992,NA
W2013285315,1964,NA
W6899295430,2016,NA
W6964544303,2020,NA
W2087521396,2011,NA
W137519326,2002,NA
W2105594594,1986,US
W6906653474,2025,US
W3204496752,2006,NA
W1991056521,1989,NA
W2065409953,2012,BE
W4205977588,1997,NA
W2187569332,2016,NL
W4376530474,2000,NA
W7006564575,1996,NA
W2145091824,2006,DE;NL;US
W4298420982,1985,NA
W2140571022,2009,NA
W2092994526,1925,GB
W1981490993,2008,NA
W4239608713,2004,NA
W168564468,2010,CZ
W1981384081,2000,GB
W1564518192,1997,NA
W2037421259,1995,GB
W2475477053,2004,NA
W2158604298,2008,US
W3134350968,2010,NA
W1534089546,1991,NA
W4233137764,2008,NA
W2036379231,2015,DE
W170339427,2009,FR;GR;IT
W2339562889,2015,DE
W4247350417,1975,NA
W2042150179,2007,GB
W589779767,1973,NA
W6979744200,1993,NA
W2071257110,1991,DE
W2132350135,2015,NA
W3013349507,2019,NA
W2578906201,2016,LU
W1539552652,2011,NL
W2121597984,2006,NA
W6949690843,2019,NA
W1503276421,2002,NA
W6962730539,2015,NA
W2803299830,2009,NA
W1606256354,1994,NA
W2897306605,2017,NA
W2031406010,2008,NL
W7098927952,2014,NA
W1550107814,2010,NA
W2611876147,2016,NA
W3100639658,2001,NA
W1503824486,2003,CA;GB
W3028291976,2016,NA
W7021425702,1980,NA
W6912523175,2015,DE
W2052726491,2004,RU;US
W2293651818,2002,SG
W2590530083,1998,NA
W6904654207,2020,NA
W2414270688,2015,JP
W1877093828,1999,NA
W2494118244,1996,NA
W6983274144,1999,NA
W4239343758,2007,US
W2742101368,2017,US
W650517233,1990,NA
W4230637747,2012,NA
W4255497883,2010,US
W7043589982,2006,NA
W1488129161,1997,NA
W6974034559,2016,NA
W2134097102,2004,US
W2092847110,1986,CA
W1965934207,2006,GB
W2607069484,2011,NA
W1982882741,1973,NA
W2120253883,2011,FR
W3210348128,2019,IE
W2330464818,1990,NA
W2574754003,2016,DE;US
W1538845516,2008,NA
W3191367481,2018,DE
W1583667855,2010,FR
W7015970768,2003,NA
W2155618132,2011,NA
W2558653299,2016,IT
W2081056190,2010,IN
W2035052526,2014,US
W2108310619,1999,US
W6925248474,2012,US
W2782717521,2018,DE;US
W1983503745,2009,BE;EC
W4302539683,1997,NA
W7072396460,2004,NA
W2160943512,2001,AR
W2147707543,2003,TW
W1028632736,2015,NA
W6991048491,1978,NA
W3201984759,2012,NA
W1667299253,1959,NA
W3035272425,2020,US
W4241509948,2014,NA
W1599482978,1996,NA
W2526292599,2012,NA
W2020282034,1998,NA
W2265868432,2015,DE
W2285902059,2015,DE
W1999814814,2010,CA;US
W2144527622,2009,NL
W1746982834,2012,DE;NO
W1847004078,2012,NA
W433849320,1993,NA
W1980345904,2009,US
W2078601409,2004,TW;US
W2017562899,2011,NA
W1947595544,2018,NL;SI
W7036397163,1998,NA
W6893731526,2015,DE;US
W2900754149,2018,DE
W2109268594,2014,US
W1506353784,1995,NA
W1515839227,2002,CL;FR
W2335698441,1989,NA
W2033774834,2005,NA
W2133443878,2007,US
W6999143816,1897,NA
W7003142684,1952,NA
W1130141609,2016,NA
W2130544183,2006,DE
W2015907657,2013,NA
W323338930,2012,NA
W6941022904,2009,NA
W2011544221,2009,GB
W2573560226,2016,NA
W1982020468,2009,IT
W2149775132,2005,US
W4214522651,2018,NA
W7072130514,1911,NA
W7016080534,NA,NA
W2170623643,2007,US
W4249130062,2011,NA
W6949795266,2019,GB;US
W2014313181,1987,US
W2000672666,1990,US
W6996216803,1843,NA
W4234704688,2006,NA
W2146959425,2005,NA
W2480032410,2016,NA
W1965037608,2003,NA
W4253073271,2011,NA
W3162429346,2002,US
W2105963649,2003,DK;NL;SI
W3168009298,2020,US
W2088565018,2004,AU
W2008480878,1998,US
W4206517573,2021,NA
W2115098571,2011,NA
W7026729262,NA,NA
W4239736211,2018,NA
W2594146046,1979,US
W4319590806,1991,NA
W1594134707,1987,NA
W2159918425,2007,DE
W3209475839,2021,NA
W1576444614,1999,NA
W1972374522,2012,US
W2010290975,1998,DE;ES;US
W2038651474,2006,CA
W2098667769,2015,IT
W4236828246,2011,NA
W2040466507,2005,US
W4415876830,2023,NA
W1511169086,2008,NA
W4286480208,2022,FR
W3000198392,2018,NA
W2990556190,2013,NA
W167880415,1985,NA
W4300871129,1989,NA
W3200251301,2011,NA
W4243260509,1990,US
W1519336940,2003,NA
W2099415951,2005,FR
W6910365170,2012,NA
W2503500935,1994,NA
W2092824461,2009,US
W2483320666,1997,NA
W2949376760,2019,IN
W1995706774,1999,NA
W6974234441,2013,NA
W4236795333,2017,NA
W2005362678,2013,US
W1971537728,2004,NA
W1986353013,2007,GB
W3196782920,2021,DE;HU
W1993539890,2007,GR
W7082284936,2025,NA
W1494220217,1991,NA
W2801976684,1977,NA
W2016089260,2004,NA
W2748173689,2009,NA
W1482102309,2001,NA
W2506276345,2015,CA;FI
W1484119860,2000,NA
W1487458588,2009,NA
W149273465,1990,US
W2943251877,2019,GB
W2899740253,2007,NA
W1976566911,1999,US
W1533168581,2004,PL
W2077861593,2006,US
W2949673012,2006,NA
W1658156241,2015,CH
W2153108424,2006,GB
W2763927193,2017,DE
W2038598927,1996,US
W2032223184,2014,DE
W2024228866,2007,NA
W3206078149,2021,IT
W2014021179,2008,US
W2563738139,1962,NA
W2031253971,2008,US
W1559065557,2002,US
W45636419,2007,NA
W2148204985,1989,NA
W7018565000,1923,NA
W2984502049,1990,NA
W2083046130,1959,GB
W1971719336,2009,CA
W2801421143,2004,NA
W7046043371,2004,NA
W2128574544,2012,GB
W2561462773,2010,FR
W7062041075,2013,NA
W37295926,2013,CH
W1522545030,1997,NL
W2138628550,1997,NA
W1996438239,2013,NA
W7082806830,1979,NA
W2093505263,2004,US
W166553570,1997,BE
W2007508546,1994,NA
W2563823357,2008,NA
W8608827,2001,DE
W2154334459,2009,FI
W2122080230,2006,GB
W1576663108,2003,NA
W748204814,2019,US
W2307195923,2016,RU
W2116604999,2009,GB;US
W1801604939,1987,NA
W2011316358,1990,GH
W1913668621,2010,NA
W2065635299,2010,US
W2036808384,2013,US
W2167858346,2003,ES;GB
W2471389111,2015,NA
W4236623327,2018,NA
W1222975311,2012,US
W2131861796,1995,CA
W2164170827,2013,US
W2020726632,2011,CA
W2404596224,2012,CA;GB;US
W1965092275,2005,NA
W2295693316,1996,US
W2038651387,2003,NA
W2167042387,2010,CH
W2535399432,2016,NA
W3126174444,2021,US
W1561867169,2007,NA
W2471028124,2015,DE
W6912420954,2019,DE
W2019465843,2002,NA
W2217917685,2015,SE
W2110510858,2014,CH
W3020337473,2016,NA
W2047706901,2011,NZ
W1967238710,2006,US
W152900593,1995,NA
W2899325231,2018,CA;US
W4247665759,2005,NA
W4210726404,1991,NA
W2592118550,2017,NL;NO
W7047549248,1985,NA
W1983597741,2014,PL
W3216888520,1992,NA
W1968067123,2002,US
W4312614743,2014,NA
W4235271869,1970,NA
W111943560,1998,DE
W6925703500,NA,NA
W7097382003,2015,NA
W2060204338,2009,US
W6912628312,2020,FR
W2599073851,2008,NA
W2892013119,1941,US
W3084392019,2020,IN
W2417625413,2015,NL
W2141523247,2012,ES;US
W1546333591,1994,NO
W4244743760,2006,US
W6922518339,2016,US
W6918020150,2019,NA
W6922376765,2025,NA
W1523156765,1997,NA
W7095699148,2008,NA
W6995879352,1994,NA
W1976213376,1992,NA
W2520188521,2016,CH
W2096258735,2012,GB;IE
W2313634356,1985,NA
W1997246225,1993,NA
W1875261861,2005,CA
W4211000333,2007,NA
W1584841508,1996,US
W3207323579,2021,NA
W2955382506,2019,NA
W1541431938,1999,GB
W4234078818,2014,US
W2082863623,1999,ES
W2797723128,1995,NA
W2134842516,2012,US
W4232980573,2017,DE
W3105241319,2018,NA
W120796411,2000,NA
W4235477671,2012,NA
W3017066119,2020,NA
W2520373356,2016,NA
W4401814184,2024,NA
W4236727341,2001,US
W4410645046,2018,NA
W304218951,2007,NA
W2601617908,2014,NA
W6964704929,2021,GB;GR;NO
W2070309233,1980,NA
W4234258903,1992,NA
W2162997869,2004,US
W6887934654,2005,NA
W1506293652,1997,NA
W7074024972,1988,NA
W1490292573,2001,FR
W6955465098,2021,NA
W4294377979,2000,NA
W1491606790,2010,MA
W2064539579,2007,CA
W4300180813,1950,NA
W2761942565,2017,NA
W2046445456,1997,NZ
W2740717536,2017,GB
W2888278254,2018,CN
W4233111722,2021,PT
W7099468712,2012,NA
W2138621811,1999,US
W2102360367,1999,NA
W86310152,2001,IT
W2069567430,1963,GB
W2474238744,2016,US
W2329363372,1983,NA
W2512011479,2015,NA
W6906644559,2007,NA
W1480492886,2002,NA
W2065139259,2010,CA
W2339624257,2016,NA
W7072213999,NA,NA
W2497720251,2012,NA
W2160539469,1919,NA
W626304906,2011,NA
W2147773319,2014,NL
W2001920922,1989,NA
W2032560952,1987,NA
W2070429553,2006,US
W2887081019,2018,NL
W2761232955,2017,US
W1898144923,1993,US
W2053692962,1993,DK
W2070899684,1994,US
W6958978697,2020,NA
W2149430911,2003,BE
W3045054783,2020,JP
W2161315621,1997,NA
W1972126978,2002,SE
W2616541716,2010,NA
W2251400472,2011,NA
W3147812240,1991,NA
W2147489905,2013,ES
W6906346641,2015,NA
W2034601339,1985,NA
W1871425179,2011,NA
W2316105199,2016,DE
W1988619868,2011,DE
W6903204892,2020,NA
W1990509143,2002,NA
W2168412940,1993,NA
W2741851820,2017,GB
W7083102786,1980,NA
W2084184243,2007,GB
W2107598941,2009,US
W4240409863,1897,NA
W2234303208,2013,US
W4302142611,1999,NA
W3124887621,2012,US
W2936838958,1993,DE
W7058647767,2005,NA
W2049641207,2012,GB
W4299427095,1992,NA
W2748195897,1994,NA
W2747167034,2011,NA
W6918170635,2013,NA
W2625402115,2017,NA
W4256309159,2016,NA
W4243904742,1999,NA
W6936909275,2016,NA
W2014481358,2004,NA
W7072247753,2000,NA
W2088564338,2005,NL
W2491223616,1997,NA
W67782173,2007,NA
W7099151910,2016,NA
W6986407576,2006,NA
W1501746494,2007,NA
W2556961124,1998,NA
W1481483215,2001,NA
W4236396054,2011,SE
W2160196691,1990,GB
W6924820081,2008,NA
W6906716080,2021,NA
W4300798223,2011,NA
W2282904293,2010,NA
W2137763598,2004,CA
W4300067636,2010,GB
W3023336139,1999,US
W2748360044,2017,DE
W2004782507,2011,IR;MY
W2169778455,2007,CN
W2901248052,2013,NA
W2042794826,2014,GB
W1598692378,2004,DE;IT
W2124056613,2011,US
W2991303833,2019,NO
W7001177372,NA,NA
W2793229164,1988,NA
W3026619469,2005,NA
W2245945837,2000,NA
W2130450302,2011,US
W2493572012,2004,NA
W2168300309,2000,US
W2410635248,2016,DE;HK
W2155171486,2007,US
W4382705092,2023,GR
W4253658194,1973,NA
W6988046322,2007,NA
W1486922765,1987,NA
W2099926525,2013,CN
W4206144622,2021,GB
W1546606754,2009,GB
W7020012215,1995,NA
W2139618209,2009,FI
W2062813286,2002,NA
W7039063400,1981,NA
W6980245831,NA,NA
W7056037161,NA,NA
W4242011168,2017,NA
W1612003148,2013,US
W2171707538,2001,DE
W610664419,2011,NA
W6965158893,2019,FR
W3141400162,2016,NA
W4256265142,1997,NA
W1523205697,2006,NA
W2172189735,1974,NA
W6912179158,2016,AR;ES
W2052110545,2009,GB
W7070478830,NA,NA
W2135691596,1974,NA
W109717803,2001,NA
W2765672453,2017,GB
W2104481867,2009,GB
W2184810749,2012,NL
W1555436267,2012,US
W82842939,2016,NA
W2958089472,2018,NA
W2057784881,2009,NA
W124281615,1976,NA
W1984239724,1990,NA
W2061170058,2011,IT
W942145570,2005,NA
W2048001624,1977,US
W4362599160,2012,NA
W1815154252,2010,AU
W2901883762,2018,DE
W4250891321,2013,NA
W2155594896,2003,US
W2132920211,2001,US
W1965295228,2013,US
W6974039471,2013,NA
W1481321581,1949,NA
W2753478003,2017,US
W1535517383,1981,NA
W1913153531,2014,NA
W3202463824,2010,NA
W2140428995,2007,NA
W2482994513,2014,NL;US
W2978185095,2019,US
W1483684694,2013,GB
W2057003482,2004,NA
W1532510989,2014,GB;SE;US
W2914822276,2017,NA
W2170974034,2007,US
W2037830455,2003,NA
W2162591825,2002,JP
W2475623539,2015,NA
W4393523641,2019,DE
W2274383844,2010,FR
W4212819506,2013,NA
W2740804691,2017,DE
W1985329486,1989,US
W2998523903,2019,DE
W2147404218,2000,NL
W4205597825,2021,IR
W1527890017,1993,NA
W4243041937,2008,CA
W2077084243,2007,IT
W6962766693,2000,US
W1592381037,2002,US
W1836745953,2007,FR
W1526928392,2003,NA
W1971060454,1985,US
W2469153851,1951,NA
W63825444,2007,NA
W2914471576,2019,NA
W3035621160,2020,US
W2145778710,2006,NA
W1502459084,2011,FR
W2123018404,2004,AT;FR
W7054953787,NA,NA
W2963696088,2011,NA
W6925213461,2008,GB
W592646941,1983,NA
W7066977586,NA,NA
W204723148,2011,AU;GB
W4289423021,2018,NO
W2045857269,2000,NA
W2044897434,2010,NA
W1986094003,2004,NL
W2078379782,1972,US
W3167192081,2017,NA
W4393825001,2021,DE
W2162237094,2010,US
W2916955308,2016,AR;CN;GB;IN;US
W1532736851,2010,NL
W2131860894,2017,NA
W1989661826,2008,FR
W1989265448,1990,FR
W2088333775,2002,US
W569255061,2009,NA
W2000742945,1997,US
W1568511037,2010,DE
W7098574797,2014,NA
W3208627559,2021,NA
W4300420608,1996,NA
W2008769382,2001,US
W1501483269,2003,NA
W2548113829,2022,NA
W164929510,1980,NA
W2086097294,2002,NA
W562391228,1998,NA
W2822191750,2018,NA
W4230323803,2004,NA
W2571765418,2011,NL
W2621875361,2017,US
W2337618292,2013,NA
W3214260033,2021,ES
W6903962887,2006,NA
W2038162853,2007,NA
W80965907,2005,NA
W2931769683,2009,NA
W2003065959,2004,NA
W2579744817,2022,NA
W1591081625,2015,US
W596913187,1952,NA
W2110117288,2012,CA
W2086226461,2011,US
W380575115,2002,NA
W7096965906,2012,NA
W2178665133,2015,GB
W4243319234,1991,NA
W1988148062,2006,CA
W1547781706,1988,US
W2028285783,2009,FR
W6974370769,2009,NA
W2150768874,2008,GB
W2032811864,1991,NA
W1513563257,2008,JP
W2186234443,2004,NA
W2953396063,2019,NA
W1544014371,2016,CA
W1994281102,1968,US
W2157070558,2001,US
W3136230078,2016,NA
W4239726478,1998,NA
W6999969212,2012,FR;SE
W7051829375,2008,NA
W6925749281,2012,NA
W2505345986,2000,NA
W6945444627,2005,NA
W2909301103,2009,NA
W2335729768,1983,NA
W2760476461,2017,CN
W2066766101,2009,BE
W2495855203,2015,NA
W2780255679,2015,NA
W566022684,2004,NA
W623185112,1996,NA
W2930157406,2019,FR;NL
W2013855677,1994,NL
W2028016886,2013,CN;SE
W1574578120,2017,CH
W2011819080,1972,NA
W1252642861,2001,US
W3012329794,2008,NA
W4256009399,2019,NA
W7070972392,1994,NA
W2336058192,2000,NA
W2070080270,2010,GB
W2152699595,2015,BE
W1999183701,2003,AU;HK
W6948103856,2003,NA
W6958521038,2022,NA
W2108325777,2004,US
W4231810330,1997,NA
W1783594902,2006,NA
W2563017468,2016,DE
W2252701108,2024,NA
W2028842220,2011,FR
W2144784353,2013,PL
W6889630617,2008,NA
W2205319774,2009,NA
W1975107573,2012,US
W2799220266,1981,NA
W3174655110,2023,ES;FR
W2036759922,2006,US
W1532387269,1968,NA
W1965867134,2013,DE
W2289309488,2011,NA
W2065638089,2003,US
W180971321,2011,FI
W2040378704,1984,NA
W2171538950,2002,US
W2014902591,2005,US
W4205444062,2012,NA
W1599476867,1990,NA
W2112422413,2004,US
W2612979962,2011,NA
W7097534349,2013,NA
W2168628252,2009,GB;US
W2155045631,2013,CN;US
W2159737986,1982,US
W2067481201,1987,US
W2003094793,2010,GB
W3132826558,2014,NA
W2328877856,2010,NA
W2581936041,2012,NA
W2065218635,2004,IL
W1971908724,1997,NA
W2491203822,2011,NA
W3103871524,1972,NA
W1550613562,2012,US
W2077027811,2011,NA
W2475620153,2011,NA
W2474864565,2015,CH
W4298164899,2006,NA
W1516074370,2000,NA
W428499489,2011,NA
W2021210366,2006,BE
W2618291677,2004,NA
W1524240818,2011,NA
W1977001629,1999,IN;US
W1976496746,2007,NA
W2902054591,2018,GB
W2331291385,1976,NA
W1517361551,2012,NA
W7027797885,2021,NA
W2031159308,1996,GB
W2484966756,2012,FR
W2113000441,2010,NA
W2740117598,2010,NA
W3164447479,2019,NA
W2039287344,1998,CA;US
W2157963512,2001,US
W2934734882,2017,NA
W2470990616,2012,NA
W7015633225,NA,NA
W2160632223,2013,NL
W2168346701,2007,US
W1539587067,1998,NA
W7053230417,NA,NA
W2133098167,2009,AU;DE
W2086835745,1995,NL
W2070240294,1998,FR
W2069149367,2006,GB
W2759136286,2017,CN
W2076203007,2012,US
W1981596558,2014,GB
W424904457,2008,NA
W2173160936,2015,PL
W798020871,1995,NA
W4250283139,2021,NA
W4205275851,1981,US
W6918031380,2021,NA
W2001299546,2002,NA
W1973590673,2001,ES
W787192692,2014,US
W6959252893,2010,NA
W2335681479,1968,NA
W3176573564,2020,NA
W2035721382,1999,US
W2160608438,2015,NA
W172861654,2008,NA
W1545953061,2008,US
W779297117,2011,DE
W6959888254,2013,NA
W2038534832,2012,AU
W2234661834,2004,DE
W1475736584,2013,IT
W6936512294,2008,NA
W2068734599,2007,NA
W2743076395,2016,LU
W2486191948,2007,NA
W1605977370,2007,DE;NL
W1521373230,2005,AU
W1607405323,2012,US
W2341848213,1988,NA
W4234685179,1999,NA
W1819903106,2002,US
W1505157952,1969,NA
W180349086,2024,NA
W2045458507,2009,IL
W6980740588,2005,NA
W7099915732,2009,NA
W2001642682,2007,US
W1493769376,2015,FR;US
W2212784324,2012,NA
W1586116291,2007,NA
W2021082438,2003,US
W2912126205,2018,NA
W2069423658,2013,US
W1497256448,1992,NA
W2516678343,2016,US
W2159276920,2014,NA
W2045749853,1980,GB
W4393557887,2022,DE
W151498629,2012,IT
W1979569538,2011,GB
W2614913015,2012,NA
W81205094,2004,NA
W2092349521,2002,US
W6893952942,2022,AT
W7002254874,2009,NA
W1964899501,2012,NA
W2017483902,1975,US
W7046139733,2007,NA
W3217046821,1984,NA
W651882170,1998,NA
W1911382742,2012,CA
W2125143496,2005,NZ
W2053440061,2015,US
W1484970859,2012,DE
W2051887480,2011,FI
W2214440489,2022,NL
W621923303,2010,NA
W1557389294,1988,NA
W2047961976,2014,NA
W2123139556,2010,US
W1740034975,1998,NA
W7064073258,2011,NA
W2038409722,2011,NA
W2189408335,2010,NA
W2056944867,1978,US
W2021581601,2010,AU
W2150481357,2013,ES
W7008066057,2011,NA
W2071943868,2000,US
W2161173831,2006,NA
W7097978842,2009,NA
W7068480708,1986,NA
W2059027798,1929,NA
W1563122285,2021,GB;IT;US
W1988325585,1991,GB
W2062200611,2009,DK
W1938298890,2008,DE;US
W2007129677,1975,NA
W1565599076,1999,NA
W2000453604,1994,AU
W1504470804,1997,NA
W2189239461,1999,NA
W2152256422,2001,NA
W2129615061,2012,GB;GR
W1484485089,2007,US
W2300829581,2009,NA
W2052354855,1994,GB
W2016463801,2005,US
W4304205976,2022,NA
W236780116,1989,US
W6936813913,2020,NA
W2109558114,2011,NA
W2299583130,1961,NA
W1531648885,2007,GB
W2094411915,1989,IT
W2995077614,1933,NA
W4406798943,2024,NA
W1841244409,2014,NA
W7075721140,1992,NA
W169580089,2002,NA
W1987780687,1994,FR
W2553435349,2014,NA
W162987696,2002,NZ
W646951441,1966,NA
W2325553602,2015,US
W4236243474,2020,NA
W422858139,2010,NA
W2258117333,2015,GB
W2173085103,2015,US
W180983716,1991,NA
W7097594693,2015,NA
W2069582578,2005,US
W2199262047,2010,NA
W2103707024,2007,GB
W194159072,1958,US
W2105950236,2010,IL
W1561236452,2010,NA
W2438775341,1982,NA
W615540791,2003,NA
W2599982682,2016,NA
W2152986156,2003,NA
W1604075113,2005,GB;NZ
W2155353872,2004,GB
W2625465398,2017,US
W2098518910,2000,NA
W1986832654,2010,GB
W2293665468,2015,DE;IN
W2100910924,2005,NA
W1572121282,1993,NA
W1969543263,2007,CN;CZ;DE;NO;US
W610131805,2014,US
W1776391388,2015,GB
W2018433199,2010,US
W3001599156,2001,US
W2028386247,2011,DE
W2019343796,2015,CA
W1584686871,2011,NA
W2964023588,2013,ES;MX
W2080996291,1997,US
W347121391,2003,NA
W1531085196,2012,GB
W4234361085,2013,US
W2485076980,1992,NA
W1503715329,2011,NA
W1525770891,2017,NA
W777131852,2015,DE
W7097161263,2010,NA
W2030194216,2011,NA
W7075613381,2001,NA
W2096537993,2009,US
W3122600457,2011,NA
W2242459625,2008,NA
W1526426957,2002,NA
W3122929978,2020,NA
W7020792810,1971,NA
W4236642557,2021,NA
W4240412401,2011,NA
W2901346567,2014,FR
W3014710318,2014,NA
W60087607,2004,NA
W2046020929,2005,US
W3091404115,2008,NA
W3173472114,2013,NA
W6962671553,2015,NA
W2166894669,2002,CA
W2104766360,2002,NA
W2497394766,2012,NA
W2135298690,2000,US
W2044474524,1981,NA
W2486900235,2005,NA
W1487060125,2004,NA
W4238373603,2002,NA
W1997312619,2001,FR
W2022667416,2000,CN;GB
W2039827492,2011,US
W1523109090,1997,NA
W2295209691,1999,US
W2591846515,2014,NA
W2001908502,2011,IL
W133014724,2010,NA
W1581524093,2013,NA
W2152091855,2003,US
W4300827275,2016,US
W2206214098,2013,NA
W4411083571,2015,NA
W1994989165,1992,CA
W3164459275,2017,DE
W2036942243,2003,NA
W2567907888,2002,NA
W2110037782,2012,GB
W628580376,2002,NA
W2294043777,2010,CA;US
W1521770754,2004,GB;NL
W1975349756,2005,NA
W2039726508,2009,NA
W1589670278,1975,NA
W2129652293,1997,US
W1975989409,2008,US
W111082368,2003,IT
W1964879903,2009,US
W1601880167,2012,US
W4205888186,2022,JP
W1540550673,2002,US
W45847099,1996,NA
W2971277088,2019,US
W1529493719,1998,DE
W2012379344,2013,ES;IT
W2142119181,2012,PH;US
W2503134971,2011,NA
W2154331289,2006,US
W2113960660,2008,GB
W570927610,2012,GB
W307400639,2007,PL;US
W2065475636,2004,GB
W2521874375,2012,NA
W2032390994,2013,UG;US
W3216947134,2008,NA
W2325157233,1986,NA
W2997737316,1990,NA
W2071198821,2013,US
W2944601159,2014,NA
W2501935359,2006,GB
W1586197708,2007,DE;US
W2043025487,1988,NA
W368609754,2011,NA
W2951319051,2003,CA;NL
W2077632886,2007,CA
W125094683,2012,DE;US
W129383413,2004,NA
W2073433993,2002,US
W1984075727,2007,NA
W7065644570,1996,NA
W1970166914,2014,US
W7036445854,NA,NA
W1917410257,2015,DE
W1585360772,2001,US
W2083067383,1994,PL
W2032190725,2010,CN
W2004165551,2011,CH
W1487186994,2011,NA
W30220727,2002,NA
W1576693970,2011,ES;GB;IT
W2802387326,1996,NA
W4238357212,1966,NA
W6929660650,2007,NA
W1631096903,2012,US
W2036953297,1953,NA
W2063413915,1995,US
W4252443824,2020,NA
W4243218146,2014,NA
W2155619922,2002,CN;JP
W1972458248,2000,NZ
W2620059774,2012,NA
W1565176045,1969,NA
W3171093681,2021,GB;US
W6941519709,2021,NA
W1526182835,2003,NA
W2016857616,1980,NA
W2558611208,2016,MX
W1547477745,1955,NA
W3014830816,2016,NA
W1588957466,2010,NA
W1971731790,1984,NA
W1610584710,2015,GB;US
W380738927,2007,NA
W6936609100,2008,NA
W4242483503,2000,NA
W597352675,2014,US
W2152238224,2013,NL
W1554215549,2002,NA
W1982793155,1956,US
W2092654472,2003,US
W1250679509,2011,BG;ES;US
W2086677051,2000,US
W4238938728,2018,NA
W2253509007,2002,PT
W1503292535,2010,SE
W1483976196,2007,NA
W4220801539,2022,DE
W2170571488,2002,NA
W2063434074,2011,FI;NL
W1590279161,2010,NA
W1729094919,1999,NA
W3215858826,2002,NA
W7099716188,2012,NA
W1987425783,2007,NA
W3153785672,2021,IT;SI
W112381816,1972,NA
W1986937683,2013,US
W1973472718,2009,GB
W1583059097,2011,NA
W1514823463,1994,NA
W2010462968,2013,GB;US
W2154977911,2009,GB
W413605166,1968,NA
W2400976137,2010,NA
W2003089965,1940,NA
W1983774147,2012,NA
W1827250200,1993,NA
W4251690049,2002,US
W2025386421,1991,US
W2073559431,1990,CA
W2886849164,2012,NA
W2597071889,2010,NA
W2803609932,2018,BR
W1999730404,2011,GB
W6894068518,2017,DE;MN;US
W2148587638,2002,US
W2180404376,2005,NA
W2094419105,1963,NA
W2969702528,2019,PL
W2158452868,2010,GB
W1988371238,2013,CH
W2076133778,2010,IE
W1982923588,2000,NA
W2888634710,2018,DE;IT
W4240577878,1997,NA
W2077271474,1986,NA
W1505905350,1965,NA
W4250586505,2015,NA
W4255671361,2015,PL
W1599752317,1998,NA
W4237389469,1997,NA
W2062086417,1999,GB
W3112929524,2020,DE
W78848553,2008,CA
W2398791500,2011,NA
W2579131192,2018,NL
W2335306878,2013,NA
W411418390,1988,FR
W6930368867,2018,AT;DE
W1573733520,2008,IT
W106149189,2017,NA
W1969301668,2004,US
W1988060680,1936,NA
W4230357854,1966,US
W2147776155,2009,AT;JP
W2049790815,1988,CA
W2514031637,2016,BE
W2073648356,1981,NA
W933794097,2006,FR
W2788293890,2012,NA
W3210665554,2015,CH;CZ;SI
W7065417093,NA,NA
W2043781346,2005,DE
W2086137532,2015,IT;US
W1573556226,2013,CA
W2530151296,2016,DE;US
W2053875162,1998,US
W2184229386,2011,NA
W171586979,2003,NA
W4212822088,2016,NA
W2149128132,2010,NA
W1808554854,2014,NZ;US
W2810440186,2018,FR;IT;PT
W397181285,2007,NA
W4393923467,2017,DE
W1680124648,1996,CA
W6959919381,2012,NA
W2101634242,1999,NA
W1868150344,2005,DE
W140254889,2007,NA
W2470369314,1956,NA
W1978584603,2010,DE
W2739548462,1995,US
W1604131700,2005,NA
W2758848126,2017,DE
W2507699548,2016,GB
W3025756148,1996,NA
W950355994,2013,GB
W2326427239,1983,NA
W2496641781,2012,NA
W1589597451,1970,NA
W6974228093,2009,NA
W2112162759,2001,US
W2264540467,2002,NA
W2068070365,2015,FR
W1993610807,2003,NA
W2157345487,2011,NA
W2935939699,2019,ES
W6927071189,2023,NA
W55313599,2013,NA
W2171950509,2010,NL
W2040684668,2004,GB
W2262527554,2010,NA
W2158409647,2010,NA
W2059607247,1994,US
W378868129,2002,NA
W2110372823,2013,NL
W7000835688,2010,NA
W2495535370,2012,NA
W2171924875,2013,FR
W2098136992,2011,AT
W4254345660,2013,NA
W2102525064,2009,IE
W2167904823,2006,CA
W2068106061,2006,US
W2058667189,1999,US
W2021405073,1997,IT
W4239362247,2000,NA
W4226434071,2022,NA
W2009991652,2014,FR
W2734290118,2017,CN;HK;US
W7038520875,1981,NA
W2771709665,2017,NA
W417296402,1994,NA
W2061646452,2003,NA
W6986993482,1973,NA
W1928219753,2015,US
W1893879974,2002,US
W617203816,2010,NA
W2551146740,1966,NA
W1596373159,1988,NA
W6962472156,2016,NA
W2013618518,2000,NA
W7099221899,2011,NA
W2078066714,2008,GB
W2069028782,2015,GB
W4251870221,2013,NA
W373007211,2014,NA
W569981037,1993,NA
W2015288398,2005,AU;US
W2043490996,1975,NA
W2419373292,2016,NA
W4243733818,2007,US
W2014271227,2003,US
W7097833888,2013,NA
W6922299995,2014,NA
W3123948451,1991,NA
W1735253508,1995,NA
W6949927366,2013,NA
W4234618721,2010,NA
W2007844326,2013,CA
W2115347426,2010,CA
W2120019054,2013,NA
W2013300311,2002,NA
W2188027580,2010,NA
W2091922602,1981,US
W4404907332,2017,IE
W4211148787,2001,GB
W2499910193,2010,NA
W6983866483,1998,NA
W7021330066,2001,NA
W2320748401,1999,NA
W7096905365,2014,NA
W2474772698,2016,NA
W4298870595,2005,NA
W1971921179,1993,NL
W2537572981,2016,US
W2107284343,1951,US
W4299583761,2003,NA
W2272996264,2007,NA
W2031014895,2005,GB
W2073990800,2007,AU;SE;US
W2753087114,1960,NA
W4243754476,2014,US
W82612731,1992,NA
W2572013294,2016,NA
W2566120848,2010,LU
W3208181977,2019,DE
W2159765281,1999,NA
W2001708035,2013,US
W61450922,1994,DE
W2042615826,2012,NA
W2319428145,2001,NA
W600807156,2012,NA
W2012898230,2007,US
W1512036602,2007,NA
W2275136012,2016,BR;GB
W2914595506,2019,NL
W1545952719,1989,NA
W2894904350,2018,NL
W923942343,2013,NA
W848608365,2011,DE;NL
W1999754276,2002,IT
W2164656827,2013,BE
W1975730959,1992,CA
W4253367468,1987,NA
W2103967878,2009,GB
W2767644016,2017,NA
W2054022628,2002,SE
W2155108589,1996,NA
W655578493,1985,NA
W4251330612,2005,NA
W1971670344,1989,US
W2570870113,2016,DE
W4240932185,1968,NA
W6968992225,2021,FR
W2615841665,2015,US
W2162712571,1996,FR
W6986068145,2012,NA
W4248376107,1908,NA
W7017652725,2008,NA
W6967304313,2005,NA
W1971978276,2007,NA
W1523677978,1995,NA
W4231044228,2020,NA
W2057949318,1987,DE
W6990696153,2007,NA
W2062256091,2015,NA
W3151810656,2013,NA
W6996010202,NA,NA
W2037684005,2013,NA
W1992547293,2012,NA
W2119136420,2001,CA
W7076379786,2005,NA
W2547745290,2016,DE
W647257865,2010,NA
W1989338489,1994,CA;US
W148089522,1996,FR
W6962401267,2015,NA
W2611205009,1999,NA
W33285781,2014,BE;CA;IE
W1735394485,1997,DE;US
W1488107040,2014,NA
W2126197183,1978,NA
W2753171348,2017,US
W2183314542,2012,NA
W1571858667,2002,NA
W2092716238,1993,US
W2979401726,1957,NA
W2892576336,2010,NA
W4229752457,2007,NA
W2066645370,2011,PT;US
W122223760,2011,AT;DE;HU
W2767750958,2018,SE;US
W2898401058,2018,SA;US
W2063655689,1995,NA
W2055911669,1986,US
W574485962,2004,FR
W1964053876,2009,US
W4255804082,2017,AU
W1965621264,1999,US
W2050714035,2014,GB
W3170599566,2021,FR
W2037510009,2014,US
W2476069386,2015,NA
W2472926939,2016,NL
W2936928206,1990,NA
W4250198375,2008,US
W2023434958,1998,US
W2109893852,1975,GB
W2014652847,2013,NA
W7011114314,2001,NA
W2276872238,2006,NA
W1989318653,2008,CA;DE;GB
W140663229,1997,NA
W2329164579,2008,NA
W585023577,2003,NA
W656139691,2006,NA
W2470361632,2016,AR;ES
W2154701989,1996,US
W3174098064,2021,US
W2009031793,2005,US
W4301041073,2002,US
W7059499566,NA,NA
W2626597228,2007,NA
W593167926,2001,NA
W2567490477,2016,MX
W3120416288,2016,NA
W965015825,2013,CH
W1489706527,2003,NA
W2111736068,2010,CH;MX
W2619592867,2017,US
W7100551275,2013,NA
W2461419981,1962,NA
W2291589945,2016,NL
W1954010862,2005,NA
W6906470278,2016,NA
W1984985056,2011,US
W2761894951,2017,BG
W4238445745,2016,NA
W2027492671,2011,IN
W2506375732,2016,DE
W2145019743,1999,NA
W2009217994,2014,NA
W6931637264,2008,NA
W2064359092,1983,US
W2168581589,2009,AU
W2993168160,2019,US
W2017882181,2004,NA
W2502248444,2003,AU
W115205111,2000,DE
W2150714591,1997,NA
W2060978735,1998,US
W2946314493,2019,US
W2527241226,2010,DE
W4245144079,2009,NA
W1991735731,2011,US
W4256548273,2020,NA
W7001757488,1981,NA
W2896968184,2012,JM
W1997704060,2012,US
W2513756005,2016,NA
W1515389604,2009,NA
W2074520033,2014,DE
W2167378365,2012,US
W2222577170,2015,NA
W2005186449,1996,NA
W2087472660,1997,NA
W2128162117,2011,GB
W7065341202,NA,NA
W309061956,2007,NA
W2893933684,2018,GB
W2525943422,1985,NA
W2499843221,2016,NA
W1574862351,1998,NA
W3147438222,2007,NA
W2098003708,2006,NA
W2169511760,2020,SI
W1990617431,1995,CA
W2079466653,2011,US
W2114192153,2010,US
W1543492740,2010,AU
W6936455053,2004,NA
W4235763390,2005,NA
W1511827303,2003,NA
W628035001,2003,NA
W2154511440,2012,US
W1999818840,1994,NA
W6889122457,2021,NA
W4245825857,2007,NA
W2069985874,2010,DE
W1975325450,1972,NA
W2113233730,1996,US
W2019932572,1997,US
W7046691218,NA,NA
W2251602037,2015,DE
W1522654972,1993,US
W568631804,1990,NA
W2113407138,2002,NA
W2065627366,1994,US
W2170536933,2014,CA;US
W2482043750,2016,KR
W4236888462,1986,US
W1975667485,2015,DE;US
W4300801043,2016,DE;US
W2536285656,1923,NA
W2169552806,1994,NA
W3158719690,2013,NA
W2523565566,2015,NA
W1766062831,2014,NA
W2571485938,2012,NA
W6907967355,2021,NA
W2074117435,1988,CA
W1586213061,2001,NA
W2033216492,2012,NA
W4252850751,2014,NA
W2170586945,1988,CA;GB
W1980491396,1960,NA
W2056295641,2012,NA
W394851105,1991,NA
W1600822211,2000,GB
W2141835599,2010,US
W259511537,2004,NA
W4386439996,2023,NA
W1968876343,2003,NA
W2083370608,2012,BR
W1996878879,2005,NA
W2064236037,2010,US
W7024000561,NA,NA
W2121252355,2011,HU;US
W4254214226,1994,NA
W2499116805,1990,NA
W2498880705,2016,US
W1981069805,1990,US
W2160630045,2009,US
W2150380784,2002,NA
W4388122964,2008,NA
W2062668529,1987,NA
W2025876597,1982,US
W2027256071,2008,NA
W1481186935,2015,US
W2120901813,2003,US
W2121950611,2001,NA
W2034321600,2005,NA
W2007144896,1991,NA
W1654805921,2002,US
W1528328118,2012,CA
W2074877459,2014,NA
W1864858907,2009,NA
W1580316824,2004,NA
W1968806973,1977,NA
W2227667512,1999,US
W2502327674,2013,NA
W2526985373,2016,FR
W6899128600,2022,NA
W6925160641,2015,NA
W4239576347,1969,NA
W2292415828,2021,US
W4232199054,2001,NA
W2501722152,2014,NA
W2483783969,2014,NA
W2058138032,2006,US
W2497788612,1993,NA
W1558576979,1989,NA
W7058438769,1983,NA
W7001754303,2015,NA
W2502139158,2018,JP
W2503716046,2012,NA
W4231301236,1990,US
W2738966790,2017,US
W2747329656,1996,NA
W2119374145,2002,JP
W1988135773,2012,CH
W2398122479,2011,NA
W1994771811,1996,NA
W6930220743,2024,NA
W4243911086,2003,NA
W97712939,1994,GB
W3001885676,2018,NA
W2040150143,2012,GB
W1985435398,2012,US
W6990183384,1931,NA
W7045662552,1993,NA
W2153698174,2004,GB
W2461041707,2001,GB
W2294126501,2007,CA
W1993025464,2015,ES;FR
W2008551063,2007,NA
W2035109402,2007,NA
W4285740507,2022,DE
W2911295314,2019,IT
W2141509110,2008,NA
W4299517805,2000,NA
W2333584440,1998,GB
W2320384333,2014,NA
W4300852338,2012,NA
W1587098539,2003,ES;FR
W6931822909,2017,NA
W2135163853,2010,NA
W2081373496,2001,US
W4230210808,2013,NA
W2022700045,2005,US
W1523248069,2011,NZ;US
W6959186854,2018,NA
W7020624994,NA,NA
W2007634252,1987,US
W2049072322,1990,NA
W2461309163,2016,US
W4298089263,2018,NA
W2492107679,2012,NA
W584164500,1996,NA
W2004841738,1992,GB
W3045607749,2020,NA
W560313483,1987,NA
W2557768656,2016,DE;US
W2039752115,1996,DE
W1565300882,1999,GB
W1477691519,2014,GB
W2000294830,1984,NA
W1979223988,2015,AU;GB
W2034124286,2011,CN
W2097532520,2001,GR
W1987126818,2014,US
W6884964554,2002,NA
W2043865005,2014,US
W2015418650,1991,NL;US
W2019773980,2015,GB;US
W4401214615,2024,US
W4393596808,2022,CH
W2144977042,2012,FI
W2243521285,2015,AU;GB
W4255647723,2015,CA;MX
W2019019449,1994,NA
W2187729752,2010,NA
W1606661733,2006,US
W4240598608,1986,NA
W2503795580,2012,NA
W2610569634,2017,LU;MT
W2144324336,2011,DE
W4293114085,1988,US
W2503160071,2012,NA
W4319588151,1978,NA
W4242578441,1991,NA
W1973470310,1969,AU;US
W2887954026,2000,NA
W2053475323,2010,US
W12225205,2001,NA
W6917339337,2025,NA
W1555434390,2005,NA
W1981791873,2005,US
W2162104004,2003,FI;US
W2119702532,2004,US
W3145216980,2004,NA
W2159932043,2012,US
W1983419394,2003,US
W2128778986,2010,US
W2096695793,2009,NL;US
W2050784591,2002,US
W2055065256,2005,AU
W3089137480,2019,NA
W4250890287,1996,US
W2024995040,2003,NA
W2020694859,2014,US
W1930259935,2015,CN
W2405403793,2010,NA
W6906725554,2017,NA
W2597167971,1991,NA
W2145837009,2011,US
W2560451689,2016,NZ
W2333940101,1942,NA
W2797940113,1988,NA
W1497690372,2003,NA
W2119543237,1997,GB
W2184251807,2014,DE;US
W2137917541,2011,IT
W2586601519,2017,SI
W1607822313,2003,NA
W4233541524,1985,NA
W2797506055,1887,NA
W2045558466,2008,NA
W1783405386,2015,NA
W2156434586,2002,NA
W2488556065,2015,US
W2413691107,2015,NA
W2515855575,2017,US
W2097682512,2007,DE
W2283704184,2016,GB
W2036889674,2004,NA
W2059659390,2003,NA
W2980255619,2019,ES
W2126041726,2008,NO
W3093938929,2020,US
W4256155535,2011,NA
W1659163511,2013,US
W2113190934,1995,US
W1530315115,2011,US
W3170284245,2012,NG
W1987562626,1997,NO
W2147528681,2012,US
W2592825817,2017,ES
W1513441237,2006,FR
W1552831552,1999,NA
W221019452,2004,NA
W2038650831,2001,NA
W1594865592,2013,NA
W2894428786,2018,LU
W2230167218,2015,NA
W2906896639,2009,US
W1552337495,2004,NO;US
W7066213015,2015,NA
W6886210721,2018,NA
W3193705176,2021,NA
W19364013,2002,GB
W1976756941,2010,CA
W2040870741,2007,NA
W2133702079,2002,GB
W2135459176,2010,NA
W1502383433,1962,US
W7020884926,2006,NA
W2984837800,2012,AU
W3202409097,2021,NA
W2035247595,2013,NL
W4250638525,2012,DE
W2678802810,2017,NA
W2031048998,1997,NA
W7074644620,2011,NA
W2884692831,1988,NA
W1536091370,2005,NA
W2034914414,1972,NA
W2088932924,2006,BD
W1996337382,2007,NA
W1986582838,1996,NA
W2003067475,2005,GB
W2151242492,1998,GB
W2609255920,2017,CH;CY;GR
W2794821671,2018,DE
W1975479483,1987,GB
W2007321142,1966,NA
W2134337131,1992,US
W1599375171,2012,NA
W91124855,1986,NA
W7001966318,2010,NA
W4255234640,2001,CH
W2018386801,2014,NA
W2153890685,1964,NA
W2244504482,2015,NA
W6996504374,1761,NA
W2088303151,1994,JP;US
W6922173221,2018,NA
W1976457731,2010,GB
W2049591487,1993,NA
W326229093,1992,NA
W37596163,2011,US
W101576916,2008,NA
W2036310903,2010,US
W2265977438,2016,US
W1988632401,1999,NA
W6974033714,2015,NA
W2305465358,2015,IN
W7019973364,1933,NA
W2328761650,2001,NA
W2154466601,2009,DE;NL;US
W2161631176,2001,NA
W1647826363,1991,NA
W2021247926,1964,NA
W3028229816,2012,NA
W2773351610,2017,CN
W1971409400,1995,DE
W102339898,2014,CZ
W2568187431,2017,GB
W2084582774,2012,FR;US
W62371246,1979,NA
W6943869855,2012,NL
W2025552402,1988,NA
W2040150742,2012,NA
W6981839408,NA,NA
W643870636,2011,NA
W2288777030,2015,NA
W3174096428,1996,NA
W2158108973,2006,US
W7046881223,1986,NA
W2122138403,2009,IT
W2672205883,2010,NA
W2131154369,1997,GB;US
W3130277856,1998,NA
W2100341149,2008,NZ
W650571080,2003,NA
W3104895689,2005,NA
W2041667242,1973,NA
W1505147213,2008,DE
W2001695461,2008,AU;GB
W4214750727,1965,NA
W1909725142,2015,NA
W2170233227,2011,US
W2480729902,2008,US
W2351118769,2006,NA
W2998942015,1996,NA
W7000712876,1998,NA
W4388123004,2008,NA
W2479689289,2013,NA
W261728349,2001,GB
W2111466213,2013,PL
W2093921318,1991,NA
W2331806013,1990,NA
W2136783211,2015,SE
W2739985730,2017,GB
W2153383412,2009,US
W6929340179,2003,NA
W2049919681,2010,KH;US
W2162861726,1990,US
W2123422598,2014,NA
W2018709110,2014,NA
W7096121754,2016,NA
W1571027381,1992,NA
W3140339200,2006,NA
W4234542648,2002,NA
W6965351197,1987,NA
W2128724692,2008,US
W2027068576,2005,GB
W2011318054,1993,NG
W2502430313,2016,NA
W2762447329,2017,BE;DE;FR
W1992715089,2012,US
W62391696,2007,NA
W2576990329,2008,NA
W1970754278,1954,NA
W2752413702,2017,US
W2054097442,1989,NA
W2037228293,2013,DE
W2318639803,1981,NA
W2397171046,2012,GB
W2016281502,2011,US
W4386450951,2023,NA
W2275656195,2015,US
W2766786822,2017,GB
W2415577806,2010,NA
W2506167996,1999,NA
W3139253192,2004,JP
W2172627534,2006,NA
W2014815538,1999,US
W2149890413,2014,CA
W2791378298,2018,NL
W599899923,1987,NA
W1555486186,2018,NA
W2127954254,2010,IN
W1565633662,2004,NA
W2125055259,1992,AU
W2012217809,2010,US
W593746614,1986,NA
W2612112834,2016,NA
W1972156139,2008,US
W1512605477,1995,FR;US
W6949460393,2018,BE;CA
W2724125653,2012,US
W2297674424,2011,NA
W2765614921,2013,NA
W2317854914,2013,NA
W1997586364,1997,US
W2061271742,1988,US
W2070205520,2014,CZ;US
W1582528364,2010,IE;US
W6958700595,2014,NA
W2134614734,2009,CH;DE
W6962590642,2015,NL
W2156991152,2004,DE
W3137991920,1980,NA
W7030590917,2007,NA
W2330695312,2015,FR
W2050111090,1995,ZA
W2339223376,2007,CH
W2054920719,2012,AU
W2279302189,2005,NA
W3205858511,2016,NA
W1863863609,2015,GB;US
W1568650776,2006,NA
W1593854440,2004,RU
W6992484482,2004,NA
W1983290951,2007,NA
W4230341329,1999,US
W1968994239,2013,NA
W7001412145,1992,NA
W4254857246,1892,NA
W140202189,1993,NA
W3046350551,2020,LU
W2884691240,2018,NA
W4231130478,2004,US
W2099323449,2005,CA
W2043316506,2012,US
W2100304601,2003,AU
W2949227201,2003,AU;US
W1974991040,1999,NA
W2051302227,2007,DE
W587221734,2007,NA
W2004690028,1995,GB
W2117196536,2015,CA
W1512037604,1993,NA
W2037740990,1982,US
W1985156790,1988,US
W1973747955,2014,US
W2887306438,2012,US
W2801497001,2010,NA
W4302411475,1992,NA
W2087940752,2002,NA
W3172139010,2020,NA
W1979597688,2013,GB
W6986823036,2014,NA
W2014864037,2006,AU
W2603061274,2014,NA
W2004487063,2010,NA
W3198401230,2021,PL
W2224357023,2010,NA
W2014703436,2005,US
W6959486025,2015,CA
W6977300115,1999,NA
W2150127280,2009,NA
W1524371952,1992,GB
W7001599327,1966,NA
W2013592657,1940,NA
W2070103088,2009,AU;MY
W6888786685,2016,NA
W4233515112,1998,NA
W2144874182,2009,US
W2013376900,1999,US
W2950090310,2002,CA
W1585563739,2007,NA
W2755331284,1989,NA
W2113877376,2011,CA
W2129213188,2013,NA
W2100006640,2006,US
W1985683154,1991,US
W2792422804,2018,ES
W1570651926,2008,IE
W2282116540,1999,NA
W1979701466,1996,DK
W232655087,2000,US
W2323123326,2013,NA
W2043549430,2002,GB
W2048375915,1998,NA
W2137426032,2007,US
W6940173686,NA,NA
W157617979,2004,NA
W2886071549,2012,NA
W4241595059,2005,NA
W2177985489,2011,CA;GB
W6942267495,2021,NA
W2250263133,2011,SE
W4237910476,2010,NA
W2053804523,2005,GB
W6936217115,2006,NA
W4297684735,2015,NA
W2789063819,2005,NA
W2049380851,2000,JP
W650986775,1950,NA
W2042822564,2005,DE;GB
W2014286915,2014,DE;NL
W2062855263,1991,CA
W7017577568,1978,NA
W2159397589,2009,US
W4300748073,2000,NA
W4240150825,2017,DE;US
W4293231372,2022,NA
W2022730097,2005,US
W1979068940,1997,US
W2141766660,2008,GB;IT;US
W112296066,2012,NA
W2065327270,2002,CA
W2883195514,2018,NA
W2410857158,2016,FR
W2564368184,2016,NA
W2155322595,1980,CA
W2408005737,2011,US
W2105330923,2004,DE
W3017898418,2016,NA
W2559941959,2016,AT;ES
W2113641473,1991,CA;NZ
W2089798447,2008,US
W1973482080,2011,FI
W7097050019,2016,NA
W2090937473,1997,NA
W2183879702,2010,NA
W2232943036,2010,US
W6990061332,2001,NA
W1567730093,2006,NA
W4285068309,2020,FR;US
W1520319298,2000,NA
W2473206977,2008,NA
W1545469385,2008,NA
W4232529941,2018,US
W1807820360,2011,GB
W645952331,1984,NA
W4236897947,1991,US
W4362517804,2008,NA
W4301353258,1976,US
W3171787468,2016,NA
W2461723275,2016,GB
W1975392791,2005,US
W6887795132,2021,CA
W2101445598,2006,US
W2143669109,1976,NA
W593855173,2010,NA
W19275816,2008,NA
W1511342409,1997,FI
W2055602674,2006,GB
W2143426320,2002,US
W1482285819,2003,NA
W565455445,2002,NA
W2105045857,1998,US
W4246027123,2013,DE
W2010622566,1980,US
W2010382625,1997,US
W2140939560,2007,US
W2020956012,2000,DE
W1977063241,2008,JP;US
W1993997371,2009,AU
W1966423308,2012,CA
W2434876547,2016,FR
W2023165546,2010,US
W399944182,2002,NA
W1513571002,2005,CN
W2092546171,1998,GB;US
W7020597564,1996,NA
W7100467386,2015,NA
W1582221946,2013,NA
W2088891449,1994,NA
W2278717175,2015,NA
W1765144422,2012,US
W2151196269,2012,US
W63741873,1999,US
W4388152766,2008,NA
W1849380654,2011,GB
W4253433681,2001,NA
W2038261488,1983,NA
W1989597095,1975,US
W1606480292,1998,DE;GB;NL
W182248535,2002,NA
W160256419,2006,NA
W2312538388,1962,NA
W1615991656,2015,IL
W655177190,2019,NA
W1587302206,2002,US
W1992683291,1995,NA
W2048025479,1965,NZ
W6907767256,2008,NA
W3199313930,2012,GB
W2028445099,1999,NA
W2010169953,2002,US
W1986930961,2009,US
W2281972822,2015,NA
W2008679785,2013,NA
W2173311347,2014,US
W1970182655,1994,US
W2106432738,2008,NA
W6960175579,2015,NA
W2487111087,1994,NA
W2249589069,1996,NA
W2021198451,2011,US
W2233372923,2008,NA
W1040172929,2012,NA
W2736287575,2012,IL
W2039320347,2001,FR
W2037186474,2014,GB
W2139689513,2002,NA
W2802675004,2010,BG
W6890015764,2013,NA
W382225771,1996,NA
W4240323605,1925,NA
W4327522128,2018,NA
W2998574808,1993,US
W2098524338,2012,BE;GB;NL;NZ;US
W2080219709,1998,AU
W2019704491,1979,US
W2278854812,2018,DE
W2042330344,2003,NA
W2887777871,2016,NA
W2197081628,2010,GB
W2048600471,1999,US
W4251429397,2003,CA
W1931750278,2012,NA
W2130993202,2013,NA
W2258614675,1991,NA
W2952098430,1994,NA
W2075164771,1994,NO
W2728353668,2015,NA
W2508920525,2016,NA
W3160860426,2021,US
W2112164461,2015,GB
W2599454391,2013,NA
W2016815329,1995,FR
W1532362218,2006,GB
W2076522290,1998,CA
W4205639047,2009,GB
W2069172670,2009,US
W6930436085,2025,DE
W2954211942,2019,CA
W4300889299,2015,NA
W2068838907,2010,US
W3179484032,2021,NA
W2097606805,2003,US
W2117443849,2006,US
W2158791046,2005,GB
W2785402374,2017,NA
W7098272797,1999,NA
W2492939375,2011,NA
W2164634022,2003,AU
W1533349965,2006,GR
W3013515182,2014,NA
W2003000826,2003,GB
W2115570304,2007,AT;BG;GB;US
W1591007150,2008,PT
W1485109029,2003,DE
W1581547891,2011,DE;NL
W2245105528,2000,NA
W3111780165,2020,TW
W1968519644,2001,NA
W1525136198,1983,NA
W6899120587,2011,NA
W2046571737,2009,NA
W2069425556,1992,NL
W6929602489,2020,NA
W1486511230,1987,NA
W2155831461,2007,AU
W1684840287,2009,BE
W2085086988,1977,NA
W2320575080,1984,NA
W2082736143,2011,NA
W2164227198,2010,NL
W2906817812,2018,NA
W3089609260,2020,ES
W90672828,2014,US
W2031787665,2003,CN
W2012612167,2003,AU
W2281740187,1996,NA
W6931004458,2016,NA
W1657013754,2009,US
W2528809416,2016,US
W3123492011,2016,NA
W2000569830,1994,US
W1866715767,2013,NA
W2054579058,1996,TW
W2107317033,2002,NA
W7098389669,2009,NA
W6943810690,2019,DE
W1991432298,2005,CA
W1599238028,2008,US
W4300546544,1991,NA
W3020069568,2016,NA
W2157657235,1999,NA
W2137079713,1993,US
W1892040917,2001,NA
W2399198658,2000,GB;IT;US
W2168297987,2011,US
W2021540580,2010,SE
W3162754366,2021,JP
W6980779235,1982,NA
W7018294303,2009,NA
W3116757623,2013,NA
W7099660349,2015,NA
W579480611,1996,NA
W3020931174,2017,NA
W4248023810,2006,NA
W262555460,2006,NA
W1538327173,2013,AT;DE;US
W2093962135,2010,NA
W193479587,2004,NA
W7095177021,2012,NA
W2250876140,2010,US
W1490094884,2007,NO
W1563052720,2004,NA
W2807488797,2018,ES
W7020671259,2002,NA
W1982672454,2003,NA
W2906783149,2018,IT
W132111329,1963,NA
W1578503079,2006,US
W2886763993,2012,NA
W1979983754,2008,NL
W1980564174,2002,NA
W2606029294,2017,US
W4246676131,2001,NA
W2023363262,2010,US
W2889152110,2013,NA
W2233384038,2015,GB;US
W352046256,2015,GB
W2076638146,1988,CA
W1988343039,2000,GB
W2288780076,1982,NA
W2064458621,2011,CH
W2040062114,2004,US
W6943644750,2016,DE;NL
W2888045868,2012,DE
W4298841877,2015,NA
W3146366153,2010,NA
W2031474728,2006,IL
W1566546168,2006,NA
W337668662,2001,GB
W2148078886,2009,US
W1491083719,2006,US
W58740868,2006,AU
W2039079068,1954,NA
W585896349,2017,NA
W7073713332,2005,NA
W341593433,1984,NA
W2009659525,2003,GB;IE
W1833236779,2010,US
W2002213703,2013,US
W4213452497,1999,NA
W2023986414,2002,NA
W2095885230,2008,US
W2176561301,2007,NA
W2952582174,2019,FR;IL
W2071940869,2003,US
W1566768190,2005,NL;US
W72159698,1992,NA
W2158131652,2014,NA
W2059854003,1998,NA
W3157297172,2021,US
W590848369,2008,NA
W7020902481,2005,NA
W2153579005,2013,US
W1972694649,2005,CA
W2006613335,2009,US
W2787157843,1982,NA
W2134389010,2009,US
W6941070314,2009,NA
W4232388412,1970,NA
W2067191022,2002,US
W3197150955,2021,NA
W2767225759,2017,AT
W2137958601,2010,GB;US
W2657046718,2017,CN;GB;PK;ZA
W1836023969,2005,US
W3093690080,2020,NA
W6887639940,2018,RU
W1520377376,1999,US
W2141802275,2011,DE;GB
W2478719428,2004,NA
W2023981852,2002,NA
W2118965652,2013,RS
W2126094488,2003,SI
W2011669570,2009,DE
W2014143342,1975,ZA
W7048155114,2016,NA
W2145148619,1993,NA
W1495504619,1996,NA
W3119397814,2001,NA
W2730029372,2011,BR
W2497982338,1993,NA
W3147315900,1997,NA
W2282717847,2015,NA
W2260509623,1991,FR
W4254989944,1998,JP;US
W1543271286,2000,NA
W4205750522,2009,FR
W4249825799,2015,NA
W2953938235,1999,NA
W2077832206,2012,US
W1981920898,2012,DE;ES;IE;NL
W268572385,1994,NA
W2317183416,2012,NA
W4320013818,2023,NA
W2515070191,2016,US
W2490407402,2014,NA
W2506757719,1994,NA
W2949780281,2019,AT;CH;DE;ES;FI;GB;GR
W2036726385,2012,US
W4416848509,2025,NA
W2620364655,2005,CA
W2616944770,2016,FR
W2617002442,2008,CA;GB
W2619320660,2008,NA
W2619277705,2012,US
W2603324824,2007,GB
W2619408079,2012,US
W2618153646,2005,GB
W2596969499,2005,GB;IT
W2619508393,2013,GB;IS
W4388344315,2002,NA
W4388122661,1994,NA
W290275416,2011,GU
W4388123051,1995,NA
W4388389077,1995,NA
W7112214060,NA,NA
W7112069049,1953,NA
W7112595122,1980,NA
W7113325977,1976,NA
W7047804200,1978,NA
W7047896720,2013,NA
W7112753522,1962,NA
W7112738941,2004,NA
W7113387311,1972,NA
W7111729498,1971,NA
W7113550636,1929,NA
W7115575732,2009,NA
W4402868830,2009,NA
W4379805338,2014,NA
W4389430586,2023,NA
W4386162816,2023,NA
W4391816076,2024,NA
W4390757944,2023,NA
W4391003088,2024,NA
W4381611692,2023,NA
W4408669000,2024,NA
W4387274495,2018,NA
W202708134,2025,NA
W4408357559,2025,NA
W2614447234,2004,NA
W4400122759,2011,NA
W3125831864,2020,NA
W4401262917,2013,NA
W4407056540,2022,NA
W4387376602,2023,NA
W4399199218,1980,NA
W4317928950,2012,NA
W4293359069,2023,NA
W4401198512,1987,NA
W4402723339,2024,CN
W4404563566,2024,NA
W4404476099,2016,NA
W4404478335,2016,NA
W4408228461,2001,NA
W7118967271,1988,NA
W104387568,1996,US
W2798362442,2018,DE
W3169483174,2021,US
W1891628650,2012,NA
W2171310595,2015,IT
W2138199375,2002,US
W2928502135,1991,US
W916161589,2011,NA
W4236823841,2018,NA
W3003385079,2020,DE
W2141362318,2007,GB;US
W4237259016,2012,NA
W1631260214,2002,NA
W2787677190,2017,AT
W2125297759,2005,US
W2097706568,1987,US
W2339840868,2016,IT;US
W2951187834,2019,GB
W1985803071,1985,NA
W1983850915,2011,DE
W2230587849,2016,GB
W2762642086,2017,NA
W2036948072,1993,NL
W2122585011,2009,CH;DE;PK;US
W2091636366,2011,US
W2033069678,2009,GB;US
W2158943277,2008,CA;FR
W1993436622,2014,AT
W2160243635,2013,DE;ES
W2003370949,2006,US
W2411138432,2015,GB;US
W1987172718,2009,GB
W1591752624,2015,NA
W2127160125,2013,GB;SE
W2014167464,2008,GB
W4207041113,1999,NA
W2782830987,2018,AT;AU;CA;GB
W2104131505,2013,GB
W3112784172,2020,DE
W4245874722,2007,NA
W1565341686,2014,CA;KR
W2134031328,2003,US
W2130210787,2004,US
W2107483875,2006,FR;US
W2067456760,2009,CA;GB;SE
W2133559194,2015,US
W2165857685,2005,CA;GB;US
W2094398406,2008,US
W2000196122,2009,AU;NL
W2323640617,1951,NA
W2053248591,2002,CH;ES;IT
W2111642621,2004,US
W1939808012,2015,GB
W2137249711,2013,BE;FR;GB
W2048843534,2011,NL;US
W2028695285,2014,FR
W2058787788,2005,FR
W2152245018,2006,US
W2202953107,2015,CA
W2082735203,2007,NL
W2555737633,2016,IN
W2124166542,2002,GB
W1997679156,1998,US
W2022739457,2009,JP
W2057300723,2005,CA;US
W2151999543,2006,AU
W1518804275,2013,US
W2047583926,2009,DE
W2169530826,2014,US
W2088646280,1996,JP
W2143514796,2003,GB
W2115209721,2004,NL
W2102378236,2012,US
W1569901886,2003,GB
W4241151676,2004,US
W2167482691,1991,US
W2030026550,1993,US
W1892813713,2008,DE
W1984284869,1966,CA
W2080025064,2013,US
W2069843624,2014,FI;FR
W2066216990,2006,DE;FI
W1607983314,2002,GB
W4252060112,2000,GB
W2017805164,1992,NA
W2161574341,2007,NL
W2163224477,2006,NL
W2050381689,1989,NA
W2096975878,2013,US
W2471633190,2016,US
W2093605115,2008,CN
W2052135643,1991,FR
W1609144197,2011,CH
W102708294,2007,DE;US
W2293081954,2015,NA
W2926555354,2019,GB;US
W3214703449,2005,NA
W2039708501,1989,US
W1669238674,1992,NA
W1604953524,2004,US
W2022184030,2004,GB
W4229954498,1983,NA
W3114950584,2020,DE
W2401830275,2007,US
W1908861937,2010,HK;US
W2045981439,2003,NA
W2921596091,2019,BE;NL
W2320952770,2013,CA
W2251803266,2014,IT
W1501095784,2019,NA
W4248981302,2019,NA
W4293165023,2019,NA
W4246066374,2013,NA
W4244210787,2018,NA
W7127689651,2018,NA
W4210456452,2020,NA
W2499339874,2014,NA
W4230720829,2020,NA
W2784159003,2018,NA
W7020314027,2002,NA
W7010195414,1984,NA
W2050206698,1986,NA
W1596675947,2010,CH
W2081748579,2006,IN
W1990587423,2010,AT;DE
W7015088525,2011,US
W7029247292,2003,NA
W6980919693,2021,NA
W6940487303,2013,NA
W7073993557,2002,NA
W2579836477,2014,IT
W2967571762,2013,NA
W7045651310,NA,NA
W7056837431,2021,NA
W6996489933,2013,NA
W7036451246,2009,NA
W2506553925,2016,CH
W2918310011,2018,NA
W3037632684,NA,NA
W7047000928,1998,NA
W6987951057,2017,NA
W7086619667,2023,NA
W2240027814,2012,NA
W7010917932,NA,NA
W7043971124,2005,NA
W7065287616,1994,NA
W7074057441,2010,NA
W7059833723,2010,NA
W7042365263,2002,NA
W7071865126,2014,NA
W7051946540,2017,NA
W6980239751,NA,NA
W7010085814,2011,NA
W7051263614,2006,NA
W1169217548,2015,NA
W7066251013,2010,NA
W4300769019,2011,NA
W1810869966,1997,US
W1513968741,1989,NA
W7072025654,2016,NA
W7058921193,NA,NA
W6997011458,1999,NA
W7053441654,2022,NA
W2801425947,1989,NA
W6995855451,2008,NA
W6999168006,1993,NA
W2894909149,2014,CA
W7006059461,1995,NA
W7062190016,1997,NA
W7019274407,NA,NA
W7018468752,1994,NA
W62784252,2011,NA
W7034417891,NA,NA
W7042557581,2007,US
W7065698424,2008,NA
W2783132087,2016,FR
W7024572898,2003,NA
W7046137266,1996,NA
W7035411103,1995,NA
W7028173329,2006,NA
W7074728473,2003,NA
W7045637780,2011,NA
W7018916397,2007,NA
W4412284948,2011,NA
W7027290246,2012,NA
W7017401336,2004,NA
W7073525309,2006,NA
W7054174936,2006,NA
W7052830243,2012,NA
W2473143589,1998,NA
W7004633444,NA,NA
W7028963041,1991,NA
W7032968115,2024,NA
W7010963888,1715,NA
W6980431291,1905,NA
W176045036,2016,NA
W7028025002,2006,NA
W7049067876,NA,NA
W6884735911,NA,NA
W7024332631,2002,NA
W7024430654,2004,NA
W6989637083,NA,NA
W6979853279,2011,NA
W7002267787,2009,NA
W1491797991,2005,DE;US
W2246928359,1999,NA
W2735411081,2016,NA
W2893765306,2018,DE;IT
W7074630893,2015,NA
W7042953996,2004,NA
W7019844611,2008,NA
W7043666125,2007,NA
W7033705116,NA,NA
W7073557561,2011,NA
W7030321961,2014,NA
W7055464608,1867,NA
W7001530380,2010,CH
W7052573887,2017,NA
W7019851317,2021,NA
W7071333014,2018,NA
W6992787359,2012,NA
W7038659603,2017,NA
W6986198895,2015,NA
W7028732566,2007,NA
W6991174450,2011,NA
W7011096466,NA,NA
W7007256499,1967,NA
W7010274586,NA,NA
W6948250295,2000,NA
W2618594768,2008,NA
W7002612789,1985,NA
W6998513564,2008,NA
W6994250168,2018,NA
W6986118740,2001,NA
W7032650626,2013,US
W3173683060,1993,NA
W7035009061,NA,NA
W7001276171,2010,NA
W6996848595,1995,NA
W7067747969,2011,NA
W7019697342,NA,NA
W7023498502,2014,NA
W7001918714,1957,NA
W109227934,1999,NA
W150329035,2004,CN;US
W7048038887,1994,NA
W2612034571,2016,NA
W6994256102,2011,NA
W6981560543,2012,NA
W1512175247,2010,NA
W1039765308,1997,NA
W7051362568,2015,NA
W7046533357,2012,NA
W999675304,2012,NA
W7075582732,2002,NA
W4391518469,2013,NA
W7014204963,2010,NA
W7016429901,1971,NA
W2747316933,1999,NA
W7000626780,2008,NA
W7059359188,2008,NA
W7000555711,2006,NA
W4301667328,2013,CH
W7047636377,2009,NA
W7004808317,2016,NA
W7034994014,2018,NA
W2530923448,2002,NA
W7103300475,2012,NA
W7002384202,2009,NA
W6999547532,2021,CA
W7025116215,1991,NA
W6989360090,2008,NA
W7023989465,2006,NA
W7048349231,2015,NA
W6988113263,2016,NA
W7052994209,2004,NA
W7006516100,2011,NA
W6991053372,2011,NA
W6992618999,NA,NA
W7048262949,2002,NA
W7027518987,2011,NA
W2590018021,2007,NA
W7054604973,2019,NA
W7060683809,2020,NA
W6999406551,2001,NA
W6991315538,1999,NA
W6989702606,2006,NA
W51597254,2003,NA
W2736553708,2014,NA
W6983682869,2002,NA
W7075317913,2013,NA
W4312214273,2008,GB
W7021258020,2014,NA
W6997885337,2006,NA
W7064371083,2011,NA
W6996284048,2009,NA
W7000044735,2014,NA
W7064347687,NA,NA
W7007862486,2011,NA
W7019472980,1991,NA
W7014781422,NA,NA
W7025475548,1999,NA
W7024968913,2012,NA
W7067776583,1994,NA
W6991392134,1982,NA
W2594680863,2016,NA
W7038058711,2004,NA
W6892988172,2024,NA
W2245509677,2007,NA
W7045174226,1999,NA
W4207089803,2008,FR
W7111118459,NA,NA
W7074137364,2008,NA
W7115320137,1990,NA
W7122350587,1998,NA
W6980132155,2016,NA
W6910430531,2015,NA
W7017358272,2014,NA
W4293873703,2013,NA
W6949157169,2024,NA
W7113354303,2017,NA
W2591668238,2010,FR
W4386270396,1995,FR
W6997411744,2012,NA
W6979931087,2004,NA
W4362132627,2004,NA
W4298513266,1998,FR;US
W6994488609,2005,NA
W7008606232,2006,NA
W7012269977,1868,NA
W7001657011,2008,NA
W7113751223,2025,NA
W7111215707,NA,NA
W7115411547,1999,NA
W7067262731,2017,NA
W7111275245,NA,NA
W2772090012,2017,NA
W7094431424,2013,NA
W7060605948,2008,NA
W7032023249,2008,JP
W2561816456,2016,RU
W2599750269,2017,NA
W6921077173,2018,NA
W6921071647,2018,NA
W3098896920,2017,NA
W7114916590,2025,NA
W6921285194,2016,NA
W7103535362,1993,NA
W6991038817,2016,NA
W7128593404,2013,NA
W2076372637,2008,CH;GB
W2038032083,2008,DE
W2062304357,1994,US
W2514454423,2016,US
W2742957587,2013,NA
W3094140582,2021,DE;TW
W7097126823,2008,NA
W2549919720,2013,NA
W7097951084,2008,NA
W7095164411,2000,NA
W7096068682,2006,NA
W7095382141,2002,NA
W7095869089,2002,NA
W7095986661,2010,NA
W7095959791,2008,NA
W3035801377,1997,NA
W7096043950,1994,NA
W7100637337,2000,NA
W7099156147,2011,NA
W7097284387,2012,NA
W7099420607,2004,NA
W7097169071,1995,NA
W7099843421,1997,NA
W7099930622,1994,NA
W7099792643,2001,NA
W7096575444,2005,NA
W7096556291,2006,NA
W7100294955,2008,NA
W7096416138,2007,NA
W7096296776,1993,NA
W2907421439,2018,NA
W7100872946,2013,NA
W7097431548,2002,NA
W7099950916,1997,NA
W7097748648,2008,NA
W7099757022,1999,NA
W7099452758,2001,NA
W2544061660,2016,DE
W7100502516,2007,NA
W7100685934,1996,NA
W7098382799,2008,NA
W7058186782,2005,NA
W7097581821,2003,NA
W7097514650,1992,NA
W7098145931,2008,NA
W7095993315,2004,NA
W7100611482,2008,NA
W7097222285,2011,NA
W7100113617,2001,NA
W7101080689,2008,NA
W7099139070,2008,NA
W7099621256,2001,NA
W7096787761,2003,NA
W7098980573,2011,NA
W7099021556,2008,NA
W7096547181,1994,NA
W7096300587,2011,NA
W7095652625,2006,NA
W7100343498,1996,NA
W7100420107,1998,NA
W7100289903,2014,NA
W2284740139,2015,NA
W7096074215,2011,NA
W7096628338,2008,NA
W7097931642,2008,NA
W7097224202,2004,NA
W7058159095,2005,NA
W7099991152,2003,NA
W7036089096,1994,NA
W7099411000,2014,NA
W7099531240,2006,NA
W7095551620,2004,NA
W7097455549,2006,NA
W7098734314,1994,NA
W7097636216,2004,NA
W7097762389,2007,NA
W7097751820,2001,NA
W7095194610,2005,NA
W7095242053,2015,NA
W2499741213,2015,NA
W22861983,2011,FR
W7098346477,1996,NA
W7098495791,2003,NA
W7025183906,1991,NA
W7099062001,2008,NA
W6988049230,2007,NA
W7095531350,1999,NA
W7096730106,2004,NA
W7097494837,2008,NA
W120186173,2013,GB
W24078727,1987,NL
W2317217399,1953,NA
W7006018489,2004,NA
W2502600674,1999,US
W2502482532,2010,GB
W2130831177,2007,CN
W7131800268,2005,NA
W2019999690,2011,DE
W7132051991,1998,NA
W7132134353,1992,NA
W1535333213,2010,NL
W2065296697,2012,IL;US
W7018958519,NA,NA
W413158038,1998,NA
W2296753779,2017,BE
W3140293287,2021,FI
W136402863,2018,US
W2033176220,1997,FI
W3032991123,2020,NL
W2614129337,2008,NA
W3210756622,2021,NL
W6940732116,2018,NA
W7065944282,2010,DE
W4313372983,1987,FR
W1996238366,2009,FR
W2037757210,2003,US
W1508023352,2011,US
W2089188009,1988,US
W2601870390,2012,US
W7042689273,2001,NA
W3152592756,2018,CA
W7006487407,2009,NA
W6884528455,2024,NA
W7056072206,2010,NA
W7071103784,2010,NA
W4251834600,1985,NA
W2800069645,2001,US
W4412327071,2014,DE;IR
W7018289664,1991,NA
W4391956911,2023,CA
W2330755080,1966,NA
W2317594704,1969,NA
W4301031423,1933,NA
W7114803838,2020,NA
W1977873181,1971,NA
W4403293835,2024,TR
W7033852621,2024,NA
W2333185633,1957,NA
W2044696775,1976,NA
W7135791143,2012,NA
W7135870854,2010,NA
W7135516299,2002,NA
W7135643240,2004,NA
W4412261577,2017,US
W7135893787,2007,US
W7135797713,2008,NA
W7135787646,2007,NA
W7135731205,2006,NA
W7135956550,2002,NA
W2319925008,1988,NA
W2806154504,2018,AE;DZ
W7050997100,2015,NA
W2318511577,1989,NA
W7050602670,2016,NA
W2611609447,2016,NA
W3168868621,2016,NA
W7070107576,2011,NA
W7017814012,NA,NA
W7139231792,2003,NA
W1490781083,1986,NA
W7056864935,2012,NA
W1507370768,2011,US
W7015831105,2004,US
W334662085,2003,NA
W599682443,2013,NA
W31101630,2007,NA
W122933470,2007,NA
W2403660944,2007,NA
W818801560,2010,NA
W409675090,2010,NA
W2340830750,2016,NA
W192227682,2010,NA
W1486068850,2011,NA
W113659751,2012,NA
W2398599889,2009,NA
W2402624777,2009,NA
W2397890110,2012,NA
W2398915485,2007,NA
W2400858643,2009,NA
W2407344301,2013,NA
W2401890073,2011,NA
W2408099484,2013,NA
W2398418791,2009,NA
W2398269865,2012,NA
W2408234646,2010,NA
W2396282724,2012,NA
W2399681293,2012,NA
W2408533217,2010,NA
W2398310990,2012,NA
W2402719808,2013,NA
W2399559309,2010,NA
W2404798394,2015,NA
W2399476732,2009,NA
W2397679112,2012,NA
W2398797370,2009,NA
W2401148073,2009,NA
W2403384790,2010,NA
W2394550273,2009,NA
W2402194820,2012,NA
W2400599015,2013,NA
W2404094871,2009,NA
W2399254397,2009,NA
W2408091212,2009,NA
W2112167028,2010,US
W2578358434,2016,NA
W2292809381,2011,NA
W7139914783,2015,NA
W817121634,2012,NA
W1930432436,2009,NA
W638631116,2008,NA
W2249539816,2012,NA
W2265795773,2009,NA
W26845927,2010,AU
W2227786163,2014,NL
W2029097391,2009,US
W2070291387,2013,US
W87316157,2014,US
W1616662409,2014,CA
W1536471652,2012,FR
W1480197477,2014,DE;US
W2067847281,2011,DE
W2065468945,2012,DE
W3117881903,2020,US
W1967346210,1998,NA
W4235145451,1986,NA
W2075602961,2013,DE;DK;FR;GB;US
W192873707,2014,US
W2113169658,1996,NL
W2441628031,2016,NA
W2089560202,2012,FR
W2510221039,2016,AT;DE
W3152040157,2021,DE
W1993829301,2014,IT;US
W1964977182,2012,DE
W4408741032,2009,NA
W2345136582,2016,NA
W2523265094,2016,GB
W2078277523,2013,CN
W2885121469,2016,NA
W2793532927,2016,DE
W4409771245,2004,NA
W3183282142,2021,AT;IE
W2904245610,2018,FI
W291106023,2002,CA
W2564406190,2016,GB
W3013443731,2020,DE
W6931634652,2017,ES;PT
W2955244474,2020,GB;NL;US
W6977925261,2025,NA
W3134587269,2021,US
W4286988349,2021,DE
W3180936257,2021,CN
W6902274327,2018,NA
W2983035134,2008,NA
W4399638148,2012,NA
W6902427393,2018,NA
W2620233016,2017,ES;PT
W3209609048,2021,JP
W6964294515,2022,NA
W6889211879,2021,NA
W2000064955,2014,FR
W4394225535,2014,NA
W2962730651,2019,US
W2895553377,2018,CA;GB;IE;IL
W4399640777,2002,NA
W3208760237,2019,NL;US
W6921391545,2025,NA
W2731315050,2017,US
W2997135118,2020,CH;IT;KR
W2563634715,2016,CA
W2731189061,2017,CH;DE;DK;GB;NL;US;ZA
W2014858765,1999,CA
W2889315866,2018,GB;US
W2087064593,1981,US
W7001814688,2015,NA
W7018667820,NA,NA
W2263958115,2015,GB
W2147880316,2001,US
W2130410032,2005,US
W2146950091,1991,US
W2155142785,2010,US
W2041971736,2012,US
W2098812693,2019,US
W2109741756,2012,NO
W155517163,2004,NA
W2891254012,2018,NA
W3164937913,2021,GB;NL
W7034074758,1997,NL
W2893425640,2017,GB;US
W1904784307,2010,BE;NL
W2250539671,2014,US
W2150220236,2009,NL
W2142980255,1995,GB
W2163781300,2013,CA
W2151103935,2004,CA
W3133702157,2021,US
W2097117768,2015,US
W3094332004,2020,DE
W2792641098,2018,US
W4239510810,1995,US
W2906151105,2008,NA
W1855078745,2015,BE;NL
W2159675211,2003,US
W2131681506,2008,BE;FR;GB
W2801857496,2018,ES
W3210232381,2000,NA
