author_id,n_citations_total,n_works,n_countries_cited,shannon_entropy,hhi,top_country,top_country_share,self_cite_rate,author_name,author_countries,max_entropy,entropy_norm
https://openalex.org/A5054595225,193,3,47,3.3164953310523724,0.053451099358372035,US,0.12435233160621761,0.11724137931034483,Mohd Kamal Othman,MY,3.8501476017100584,0.8613943344871604
https://openalex.org/A5068973323,193,3,47,3.3164953310523724,0.053451099358372035,US,0.12435233160621761,0.11724137931034483,Nurfarahani Norman Anuar,MY,3.8501476017100584,0.8613943344871604
https://openalex.org/A5026253993,129,3,41,3.1607827799349297,0.06652244456462952,GR,0.17054263565891473,0.22,Konstantinos Kotis,GR,3.713572066704308,0.8511435144276159
https://openalex.org/A5021496270,250,4,47,3.160746908201349,0.062176,GR,0.108,0.34177215189873417,Alessandro Adamou,IT,3.8501476017100584,0.8209417495572093
https://openalex.org/A5065358832,208,8,45,3.143297689195309,0.06832470414201183,US,0.13942307692307693,0.1527777777777778,Emad Mohamed,BD;GB,3.8066624897703196,0.8257358506676972
https://openalex.org/A5058352961,391,5,53,3.1314697691150615,0.0773869872646045,IT,0.1815856777493606,0.26181818181818184,Roberto Pierdicca,IT,3.970291913552122,0.7887253222933457
https://openalex.org/A5081152655,74,3,26,3.1273736722929826,0.048940832724616516,GB,0.08108108108108109,0.18181818181818182,Darja Fišer,SI,3.258096538021482,0.9598775345656632
https://openalex.org/A5023823294,217,3,41,3.0792771968545902,0.06674594916010108,GR,0.12442396313364056,0.27586206896551724,Yumeng Hou,CH,3.713572066704308,0.8291954865944915
https://openalex.org/A5025020025,205,5,40,3.058952206919129,0.06655562165377751,GR,0.12682926829268293,0.2517985611510791,Davide Picca,CH,3.6888794541139363,0.8292361528668833
https://openalex.org/A5047835586,152,3,42,3.024741315690278,0.08067867036011081,IT,0.16447368421052633,0.32,Laura Corchia,IT,3.7376696182833684,0.8092586088653488
https://openalex.org/A5055882886,152,3,42,3.024741315690278,0.08067867036011081,IT,0.16447368421052633,0.32,Lucio Tommaso De Paolis,IT,3.7376696182833684,0.8092586088653488
https://openalex.org/A5015201403,62,3,27,3.009959438897937,0.06711758584807492,US,0.1774193548387097,0.0975609756097561,Saeedeh Momtazi,IR,3.295836866004329,0.9132610506135358
https://openalex.org/A5028298939,267,6,40,3.009315850985772,0.07455568180224158,US,0.17228464419475656,0.19072164948453607,Sarah Kenderdine,CH,3.6888794541139363,0.8157804797957556
https://openalex.org/A5072253563,93,4,29,3.0060873688817042,0.06463174933518326,IT,0.13978494623655913,0.1323529411764706,Imanol Muñoz-Pandiella,ES,3.367295829986474,0.8927304046504816
https://openalex.org/A5023856062,118,3,34,2.97584318860942,0.08259120942257972,US,0.211864406779661,0.1951219512195122,Victoria L. Lemieux,CA,3.5263605246161616,0.8438851240070909
https://openalex.org/A5108768608,170,5,35,2.9503886444733043,0.07515570934256055,US,0.13529411764705881,0.2018348623853211,Raheem Sarwar,GB,3.5553480614894135,0.8298452341224003
https://openalex.org/A5063609310,130,3,30,2.9397916648633093,0.07562130177514793,GB,0.15384615384615385,0.660377358490566,Joseph Nockels,GB,3.4011973816621555,0.8643402116894026
https://openalex.org/A5018711853,129,3,28,2.938101529274742,0.07120966288083648,GB,0.15503875968992248,0.7872340425531915,Achim Rabus,DE,3.332204510175204,0.8817290536349042
https://openalex.org/A5100413180,424,13,54,2.936904651577573,0.10174884300462798,US,0.21462264150943397,0.2276923076923077,Haitao Liu,CN,3.9889840465642745,0.736253797281325
https://openalex.org/A5091524866,241,5,40,2.9273675258109595,0.09178560975189821,IT,0.2157676348547718,0.1945945945945946,George Caridakis,GR,3.6888794541139363,0.7935655155514181
https://openalex.org/A5065291002,140,4,28,2.9257710424836954,0.07142857142857142,GB,0.15,0.7843137254901961,Christel Annemieke Romein,AT;CH;NL,3.332204510175204,0.8780286544687083
https://openalex.org/A5005993906,250,10,41,2.924065955840771,0.08841600000000001,US,0.2,0.5507246376811594,David Joseph Wrisley,AE,3.713572066704308,0.7873998143345037
https://openalex.org/A5052787141,85,5,32,2.9097594447623973,0.09121107266435986,US,0.21176470588235294,0.3103448275862069,James Hutson,US,3.4657359027997265,0.8395791042277069
https://openalex.org/A5028952369,57,3,26,2.8982765571602775,0.08217913204062788,FI,0.21052631578947367,0.32432432432432434,Senka Drobac,FI,3.258096538021482,0.8895612893411349
https://openalex.org/A5076394591,120,3,30,2.877374172841691,0.08652777777777777,CN,0.175,0.26881720430107525,Kanglong Liu,HK,3.4011973816621555,0.845988588711522
https://openalex.org/A5011458000,159,6,31,2.875924599695686,0.08112811993196471,US,0.15723270440251572,0.43157894736842106,Moshe Lavee,IL,3.4339872044851463,0.8374884437366068
https://openalex.org/A5023816166,127,5,31,2.8595678645720697,0.0851261702523405,US,0.18110236220472442,0.2,Andrea Bellandi,IT,3.4339872044851463,0.8327252532674482
https://openalex.org/A5025494105,94,3,27,2.8464835737050165,0.0819375282933454,FR,0.19148936170212766,0.33962264150943394,Marie Puren,FR,3.295836866004329,0.8636603355784168
https://openalex.org/A5086224701,61,3,24,2.8387972397135144,0.07766729373824241,GB,0.16393442622950818,0.75,Milan van Lange,NL,3.1780538303479458,0.8932502063386106
https://openalex.org/A5029360913,170,3,36,2.8276886826700185,0.09778546712802769,GB,0.21764705882352942,0.29838709677419356,Charlie Hargood,GB,3.58351893845611,0.7890815511884175
https://openalex.org/A5015850691,116,3,32,2.8271200140190427,0.09453032104637336,IT,0.20689655172413793,0.3333333333333333,Ramona Quattrini,IT,3.4657359027997265,0.8157344048446419
https://openalex.org/A5011248342,162,3,32,2.826235821009283,0.08847736625514403,US,0.16666666666666666,0.3211009174311927,Nikolaos Partarakis,FR,3.4657359027997265,0.8154792806705681
https://openalex.org/A5014712120,162,3,32,2.826235821009283,0.08847736625514403,US,0.16666666666666666,0.3211009174311927,Ilia Adami,FR,3.4657359027997265,0.8154792806705681
https://openalex.org/A5089987396,162,3,32,2.826235821009283,0.08847736625514403,US,0.16666666666666666,0.3211009174311927,Xenophon Zabulis,GR,3.4657359027997265,0.8154792806705681
https://openalex.org/A5068789709,250,11,35,2.823983609823369,0.09372799999999999,US,0.22,0.25748502994011974,Mike Kestemont,BE,3.5553480614894135,0.794291743306938
https://openalex.org/A5076012918,78,5,26,2.8197974449712007,0.0811965811965812,FR,0.15384615384615385,0.2692307692307692,Thibault Clérice,FR,3.258096538021482,0.8654738777886416
https://openalex.org/A5051059391,95,3,27,2.808811126080251,0.09961218836565097,DE,0.25263157894736843,0.6944444444444444,Nanette Rißler-Pipka,DE,3.295836866004329,0.8522300223813813
https://openalex.org/A5065862748,85,5,24,2.807620873265195,0.07737024221453287,CN,0.15294117647058825,0.208955223880597,Tong Wei,CN,3.1780538303479458,0.8834403138343965
https://openalex.org/A5055991257,135,3,28,2.8049446036585066,0.0865294924554184,US,0.2,0.16666666666666666,Ivan Sipiran,PE,3.332204510175204,0.8417684434113636
https://openalex.org/A5051192482,201,6,36,2.804554248603917,0.10645776094651122,US,0.25870646766169153,0.08227848101265822,Steven Verstockt,BE,3.58351893845611,0.7826257644426473
https://openalex.org/A5049722294,163,4,30,2.793482945797044,0.09202453987730062,US,0.1901840490797546,0.16666666666666666,George Papagiannakis,GR,3.4011973816621555,0.82132338477571
https://openalex.org/A5042333468,107,4,26,2.793453694744278,0.08620840248056598,US,0.16822429906542055,0.15384615384615385,Ioanna Lykourentzou,NL,3.258096538021482,0.8573882517430365
https://openalex.org/A5101437756,58,3,22,2.7911112678074246,0.07966706302021404,DE,0.1724137931034483,0.6363636363636364,Frank Fischer,DE,3.091042453358316,0.9029676265930847
https://openalex.org/A5046117814,111,4,30,2.790768693191001,0.09536563590617644,FR,0.2072072072072072,0.38666666666666666,Carmen Brando,FR,3.4011973816621555,0.8205253562282705
https://openalex.org/A5069688549,76,5,25,2.786125563682493,0.09037396121883655,GB,0.21052631578947367,0.5319148936170213,Andreas Vlachidis,GB,3.2188758248682006,0.8655585723927617
https://openalex.org/A5100611610,80,3,29,2.7854888817899104,0.0984375,CN,0.1875,0.12857142857142856,Wanwan Zheng,JP,3.367295829986474,0.827218344460427
https://openalex.org/A5064778594,194,4,27,2.785329653170512,0.08927622489106175,US,0.21649484536082475,0.17985611510791366,Yiorgos Chrysanthou,CY,3.295836866004329,0.8451054364675746
https://openalex.org/A5084395826,180,11,30,2.7807044849786546,0.09376543209876544,NL,0.17777777777777778,0.2727272727272727,Victor de Boer,NL,3.4011973816621555,0.8175663370703091
https://openalex.org/A5031440160,80,3,26,2.7787352214402037,0.091875,US,0.2125,0.15,Gustavo Patow,ES,3.258096538021482,0.852870744931218
https://openalex.org/A5068067418,90,3,25,2.7762196008480355,0.0965432098765432,GB,0.24444444444444444,0.40298507462686567,Daniela Petrelli,GB,3.2188758248682006,0.8624811120080129
https://openalex.org/A5006766510,355,10,40,2.7756988589724836,0.11500099186669313,US,0.27605633802816903,0.15708812260536398,Maayan Zhitomirsky‐Geffet,IL,3.6888794541139363,0.7524504103480396
https://openalex.org/A5005815493,212,5,29,2.7756566804501968,0.09180313278746885,US,0.18396226415094338,0.4793388429752066,Gustavo Candela,ES,3.367295829986474,0.8242984342903267
https://openalex.org/A5011635545,54,4,23,2.7718092830956156,0.08847736625514402,US,0.2037037037037037,0.06060606060606061,Tomaž Erjavec,SI,3.1354942159291497,0.8840103320918542
https://openalex.org/A5064638062,223,6,36,2.7668468162047746,0.12280560638661546,US,0.30493273542600896,0.44,Holly Rushmeier,US,3.58351893845611,0.7721033050816852
https://openalex.org/A5037026769,264,3,37,2.7651022244638925,0.11085284664830121,US,0.23863636363636365,0.30726256983240224,Xia Zheng,CN,3.6109179126442243,0.7657615851031759
https://openalex.org/A5022078517,60,4,20,2.764949931623221,0.07611111111111112,DE,0.15,0.7058823529411765,Matej Ďurčo,AT,2.995732273553991,0.9229629616878343
https://openalex.org/A5052506636,190,7,29,2.757010231749973,0.09235457063711912,US,0.1736842105263158,0.4260869565217391,Daniele Metilli,IT,3.367295829986474,0.8187609200231889
https://openalex.org/A5063008577,84,3,22,2.7533944183084276,0.07794784580498866,DE,0.11904761904761904,0.5454545454545454,Lucia Giagnolini,IT,3.091042453358316,0.8907656429360765
https://openalex.org/A5055324596,194,11,30,2.7528833024281703,0.09182697417366352,GB,0.15463917525773196,0.32413793103448274,Sander Münster,DE,3.4011973816621555,0.8093865170162057
https://openalex.org/A5034136057,140,6,32,2.7528828138840913,0.1113265306122449,US,0.2642857142857143,0.18095238095238095,Seyed Mostafa Fakhrahmad,IR,3.4657359027997265,0.7943140767478067
https://openalex.org/A5047276842,196,3,35,2.752219956386464,0.12734277384423157,US,0.3163265306122449,0.1111111111111111,Avshalom Elmalech,IL,3.5553480614894135,0.7741070378446994
https://openalex.org/A5081395585,196,3,35,2.752219956386464,0.12734277384423157,US,0.3163265306122449,0.1111111111111111,Omri Suissa,IL,3.5553480614894135,0.7741070378446994
https://openalex.org/A5072750611,182,4,33,2.7507619094850835,0.09672744837580002,US,0.1813186813186813,0.24390243902439024,Marieke van Erp,NL,3.4965075614664802,0.7867169914917554
https://openalex.org/A5083411784,169,6,27,2.744341700132739,0.0928889044501243,US,0.20710059171597633,0.125,Walter Daelemans,BE,3.295836866004329,0.8326691555762014
https://openalex.org/A5033582512,651,31,51,2.7386645980102857,0.13251266514236634,US,0.25499231950844853,0.43803418803418803,Melissa Terras,GB,3.9318256327243257,0.6965376529458888
https://openalex.org/A5008213712,153,3,31,2.7373277815179198,0.1102567388611218,US,0.24836601307189543,0.13559322033898305,Katerina El Raheb,GR,3.4339872044851463,0.797128124980397
https://openalex.org/A5084844685,153,3,31,2.7373277815179198,0.1102567388611218,US,0.24836601307189543,0.13559322033898305,Marina Stergiou,GR,3.4339872044851463,0.797128124980397
https://openalex.org/A5029182918,113,8,25,2.731514410132827,0.08794737254287728,AT,0.17699115044247787,0.35294117647058826,Amelie Dorn,AT,3.2188758248682006,0.8485926636342584
https://openalex.org/A5103163136,55,3,24,2.7266125886144863,0.10876033057851238,US,0.2727272727272727,0.2631578947368421,Kiyonori Nagasaki,JP,3.1780538303479458,0.8579504105869616
https://openalex.org/A5015764032,76,6,19,2.725283343557674,0.07479224376731301,US,0.11842105263157894,0.125,Chung Chang,TW,2.9444389791664403,0.9255696459802987
https://openalex.org/A5102019604,150,11,26,2.723572650485638,0.09182222222222222,US,0.20666666666666667,0.14953271028037382,Chih‐Ming Chen,TW,3.258096538021482,0.8359398252022207
https://openalex.org/A5026268052,92,5,27,2.7224858326719317,0.09735349716446125,IT,0.18478260869565216,0.32075471698113206,Angelo Mario Del Grosso,IT,3.295836866004329,0.8260377996112735
https://openalex.org/A5029199212,121,6,29,2.7184904702885295,0.1139949457004303,DE,0.256198347107438,0.5689655172413793,José Calvo Tello,DE,3.367295829986474,0.8073215445105247
https://openalex.org/A5046812287,58,3,24,2.718455349045408,0.09750297265160524,CN,0.1896551724137931,0.1346153846153846,Mingzhe Jin,JP,3.1780538303479458,0.8553836700581566
https://openalex.org/A5025599310,174,7,30,2.7145287086058665,0.10067380103051922,US,0.21264367816091953,0.2558139534883721,Simone Rebora,IT,3.4011973816621555,0.7981097254871119
https://openalex.org/A5004559117,232,8,29,2.71139897238423,0.0978745541022592,US,0.17672413793103448,0.36879432624113473,Valentina Bartalesi,IT,3.367295829986474,0.8052155525625799
https://openalex.org/A5042548732,88,5,27,2.709769532805303,0.10201446280991736,US,0.19318181818181818,0.328125,Matti La Mela,FI;SE,3.295836866004329,0.8221795079592218
https://openalex.org/A5014143084,208,5,29,2.70768309193451,0.09911242603550295,GB,0.1875,0.45038167938931295,Enrico Daga,GB,3.367295829986474,0.8041120319224778
https://openalex.org/A5029129300,113,5,28,2.7070907637162827,0.10580311692379983,GB,0.20353982300884957,0.3333333333333333,Fabio Vitali,IT,3.332204510175204,0.8124023466896835
https://openalex.org/A5021451115,60,5,22,2.706743226594451,0.095,US,0.2,0.11904761904761904,Erik Champion,AU,3.091042453358316,0.8756732615088038
https://openalex.org/A5029982012,57,3,22,2.7045005337794783,0.10126192674669128,US,0.24561403508771928,0.25,Janneke M. van der Zwaan,NL,3.091042453358316,0.8749477157264945
https://openalex.org/A5069545386,165,8,28,2.7034650199282164,0.09685950413223139,IT,0.15757575757575756,0.44761904761904764,Carlo Meghini,IT,3.332204510175204,0.8113142550743595
https://openalex.org/A5083923050,117,4,24,2.6996679596742545,0.09445540214770984,IT,0.17094017094017094,0.31746031746031744,Nicolò Pratelli,IT,3.1780538303479458,0.849472068060812
https://openalex.org/A5061671893,51,3,20,2.6981846249677925,0.08573625528642831,US,0.17647058823529413,0.14285714285714285,Carla Teixeira Lopes,PT,2.995732273553991,0.9006761548043136
https://openalex.org/A5100379682,99,3,28,2.6966562517695283,0.10927456382001838,US,0.24242424242424243,0.4142857142857143,Zeyu Wang,US,3.332204510175204,0.8092709326618555
https://openalex.org/A5039604862,88,4,24,2.6956762937169514,0.10278925619834711,GB,0.2159090909090909,0.3728813559322034,Daniil Skorinkin,RU,3.1780538303479458,0.8482160585120795
https://openalex.org/A5000158514,108,10,25,2.6956762935295493,0.1047668038408779,RS,0.24074074074074073,0.5238095238095238,Ranka Stanković,IT;RS,3.2188758248682006,0.8374589267170398
https://openalex.org/A5074951699,90,4,23,2.689534919243908,0.09358024691358025,IT,0.18888888888888888,0.12345679012345678,George Lepouras,GR,3.1354942159291497,0.8577706524159258
https://openalex.org/A5033602352,214,3,31,2.6846894749406323,0.10533671062974931,US,0.19626168224299065,0.4189189189189189,Antonio Lieto,IT,3.4339872044851463,0.7817994986801777
https://openalex.org/A5081287697,320,7,36,2.6839773393714705,0.1064453125,US,0.184375,0.4623115577889447,Marilena Daquino,IT,3.58351893845611,0.7489781372629806
https://openalex.org/A5007084743,176,3,30,2.6819732761802446,0.11079545454545456,IT,0.23863636363636365,0.3418803418803419,Bruno Sartini,IT,3.4011973816621555,0.7885379691988272
https://openalex.org/A5019559449,304,14,34,2.6800337568700527,0.10225502077562326,US,0.18092105263157895,0.3403141361256545,Francesca Tomasi,IT,3.5263605246161616,0.7599999314198794
https://openalex.org/A5079118565,201,11,31,2.676446349370246,0.10625974604588995,US,0.208955223880597,0.5238095238095238,Joris van Zundert,NL,3.4339872044851463,0.7793990454811617
https://openalex.org/A5044065181,62,5,20,2.675970908536271,0.09053069719042664,DE,0.1774193548387097,0.6470588235294118,Karlheinz Mörth,AT,2.995732273553991,0.893261034091551
https://openalex.org/A5110283930,76,3,26,2.674554471839036,0.11945983379501385,US,0.2894736842105263,0.1111111111111111,Mohammad Hadi Sadreddini,IR,3.258096538021482,0.8208947895273818
https://openalex.org/A5004193068,294,6,36,2.6727215909026043,0.1183534638345134,US,0.21768707482993196,0.24890829694323144,Akrivi Katifori,GR,3.58351893845611,0.7458371608478495
https://openalex.org/A5084870386,294,6,36,2.6727215909026043,0.1183534638345134,US,0.21768707482993196,0.24890829694323144,Yannis Ioannidis,GR,3.58351893845611,0.7458371608478495
https://openalex.org/A5066740670,452,9,37,2.671787459897238,0.13038413344819483,US,0.31194690265486724,0.3482142857142857,Ruggero Pintus,US,3.6109179126442243,0.7399191907801431
https://openalex.org/A5055598777,265,7,37,2.671260688819292,0.12532573869704522,US,0.27547169811320754,0.19387755102040816,Heshaam Faili,IR,3.6109179126442243,0.7397733079075081
https://openalex.org/A5030902070,145,4,29,2.6706172685237726,0.1180975029726516,GB,0.23448275862068965,0.375,Inna Kizhner,RU,3.367295829986474,0.7931044385056302
https://openalex.org/A5079764764,90,3,23,2.670046822686444,0.10148148148148149,US,0.2,0.3090909090909091,Myrsini Samaroudi,GB,3.1354942159291497,0.851555333485194
https://openalex.org/A5022034150,163,3,30,2.6692062786877324,0.10911212315104069,US,0.22085889570552147,0.22764227642276422,Eugene Ch’ng,CN,3.4011973816621555,0.7847842918729107
https://openalex.org/A5031461768,171,4,31,2.6685353733183352,0.11090591977018568,US,0.22807017543859648,0.3103448275862069,Silvio Peroni,IT,3.4339872044851463,0.7770953164394291
https://openalex.org/A5013230390,218,4,29,2.668051253419013,0.11366888309064895,US,0.24311926605504589,0.34782608695652173,Christofer Meinecke,DE,3.367295829986474,0.7923423982114842
https://openalex.org/A5005227218,170,5,31,2.667712222525461,0.1114878892733564,US,0.21764705882352942,0.15447154471544716,Giovanni Colavizza,CH;GB;NL,3.4339872044851463,0.7768556094330084
https://openalex.org/A5009229122,520,10,38,2.6645810499694043,0.12499999999999999,US,0.2865384615384615,0.34908136482939633,Enrico Gobbetti,IT,3.6375861597263857,0.7325135221456391
https://openalex.org/A5054033830,340,18,41,2.66318534436667,0.13544982698961938,US,0.2676470588235294,0.27710843373493976,Julianne Nyhan,GB,3.713572066704308,0.7171492289713858
https://openalex.org/A5030028705,88,3,22,2.6629855544765606,0.09814049586776859,US,0.22727272727272727,0.26785714285714285,Laura Hernández‐Lorenzo,ES,3.091042453358316,0.8615169783848534
https://openalex.org/A5052039493,131,4,26,2.662936458697073,0.1057630674203135,US,0.1984732824427481,0.047619047619047616,Georgia Panagiotidou,BE,3.258096538021482,0.8173288997489844
https://openalex.org/A5087960974,131,4,26,2.662936458697073,0.1057630674203135,US,0.1984732824427481,0.047619047619047616,Andrew Vande Moere,BE,3.258096538021482,0.8173288997489844
https://openalex.org/A5059869608,53,4,20,2.6628607683094665,0.09362762548949805,US,0.20754716981132076,0.16666666666666666,Mats Dahllöf,SE,2.995732273553991,0.8888847617715778
https://openalex.org/A5016085121,52,5,21,2.660753709241804,0.10798816568047337,US,0.2692307692307692,0.3333333333333333,Alíz Horváth,AT,3.044522437723423,0.8739478074700654
https://openalex.org/A5021571150,146,3,27,2.6603701145442695,0.11568774629386376,US,0.2602739726027397,0.12121212121212122,Lars Wieneke,LU,3.295836866004329,0.8071910785346422
https://openalex.org/A5021351968,195,10,34,2.6515356588546237,0.12646942800788954,GB,0.28205128205128205,0.3007518796992481,Tobias Blanke,GB,3.5263605246161616,0.7519184837583329
https://openalex.org/A5038857893,94,3,24,2.6507192949767804,0.1072883657763694,GB,0.2127659574468085,0.27631578947368424,Leonardo Impett,GB;US,3.1780538303479458,0.8340699800816682
https://openalex.org/A5071623753,167,5,29,2.6504773405752315,0.1091828319409086,US,0.2215568862275449,0.2857142857142857,J. Berenike Herrmann,CH,3.367295829986474,0.7871233994269752
https://openalex.org/A5059975327,189,4,32,2.6471862938040647,0.12387671117829847,US,0.2698412698412698,0.04929577464788732,Enrica Salvatori,IT,3.4657359027997265,0.7638165076760717
https://openalex.org/A5045392938,130,11,26,2.6434964932233758,0.10508875739644973,FR,0.2,0.4246575342465753,Laurent Romary,FR,3.258096538021482,0.8113622363162605
https://openalex.org/A5018399500,56,3,21,2.6424887248667464,0.10905612244897958,US,0.26785714285714285,0.08888888888888889,Rachid Benslimane,MA,3.044522437723423,0.8679485137388897
https://openalex.org/A5065912928,138,12,24,2.6395439136508534,0.09871875656374711,AT,0.17391304347826086,0.40217391304347827,Eveline Wandl-Vogt,AT,3.1780538303479458,0.830553557162959
https://openalex.org/A5034071724,39,3,17,2.634217698056855,0.0861275476660092,US,0.1794871794871795,0.2,Ben Nagy,AU,2.833213344056216,0.9297632681221013
https://openalex.org/A5073776277,139,4,25,2.6310296542381364,0.10677501164535998,US,0.2158273381294964,0.26666666666666666,Karina Rodríguez Echavarria,GB,3.2188758248682006,0.8173753190202253
https://openalex.org/A5086267657,115,4,23,2.6307340457224706,0.10275992438563326,US,0.19130434782608696,0.04819277108433735,Tuomo Hiippala,FI,3.1354942159291497,0.8390173492770734
https://openalex.org/A5016981270,79,3,19,2.6272916769727908,0.09373497836885115,US,0.189873417721519,0.25,Gualtiero Volpe,IT,2.9444389791664403,0.892289395556286
https://openalex.org/A5101696469,88,3,23,2.6258421411233344,0.10666322314049587,GB,0.22727272727272727,0.01282051282051282,Changsoo Lee,KR,3.1354942159291497,0.8374571790894569
https://openalex.org/A5083489156,68,6,20,2.621779760364247,0.09342560553633218,ES,0.14705882352941177,0.3191489361702128,Helena Bermúdez Sabel,CH,2.995732273553991,0.8751715844266335
https://openalex.org/A5055956397,67,3,24,2.6194300048477754,0.1298730229449766,DE,0.31343283582089554,0.6774193548387096,Stefan E. Funk,DK,3.1780538303479458,0.8242245552401452
https://openalex.org/A5016219620,85,3,22,2.6161267572684634,0.10256055363321799,US,0.2235294117647059,0.24528301886792453,Tobias Schreck,AT,3.091042453358316,0.8463574333720741
https://openalex.org/A5089520663,240,8,30,2.6152246834704687,0.11145833333333333,GR,0.175,0.29381443298969073,Angeliki Antoniou,GR,3.4011973816621555,0.7689129415336713
https://openalex.org/A5100733931,55,5,22,2.614693459112319,0.10942148760330578,GB,0.21818181818181817,0.20930232558139536,Defeng Li,MO,3.091042453358316,0.8458937392695919
https://openalex.org/A5012871437,83,5,23,2.614018477433982,0.10785309914356221,US,0.20481927710843373,0.3508771929824561,Salvador Ros,ES,3.1354942159291497,0.8336862699838732
https://openalex.org/A5007907503,178,5,29,2.608604666936726,0.12302739553086732,GB,0.25280898876404495,0.5238095238095238,Patricia Murrieta‐Flores,GB,3.367295829986474,0.7746882954881943
https://openalex.org/A5042004416,34,4,17,2.6065253590979895,0.09169550173010381,GB,0.17647058823529413,0.3333333333333333,Marcel Schaeben,DE,2.833213344056216,0.919989087502431
https://openalex.org/A5078767816,66,3,21,2.6056452687336824,0.10101010101010102,US,0.21212121212121213,0.1276595744680851,Jean-Baptiste Camps,FR,3.044522437723423,0.8558469586061201
https://openalex.org/A5075022301,50,4,18,2.605015325143894,0.0912,US,0.16,0.391304347826087,Toma Tasovac,RS,2.8903717578961645,0.9012734496963204
https://openalex.org/A5034892295,147,10,28,2.6038362578672034,0.1215697163219029,US,0.24489795918367346,0.17796610169491525,Patricia Martín-Rodilla,ES,3.332204510175204,0.7814155013343693
https://openalex.org/A5030130884,200,5,25,2.6027299780529556,0.11205,DE,0.215,0.3902439024390244,Matteo Valleriani,DE,3.2188758248682006,0.8085835302949366
https://openalex.org/A5064723143,240,5,33,2.602302841603093,0.13065972222222222,US,0.2708333333333333,0.33146067415730335,Fabio Marton,IT,3.4965075614664802,0.7442577474397492
https://openalex.org/A5084142489,177,7,31,2.6000237485320596,0.11743113409301287,IT,0.21468926553672316,0.43548387096774194,Fabrizio Ivan Apollonio,IT,3.4339872044851463,0.7571442739029886
https://openalex.org/A5035039786,54,4,20,2.5995489351495453,0.10631001371742112,US,0.24074074074074073,0,Georg Vogeler,DE,2.995732273553991,0.8677507526617414
https://openalex.org/A5049190332,90,6,23,2.5985183099636053,0.1091358024691358,ES,0.2111111111111111,0.38333333333333336,Elena González‐Blanco,ES,3.1354942159291497,0.8287428172447064
https://openalex.org/A5036045020,30,3,18,2.5981889722353992,0.1088888888888889,US,0.26666666666666666,0.5238095238095238,Jeffrey Tharsen,US,2.8903717578961645,0.8989116936731216
https://openalex.org/A5003735149,81,3,21,2.5976675681236663,0.10440481633897271,US,0.2345679012345679,0.125,Shaodan Sun,CN,3.044522437723423,0.8532266131256048
https://openalex.org/A5015779693,86,3,25,2.5900520443723645,0.1292590589507842,US,0.2441860465116279,0.2714285714285714,Ivan Rudov,RU,3.2188758248682006,0.804644908748046
https://openalex.org/A5067301751,173,8,34,2.590035002322746,0.13221290387249826,US,0.2832369942196532,0.21705426356589147,Sara Tonelli,IT,3.5263605246161616,0.734478220318856
https://openalex.org/A5054581185,289,6,33,2.5887283428742633,0.12005363920451144,US,0.22837370242214533,0.38349514563106796,Rossana Damiano,IT,3.4965075614664802,0.7403754453167884
https://openalex.org/A5047107122,157,9,24,2.5866130186380265,0.12191163941742059,US,0.2802547770700637,0.2231404958677686,Jan Rybicki,PL,3.1780538303479458,0.8138984286351229
https://openalex.org/A5090258074,91,5,23,2.5849938545054347,0.10904480135249367,FR,0.23076923076923078,0.39285714285714285,Ariane Pinche,FR,3.1354942159291497,0.8244294763399576
https://openalex.org/A5081681790,157,13,25,2.5837108007387797,0.13010669804048847,US,0.3057324840764331,0.18421052631578946,Roberto Therón,ES,3.2188758248682006,0.802674890648996
https://openalex.org/A5065705742,295,5,32,2.5831618383781922,0.11646078713013502,IT,0.2,0.4207920792079208,Aldo Gangemi,IT,3.4657359027997265,0.7453429548083672
https://openalex.org/A5044758497,102,4,27,2.5821412727880455,0.12937331795463283,US,0.29411764705882354,0.16883116883116883,Giovanni Moretti,IT,3.295836866004329,0.7834554250612761
https://openalex.org/A5004791611,234,5,31,2.5810927372542047,0.13025056614800207,US,0.2606837606837607,0.3684210526315789,Fabio Bettio,IT,3.4339872044851463,0.7516314370312819
https://openalex.org/A5013666222,218,15,32,2.5783136070984605,0.1275986869792105,FI,0.27522935779816515,0.4304635761589404,Heikki Rantala,FI,3.4657359027997265,0.7439440509634968
https://openalex.org/A5006588855,139,8,24,2.5777166313447966,0.13068681745251282,US,0.30935251798561153,0.15625,Alejandro Benito-Santos,ES,3.1780538303479458,0.8110991093761863
https://openalex.org/A5074213110,93,9,21,2.5742086579103733,0.11087987050526073,US,0.23655913978494625,0.22972972972972974,César González-Pérez,ES,3.044522437723423,0.8455213290644256
https://openalex.org/A5027019518,158,8,26,2.5700381056098784,0.12345777920205095,US,0.23417721518987342,0.32407407407407407,Jani Marjanen,FI,3.258096538021482,0.7888158240917454
https://openalex.org/A5037571749,422,15,37,2.568651120327903,0.14136025695739088,US,0.3009478672985782,0.2711267605633803,Stefan Jänicke,DE,3.6109179126442243,0.711356830165911
https://openalex.org/A5080339182,69,3,21,2.5666612305531817,0.11027095148078135,US,0.21739130434782608,0.05555555555555555,Kenzo Milleville,BE,3.044522437723423,0.8430423105938522
https://openalex.org/A5077054902,81,3,20,2.563440843433295,0.10531931108062795,GB,0.2222222222222222,0.5,Francesca Benatti,GB,2.995732273553991,0.8556975755353978
https://openalex.org/A5085810173,81,3,20,2.563440843433295,0.10531931108062795,GB,0.2222222222222222,0.5,Alessio Antonini,GB,2.995732273553991,0.8556975755353978
https://openalex.org/A5082155559,37,3,17,2.5615303158128477,0.09715120525931338,US,0.1891891891891892,0.38461538461538464,Bruno Almeida,PT,2.833213344056216,0.9041078114313803
https://openalex.org/A5015315345,69,3,21,2.5580725793585453,0.10775047258979205,IT,0.18840579710144928,0.32,Owen Conlan,IE,3.044522437723423,0.8402212930548719
https://openalex.org/A5008517596,255,4,29,2.5530554642755208,0.11990772779700115,US,0.20784313725490197,0.4180790960451977,Luigi Asprino,IT,3.367295829986474,0.7581916152243078
https://openalex.org/A5100379578,47,5,19,2.550290677772317,0.11362607514712539,US,0.2553191489361702,0.1388888888888889,Xiaoguang Wang,CN,2.9444389791664403,0.8661380642686284
https://openalex.org/A5054455924,94,6,23,2.5476025661366255,0.11249434133091897,GB,0.19148936170212766,0.5892857142857143,Toby Burrows,AU,3.1354942159291497,0.8125043105466828
https://openalex.org/A5014971927,112,4,28,2.539494788299778,0.13982780612244897,US,0.30357142857142855,0.1780821917808219,Sally Chambers,BE,3.332204510175204,0.7621065215370751
https://openalex.org/A5052550444,100,4,28,2.5380490264832445,0.1436,IT,0.31,0.4935064935064935,Piercarlo Dondi,IT,3.332204510175204,0.7616726460615098
https://openalex.org/A5003608009,76,4,20,2.536159464137953,0.11634349030470914,US,0.25,0.20634920634920634,Michael Piotrowski,DE,2.995732273553991,0.8465908274003328
https://openalex.org/A5003639622,49,3,18,2.5312599530842887,0.11120366513952519,US,0.24489795918367346,0.15151515151515152,Sorin Hermon,CY,2.8903717578961645,0.8757558421919868
https://openalex.org/A5046911214,51,3,19,2.5311430308064935,0.10803537101114957,FI,0.17647058823529413,0.2972972972972973,Ruben Ros,LU,2.9444389791664403,0.859635077757003
https://openalex.org/A5070822587,117,3,21,2.527993966223421,0.11490978157644825,US,0.23076923076923078,0.38095238095238093,Alan J. Wecker,IL,3.044522437723423,0.8303417097210681
https://openalex.org/A5015883273,43,3,17,2.527986608773325,0.10221741481882098,US,0.20930232558139536,0.3,Anas Fahad Khan,IT,2.833213344056216,0.8922683546146551
https://openalex.org/A5070772234,119,4,23,2.5273868084939797,0.1212484993997599,US,0.25210084033613445,0.3037974683544304,Dieter W. Fellner,AT;DE,3.1354942159291497,0.8060569194017895
https://openalex.org/A5023588208,133,3,27,2.52362080418717,0.14195262592571653,US,0.2857142857142857,0.42718446601941745,Alberto Campagnolo,GB,3.295836866004329,0.765699549700909
https://openalex.org/A5086685353,609,47,44,2.520885757375328,0.1445665860478159,FI,0.3070607553366174,0.47415730337078654,Eero Hyvönen,FI,3.784189633918261,0.6661626401542485
https://openalex.org/A5027028450,172,5,27,2.5180874392552,0.13980530016224985,US,0.3081395348837209,0.18181818181818182,Alkım Almila Akdağ Salah,NL;TR,3.295836866004329,0.7640206544288023
https://openalex.org/A5019908505,40,3,18,2.5163622837881463,0.12000000000000002,US,0.275,0.2857142857142857,Moshe Koppel,IL,2.8903717578961645,0.87060160234189
https://openalex.org/A5047464344,29,3,15,2.5161674887585708,0.09631391200951248,DE,0.1724137931034483,0.2777777777777778,Jens Dörpinghaus,DE,2.70805020110221,0.9291435911101129
https://openalex.org/A5063975186,114,3,21,2.514312788163449,0.12096029547553093,US,0.2719298245614035,0.13253012048192772,Fabrizio Sebastiani,IT,3.044522437723423,0.8258480072308337
https://openalex.org/A5003986704,125,4,21,2.5079327166317387,0.115776,US,0.232,0.2268041237113402,P. Boot,NL,3.044522437723423,0.8237524169823739
https://openalex.org/A5109881851,164,4,22,2.50513940660338,0.11592801903628792,DE,0.23780487804878048,0.3445378151260504,Meinard Müller,DE,3.091042453358316,0.8104513103278891
https://openalex.org/A5036940398,255,20,34,2.5045989496535834,0.14537485582468282,FI,0.3137254901960784,0.425531914893617,Petri Leskinen,FI,3.5263605246161616,0.7102503933361166
https://openalex.org/A5012248611,96,4,27,2.504018082847307,0.16427951388888887,US,0.3645833333333333,0.10810810810810811,Saeed Farzi,IR,3.295836866004329,0.7597518277301829
https://openalex.org/A5002896120,191,8,25,2.5039139647216806,0.12135084016337272,GR,0.2198952879581152,0.4,Martin Doerr,GR,3.2188758248682006,0.7778846097066219
https://openalex.org/A5088794630,92,3,21,2.5029112201288344,0.11696597353497164,GB,0.22826086956521738,0.3684210526315789,Eljas Oksanen,FI,3.044522437723423,0.8221030625743772
https://openalex.org/A5049231784,92,4,18,2.499401557729387,0.11129489603024575,US,0.2391304347826087,0.4074074074074074,Joanna Byszuk,PL,2.8903717578961645,0.8647335938366087
https://openalex.org/A5063970822,27,3,14,2.4969355660125285,0.09465020576131686,GB,0.18518518518518517,0.26666666666666666,Raluca Tanasescu,NL,2.6390573296152584,0.9461467691482665
https://openalex.org/A5025327745,24,4,14,2.4961806749775355,0.09722222222222222,US,0.20833333333333334,0,Maksym Vakulenko,UA,2.6390573296152584,0.9458607234354577
https://openalex.org/A5069890970,124,3,25,2.4959950090817267,0.1352757544224766,US,0.29838709677419356,0.17582417582417584,Jianwei Yan,CN,3.2188758248682006,0.7754244478144562
https://openalex.org/A5016878682,256,6,32,2.4939195086396118,0.166961669921875,US,0.359375,0.45108695652173914,Tim Weyrich,GB,3.4657359027997265,0.7195930614981216
https://openalex.org/A5021291777,274,22,37,2.4933648912802235,0.14888912568597154,FI,0.31386861313868614,0.49743589743589745,Jouni Tuominen,FI,3.6109179126442243,0.6905072204907499
https://openalex.org/A5037450666,42,3,17,2.4902719027435145,0.1111111111111111,US,0.23809523809523808,0.25,Wouter Haverals,BE,2.833213344056216,0.8789567181616743
https://openalex.org/A5079730303,121,3,24,2.4902655331068884,0.13407554128816337,US,0.2809917355371901,0.16304347826086957,Florian Windhager,AT,3.1780538303479458,0.7835819234170255
https://openalex.org/A5079227238,130,6,22,2.4876449212510536,0.11609467455621303,GB,0.2153846153846154,0.3956043956043956,Tara Lee Andrews,AT,3.091042453358316,0.8047915739715283
https://openalex.org/A5042269065,163,10,32,2.4875710026445192,0.17339756859497912,US,0.3619631901840491,0.28776978417266186,Simon Mahony,GB,3.4657359027997265,0.7177612698748869
https://openalex.org/A5025300307,41,3,15,2.48499346557156,0.09815585960737656,FI,0.17073170731707318,0.25,Emily Öhman,JP,2.70805020110221,0.9176319791118115
https://openalex.org/A5027315622,98,4,20,2.483715850657326,0.12578092461474386,US,0.2857142857142857,0.2112676056338028,Xavier Granier,FR,2.995732273553991,0.829084719146403
https://openalex.org/A5005183296,94,3,23,2.4815100062569866,0.13580805794477138,US,0.2978723404255319,0.05194805194805195,Nico Van de Weghe,BE,3.1354942159291497,0.7914254772502056
https://openalex.org/A5064018105,64,3,19,2.4800599067199256,0.1220703125,US,0.265625,0.2765957446808511,Javier de la Rosa,NO,2.9444389791664403,0.842286060016099
https://openalex.org/A5028127124,42,3,17,2.4746675739285267,0.12358276643990929,US,0.2857142857142857,0.14285714285714285,Borja Navarro-Colorado,ES,2.833213344056216,0.873449074747625
https://openalex.org/A5052449132,58,6,18,2.473446837366522,0.12544589774078477,US,0.27586206896551724,0.1956521739130435,Christian Wolff,DE,2.8903717578961645,0.8557538768531586
https://openalex.org/A5016245342,132,3,21,2.4723200642633434,0.1248852157943067,GB,0.22727272727272727,0.4731182795698925,Paul Mulholland,GB,3.044522437723423,0.8120551301018
https://openalex.org/A5011622556,75,4,21,2.469464953489856,0.15057777777777778,US,0.3466666666666667,0.03636363636363636,George Mikros,QA,3.044522437723423,0.81111734401814
https://openalex.org/A5048937508,273,4,29,2.4688324751646222,0.1418374055736693,US,0.29304029304029305,0.21844660194174756,Chaya Liebeskind,IL,3.367295829986474,0.7331795600431517
https://openalex.org/A5060774978,81,6,23,2.4632278474040037,0.15561652187166589,US,0.345679012345679,0.23214285714285715,Jennifer Edmond,IE,3.1354942159291497,0.7855947668122452
https://openalex.org/A5042220566,50,5,20,2.4618767880659993,0.13280000000000003,US,0.28,0.20588235294117646,Jacco van Ossenbruggen,NL,2.995732273553991,0.8217946609579195
https://openalex.org/A5003413978,93,3,21,2.4612987042938808,0.13631633714880334,US,0.2903225806451613,0.39473684210526316,Thomas C. Messerli,CH,3.044522437723423,0.8084350681068869
https://openalex.org/A5006297499,104,4,24,2.4595954734093652,0.13683431952662722,US,0.27884615384615385,0.24050632911392406,Simon Hengchen,FI,3.1780538303479458,0.7739313443725021
https://openalex.org/A5057739549,65,3,18,2.458149245515485,0.11763313609467457,US,0.2153846153846154,0.19607843137254902,Elisabet Comelles,ES,2.8903717578961645,0.8504612732947251
https://openalex.org/A5082219837,99,4,20,2.4570675700220606,0.11151923273135393,US,0.18181818181818182,0.28169014084507044,Tsvi Kuflik,IL,2.995732273553991,0.8201893045359208
https://openalex.org/A5057560641,74,4,23,2.4569828840631107,0.14207450693937182,US,0.2702702702702703,0.627906976744186,Shih-Pei Chen,DE,3.1354942159291497,0.7836030669681928
https://openalex.org/A5019001786,63,3,19,2.4555285961200473,0.11463844797178128,US,0.1746031746031746,0.2222222222222222,Jane Hunter,AU,2.9444389791664403,0.8339546560462932
https://openalex.org/A5049844809,48,3,16,2.4554608908739044,0.11458333333333333,US,0.25,0.22857142857142856,Martin Hilpert,CH,2.772588722239781,0.8856203125901445
https://openalex.org/A5091320920,56,3,20,2.4497107972335646,0.14285714285714288,US,0.32142857142857145,0.0625,Vladimír Matlach,CZ,2.995732273553991,0.8177335534484685
https://openalex.org/A5049482136,80,4,22,2.448916966759092,0.15250000000000002,US,0.3375,0.13114754098360656,Chengxi Yan,CN,3.091042453358316,0.7922624822245402
https://openalex.org/A5027177449,99,3,20,2.4467069286847742,0.13212937455361698,US,0.2828282828282828,0.2191780821917808,Marco Callieri,IT,2.995732273553991,0.8167308374930715
https://openalex.org/A5009195994,88,6,20,2.443392137458476,0.12035123966942148,DE,0.2159090909090909,0.5409836065573771,Piotr Kuroczyński,DE,2.995732273553991,0.8156243329981402
https://openalex.org/A5002650357,78,3,18,2.4408078333028946,0.12294543063773833,GR,0.2692307692307692,0.38181818181818183,Athina Kritsotaki,GR,2.8903717578961645,0.8444615564191309
https://openalex.org/A5000312455,64,4,23,2.4345081319815005,0.17724609375,CN,0.390625,0.5,Pengpeng Cheng,CN,3.1354942159291497,0.7764352170109413
https://openalex.org/A5019080098,64,4,23,2.4345081319815005,0.17724609375,CN,0.390625,0.5,Daoling Chen,CN,3.1354942159291497,0.7764352170109413
https://openalex.org/A5038641951,168,5,26,2.42554421359398,0.1464002267573696,US,0.2976190476190476,0.288,Matteo Dellepiane,IT,3.258096538021482,0.7444666495569591
https://openalex.org/A5000118472,17,3,12,2.425479708432719,0.09342560553633218,GB,0.11764705882352941,0.2727272727272727,Eid Mohamed,QA,2.4849066497880004,0.976084839500771
https://openalex.org/A5017701872,21,5,13,2.4254797046832532,0.1020408163265306,GB,0.19047619047619047,0.05555555555555555,Edgar Bisset Álvarez,BR,2.5649493574615367,0.945624792796567
https://openalex.org/A5049441601,179,5,29,2.425268971056166,0.16781623544833185,US,0.36312849162011174,0.25925925925925924,Paolo Cignoni,IT,3.367295829986474,0.7202423230708268
https://openalex.org/A5080353462,60,4,20,2.423636070287227,0.15,US,0.3333333333333333,0.37142857142857144,Lisa Goddard,CA,2.995732273553991,0.8090295957628894
https://openalex.org/A5032196786,82,3,19,2.4202018033489368,0.1255205234979179,IT,0.21951219512195122,0.42105263157894735,Riccardo Foschi,IT,2.9444389791664403,0.8219568550998081
https://openalex.org/A5009564435,75,3,22,2.419606903806189,0.15484444444444445,US,0.3333333333333333,0.16363636363636364,Thomas Mandl,DE,3.091042453358316,0.7827802239265157
https://openalex.org/A5048899939,104,7,18,2.419087525810512,0.1209319526627219,US,0.23076923076923078,0.33766233766233766,Mark Hedges,GB,2.8903717578961645,0.8369468457480744
https://openalex.org/A5060825274,34,3,14,2.4171951326694003,0.10726643598615918,FR,0.20588235294117646,0.5263157894736842,Peter A. Stokes,GB,2.6390573296152584,0.9159312704365529
https://openalex.org/A5080765853,76,4,21,2.413408881348735,0.15477839335180055,US,0.34210526315789475,0.08333333333333333,Doménico Fiormonte,IT,3.044522437723423,0.7927052372632173
https://openalex.org/A5022574838,67,3,16,2.409319346455926,0.11383381599465359,US,0.208955223880597,0.28888888888888886,Raphaël Troncy,FR,2.772588722239781,0.8689782682624507
https://openalex.org/A5090167566,59,3,16,2.4079577204173455,0.11864406779661019,US,0.23728813559322035,0.30303030303030304,Inger Leemans,NL,2.772588722239781,0.8684871654790993
https://openalex.org/A5012965551,155,4,20,2.407611184111525,0.13848074921956294,US,0.3032258064516129,0.17592592592592593,Daniel Gática-Pérez,CH,2.995732273553991,0.8036803573422308
https://openalex.org/A5053358969,155,4,20,2.407611184111525,0.13848074921956294,US,0.3032258064516129,0.17592592592592593,Jean‐Marc Odobez,CH,2.995732273553991,0.8036803573422308
https://openalex.org/A5013546425,251,8,30,2.4023714653704444,0.16109268106855446,US,0.33067729083665337,0.3473684210526316,Roberto Scopigno,IT,3.4011973816621555,0.7063310933740671
https://openalex.org/A5014360834,72,6,18,2.4022775822440616,0.1261574074074074,US,0.20833333333333334,0.3090909090909091,Kimmo Kettunen,FI,2.8903717578961645,0.831131004404992
https://openalex.org/A5040074153,69,3,22,2.400909045281959,0.15521949170342364,US,0.3333333333333333,0.16981132075471697,Rachele Sprugnoli,IT,3.091042453358316,0.7767311777531396
https://openalex.org/A5083285009,35,3,16,2.3999965487362878,0.13142857142857142,CN,0.2857142857142857,0.45454545454545453,Jiangfeng Liu,CN,2.772588722239781,0.8656157797531174
https://openalex.org/A5059558616,117,4,26,2.395895726653256,0.17744174154430567,US,0.36752136752136755,0.05952380952380952,Dana McKay,AU,3.258096538021482,0.7353667083505734
https://openalex.org/A5049574565,36,3,14,2.3941084609200107,0.10802469135802469,DE,0.16666666666666666,0.631578947368421,Achille Felicetti,IT,2.6390573296152584,0.9071831953226427
https://openalex.org/A5061819226,67,3,22,2.393473812575124,0.15526843394965473,US,0.31343283582089554,0.3137254901960784,Olivia Vane,GB,3.091042453358316,0.7743257650747221
https://openalex.org/A5114885149,35,3,17,2.392265788606321,0.13795918367346938,GB,0.2857142857142857,0.25,Tania González-Cantera,ES,2.833213344056216,0.8443648600007633
https://openalex.org/A5061737423,151,5,19,2.3904882024620697,0.1339853515196702,US,0.2847682119205298,0.19811320754716982,Efstathios Stamatatos,GR,2.9444389791664403,0.811865424746825
https://openalex.org/A5002182456,103,4,17,2.389622330768714,0.12904137996041096,NL,0.2621359223300971,0.6153846153846154,Ivo Zandhuis,NL,2.833213344056216,0.8434318353688014
https://openalex.org/A5015319002,76,3,20,2.386531937579683,0.14958448753462605,US,0.27631578947368424,0.3064516129032258,Maxim Rumyantsev,RU,2.995732273553991,0.7966439319854233
https://openalex.org/A5031439294,51,3,18,2.3860888105515508,0.13571703191080353,US,0.2549019607843137,0.32558139534883723,Maarten de Rijke,NL,2.8903717578961645,0.8255300737813499
https://openalex.org/A5061908631,45,3,16,2.3858828094068625,0.12197530864197531,US,0.2222222222222222,0.4,Rosa Rita Maria Tamborrino,IT,2.772588722239781,0.8605253243183771
https://openalex.org/A5024924150,57,4,17,2.384598863154335,0.131425053862727,US,0.2807017543859649,0.2564102564102564,Chu‐Ren Huang,HK,2.833213344056216,0.8416587717112701
https://openalex.org/A5027377131,144,7,22,2.3794901345486386,0.15827546296296297,US,0.3402777777777778,0.2871287128712871,Greta Franzini,DE,3.091042453358316,0.7698018291412985
https://openalex.org/A5027223586,141,3,25,2.3778314983270707,0.14219606659624767,GB,0.2198581560283688,0.36936936936936937,Maria Vayanou,GR,3.2188758248682006,0.7387148892034171
https://openalex.org/A5074961334,40,3,15,2.374877132647862,0.12875,US,0.275,0.375,Annie Chen,US,2.70805020110221,0.8769693898884362
https://openalex.org/A5100404067,139,3,26,2.374645063193872,0.16898711246829873,US,0.35251798561151076,0.17142857142857143,Qingquan Li,CN,3.258096538021482,0.7288442915923858
https://openalex.org/A5070093927,157,3,28,2.3742380497003084,0.16491541238995497,US,0.29936305732484075,0.358974358974359,Qin Zou,CN,3.332204510175204,0.7125127051627073
https://openalex.org/A5003859694,53,5,16,2.372928148191518,0.13634745461018155,US,0.3018867924528302,0.2647058823529412,Nina Tahmasebi,SE,2.772588722239781,0.8558529179454336
https://openalex.org/A5054443807,62,3,18,2.372798552815004,0.13059313215400625,US,0.22580645161290322,0.40476190476190477,Kai Li,CN,2.8903717578961645,0.8209319601649131
https://openalex.org/A5015103527,67,3,20,2.3721407002218076,0.16016930274003116,US,0.34328358208955223,0.034482758620689655,Giacomo Alliata,CH,2.995732273553991,0.7918400189372115
https://openalex.org/A5055015531,79,3,19,2.371351301571701,0.14148373658067614,GR,0.27848101265822783,0.39285714285714285,Yannis Tzitzikas,GR,2.9444389791664403,0.8053660878525055
https://openalex.org/A5030948871,67,3,19,2.370283224084744,0.13744709289374024,US,0.2537313432835821,0.26666666666666666,Rita Cucchiara,IT,2.9444389791664403,0.8050033438817477
https://openalex.org/A5066519737,67,3,19,2.370283224084744,0.13744709289374024,US,0.2537313432835821,0.26666666666666666,Marcella Cornia,IT,2.9444389791664403,0.8050033438817477
https://openalex.org/A5089146605,82,3,22,2.3686538788926237,0.16151100535395602,US,0.34146341463414637,0.23728813559322035,Christof Schöch,DE,3.091042453358316,0.766296132982308
https://openalex.org/A5022095958,553,13,32,2.36835813564475,0.17853954592572488,US,0.3779385171790235,0.16810344827586207,Jacques Savoy,CH,3.4657359027997265,0.6833637074687423
https://openalex.org/A5049484955,30,3,13,2.367736747559855,0.1088888888888889,GB,0.16666666666666666,0.14285714285714285,Maurizio Toscano,ES,2.5649493574615367,0.9231124741983765
https://openalex.org/A5024942135,124,5,26,2.3657870739219167,0.1850936524453694,US,0.3790322580645161,0.06666666666666667,George Buchanan,AU,3.258096538021482,0.7261255295273016
https://openalex.org/A5045510206,103,3,25,2.364123855274896,0.18767084550853047,US,0.3883495145631068,0.0547945205479452,Rui Liu,AU,3.2188758248682006,0.7344563704540223
https://openalex.org/A5000083284,83,4,17,2.358895864426133,0.1241109014370736,US,0.21686746987951808,0.23529411764705882,Thierry Poibeau,FR,2.833213344056216,0.832586740908463
https://openalex.org/A5069887938,90,3,22,2.3561398727455636,0.16666666666666669,GB,0.32222222222222224,0.42857142857142855,David Kirk,GB,3.091042453358316,0.7622476586129365
https://openalex.org/A5071610277,180,4,23,2.356092968088395,0.15419753086419755,US,0.3,0.2517482517482518,Jonathan Schler,IL,3.1354942159291497,0.7514263480757873
https://openalex.org/A5025529049,103,4,21,2.351231204642328,0.1477047789612593,US,0.27184466019417475,0.38961038961038963,Florian Kräutli,DE,3.044522437723423,0.7722824359936359
https://openalex.org/A5020583960,138,5,27,2.3470976096067475,0.174438143247217,US,0.30434782608695654,0.34951456310679613,Claire Ross,GB,3.295836866004329,0.7121401043287149
https://openalex.org/A5081359539,106,4,25,2.3462932921525947,0.18191527233891064,US,0.36792452830188677,0.3103448275862069,Adam Gibson,GB,3.2188758248682006,0.7289169945686443
https://openalex.org/A5013165259,17,3,12,2.3439329813080194,0.11418685121107267,US,0.23529411764705882,0.2,Tiziana Margaria,IE,2.4849066497880004,0.9432680223653439
https://openalex.org/A5033112212,17,3,12,2.3439329813080194,0.11418685121107267,US,0.23529411764705882,0.2,Ciara Breathnach,IE,2.4849066497880004,0.9432680223653439
https://openalex.org/A5000357955,151,5,22,2.3420315563571275,0.16187886496206308,US,0.33112582781456956,0.3805309734513274,Massimiliano Corsini,IT,3.091042453358316,0.7576834002433668
https://openalex.org/A5045494777,79,3,14,2.340264108526393,0.12610158628424933,NL,0.24050632911392406,0.6153846153846154,Rinke Hoekstra,NL,2.6390573296152584,0.8867803219976181
https://openalex.org/A5086855067,79,3,14,2.340264108526393,0.12610158628424933,NL,0.24050632911392406,0.6153846153846154,Kathrin Dentler,NL,2.6390573296152584,0.8867803219976181
https://openalex.org/A5074364073,88,6,20,2.3373406448288785,0.15909090909090912,US,0.2840909090909091,0.1917808219178082,Andrew Flinn,GB,2.995732273553991,0.7802234750623999
https://openalex.org/A5075698724,67,4,18,2.3362942216192892,0.1427934952105146,NL,0.26865671641791045,0.4186046511627907,Martijn Wieling,NL,2.8903717578961645,0.808302328320501
https://openalex.org/A5053739039,53,7,16,2.3342890723650154,0.13563545745817016,RS,0.2641509433962264,0.5142857142857142,Cvetana Krstev,RS,2.772588722239781,0.8419168171755766
https://openalex.org/A5040950818,88,8,21,2.3315697144468737,0.16193181818181818,US,0.32954545454545453,0.4264705882352941,James O’Sullivan,IE,3.044522437723423,0.7658244477220315
https://openalex.org/A5077549322,100,8,27,2.3263772370537894,0.2164,US,0.44,0.35135135135135137,Geoffrey Rockwell,CA,3.295836866004329,0.70585327236604
https://openalex.org/A5081337679,88,4,18,2.325256492324666,0.1412706611570248,US,0.2840909090909091,0.17391304347826086,Peter Bell,DE,2.8903717578961645,0.8044835360615227
https://openalex.org/A5080799981,63,3,20,2.322534594392578,0.16250944822373392,US,0.3333333333333333,0.13636363636363635,María Luisa Alvite Díez,ES,2.995732273553991,0.775281094006854
https://openalex.org/A5000811543,115,6,20,2.319954169468182,0.1667296786389414,US,0.3565217391304348,0.13333333333333333,Pablo Ruiz Fabo,FR,2.995732273553991,0.7744197270058119
https://openalex.org/A5050090679,65,3,14,2.319296779679882,0.12142011834319529,US,0.23076923076923078,0.24489795918367346,Anna Jordanous,GB,2.6390573296152584,0.8788353150395587
https://openalex.org/A5023208913,83,4,14,2.315692995658419,0.1304978951952388,NL,0.24096385542168675,0.5813953488372093,Auke Rijpma,NL,2.6390573296152584,0.8774697577320225
https://openalex.org/A5052924491,30,3,13,2.314815097672296,0.12666666666666668,US,0.26666666666666666,0.13043478260869565,Emiliano Giovannetti,IT,2.5649493574615367,0.9024798446559614
https://openalex.org/A5010108427,75,3,14,2.305837900908591,0.14204444444444445,US,0.30666666666666664,0.38,Melina Jander,DE,2.6390573296152584,0.8737354338735618
https://openalex.org/A5037074903,75,3,14,2.305837900908591,0.14204444444444445,US,0.30666666666666664,0.38,Gabriela Rotari,DE,2.6390573296152584,0.8737354338735618
https://openalex.org/A5029094200,41,3,16,2.304315152222933,0.16716240333135038,US,0.36585365853658536,0.5357142857142857,Yuerong Hu,US,2.772588722239781,0.8311060106893305
https://openalex.org/A5017039054,60,6,10,2.3025850929940455,0.10000000000000002,BE,0.1,1,Felicitas Lea Kleinkopf,DE,2.302585092994046,0.9999999999999998
https://openalex.org/A5067054454,83,4,20,2.294375587026569,0.15314269124691537,US,0.26506024096385544,0.3103448275862069,Marijn Koolen,NL,2.995732273553991,0.7658813864246399
https://openalex.org/A5018362446,127,6,24,2.291031577792983,0.21681443362886726,US,0.4409448818897638,0.20689655172413793,Kristoffer Laigaard Nielbo,DK,3.1780538303479458,0.720891369402057
https://openalex.org/A5042206068,96,4,25,2.2877672673490284,0.22200520833333334,US,0.4479166666666667,0.5584415584415584,Lior Shamir,US,3.2188758248682006,0.7107348626729653
https://openalex.org/A5088688888,87,5,14,2.2866225245658827,0.13594926674593738,NL,0.2413793103448276,0.5531914893617021,Richard Zijdeman,NL,2.6390573296152584,0.8664542823324128
https://openalex.org/A5001336086,47,3,16,2.285320407678637,0.14712539610683567,GB,0.2765957446808511,0.25806451612903225,Hugh Craig,AU,2.772588722239781,0.8242551047500785
https://openalex.org/A5064977687,138,5,27,2.2848560985118755,0.19565217391304351,US,0.391304347826087,0.2,Federico Nanni,DE;IT,3.295836866004329,0.6932552160210208
https://openalex.org/A5019540386,87,5,14,2.2845617440245727,0.13779891663363722,NL,0.26436781609195403,0.5957446808510638,Albert Meroño-Peñuela,NL,2.6390573296152584,0.865673404812935
https://openalex.org/A5053696616,66,3,19,2.2834855230231788,0.1937557392102847,US,0.4090909090909091,0.06666666666666667,Matthias Arnold,DE,2.9444389791664403,0.7755248246542453
https://openalex.org/A5083588157,60,4,18,2.2834170068895356,0.1661111111111111,US,0.3333333333333333,0.2037037037037037,Oliver Duke‐Williams,GB,2.8903717578961645,0.7900080675267817
https://openalex.org/A5078645438,50,3,16,2.2796830091649527,0.1464,IT,0.28,0.47368421052631576,Gary Munnelly,IE,2.772588722239781,0.8222218430302767
https://openalex.org/A5061887705,83,7,17,2.2775701038289062,0.15023951226593119,US,0.2891566265060241,0.4444444444444444,Karina van Dalen-Oskam,NL,2.833213344056216,0.8038823156777124
https://openalex.org/A5029303588,27,3,12,2.274742820856893,0.12208504801097393,US,0.2222222222222222,0.22727272727272727,Paul Eggert,US,2.4849066497880004,0.9154238534678808
https://openalex.org/A5074002980,102,3,19,2.2699445866591876,0.17589388696655134,US,0.37254901960784315,0.1794871794871795,Patrick Reuter,FR,2.9444389791664403,0.7709260075417832
https://openalex.org/A5080296686,146,11,24,2.267420658420966,0.16138112216175643,US,0.2534246575342466,0.37719298245614036,Mikko Tolonen,FI,3.1780538303479458,0.7134620051960291
https://openalex.org/A5055529425,35,4,15,2.2604683669468275,0.16244897959183674,US,0.34285714285714286,0.5,Wenyi Shang,US,2.70805020110221,0.8347217367044336
https://openalex.org/A5006779213,73,8,20,2.260213151045968,0.20585475699005437,US,0.4246575342465753,0.62,Ted Underwood,US,2.995732273553991,0.7544776851385859
https://openalex.org/A5009579756,104,4,19,2.2577782499756447,0.17474112426035504,US,0.3557692307692308,0.35802469135802467,Thorsten Ries,BE,2.9444389791664403,0.7667940364703408
https://openalex.org/A5085060462,26,4,14,2.2554420666088255,0.15384615384615385,GB,0.3076923076923077,0.5294117647058824,Leif Isaksen,GB,2.6390573296152584,0.854639283996775
https://openalex.org/A5021702418,74,4,15,2.2543118076930693,0.1314828341855369,US,0.21621621621621623,0.6086956521739131,Lynn Ransom,US,2.70805020110221,0.8324483079285371
https://openalex.org/A5010343514,64,5,15,2.254089688919433,0.1494140625,GB,0.25,0.06666666666666667,Gila Prebor,IL,2.70805020110221,0.8323662862682496
https://openalex.org/A5071611767,12,3,10,2.2538575896013517,0.1111111111111111,DK,0.16666666666666666,0.3,L. W. C. van Lit,NL,2.302585092994046,0.978837914159631
https://openalex.org/A5006827595,78,3,17,2.2518552255066147,0.16633793556870477,GR,0.34615384615384615,0.4909090909090909,Pavlos Fafalios,GR,2.833213344056216,0.7948060918994223
https://openalex.org/A5003763773,38,3,14,2.2514709063414724,0.1412742382271468,US,0.2631578947368421,0.5,Rainer Simon,GB,2.6390573296152584,0.8531345193132689
https://openalex.org/A5022023965,97,4,21,2.249285578204479,0.19056222765437347,US,0.3917525773195876,0.175,Alyssa Arbuckle,GB,3.044522437723423,0.7387975041124704
https://openalex.org/A5100672312,46,5,14,2.2492792675730087,0.1502835538752363,US,0.30434782608695654,0.2222222222222222,Jun Wang,CN,2.6390573296152584,0.8523040565780076
https://openalex.org/A5010723046,161,16,21,2.2491436976401067,0.1501871069788974,FI,0.2795031055900621,0.5172413793103449,Mikko Koho,FI,3.044522437723423,0.7387509022012431
https://openalex.org/A5017409996,113,3,24,2.243773250389877,0.1922625107682669,US,0.3805309734513274,0.2375,Simone Paolo Ponzetto,DE,3.1780538303479458,0.7060211595422283
https://openalex.org/A5058807988,350,16,33,2.241674719081786,0.2,US,0.32857142857142857,0.4409722222222222,Claire Warwick,GB,3.4965075614664802,0.6411182243065416
https://openalex.org/A5048857081,110,5,22,2.239114267857165,0.18099173553719006,US,0.3090909090909091,0.35365853658536583,Martin Paul Eve,GB,3.091042453358316,0.7243880670174688
https://openalex.org/A5074866247,43,3,16,2.2375738594365107,0.17036235803136832,IT,0.3488372093023256,0.4166666666666667,Luca Lombardi,IT,2.772588722239781,0.8070341776579582
https://openalex.org/A5032082399,81,3,17,2.235959383451265,0.16963877457704615,IL,0.345679012345679,0.5333333333333333,Shuly Wintner,IL,2.833213344056216,0.7891955571019997
https://openalex.org/A5050120100,39,5,14,2.2357016225737953,0.14398422090729782,GB,0.2564102564102564,0.27586206896551724,Kim Martin,CA,2.6390573296152584,0.847159172135049
https://openalex.org/A5063718835,39,5,14,2.2357016225737953,0.14398422090729782,GB,0.2564102564102564,0.27586206896551724,Anabel Quan‐Haase,CA,2.6390573296152584,0.847159172135049
https://openalex.org/A5056436366,32,5,14,2.232460345685437,0.15234375,GB,0.28125,0.44,Elton Barker,GB,2.6390573296152584,0.8459309771837741
https://openalex.org/A5091536677,32,3,14,2.232460345685437,0.15234375,US,0.28125,0.25,Hendrik Herold,DE,2.6390573296152584,0.8459309771837741
https://openalex.org/A5007287346,94,7,18,2.2323119199374406,0.1699864191942055,US,0.3404255319148936,0.2631578947368421,Randa El Khatib,GB,2.8903717578961645,0.772326920867193
https://openalex.org/A5034544789,82,3,23,2.2314425637954542,0.23497917906008328,US,0.4634146341463415,0.6666666666666666,Jon Chun,US,3.1354942159291497,0.7116717206681897
https://openalex.org/A5089038869,28,6,12,2.2298696499971644,0.13265306122448978,GB,0.21428571428571427,0.13043478260869565,Gimena del Río Riande,AR,2.4849066497880004,0.8973655610714413
https://openalex.org/A5052407843,62,4,14,2.225593512459235,0.1550468262226847,US,0.3225806451612903,0.1875,Maciej Eder,PL,2.6390573296152584,0.8433289748895674
https://openalex.org/A5041456603,22,3,12,2.224300499627058,0.14049586776859502,US,0.2727272727272727,0,Micaela Aguiar,PT,2.4849066497880004,0.8951243700912563
https://openalex.org/A5067247134,22,3,12,2.224300499627058,0.14049586776859502,US,0.2727272727272727,0,Sílvia Araújo,PT,2.4849066497880004,0.8951243700912563
https://openalex.org/A5077497779,106,7,24,2.221341124525483,0.23460306158775365,US,0.46226415094339623,0.550561797752809,Chris Alen Sula,US,3.1780538303479458,0.6989627121206697
https://openalex.org/A5016251992,51,4,16,2.22087239316351,0.15724721261053443,IT,0.29411764705882354,0.39473684210526316,Christian Morbidoni,IT,2.772588722239781,0.8010103970160501
https://openalex.org/A5067393355,131,5,21,2.2205076038744513,0.17801992890857177,GB,0.3435114503816794,0.18556701030927836,Chonglong Gu,HK,3.044522437723423,0.7293451269601618
https://openalex.org/A5065474822,45,5,17,2.2151455393706936,0.19506172839506175,US,0.4,0.46153846153846156,Richard Furuta,US,2.833213344056216,0.7818491833725957
https://openalex.org/A5027008075,41,5,14,2.2122644722795415,0.1505056513979774,GB,0.24390243902439024,0.08823529411764706,Yuxiang Zhao,CN,2.6390573296152584,0.8382782925758047
https://openalex.org/A5047059560,99,7,18,2.212058804768081,0.15559636771757984,US,0.25252525252525254,0.39436619718309857,Rongqian Ma,US,2.8903717578961645,0.7653198239032711
https://openalex.org/A5007367807,24,3,12,2.2102535776209726,0.1388888888888889,US,0.25,0.3333333333333333,Elke Teich,DE,2.4849066497880004,0.8894714728255648
https://openalex.org/A5019225012,181,3,31,2.2056559837186676,0.24874088092549068,CN,0.4696132596685083,0.5704697986577181,Kai Cui,CN,3.4339872044851463,0.6423017479033848
https://openalex.org/A5030771512,63,6,17,2.2044289009773506,0.17057193247669436,US,0.3333333333333333,0.4222222222222222,Richard Tzong‐Han Tsai,TW,2.833213344056216,0.778066680224421
https://openalex.org/A5058881904,56,4,16,2.2036969910166415,0.15752551020408162,US,0.2857142857142857,0.1951219512195122,Mirko Tavoni,IT,2.772588722239781,0.7948156801404098
https://openalex.org/A5101788189,40,3,15,2.2028204056022815,0.165,CN,0.325,0.4642857142857143,Dongbo Wang,CN,2.70805020110221,0.8134341101600355
https://openalex.org/A5101855592,67,3,17,2.2026622672665237,0.19536645132546224,US,0.40298507462686567,0.12280701754385964,Juan Luis Suárez,CA,2.833213344056216,0.7774431360375588
https://openalex.org/A5002064856,37,3,13,2.201481926566869,0.14682249817384954,US,0.2702702702702703,0.35714285714285715,Sophia Yat Mei Lee,HK,2.5649493574615367,0.8582945001088123
https://openalex.org/A5020989002,38,3,14,2.2000602816489008,0.15650969529085873,US,0.2894736842105263,0.030303030303030304,Miłosz Stelmach,PL,2.6390573296152584,0.8336538418320917
https://openalex.org/A5044770336,84,3,16,2.1981818236362076,0.1717687074829932,US,0.34523809523809523,0.05555555555555555,Max Kemman,LU,2.772588722239781,0.7928265039830537
https://openalex.org/A5020363123,36,3,12,2.1969162725749976,0.13580246913580246,US,0.2222222222222222,0.35714285714285715,Malte Rehbein,DE;MN,2.4849066497880004,0.8841041464323931
https://openalex.org/A5009440845,22,3,12,2.1960516973750748,0.15289256198347106,US,0.3181818181818182,0.16666666666666666,Miguel Escobar Varela,SG,2.4849066497880004,0.8837562157767298
https://openalex.org/A5075943427,84,3,24,2.1942312807953623,0.25538548752834467,US,0.4880952380952381,0.7068965517241379,Katherine Elkins,US,3.1780538303479458,0.6904323834423941
https://openalex.org/A5040363499,110,3,17,2.1939308451445605,0.17206611570247932,DE,0.2818181818181818,0.6111111111111112,Hubert Mara,DE;US,2.833213344056216,0.7743613271295636
https://openalex.org/A5055359934,110,3,17,2.1939308451445605,0.17206611570247932,DE,0.2818181818181818,0.6111111111111112,Bartosz Bogacz,DE;US,2.833213344056216,0.7743613271295636
https://openalex.org/A5006358945,89,3,20,2.1905679579389465,0.19429364979169297,US,0.34831460674157305,0.4307692307692308,Miriam Butt,DE,2.995732273553991,0.731229548540452
https://openalex.org/A5031562992,27,3,12,2.187795928847474,0.14677640603566527,US,0.25925925925925924,0.2608695652173913,Antal van den Bosch,IN;NL,2.4849066497880004,0.8804338501142993
https://openalex.org/A5026521498,19,6,10,2.187270992063101,0.12465373961218834,US,0.21052631578947367,0.15384615384615385,Mats Fridlund,SE,2.302585092994046,0.949919722280056
https://openalex.org/A5079619886,139,3,20,2.187221037181161,0.191242689301796,US,0.381294964028777,0.6373626373626373,Thomas Funkhouser,US,2.995732273553991,0.7301123189444257
https://openalex.org/A5082727309,49,6,17,2.179706892344192,0.19117034568929614,US,0.3673469387755102,0.3125,Paul Gooding,GB,2.833213344056216,0.7693408958831102
https://openalex.org/A5044567059,54,3,15,2.174169694128231,0.16392318244170095,US,0.2962962962962963,0.5333333333333333,James H. Brusuelas,US,2.70805020110221,0.8028542798960362
https://openalex.org/A5045584156,40,3,14,2.1714480335182986,0.1725,US,0.35,0.17142857142857143,Takafumi Suzuki,JP,2.6390573296152584,0.8228119977351415
https://openalex.org/A5091887839,72,5,21,2.1699845293392954,0.23572530864197527,US,0.4583333333333333,0.07547169811320754,Frédé́ric Kaplan,CH,3.044522437723423,0.7127503816204181
https://openalex.org/A5029336209,122,5,20,2.164369902268156,0.2014243482934695,US,0.4016393442622951,0.18292682926829268,Gerik Scheuermann,DE,2.995732273553991,0.7224844227152691
https://openalex.org/A5017544608,137,5,21,2.1637066065171275,0.18962118386701474,US,0.36496350364963503,0.0847457627118644,Lorella Viola,NL,3.044522437723423,0.7106883430082599
https://openalex.org/A5026333045,107,3,23,2.160819717124478,0.22595859900427984,US,0.4392523364485981,0.03614457831325301,Susan Leavy,IE,3.1354942159291497,0.6891480475859071
https://openalex.org/A5082432511,83,3,14,2.1603514749078,0.15401364494121061,IT,0.2891566265060241,0.34782608695652173,Diego Magro,IT,2.6390573296152584,0.8186072544406424
https://openalex.org/A5054608227,95,7,16,2.157330506478591,0.16454293628808864,FI,0.3157894736842105,0.40540540540540543,Minna Tamper,FI,2.772588722239781,0.7780925058137848
https://openalex.org/A5069821716,71,6,19,2.1505709775957746,0.19579448522118625,GB,0.30985915492957744,0.43859649122807015,Stuart Dunn,GB,2.9444389791664403,0.7303839518537393
https://openalex.org/A5039394295,17,3,10,2.1500602244842355,0.13494809688581316,GB,0.23529411764705882,0.06666666666666667,Fabiane Führ,BR,2.302585092994046,0.9337592912531703
https://openalex.org/A5009697206,41,3,12,2.1497053426426165,0.14693634741225461,US,0.24390243902439024,0.4857142857142857,Maud Ehrmann,CH,2.4849066497880004,0.865105070577206
https://openalex.org/A5007586603,27,3,12,2.1458803417391863,0.16323731138545952,DE,0.3333333333333333,0.5,Paul Molitor,DE,2.4849066497880004,0.8635657769768783
https://openalex.org/A5031643099,27,3,12,2.1458803417391863,0.16323731138545952,DE,0.3333333333333333,0.5,J. Ritter,DE,2.4849066497880004,0.8635657769768783
https://openalex.org/A5051244131,54,3,14,2.1422713141824974,0.17695473251028807,US,0.35185185185185186,0.13333333333333333,Mark J. Hill,FI,2.6390573296152584,0.811756262413145
https://openalex.org/A5005934819,13,5,9,2.1383972463477243,0.12426035502958581,CN,0.15384615384615385,0,Konstantin Ryabinin,RU,2.1972245773362196,0.9732265278682556
https://openalex.org/A5009539280,12,4,9,2.1383330595080277,0.125,BR,0.16666666666666666,0.1111111111111111,Ignacio Bugueño-Córdova,CL,2.1972245773362196,0.973197315178593
https://openalex.org/A5074720526,109,9,25,2.135518541713815,0.21959431024324555,US,0.41284403669724773,0.2235294117647059,Manuel Burghardt,DE,3.2188758248682006,0.6634361366832955
https://openalex.org/A5035215828,22,3,10,2.134356682630404,0.13636363636363635,US,0.22727272727272727,0.23529411764705882,Wenqi Li,CN,2.302585092994046,0.9269393296797146
https://openalex.org/A5039993352,55,3,14,2.1282444543182324,0.17355371900826444,US,0.3090909090909091,0.34210526315789475,Nachum Dershowitz,IL,2.6390573296152584,0.8064411600442586
https://openalex.org/A5000404764,87,6,17,2.1265550291767648,0.16977143612101997,US,0.26436781609195403,0.375,Tanja Säily,FI,2.833213344056216,0.7505806202833449
https://openalex.org/A5083792330,114,11,15,2.1235323308401637,0.15512465373961218,GB,0.2631578947368421,0.4772727272727273,Øyvind Eide,DE,2.70805020110221,0.7841554525007918
https://openalex.org/A5035117073,48,5,16,2.121038813331076,0.19618055555555555,US,0.375,0.21951219512195122,Urszula Pawlicka-Deger,GB,2.772588722239781,0.7650030443814387
https://openalex.org/A5012058127,56,4,15,2.120788782204571,0.1836734693877551,GR,0.32142857142857145,0.3333333333333333,Kyriakos Sgarbas,GR,2.70805020110221,0.7831423440161426
https://openalex.org/A5067604806,68,4,17,2.1205621944741897,0.19550173010380625,US,0.35294117647058826,0.38636363636363635,Kaspar Beelen,GB,2.833213344056216,0.7484654125757618
https://openalex.org/A5008810983,18,4,10,2.12020822394067,0.1419753086419753,IT,0.2222222222222222,0.26666666666666666,Alessandra Setti,IT,2.302585092994046,0.9207947321433269
https://openalex.org/A5043172131,18,4,10,2.12020822394067,0.1419753086419753,IT,0.2222222222222222,0.26666666666666666,Virginio Cantoni,IT,2.302585092994046,0.9207947321433269
https://openalex.org/A5068310714,17,3,11,2.11928092190985,0.16955017301038064,US,0.35294117647058826,0.25,Sérgio Manuel Serra da Cruz,BR,2.3978952727983707,0.8838087909638461
https://openalex.org/A5074797749,38,4,13,2.1174421536860772,0.167590027700831,US,0.2894736842105263,0.03571428571428571,Борис Орехов,RU,2.5649493574615367,0.8255298092051433
https://openalex.org/A5113020902,19,3,10,2.1143081309515277,0.1412742382271468,CN,0.21052631578947367,0.21428571428571427,Youjun Chen,TW,2.302585092994046,0.9182323543154264
https://openalex.org/A5091818245,39,3,13,2.113412962022531,0.16239316239316237,US,0.2564102564102564,0.25,Melvin Wevers,NL,2.5649493574615367,0.8239589432339204
https://openalex.org/A5088769942,18,3,10,2.106170916206464,0.14814814814814814,US,0.2777777777777778,0.375,Peter Fornaro,CH,2.302585092994046,0.9146984068535835
https://openalex.org/A5070753993,58,3,16,2.1013859390699325,0.1854934601664685,US,0.3103448275862069,0.08695652173913043,Maximilian Schich,EE,2.772588722239781,0.7579147683224973
https://openalex.org/A5052638982,57,3,15,2.0943093222932267,0.185595567867036,US,0.3508771929824561,0.2,Rabea Kleymann,DE,2.70805020110221,0.7733642904554786
https://openalex.org/A5080726881,78,9,17,2.090698876383091,0.19822485207100593,US,0.3717948717948718,0.45454545454545453,James Smithies,NZ;US,2.833213344056216,0.7379249715765873
https://openalex.org/A5033951837,34,3,12,2.088501619335465,0.17647058823529413,US,0.35294117647058826,0,Steven Coats,FI,2.4849066497880004,0.8404748804200132
https://openalex.org/A5055101594,80,3,16,2.0864914068724834,0.18781250000000002,US,0.3,0.4126984126984127,Bruno Martins,PT,2.772588722239781,0.7525427013880921
https://openalex.org/A5058819676,91,5,15,2.0858182582247915,0.1976814394396812,US,0.3956043956043956,0.4305555555555556,Fangli Su,CN,2.70805020110221,0.77022880055024
https://openalex.org/A5015006173,27,5,11,2.085107457653408,0.15775034293552812,CA,0.25925925925925924,0.36363636363636365,Susan Brown,CA,2.3978952727983707,0.8695573494417311
https://openalex.org/A5065920740,91,13,17,2.078755776548666,0.20130419031517935,NL,0.38461538461538464,0.4473684210526316,John Nerbonne,DE;NL,2.833213344056216,0.7337095813520987
https://openalex.org/A5048483716,66,5,13,2.074851959305607,0.16161616161616163,US,0.25757575757575757,0.22807017543859648,Dirk Speelman,BE,2.5649493574615367,0.8089251170865354
https://openalex.org/A5033491986,46,3,13,2.074314110950961,0.17107750472589792,US,0.2826086956521739,0.4117647058823529,Antoine Doucet,FR,2.5649493574615367,0.8087154254787531
https://openalex.org/A5090939009,63,6,15,2.0654467023454313,0.21088435374149658,US,0.4126984126984127,0.14583333333333334,Anne Baillot,FR,2.70805020110221,0.7627062088822315
https://openalex.org/A5065304247,35,4,12,2.0644040716166137,0.17877551020408164,US,0.34285714285714286,0.21875,Nirmala Menon,IN,2.4849066497880004,0.8307773138249431
https://openalex.org/A5013934685,49,3,16,2.0637943986481457,0.23198667221990837,US,0.4489795918367347,0.55,Shlomo Argamon,US,2.772588722239781,0.7443564860860251
https://openalex.org/A5066381309,60,3,16,2.0596389748694737,0.22388888888888892,US,0.43333333333333335,0.2857142857142857,Katrine Frøkjær Baunvig,DK,2.772588722239781,0.7428577337664545
https://openalex.org/A5008367909,40,3,13,2.0523838812249515,0.17500000000000002,NL,0.25,0.24242424242424243,Thomas Smits,NL,2.5649493574615367,0.8001654595068272
https://openalex.org/A5100383939,73,5,15,2.049017408423045,0.19497091386751736,US,0.3698630136986301,0.16393442622950818,John Lee,HK,2.70805020110221,0.7566393738155479
https://openalex.org/A5055158857,25,3,10,2.0470505587205423,0.1648,US,0.32,0.3181818181818182,Susanna Allés Torrent,US,2.302585092994046,0.8890227618293001
https://openalex.org/A5038251371,133,13,18,2.0468169131410536,0.19724122335914973,FI,0.37593984962406013,0.5490196078431373,Esko Ikkala,FI,2.8903717578961645,0.7081500528606344
https://openalex.org/A5042788880,125,11,21,2.045144503096885,0.247232,US,0.464,0.5858585858585859,Patrick Juola,US,3.044522437723423,0.6717455840549382
https://openalex.org/A5091515246,50,3,13,2.0435176791956504,0.18,NL,0.3,0.3953488372093023,Rik Hoekstra,NL,2.5649493574615367,0.796708782281014
https://openalex.org/A5008199340,32,3,12,2.041005718001622,0.19140625,IT,0.375,0.16,Georgios Artopoulos,CY,2.4849066497880004,0.8213611236364755
https://openalex.org/A5047892152,38,3,12,2.0377799897009217,0.1745152354570637,US,0.2894736842105263,0.26666666666666666,Marc Wilhelm Küster,DE,2.4849066497880004,0.8200629950725814
https://openalex.org/A5016957740,60,6,16,2.0324599673026302,0.24444444444444446,US,0.4666666666666667,0.6829268292682927,J. Stephen Downie,US,2.772588722239781,0.7330549789082124
https://openalex.org/A5052738299,51,5,12,2.031729717150084,0.1895424836601307,US,0.37254901960784315,0.20512820512820512,Jean‐Gabriel Ganascia,FR,2.4849066497880004,0.8176281862835455
https://openalex.org/A5084258695,224,12,23,2.027239990984558,0.24509725765306123,US,0.45089285714285715,0.2857142857142857,Ray Siemens,GB,3.1354942159291497,0.6465456005900558
https://openalex.org/A5091794794,15,6,9,2.026229622995291,0.15555555555555556,US,0.26666666666666666,0.25,Daniel Brodén,SE,2.1972245773362196,0.922176842501811
https://openalex.org/A5026988679,11,3,8,2.0198149924929463,0.14049586776859505,DE,0.18181818181818182,0.3333333333333333,Thierry Declerck,DE,2.0794415416798357,0.9713256910609176
https://openalex.org/A5033927812,11,3,8,2.0198149924929463,0.14049586776859505,DE,0.18181818181818182,0.3333333333333333,Piroska Lendvai,HU,2.0794415416798357,0.9713256910609176
https://openalex.org/A5057602714,11,3,8,2.0198149924929463,0.14049586776859505,GB,0.18181818181818182,0.25,Chris Tănăsescu,CA,2.0794415416798357,0.9713256910609176
https://openalex.org/A5052468484,37,3,13,2.0194060254896256,0.20233747260774287,US,0.3783783783783784,0.20588235294117646,Tayebeh Mosavi Miangah,IR,2.5649493574615367,0.7873083418255785
https://openalex.org/A5079327088,59,3,13,2.0180321084086694,0.20195346164895145,US,0.3898305084745763,0.5434782608695652,Yin Zhang,US,2.5649493574615367,0.7867726910623541
https://openalex.org/A5047298465,21,3,10,2.015982478841721,0.1746031746031746,US,0.3333333333333333,0.5,Eleni Bozia,US,2.302585092994046,0.8755300661745985
https://openalex.org/A5021883921,27,4,11,2.0128941266463984,0.19067215363511658,GB,0.37037037037037035,0.45454545454545453,Paul Spence,GB,2.3978952727983707,0.8394420513191673
https://openalex.org/A5059183364,35,3,14,2.0106200590986782,0.23918367346938774,US,0.45714285714285713,0.5517241379310345,Marcia Lei Zeng,US,2.6390573296152584,0.7618705499633088
https://openalex.org/A5009492089,91,12,10,2.0103228826202812,0.15855572998430142,US,0.27472527472527475,0.16216216216216217,Hartmut Ilsemann,DE,2.302585092994046,0.8730721347658267
https://openalex.org/A5033559074,40,3,11,2.010311063484822,0.1675,FI,0.275,0.76,Hanno Wijsman,FR,2.3978952727983707,0.8383648303116952
https://openalex.org/A5037497934,41,3,12,2.0092289152921077,0.18857822724568712,US,0.34146341463414637,0.2,Jörg Lehmann,DE,2.4849066497880004,0.8085731974935658
https://openalex.org/A5073358375,26,3,10,2.008545042253483,0.16568047337278108,US,0.2692307692307692,0.6428571428571429,Yair Neuman,IL,2.302585092994046,0.8723000285048215
https://openalex.org/A5074075557,34,3,11,2.0015593019115374,0.1868512110726644,US,0.35294117647058826,0.23076923076923078,Antske Fokkens,NL,2.3978952727983707,0.8347150622536135
https://openalex.org/A5016695259,33,3,11,2.0005850223386505,0.18089990817263546,US,0.30303030303030304,0.2962962962962963,Isabel Pedersen,CA,2.3978952727983707,0.8343087561134167
https://openalex.org/A5007138994,63,3,13,2.0005142008600347,0.17561098513479464,US,0.25396825396825395,0.14893617021276595,Massimo Zancanaro,IT,2.5649493574615367,0.7799429626321711
https://openalex.org/A5091854881,31,3,10,1.9954005583651762,0.17377731529656607,FI,0.3225806451612903,0.4,Kirsi Keravuori,FI,2.302585092994046,0.8665914516846636
https://openalex.org/A5048013031,72,7,14,1.9952132406457856,0.21296296296296297,US,0.3888888888888889,0.375,Nils Reiter,DE,2.6390573296152584,0.7560325492954194
https://openalex.org/A5007152557,24,4,9,1.9892700410931459,0.16319444444444445,US,0.2916666666666667,0.15,Desmond Schmidt,AU,2.1972245773362196,0.905355811878281
https://openalex.org/A5106235159,74,3,14,1.9842263507756075,0.19905040175310446,IT,0.3108108108108108,0.43333333333333335,Marco Callieri,IT,2.6390573296152584,0.7518693620289344
https://openalex.org/A5072892826,31,5,12,1.9837309244940606,0.2174817898022893,RS,0.41935483870967744,0.6666666666666666,Mihailo Škorić,RS,2.4849066497880004,0.7983120511441758
https://openalex.org/A5021557805,12,3,8,1.9792045174343245,0.15277777777777776,US,0.25,0,Nikola Ljubešić,SI,2.0794415416798357,0.9517961807358447
https://openalex.org/A5078258583,50,4,14,1.978145271693972,0.2224,US,0.42,0.2564102564102564,Anna Foka,SE,2.6390573296152584,0.7495651001952128
https://openalex.org/A5033553615,37,5,14,1.9719645045622058,0.24470416362308256,US,0.4594594594594595,0.53125,Laura Estill,CA,2.6390573296152584,0.7472230642483594
https://openalex.org/A5090277859,81,3,15,1.9632929053947834,0.2254229538180155,US,0.41975308641975306,0.19298245614035087,Ian Milligan,CA,2.70805020110221,0.7249839403256626
https://openalex.org/A5005700214,31,3,11,1.958832080239235,0.19458896982310092,US,0.3225806451612903,0.45454545454545453,Alex C. Williams,US,2.3978952727983707,0.8168964268206993
https://openalex.org/A5075314861,17,3,9,1.9561874676604514,0.18339100346020765,US,0.35294117647058826,0.26666666666666666,Maciej Janicki,FI,2.1972245773362196,0.8902992838501803
https://openalex.org/A5063529058,117,11,14,1.9559682133066445,0.19804222368324934,GB,0.358974358974359,0.5212765957446809,Arianna Ciula,GB,2.6390573296152584,0.7411616986705629
https://openalex.org/A5001923670,26,4,9,1.9552260283642564,0.16863905325443787,US,0.2692307692307692,0.1111111111111111,Cecilia Lindhé,SE,2.1972245773362196,0.8898617139694717
https://openalex.org/A5041636820,17,3,10,1.95040949673227,0.21107266435986158,US,0.4117647058823529,0.5,Matthew J. Lavin,US,2.302585092994046,0.8470520818825232
https://openalex.org/A5019332166,65,3,17,1.9443938821661433,0.24307692307692308,US,0.4307692307692308,0.3137254901960784,Orland Hoeber,CA,2.833213344056216,0.6862857279157171
https://openalex.org/A5009027177,47,3,14,1.944333366100238,0.2512449071978271,US,0.46808510638297873,0.5476190476190477,Sandra Kübler,US,2.6390573296152584,0.7367529853486349
https://openalex.org/A5029435204,28,3,12,1.9432931140509344,0.24489795918367346,IN,0.4642857142857143,0.52,Niraj Kumar Singh,IN,2.4849066497880004,0.7820386790854804
https://openalex.org/A5043815929,28,3,12,1.9432931140509344,0.24489795918367346,IN,0.4642857142857143,0.52,Komal Naaz,IN,2.4849066497880004,0.7820386790854804
https://openalex.org/A5082796790,125,7,16,1.941228201928248,0.21548799999999999,US,0.376,0.3522727272727273,Uta Hinrichs,GB,2.772588722239781,0.7001500750389207
https://openalex.org/A5088351032,82,5,15,1.9405199973261638,0.20553242117787032,GB,0.3048780487804878,0.43859649122807015,Tom Cheesman,GB,2.70805020110221,0.7165746028402088
https://openalex.org/A5002272253,44,4,12,1.9389580514328637,0.2086776859504132,GR,0.3409090909090909,0.3488372093023256,Panagiotis Gakis,GR,2.4849066497880004,0.7802941215511198
https://openalex.org/A5110214161,44,4,12,1.9389580514328637,0.2086776859504132,GR,0.3409090909090909,0.3488372093023256,NA,NA,2.4849066497880004,0.7802941215511198
https://openalex.org/A5066176620,38,3,10,1.9339017035139392,0.1786703601108033,US,0.2631578947368421,0.28125,Dirk Geeraerts,BE,2.302585092994046,0.8398828383794023
https://openalex.org/A5047957194,23,3,12,1.928401069759499,0.2551984877126654,US,0.4782608695652174,0,Cyril Bornet,CH,2.4849066497880004,0.7760456795928412
https://openalex.org/A5018366953,51,3,13,1.9215166473271978,0.25259515570934254,US,0.47058823529411764,0.7105263157894737,Heather Richards-Rissetto,US,2.5649493574615367,0.7491440880645194
https://openalex.org/A5066842476,31,3,9,1.9204537278070406,0.17793964620187305,GB,0.2903225806451613,0.2692307692307692,Teemu Roos,FI,2.1972245773362196,0.8740361579858537
https://openalex.org/A5010298238,98,8,17,1.9192693945864883,0.24864639733444396,US,0.4387755102040816,0.6666666666666666,Glenn Roe,AU;FR,2.833213344056216,0.6774178861655137
https://openalex.org/A5111880566,55,3,11,1.9092691491846137,0.20132231404958678,US,0.36363636363636365,0.20454545454545456,Yin Hei Kong,HK,2.3978952727983707,0.7962270791569955
https://openalex.org/A5101977206,75,4,17,1.907601245678306,0.24551111111111115,US,0.4266666666666667,0.3220338983050847,Milad Momeni,CA,2.833213344056216,0.6732995415542049
https://openalex.org/A5024398674,47,4,13,1.9075248421392188,0.23585332729741965,IR,0.425531914893617,0.4878048780487805,Ali Abbasalizadeh,IR,2.5649493574615367,0.7436890855525686
https://openalex.org/A5026936665,99,6,14,1.9020723235939414,0.2270176512600755,US,0.36363636363636365,0.2,Gerold Schneider,CH,2.6390573296152584,0.7207392966606148
https://openalex.org/A5026144330,55,3,13,1.9014107234040274,0.22247933884297524,US,0.4,0.38,Aatu Liimatta,FI,2.5649493574615367,0.7413053664676654
https://openalex.org/A5062184048,67,6,15,1.9010538174441833,0.2621964802851414,US,0.47761194029850745,0.5517241379310345,Lauren Tilton,US,2.70805020110221,0.7020009513377672
https://openalex.org/A5100600870,15,3,9,1.8989267893363286,0.20888888888888893,US,0.4,0.09090909090909091,José Luis Sierra,ES,2.1972245773362196,0.8642388260732415
https://openalex.org/A5033674031,42,3,10,1.893161758155566,0.1984126984126984,GB,0.35714285714285715,0.47058823529411764,Apostolos Antonacopoulos,GB,2.302585092994046,0.8221897049172208
https://openalex.org/A5088097841,47,7,11,1.8924887099277656,0.20054323223177908,GB,0.3191489361702128,0.2857142857142857,Peter Robinson,CA,2.3978952727983707,0.7892290924445629
https://openalex.org/A5056650539,22,3,12,1.8920948169591305,0.2727272727272727,US,0.5,0.6153846153846154,Humphrey Keah,IT,2.4849066497880004,0.7614349686418017
https://openalex.org/A5087007976,22,3,12,1.8920948169591305,0.2727272727272727,US,0.5,0.6153846153846154,Joseph Kiplang’at,KE,2.4849066497880004,0.7614349686418017
https://openalex.org/A5023977688,82,3,17,1.883927244658888,0.2980368828078525,US,0.524390243902439,0.2222222222222222,Anette Frank,DE,2.833213344056216,0.6649436579180207
https://openalex.org/A5002257700,94,8,15,1.8837097770283513,0.2664101403349932,US,0.4787234042553192,0.6428571428571429,Katrina Fenlon,US,2.70805020110221,0.6955963284069321
https://openalex.org/A5072826753,45,6,13,1.8833734050546291,0.26814814814814814,US,0.4888888888888889,0.25,Koraljka Golub,SE,2.5649493574615367,0.7342731347017918
https://openalex.org/A5072356600,62,7,11,1.880950061088115,0.20187304890738814,AU,0.3225806451612903,0.28,David L. Hoover,US,2.3978952727983707,0.7844171021251587
https://openalex.org/A5044532377,69,6,13,1.873205277328958,0.21571098508716655,GB,0.36231884057971014,0.3220338983050847,Christopher J. Howe,GB,2.5649493574615367,0.7303088740835103
https://openalex.org/A5087415650,35,3,12,1.8717979104309976,0.24081632653061225,US,0.42857142857142855,0.46875,Justin Wigard,US,2.4849066497880004,0.7532668925775099
https://openalex.org/A5035865925,14,3,8,1.8662160235859526,0.19387755102040816,US,0.35714285714285715,0.45454545454545453,Hongsu Wang,US,2.0794415416798357,0.897460200818325
https://openalex.org/A5080316728,68,4,16,1.8636808350536078,0.3140138408304498,US,0.5441176470588235,0.034482758620689655,Tibor Koltay,HU,2.772588722239781,0.6721807746329106
https://openalex.org/A5005474414,89,3,13,1.8627939248381127,0.2511046585027143,US,0.449438202247191,0.6440677966101694,Franciska de Jong,NL,2.5649493574615367,0.7262497871231544
https://openalex.org/A5039744538,22,3,9,1.861665586303033,0.19421487603305781,GB,0.2727272727272727,0.3,Thorsten Wübbena,DE,2.1972245773362196,0.8472805217571352
https://openalex.org/A5057949302,22,3,9,1.861665586303033,0.19421487603305781,GB,0.2727272727272727,0.3,Fabian Cremer,DE,2.1972245773362196,0.8472805217571352
https://openalex.org/A5049383736,76,6,16,1.848973788810896,0.2652354570637119,US,0.4605263157894737,0.5652173913043478,Susan Schreibman,NL,2.772588722239781,0.6668763289627893
https://openalex.org/A5061259426,64,6,15,1.8463152618518757,0.2666015625,US,0.46875,0.41509433962264153,Anne Welsh,GB,2.70805020110221,0.6817876792315011
https://openalex.org/A5033118332,13,3,7,1.8446214763655029,0.1715976331360947,AU,0.23076923076923078,0.3333333333333333,Dirk Van Hülle,BE,1.9459101490553132,0.9479479190038742
https://openalex.org/A5026122018,62,3,13,1.8443161714931309,0.24089490114464102,GB,0.41935483870967744,0.49056603773584906,Kieran O’Halloran,GB,2.5649493574615367,0.7190458424171003
https://openalex.org/A5065806480,46,4,13,1.8436762259217487,0.2495274102079395,GB,0.41304347826086957,0.475,Andrew Hardie,GB,2.5649493574615367,0.7187963460402925
https://openalex.org/A5036594939,13,3,8,1.8392967479776605,0.20710059171597633,US,0.38461538461538464,0.3,Lik Hang Tsui,US,2.0794415416798357,0.8845147656768562
https://openalex.org/A5030705917,63,3,11,1.8380296484753682,0.21894683799445702,US,0.3492063492063492,0.4,Bridget Moynihan,GB,2.3978952727983707,0.7665178998123496
https://openalex.org/A5009885745,101,3,19,1.8333381056452027,0.28046269973532006,US,0.48514851485148514,0.18518518518518517,Robert Hogenraad,BE,2.9444389791664403,0.6226442859292041
https://openalex.org/A5016381010,25,3,9,1.8332976663616356,0.21920000000000003,NL,0.4,0.625,Lora Aroyo,US,2.1972245773362196,0.8343697250029004
https://openalex.org/A5031570473,56,3,11,1.8321530573227327,0.2098214285714286,US,0.32142857142857145,0.358974358974359,Robert S. Laramee,GB,2.3978952727983707,0.7640671709505434
https://openalex.org/A5012574491,25,4,10,1.831091258168144,0.2416,US,0.44,0.05555555555555555,Coppélie Cocq,FI;SE,2.302585092994046,0.7952328292837075
https://openalex.org/A5091329964,59,9,10,1.8308639841667564,0.20252800919276068,FI,0.3220338983050847,0.4444444444444444,Eetu Mäkelä,FI,2.302585092994046,0.7951341254390248
https://openalex.org/A5072394336,72,7,10,1.8265312645450185,0.20254629629629634,GB,0.2916666666666667,0.32786885245901637,Bárbara Bordalejo,BE,2.302585092994046,0.7932524492156702
https://openalex.org/A5049835651,42,4,12,1.8257665963528509,0.2800453514739229,US,0.5,0.8148148148148148,Rebecca Sutton Koeser,US,2.4849066497880004,0.7347425290638648
https://openalex.org/A5024695613,34,4,11,1.8238733159854377,0.2595155709342561,US,0.47058823529411764,0.2413793103448276,Jedrzej Rybicki,PL,2.3978952727983707,0.7606142506202771
https://openalex.org/A5052850851,21,4,9,1.8138821146629427,0.2335600907029478,US,0.42857142857142855,0.16666666666666666,Fotis Jannidis,DE,2.1972245773362196,0.8255333266215246
https://openalex.org/A5081310398,14,3,7,1.8095142558492818,0.18367346938775508,SE,0.2857142857142857,0.5714285714285714,Lars Borin,SE,1.9459101490553132,0.9299063765753789
https://openalex.org/A5086324861,19,3,8,1.8091581844412503,0.20221606648199444,US,0.3157894736842105,0.4166666666666667,Silke Schwandt,DE,2.0794415416798357,0.8700211802923575
https://openalex.org/A5074676409,31,3,11,1.8059243608650903,0.2570239334027055,US,0.45161290322580644,0.03571428571428571,Natalia Grincheva,AU,2.3978952727983707,0.7531289549428722
https://openalex.org/A5001301383,28,6,9,1.805711519829778,0.22193877551020408,NL,0.39285714285714285,0.4,William A. Kretzschmar,US,2.1972245773362196,0.8218147286605141
https://openalex.org/A5058785189,66,8,15,1.798946330140441,0.290633608815427,GB,0.5,0.5666666666666667,Paul Rayson,GB,2.70805020110221,0.6642957835154782
https://openalex.org/A5027763845,101,9,18,1.7963533816370874,0.26438584452504654,US,0.42574257425742573,0.7816091954022989,Stan Ruecker,US,2.8903717578961645,0.6214956179009347
https://openalex.org/A5001653924,12,3,7,1.791759469228055,0.19444444444444442,SE,0.3333333333333333,0.4,Dana Dannélls,SE,1.9459101490553132,0.9207822211616018
https://openalex.org/A5006966951,26,3,10,1.7913024624762766,0.25739644970414205,US,0.46153846153846156,0.25,Andreas Kerren,SE,2.302585092994046,0.7779527748731536
https://openalex.org/A5071521721,60,3,11,1.7826921202463502,0.2811111111111111,US,0.5,0.6521739130434783,Alia Reza,US,2.3978952727983707,0.7434403580794955
https://openalex.org/A5038583917,30,3,9,1.782517193417579,0.2555555555555556,US,0.4666666666666667,0.7777777777777778,Benjamin Charles Germain Lee,US,2.1972245773362196,0.8112585357927289
https://openalex.org/A5063116902,55,4,12,1.781651917530117,0.23768595041322313,US,0.34545454545454546,0.3333333333333333,Terttu Nevalainen,FI,2.4849066497880004,0.7169894763178
https://openalex.org/A5064230075,53,4,13,1.7716328126020642,0.3065147739409042,US,0.5283018867924528,0.6904761904761905,James E. Dobson,US,2.5649493574615367,0.6907086907771944
https://openalex.org/A5007926767,35,3,10,1.771387542484141,0.23755102040816328,GR,0.37142857142857144,0.38235294117647056,Christos Panagiotakopoulos,GR,2.302585092994046,0.7693038350130245
https://openalex.org/A5082648063,18,4,8,1.7674248259297285,0.2222222222222222,FI,0.3888888888888889,0.4375,Leo Lahti,FI,2.0794415416798357,0.849951677170953
https://openalex.org/A5006529599,17,4,7,1.7623147108366672,0.20415224913494812,US,0.35294117647058826,0.23076923076923078,Elena Spadini,IT;NL,1.9459101490553132,0.9056506086327899
https://openalex.org/A5049233966,38,3,9,1.7603547733972877,0.2257617728531856,DE,0.34210526315789475,0.4642857142857143,Benjamin Gittel,DE,2.1972245773362196,0.8011719837630044
https://openalex.org/A5102164664,17,3,8,1.756536739908486,0.23183391003460208,US,0.4117647058823529,0.4666666666666667,Sarah L. Jacobson,US,2.0794415416798357,0.8447156146017466
https://openalex.org/A5058967954,33,3,9,1.7538118981577668,0.25436179981634527,US,0.45454545454545453,0.16666666666666666,M. Eder,PL,2.1972245773362196,0.7981941929140356
https://openalex.org/A5047504661,47,6,12,1.7516457855463714,0.26844726120416473,US,0.44680851063829785,0.2926829268292683,Wilbert Heeringa,NL,2.4849066497880004,0.7049141204945517
https://openalex.org/A5021071397,67,4,11,1.7512149333413871,0.289374025395411,US,0.5074626865671642,0.6666666666666666,Jessica Grimmer,US,2.3978952727983707,0.7303133515492107
https://openalex.org/A5046158145,12,3,7,1.748155457247676,0.20833333333333331,BR,0.3333333333333333,0.3333333333333333,Renan Marinho de Castro,BR,1.9459101490553132,0.8983741916842144
https://openalex.org/A5001185971,16,4,8,1.7479662368880953,0.2421875,US,0.4375,0.09090909090909091,Joaquín Gayoso-Cabada,ES,2.0794415416798357,0.8405940738665995
https://openalex.org/A5081317103,46,4,11,1.740592021581354,0.28638941398865786,US,0.5,0.34285714285714286,Oliver Hellwig,DE,2.3978952727983707,0.7258832532540354
https://openalex.org/A5015725705,65,3,17,1.740272451520198,0.3472189349112426,US,0.5692307692307692,0.061224489795918366,Mark Levene,GB,2.833213344056216,0.6142398189571945
https://openalex.org/A5015784640,65,3,17,1.740272451520198,0.3472189349112426,US,0.5692307692307692,0.061224489795918366,Dell Zhang,GB,2.833213344056216,0.6142398189571945
https://openalex.org/A5111310912,65,3,17,1.740272451520198,0.3472189349112426,US,0.5692307692307692,0.061224489795918366,Dan Levene,GB,2.833213344056216,0.6142398189571945
https://openalex.org/A5101531241,53,3,11,1.7401345377427422,0.25525097899608395,US,0.3584905660377358,0.4864864864864865,Jonas Kuhn,DE,2.3978952727983707,0.7256924676747811
https://openalex.org/A5071546094,33,4,12,1.7394533008839441,0.2892561983471075,US,0.48484848484848486,0.041666666666666664,Manuel Cebral-Loureda,MX,2.4849066497880004,0.7000075037154194
https://openalex.org/A5027417114,41,5,10,1.735984525862987,0.2635336109458656,US,0.4634146341463415,0.1935483870967742,Andrew Piper,CA,2.302585092994046,0.7539285002517281
https://openalex.org/A5054581569,20,3,8,1.7297223415287142,0.25,FR,0.45,0.6470588235294118,Cyril Labbé,FR,2.0794415416798357,0.8318206147461074
https://openalex.org/A5084768034,55,4,7,1.7273668413855336,0.20264462809917355,GB,0.32727272727272727,0.4883720930232558,Patrick Sahle,DE,1.9459101490553132,0.8876909564524978
https://openalex.org/A5048171501,66,3,11,1.725833626686059,0.23737373737373738,US,0.3333333333333333,0.4807692307692308,Ross S. Purves,CH,2.3978952727983707,0.7197285245372671
https://openalex.org/A5037356570,31,3,9,1.7252142925524794,0.2570239334027055,US,0.45161290322580644,0.5833333333333334,Ana Jofré,US,2.1972245773362196,0.7851788617092675
https://openalex.org/A5067105930,31,3,9,1.7252142925524794,0.2570239334027055,US,0.45161290322580644,0.5833333333333334,Josh Cole,CA,2.1972245773362196,0.7851788617092675
https://openalex.org/A5086385685,29,3,8,1.7206206590333881,0.21759809750297265,GB,0.3103448275862069,0.32,Fazlı Can,US,2.0794415416798357,0.8274436306795231
https://openalex.org/A5108723775,29,3,8,1.7206206590333881,0.21759809750297265,GB,0.3103448275862069,0.32,Jon Patton,US,2.0794415416798357,0.8274436306795231
https://openalex.org/A5057428211,29,3,8,1.7112904312903245,0.24137931034482757,AT,0.41379310344827586,0.7058823529411765,Renato Rocha Souza,AT,2.0794415416798357,0.8229567395810956
https://openalex.org/A5007426493,26,3,10,1.709026789844581,0.28994082840236685,US,0.5,0.19047619047619047,Richard Evans,GB,2.302585092994046,0.7422209042543298
https://openalex.org/A5014351252,20,4,8,1.7078211625602204,0.235,US,0.35,0.3333333333333333,Hajime Murai,JP,2.0794415416798357,0.8212883739836182
https://openalex.org/A5033068052,15,4,8,1.7075391741350712,0.26222222222222225,US,0.4666666666666667,0.5833333333333334,Quinn Dombrowski,US,2.0794415416798357,0.8211527662161012
https://openalex.org/A5070855105,39,3,10,1.7056239576717565,0.2544378698224852,US,0.358974358974359,0.38235294117647056,James Baker,GB,2.302585092994046,0.7407430730188294
https://openalex.org/A5013726665,34,4,10,1.7015532252983885,0.2750865051903114,US,0.47058823529411764,0.2413793103448276,Charlotte Gooskens,AU;NL,2.302585092994046,0.7389751764117707
https://openalex.org/A5037737417,51,3,10,1.700461648128514,0.27412533640907344,GB,0.47058823529411764,0.43478260869565216,Nuria Yáñez‐Bouza,ES,2.302585092994046,0.7385011104703226
https://openalex.org/A5088047776,64,5,10,1.6981231261083993,0.2548828125,US,0.40625,0.4528301886792453,Graeme Hirst,CA,2.302585092994046,0.7374855032611776
https://openalex.org/A5004179234,65,11,13,1.6917567495055035,0.3221301775147929,US,0.5384615384615384,0.6140350877192983,Roopika Risam,US,2.5649493574615367,0.6595673105919685
https://openalex.org/A5042827302,46,4,15,1.6890527159367628,0.36389413988657854,US,0.5869565217391305,0.7297297297297297,Trevor Owens,US,2.70805020110221,0.6237154374942153
https://openalex.org/A5035847124,38,5,12,1.6859472159422892,0.3310249307479225,US,0.5526315789473685,0.6470588235294118,Clayton McCarl,US,2.4849066497880004,0.6784750711203279
https://openalex.org/A5009053854,67,4,7,1.6849252604175906,0.21719759411895745,GB,0.3582089552238806,0.5192307692307693,Cristina Marras,IT,1.9459101490553132,0.8658802983455204
https://openalex.org/A5019427964,12,3,6,1.6762349391347307,0.20833333333333331,US,0.3333333333333333,0,Xia Cuijuan,CN,1.791759469228055,0.9355245321275764
https://openalex.org/A5058137519,14,3,7,1.6731183626432506,0.24489795918367344,US,0.42857142857142855,0.23076923076923078,Tarrin Wills,GB,1.9459101490553132,0.859812753150758
https://openalex.org/A5079181337,38,3,10,1.672510751498511,0.2936288088642659,US,0.5,0.17142857142857143,Yann Ryan,GB,2.302585092994046,0.7263621902996641
https://openalex.org/A5060605626,18,3,7,1.6715308017791348,0.2345679012345679,US,0.3888888888888889,0.2857142857142857,Chikara Hashimoto,JP,1.9459101490553132,0.8589969082542778
https://openalex.org/A5025254950,25,4,7,1.6402831117619097,0.2384,US,0.36,0.35,Axel Bruns,AU,1.9459101490553132,0.8429387721515419
https://openalex.org/A5041691163,20,3,8,1.6364955728889845,0.29000000000000004,US,0.5,0.13333333333333333,Christian Wachter,DE,2.0794415416798357,0.7869880158145605
https://openalex.org/A5026514658,48,5,11,1.636220405224576,0.2934027777777778,US,0.4791666666666667,0.8181818181818182,Teresa Dobson,CA,2.3978952727983707,0.6823569084879543
https://openalex.org/A5037298191,13,3,6,1.6313454208085967,0.21893491124260359,CA,0.3076923076923077,0.2727272727272727,Paola Maria Carmela Italia,IT,1.791759469228055,0.9104712149289941
https://openalex.org/A5006191098,51,4,9,1.630493577698463,0.2764321414840446,US,0.45098039215686275,0.023255813953488372,Marie Flüh,DE,2.1972245773362196,0.742069606592137
https://openalex.org/A5042702924,53,5,11,1.6285183584508902,0.2830188679245283,US,0.4528301886792453,0.7021276595744681,Alan Galey,CA,2.3978952727983707,0.6791449055030627
https://openalex.org/A5011682416,17,3,7,1.6242225882334722,0.25259515570934254,US,0.4117647058823529,0.6666666666666666,Scott Weingart,US,1.9459101490553132,0.8346852957326876
https://openalex.org/A5038955014,53,5,9,1.6207244895129014,0.28088287646849414,US,0.4528301886792453,0.06818181818181818,Sybille Krämer,DE,2.1972245773362196,0.7376235029546996
https://openalex.org/A5045067400,67,5,11,1.6150978882995997,0.3080864335041212,US,0.5074626865671642,0.5573770491803278,Matthew L. Jockers,US,2.3978952727983707,0.6735481347418323
https://openalex.org/A5064159344,75,3,13,1.6140270887485793,0.3386666666666666,US,0.5466666666666666,0.7681159420289855,Adam Kilgarriff,GB,2.5649493574615367,0.629262750959707
https://openalex.org/A5041627156,42,3,11,1.5996592024272063,0.3514739229024943,US,0.5714285714285714,0.1111111111111111,Johannes Hellrich,DE,2.3978952727983707,0.6671097026520203
https://openalex.org/A5076490754,73,5,13,1.5967768116188117,0.34434227810095697,US,0.547945205479452,0.23880597014925373,Willard McCarty,GB,2.5649493574615367,0.6225373639341948
https://openalex.org/A5057377495,49,4,7,1.5962616063117538,0.26530612244897955,US,0.42857142857142855,0.09302325581395349,Janina Jacke,DE,1.9459101490553132,0.820316193472086
https://openalex.org/A5019929457,17,3,6,1.5626639830847018,0.25259515570934254,US,0.4117647058823529,0.25,Filip Ginter,FI,1.791759469228055,0.8721393746884706
https://openalex.org/A5038978211,17,3,6,1.5626639830847018,0.25259515570934254,US,0.4117647058823529,0.25,Hannu Salmi,FI,1.791759469228055,0.8721393746884706
https://openalex.org/A5043179000,47,4,8,1.5622798891433478,0.2593933906745134,US,0.3404255319148936,0.5588235294117647,Beatrice Alex,GB,2.0794415416798357,0.7512978161825559
https://openalex.org/A5008340710,12,3,6,1.5607104090414066,0.25,DE,0.3333333333333333,0.4,Alexander Mehler,DE,1.791759469228055,0.8710490642551528
https://openalex.org/A5079355657,12,3,6,1.5607104090414066,0.25,DE,0.3333333333333333,0.4,Giuseppe Abrami,DE,1.791759469228055,0.8710490642551528
https://openalex.org/A5044841280,36,3,9,1.5530191347034117,0.33950617283950624,US,0.5555555555555556,0.1,Udo Hahn,DE,2.1972245773362196,0.7068094680545568
https://openalex.org/A5017464054,99,3,15,1.549170992651883,0.370880522395674,US,0.5757575757575758,0.8,Martha Palmer,US,2.70805020110221,0.5720614012330167
https://openalex.org/A5020556428,44,5,9,1.5424293662718362,0.33471074380165283,US,0.5454545454545454,0.7941176470588235,Loretta Auvil,US,2.1972245773362196,0.7019898567408995
https://openalex.org/A5008301697,30,4,7,1.5382675131893193,0.2666666666666667,US,0.4,0.20833333333333334,Johanna Barzen,DE,1.9459101490553132,0.7905131251492299
https://openalex.org/A5109829072,21,3,7,1.5377034978212434,0.27437641723356004,ES,0.38095238095238093,0.6,Marí­a Teresa,ES,1.9459101490553132,0.7902232785865045
https://openalex.org/A5025110478,206,7,19,1.5360188257269376,0.40371382788198695,IR,0.616504854368932,0.7635135135135135,Mohammad Reza Mahmoudi,IR,2.9444389791664403,0.5216677392858652
https://openalex.org/A5100367846,32,3,9,1.5358298448120473,0.328125,US,0.53125,0.6206896551724138,James Lee,US,2.1972245773362196,0.6989862850860667
https://openalex.org/A5089679677,34,5,10,1.5295189491982684,0.370242214532872,US,0.5882352941176471,0.6333333333333333,Christopher W. Forstall,US,2.302585092994046,0.664261639603268
https://openalex.org/A5000619430,15,3,6,1.5292482930376912,0.26222222222222225,US,0.4,0.5714285714285714,Nicole Kong,US,1.791759469228055,0.8534897229796912
https://openalex.org/A5035349970,30,3,9,1.5184509478063215,0.3533333333333333,US,0.5666666666666667,0.07407407407407407,Christa Womser‐Hacker,DE,2.1972245773362196,0.6910768082010071
https://openalex.org/A5065291136,18,3,6,1.5127633969661096,0.25925925925925924,GB,0.3333333333333333,0.375,Toine Pieters,NL,1.791759469228055,0.8442893273045486
https://openalex.org/A5091596000,16,3,6,1.511086176073611,0.265625,GB,0.375,0.23076923076923078,Elena Pierazzo,FR,1.791759469228055,0.8433532525013714
https://openalex.org/A5031797634,27,4,6,1.5086597717181076,0.289437585733882,FI,0.48148148148148145,0.52,Erkki Heino,FI,1.791759469228055,0.8419990504462547
https://openalex.org/A5040828522,25,4,6,1.5056807783600583,0.2576,NL,0.36,0.4090909090909091,Pim Huijnen,NL,1.791759469228055,0.8403364425967018
https://openalex.org/A5035784772,42,4,10,1.5054323465259496,0.3605442176870748,US,0.5714285714285714,0.6666666666666666,Taylor Arnold,US,2.302585092994046,0.6538009609748839
https://openalex.org/A5075985782,43,5,10,1.4916430113002228,0.3564088696592753,GB,0.5581395348837209,0.6,Christopher Donaldson,GB,2.302585092994046,0.6478123287772366
https://openalex.org/A5060938605,35,3,6,1.490980867687273,0.2587755102040816,GB,0.34285714285714286,0.6666666666666666,Ewan Klein,GB,1.791759469228055,0.8321322662408662
https://openalex.org/A5109811961,35,3,6,1.490980867687273,0.2587755102040816,GB,0.34285714285714286,0.6666666666666666,Jim Clifford,CA,1.791759469228055,0.8321322662408662
https://openalex.org/A5112959617,35,3,6,1.490980867687273,0.2587755102040816,GB,0.34285714285714286,0.6666666666666666,Colin M. Coates,CA,1.791759469228055,0.8321322662408662
https://openalex.org/A5041206900,42,4,8,1.4872250539685077,0.30498866213151926,US,0.42857142857142855,0.8125,Gabriel Egan,GB,2.0794415416798357,0.7152040700153958
https://openalex.org/A5056069205,28,5,8,1.4763552442927759,0.336734693877551,US,0.5357142857142857,0.20833333333333334,John Bradley,GB,2.0794415416798357,0.709976796510534
https://openalex.org/A5065571629,12,3,6,1.4735023850806486,0.3055555555555556,GB,0.5,0.2,Xavier Rubio‐Campillo,ES,1.791759469228055,0.822377339362118
https://openalex.org/A5103197007,36,3,9,1.4665639459303401,0.3533950617283951,US,0.5555555555555556,0.1875,Jaap Verheul,NL,2.1972245773362196,0.6674620159712178
https://openalex.org/A5087256237,15,4,5,1.459481873869085,0.26222222222222225,GB,0.4,0.23076923076923078,Gabriele Griffin,SE,1.6094379124341003,0.9068270745913876
https://openalex.org/A5034831664,63,3,10,1.4558082488736188,0.32275132275132273,GB,0.4126984126984127,0.5416666666666666,Thomas Lansdall-Welfare,GB,2.302585092994046,0.6322494891950485
https://openalex.org/A5103231149,63,3,10,1.4558082488736188,0.32275132275132273,GB,0.4126984126984127,0.5416666666666666,Nello Cristianini,GB,2.302585092994046,0.6322494891950485
https://openalex.org/A5044280576,28,3,6,1.4493727697931693,0.3086734693877551,US,0.5,0.7142857142857143,Francis Bond,JP;US,1.791759469228055,0.8089103446555824
https://openalex.org/A5062272413,28,3,6,1.4493727697931693,0.3086734693877551,US,0.5,0.7142857142857143,Takaaki Tanaka,JP,1.791759469228055,0.8089103446555824
https://openalex.org/A5102942927,45,3,6,1.430280301911093,0.3066666666666667,US,0.4666666666666667,0,Jan Horstmann,DE,1.791759469228055,0.7982546354435073
https://openalex.org/A5113436361,29,5,8,1.4295121128058506,0.32223543400713434,GB,0.41379310344827586,0.2222222222222222,Matthew Spencer,CA;GB,2.0794415416798357,0.6874500120119017
https://openalex.org/A5074151321,46,4,6,1.415485717459611,0.31379962192816635,US,0.4782608695652174,0,Mareike Schumacher,DE,1.791759469228055,0.7899976206457252
https://openalex.org/A5101990072,47,3,7,1.4139056081245245,0.3110004526935265,US,0.425531914893617,0.6388888888888888,Adam Hammond,US,1.9459101490553132,0.7266037482824874
https://openalex.org/A5017448247,15,3,7,1.3897154547004784,0.38666666666666666,US,0.6,0.08333333333333333,F. de Vriend,NL,1.9459101490553132,0.7141724685362002
https://openalex.org/A5056609831,15,3,7,1.3897154547004784,0.38666666666666666,US,0.6,0.08333333333333333,A.P.C. Swanenberg,NL,1.9459101490553132,0.7141724685362002
https://openalex.org/A5039457717,22,3,5,1.3884492798585997,0.28512396694214875,US,0.4090909090909091,0,Itay Marienberg-Milikowsky,DE,1.6094379124341003,0.8626920424402832
https://openalex.org/A5085919087,81,3,12,1.3796111403073616,0.44520652339582384,US,0.654320987654321,0.8412698412698413,Lauren Klein,US,2.4849066497880004,0.5551963653946771
https://openalex.org/A5065837860,113,5,14,1.37594409269912,0.45117080429164386,US,0.6548672566371682,0.7956989247311828,Deborah A. Garwood,US,2.6390573296152584,0.5213771134330437
https://openalex.org/A5027450194,38,4,7,1.3748582195208885,0.3434903047091412,US,0.5263157894736842,0.26666666666666666,Iryna Gurevych,DE,1.9459101490553132,0.7065373600052114
https://openalex.org/A5039878306,33,3,8,1.3709937995669772,0.3976124885215795,US,0.6060606060606061,0.07407407407407407,Stefan Gelfgren,SE,2.0794415416798357,0.6593086519082653
https://openalex.org/A5010513947,19,3,6,1.3677377825590769,0.34072022160664817,US,0.5263157894736842,0.2222222222222222,Anna-Maria Sichani,GR,1.791759469228055,0.76334899078186
https://openalex.org/A5027991405,21,3,5,1.353927191055829,0.31065759637188206,US,0.47619047619047616,0.5,James Yékú,US,1.6094379124341003,0.8412422626531526
https://openalex.org/A5085863498,14,3,6,1.351783994289646,0.36734693877551017,DE,0.5714285714285714,0.8888888888888888,Evelyn Gius,DE,1.791759469228055,0.754445012014942
https://openalex.org/A5038638955,24,3,8,1.3481959185755505,0.4166666666666667,US,0.625,0.7142857142857143,Matthew Wilkens,US,2.0794415416798357,0.6483451886252292
https://openalex.org/A5045001481,31,3,7,1.3465696245975467,0.3381893860561915,US,0.45161290322580644,0.4074074074074074,Ying Yuan,CN,1.9459101490553132,0.6919998979661367
https://openalex.org/A5017915354,28,4,5,1.3391071172869515,0.3112244897959184,FI,0.4642857142857143,0.5,Ilkka Jokipii,FI,1.6094379124341003,0.8320340330877984
https://openalex.org/A5037631051,28,3,6,1.336063382844285,0.3316326530612245,GB,0.4642857142857143,0.6842105263157895,Philip Murgatroyd,GB,1.791759469228055,0.7456711717114028
https://openalex.org/A5018005705,17,3,5,1.334592953237241,0.314878892733564,US,0.47058823529411764,0.8,Elizabeth Willson Gordon,US,1.6094379124341003,0.8292292252633802
https://openalex.org/A5024826132,17,3,5,1.334592953237241,0.314878892733564,US,0.47058823529411764,0.8,Alice Staveley,US,1.6094379124341003,0.8292292252633802
https://openalex.org/A5028543064,17,3,5,1.334592953237241,0.314878892733564,US,0.47058823529411764,0.8,Helen Southworth,US,1.6094379124341003,0.8292292252633802
https://openalex.org/A5013593821,20,3,8,1.328515191203992,0.44000000000000006,US,0.65,0.8125,Mark Algee‐Hewitt,US,2.0794415416798357,0.6388807593652175
https://openalex.org/A5110322074,28,5,7,1.3149761881868105,0.40306122448979587,US,0.6071428571428571,0.7083333333333334,Stéfan Sinclair,CA,1.9459101490553132,0.6757640833648952
https://openalex.org/A5059270696,15,3,6,1.297295830625819,0.39555555555555555,US,0.6,0.6428571428571429,Luís Meneses,CA,1.791759469228055,0.7240345888528966
https://openalex.org/A5049782229,20,4,5,1.289921982609012,0.335,US,0.5,0.8333333333333334,Claire Battershill,CA,1.6094379124341003,0.8014735906513752
https://openalex.org/A5082314059,15,3,5,1.2868726303980162,0.3511111111111111,GB,0.5333333333333333,0.25,Kyle Dase,CA,1.6094379124341003,0.799578921594907
https://openalex.org/A5026052516,193,9,15,1.2847944487227618,0.4827243684394212,US,0.6787564766839378,0.7797619047619048,Alex H. Poole,US,2.70805020110221,0.4744352406021995
https://openalex.org/A5069007440,18,3,6,1.2709586066171725,0.40740740740740744,FR,0.6111111111111112,0.7333333333333333,Julien Longhi,FR;NL,1.791759469228055,0.7093355042598104
https://openalex.org/A5081749669,31,6,5,1.2574587971945679,0.32778355879292403,US,0.45161290322580644,0.36,Lynne Siemens,CA,1.6094379124341003,0.7813030794662951
https://openalex.org/A5021782089,10,3,5,1.2275294114572126,0.4,US,0.6,0.25,R.K. Gairola,AU,1.6094379124341003,0.7627069065377661
https://openalex.org/A5038194294,10,3,5,1.2275294114572126,0.4,US,0.6,0.75,Alexis J. Miller,US,1.6094379124341003,0.7627069065377661
https://openalex.org/A5002852096,52,6,7,1.2154664554075525,0.45340236686390534,US,0.6538461538461539,0.06521739130434782,Mark Alfano,AU;NL,1.9459101490553132,0.6246261966399778
https://openalex.org/A5012007074,37,3,5,1.1911904431174511,0.36888239590942296,US,0.4864864864864865,0.8928571428571429,Santiago Segarra,US,1.6094379124341003,0.7401282360224165
https://openalex.org/A5078862959,37,3,5,1.1911904431174511,0.36888239590942296,US,0.4864864864864865,0.8928571428571429,Alejandro Ribeiro,US,1.6094379124341003,0.7401282360224165
https://openalex.org/A5091474691,37,3,5,1.1911904431174511,0.36888239590942296,US,0.4864864864864865,0.8928571428571429,Mark Eisen,US,1.6094379124341003,0.7401282360224165
https://openalex.org/A5053716967,28,3,7,1.16697337334354,0.4821428571428572,US,0.6785714285714286,0.9047619047619048,Colin Allen,CN;US,1.9459101490553132,0.5997056821508814
https://openalex.org/A5058983757,12,3,4,1.14370838942625,0.36111111111111116,CA,0.4166666666666667,0,Jieh Hsiang,TW,1.3862943611198906,0.8250112108241772
https://openalex.org/A5053950143,24,3,5,1.1389488643790917,0.4340277777777778,US,0.625,0.9375,Stacy Kowalczyk,US,1.6094379124341003,0.7076687181157272
https://openalex.org/A5060672408,24,3,5,1.1389488643790917,0.4340277777777778,US,0.625,0.9375,Beth Plale,US,1.6094379124341003,0.7076687181157272
https://openalex.org/A5101552848,24,3,5,1.1389488643790917,0.4340277777777778,US,0.625,0.9375,Zong Peng,US,1.6094379124341003,0.7076687181157272
https://openalex.org/A5041208530,11,3,4,1.1209503926735833,0.38842975206611563,US,0.5454545454545454,0.09090909090909091,Kartikay Chadha,CA,1.3862943611198906,0.8085947862963575
https://openalex.org/A5110026645,11,3,4,1.1209503926735833,0.38842975206611563,US,0.5454545454545454,0.6666666666666666,Eduardo Urbina,US,1.3862943611198906,0.8085947862963575
https://openalex.org/A5033031761,10,3,4,1.0888999753452238,0.42,US,0.6,0.1,Andrew Wilson,GB,1.3862943611198906,0.7854752972273344
https://openalex.org/A5077354752,18,3,5,1.0797346179130656,0.47530864197530864,US,0.6666666666666666,0.5714285714285714,Peter J. Cobb,CN;HK,1.6094379124341003,0.6708768381627621
https://openalex.org/A5067289531,124,3,7,1.071120551048931,0.49401664932362116,IR,0.6774193548387096,0.7441860465116279,Kim-Hung Pho,VN,1.9459101490553132,0.5504470756622196
https://openalex.org/A5087287236,25,7,6,1.0704836531307913,0.4944000000000001,US,0.68,0.64,Tanya Clement,US,1.791759469228055,0.597448302361694
https://openalex.org/A5069563399,14,3,5,0.9943536917623688,0.5306122448979592,US,0.7142857142857143,0,Jean-Guy Meunier,CA,1.6094379124341003,0.6178266860002798
https://openalex.org/A5048751530,12,3,4,0.9830877585747855,0.4861111111111111,US,0.6666666666666666,0.2,Ernesto William De Luca,DE;IT,1.3862943611198906,0.7091479170272448
https://openalex.org/A5034613088,26,3,6,0.9796281737843014,0.5532544378698224,US,0.7307692307692307,0.8260869565217391,Neil Coffee,US,1.791759469228055,0.5467408938580106
https://openalex.org/A5042661007,29,3,6,0.9267605646029317,0.5885850178359096,GB,0.7586206896551724,0.8214285714285714,Catherine Porter,GB,1.791759469228055,0.5172349193735298
https://openalex.org/A5080702364,71,9,8,0.8991726233337914,0.5711168418964492,GB,0.7323943661971831,0.7647058823529411,Ian Gregory,GB,2.0794415416798357,0.4324106281955936
https://openalex.org/A5078101516,10,3,3,0.8979457248567798,0.45999999999999996,US,0.6,0.6666666666666666,Matthew W. Wilson,US,1.0986122886681098,0.8173454221465101
https://openalex.org/A5079536241,10,3,3,0.8979457248567798,0.45999999999999996,GB,0.6,0,Christophe Magis,FR,1.0986122886681098,0.8173454221465101
https://openalex.org/A5028971617,15,3,3,0.8823109245150755,0.4488888888888889,US,0.5333333333333333,0.6153846153846154,Bethany Nowviskie,US,1.0986122886681098,0.8031140135750122
https://openalex.org/A5086934220,34,3,7,0.868304943932727,0.6384083044982698,US,0.7941176470588235,0.9,David Mimno,US,1.9459101490553132,0.4462204713584877
https://openalex.org/A5016903177,14,3,4,0.7549967581308246,0.6326530612244897,US,0.7857142857142857,0.7857142857142857,Sylvia Fernández Quintanilla,US,1.3862943611198906,0.5446150394212924
https://openalex.org/A5060724078,12,3,2,0.6365141682948128,0.5555555555555556,US,0.6666666666666666,0.6666666666666666,Nickoal Eichmann-Kalwara,US,0.6931471805599453,0.9182958340544894
