author_id,n_citations_total,n_works,n_countries_cited,shannon_entropy,hhi,top_country,top_country_share,self_cite_rate,author_name,author_countries
https://openalex.org/A5015258192,126,3,44,3.3401989094097178,0.05127236079617031,CN,0.12698412698412698,0.09090909090909091,Dessy Harisanty,ID
https://openalex.org/A5054595225,193,3,47,3.3164953310523724,0.053451099358372035,US,0.12435233160621761,0.11724137931034483,Mohd Kamal Othman,MY
https://openalex.org/A5068973323,193,3,47,3.3164953310523724,0.053451099358372035,US,0.12435233160621761,0.11724137931034483,Nurfarahani Norman Anuar,MY
https://openalex.org/A5029639699,200,6,55,3.2399008892581675,0.0823,US,0.215,0.21739130434782608,Md. Anwarul Islam,BD
https://openalex.org/A5021496270,275,5,48,3.1942829649245703,0.06076033057851239,US,0.12,0.3146067415730337,Alessandro Adamou,IE
https://openalex.org/A5114061280,178,3,44,3.17103415688882,0.07183436434793586,US,0.19662921348314608,0.016260162601626018,Mariapaola Paita,IT
https://openalex.org/A5026253993,129,3,41,3.1607827799349297,0.06652244456462952,GR,0.17054263565891473,0.22,Konstantinos Kotis,GR
https://openalex.org/A5058352961,518,9,60,3.1441536741990728,0.08260163086417913,IT,0.21235521235521235,0.30494505494505497,Roberto Pierdicca,IT
https://openalex.org/A5054303877,109,3,35,3.1429283595551474,0.06455685548354516,US,0.1743119266055046,0.3,Rexwhite Tega Enakrire,ZA
https://openalex.org/A5065358832,241,9,47,3.1392564972355492,0.07288097656720786,US,0.17427385892116182,0.12790697674418605,Emad Mohamed,BD;GB
https://openalex.org/A5081152655,223,11,36,3.1087808348048642,0.06328299382653985,US,0.16143497757847533,0.3644067796610169,Darja Fišer,SI
https://openalex.org/A5000889718,292,3,48,3.096743711696987,0.0789078626383937,IT,0.1952054794520548,0.2648401826484018,Emanuele Frontoni,IT
https://openalex.org/A5069181444,307,5,56,3.0873895523540225,0.08478604547528357,FR,0.19543973941368079,0.28054298642533937,Jean-Baptiste Barreau,FR
https://openalex.org/A5059261666,290,3,47,3.083236388910458,0.07814506539833531,AU,0.1724137931034483,0.29310344827586204,Tan Yiğitcanlar,AU
https://openalex.org/A5023823294,217,3,41,3.0792771968545902,0.06674594916010108,GR,0.12442396313364056,0.27586206896551724,Yumeng Hou,CH
https://openalex.org/A5036579611,104,5,33,3.0634478056702434,0.06582840236686391,DE,0.125,0.25609756097560976,Andrij Rovenchak,UA
https://openalex.org/A5025020025,295,6,47,3.054278614052954,0.07695489801781097,US,0.19661016949152543,0.208955223880597,Davide Picca,CH
https://openalex.org/A5033894687,303,3,45,3.0418715028189034,0.076582905815334,US,0.19471947194719472,0.4583333333333333,John Pavlopoulos,GR
https://openalex.org/A5017594053,293,7,40,3.0402082355503417,0.08134049319153397,US,0.22184300341296928,0.32,Çağrı Çöltekin,NL
https://openalex.org/A5021027603,327,5,50,3.040136586309521,0.09012522327899822,IT,0.2324159021406728,0.326271186440678,Eva Savina Malinverni,IT
https://openalex.org/A5011635545,242,17,39,3.032196453019299,0.07516563076292604,US,0.1859504132231405,0.31788079470198677,Tomaž Erjavec,SI
https://openalex.org/A5047835586,152,3,42,3.024741315690278,0.08067867036011081,IT,0.16447368421052633,0.32,Laura Corchia,IT
https://openalex.org/A5055882886,152,3,42,3.024741315690278,0.08067867036011081,IT,0.16447368421052633,0.32,Lucio Tommaso De Paolis,IT
https://openalex.org/A5028298939,267,6,40,3.009315850985772,0.07455568180224158,US,0.17228464419475656,0.19072164948453607,Sarah Kenderdine,CH
https://openalex.org/A5072253563,93,4,29,3.0060873688817042,0.06463174933518326,IT,0.13978494623655913,0.1323529411764706,Imanol Muñoz-Pandiella,ES
https://openalex.org/A5069270736,308,3,45,3.0059073296855554,0.08213864058019903,US,0.2077922077922078,0.441025641025641,Ion Androutsopoulos,GR
https://openalex.org/A5057690103,255,8,37,3.0049944018745696,0.07198769703960015,US,0.13333333333333333,0.2360248447204969,Andreas Rauber,AT
https://openalex.org/A5015201403,91,4,31,3.0032833905292704,0.07957976089844222,US,0.21978021978021978,0.08064516129032258,Saeedeh Momtazi,IR
https://openalex.org/A5071104174,102,3,35,3.002984040749889,0.08900422914263745,US,0.24509803921568626,0.0759493670886076,S.M. Zabed Ahmed,BD
https://openalex.org/A5032988611,74,3,27,2.9907504590812084,0.06537618699780863,US,0.14864864864864866,0.14705882352941177,María Teresa Martín Valdivia,ES
https://openalex.org/A5111222692,492,5,49,2.9826291052704823,0.09783363077533215,US,0.2621951219512195,0.5365079365079365,Chris Dyer,US
https://openalex.org/A5050653692,226,13,37,2.980959880754842,0.07306758555877516,US,0.14601769911504425,0.21142857142857144,Ján Mačutek,AT
https://openalex.org/A5030814104,119,4,43,2.9790594785290128,0.10302944707294683,US,0.25210084033613445,0.1111111111111111,Soraj Hongladarom,TH
https://openalex.org/A5023856062,118,3,34,2.97584318860942,0.08259120942257972,US,0.211864406779661,0.1951219512195122,Victoria L. Lemieux,CA
https://openalex.org/A5031941714,117,3,36,2.9679487343802764,0.08963401271093578,US,0.2222222222222222,0.1827956989247312,Dyah Puspitasari Srirahayu,ID
https://openalex.org/A5100413180,746,27,61,2.95435297580212,0.0993466495123231,US,0.20777479892761394,0.23333333333333334,Haitao Liu,CN
https://openalex.org/A5108768608,170,5,35,2.9503886444733043,0.07515570934256055,US,0.13529411764705881,0.2018348623853211,Raheem Sarwar,GB
https://openalex.org/A5013472329,146,3,32,2.945913629461919,0.07918934133983861,US,0.19863013698630136,0.1388888888888889,Johannes Bjerva,DK
https://openalex.org/A5063609310,130,3,30,2.9397916648633093,0.07562130177514793,GB,0.15384615384615385,0.660377358490566,Joseph Nockels,GB
https://openalex.org/A5018711853,129,3,28,2.938101529274742,0.07120966288083648,GB,0.15503875968992248,0.7872340425531915,Achim Rabus,DE
https://openalex.org/A5091088374,149,3,37,2.9366287510417073,0.09040133327327599,IT,0.21476510067114093,0.29357798165137616,Marina Paolanti,IT
https://openalex.org/A5092262392,124,3,33,2.93406024671943,0.08428720083246617,US,0.1935483870967742,0.06521739130434782,Oshri Bar-Gil,IL
https://openalex.org/A5091524866,241,5,40,2.9273675258109595,0.09178560975189821,IT,0.2157676348547718,0.1945945945945946,George Caridakis,GR
https://openalex.org/A5065291002,140,4,28,2.9257710424836954,0.07142857142857142,GB,0.15,0.7843137254901961,Christel Annemieke Romein,AT;CH;NL
https://openalex.org/A5072909198,294,3,45,2.9241966947517875,0.09160534962284232,US,0.19047619047619047,0.20304568527918782,Aurelia Tamò‐Larrieux,CH
https://openalex.org/A5005993906,250,10,41,2.924065955840771,0.08841600000000001,US,0.2,0.5507246376811594,David Joseph Wrisley,AE
https://openalex.org/A5027347910,82,4,24,2.921001592249329,0.0651397977394408,CZ,0.12195121951219512,0.6585365853658537,Andrej Pančur,SI
https://openalex.org/A5076723837,112,6,27,2.920024705807451,0.0741390306122449,US,0.16964285714285715,0.576271186440678,Petya Osenova,BG
https://openalex.org/A5088842089,111,6,29,2.9191877936845665,0.07588669750831913,US,0.17117117117117117,0.639344262295082,Kiril Simov,BG
https://openalex.org/A5076394591,179,4,34,2.9099779546806968,0.08866764458038139,CN,0.18994413407821228,0.2537313432835821,Kanglong Liu,HK
https://openalex.org/A5052787141,85,5,32,2.9097594447623973,0.09121107266435986,US,0.21176470588235294,0.3103448275862069,James Hutson,US
https://openalex.org/A5021557805,280,20,37,2.909064549920636,0.09767857142857142,US,0.25357142857142856,0.24210526315789474,Nikola Ljubešić,HR
https://openalex.org/A5008651420,372,9,48,2.9072309247002783,0.10134119551393225,US,0.239247311827957,0.1978021978021978,Peter Mantello,JP
https://openalex.org/A5048221137,131,3,36,2.9002046072210312,0.11019171376959384,US,0.2900763358778626,0.14705882352941177,Nosheen Fatima Warraich,PK
https://openalex.org/A5028952369,57,3,26,2.8982765571602775,0.08217913204062788,FI,0.21052631578947367,0.32432432432432434,Senka Drobac,FI
https://openalex.org/A5055402344,218,4,39,2.890657791524891,0.09940240720478076,US,0.23394495412844038,0.20245398773006135,Ralph Ewerth,DE
https://openalex.org/A5112282583,198,5,34,2.8903459697952583,0.08228752168146107,US,0.1919191919191919,0.2564102564102564,Guy De Pauw,BE
https://openalex.org/A5012162145,117,3,30,2.8873736348985446,0.08320549346190373,US,0.1794871794871795,0.810126582278481,Elizaveta Solomonova,CA
https://openalex.org/A5015167680,130,3,33,2.8837858312376294,0.09479289940828403,US,0.2153846153846154,0.29473684210526313,Paul Tennent,GB
https://openalex.org/A5056095141,90,3,32,2.8833321327231873,0.10271604938271604,US,0.26666666666666666,0.1388888888888889,Khalid Mahmood,PK
https://openalex.org/A5016928206,89,4,28,2.8766104568105133,0.08698396667087488,US,0.2247191011235955,0.1276595744680851,Luís Alfonso Ureña López,ES
https://openalex.org/A5011458000,159,6,31,2.875924599695686,0.08112811993196471,US,0.15723270440251572,0.43157894736842106,Moshe Lavee,IL
https://openalex.org/A5018976680,381,3,47,2.8672111751336704,0.11237866920178284,US,0.28083989501312334,0.5506607929515418,Isabelle Augenstein,DK;US
https://openalex.org/A5068787916,225,3,38,2.8631969227321394,0.10253827160493827,IT,0.22666666666666666,0.3227848101265823,Giacomo Patrucco,IT
https://openalex.org/A5005815493,247,6,34,2.8602516339871533,0.0905604091199659,US,0.20647773279352227,0.4125874125874126,Gustavo Candela,ES
https://openalex.org/A5000911113,125,3,35,2.8560267115967113,0.11756799999999999,US,0.304,0,Marco Mezzadri,IT
https://openalex.org/A5025494105,94,3,27,2.8464835737050165,0.0819375282933454,FR,0.19148936170212766,0.33962264150943394,Marie Puren,FR
https://openalex.org/A5065541935,163,11,29,2.846315521466127,0.0835936617862923,US,0.20245398773006135,0.5,Costanza Navarretta,DK
https://openalex.org/A5046431394,373,3,44,2.842989528503535,0.10460076619540139,US,0.2520107238605898,0.291866028708134,Rachel Bawden,FR
https://openalex.org/A5009309241,89,3,25,2.8395423327398124,0.0837015528342381,US,0.21348314606741572,0.15714285714285714,Benjamín Bustos,DE
https://openalex.org/A5086224701,61,3,24,2.8387972397135144,0.07766729373824241,GB,0.16393442622950818,0.75,Milan van Lange,NL
https://openalex.org/A5004093997,460,23,54,2.8379954124282842,0.10798676748582231,US,0.24347826086956523,0.24169184290030213,Tung Manh Ho,JP;VN
https://openalex.org/A5000158514,136,11,29,2.836182455659881,0.09083044982698962,RS,0.19852941176470587,0.4146341463414634,Ranka Stanković,IT;RS
https://openalex.org/A5003891531,147,8,29,2.829751454952234,0.08047572770604842,CZ,0.1360544217687075,0.21739130434782608,Radek Čech,CZ
https://openalex.org/A5029360913,170,3,36,2.8276886826700185,0.09778546712802769,GB,0.21764705882352942,0.29838709677419356,Charlie Hargood,GB
https://openalex.org/A5011248342,162,3,32,2.826235821009283,0.08847736625514403,US,0.16666666666666666,0.3211009174311927,Nikolaos Partarakis,FR
https://openalex.org/A5014712120,162,3,32,2.826235821009283,0.08847736625514403,US,0.16666666666666666,0.3211009174311927,Ilia Adami,FR
https://openalex.org/A5089987396,162,3,32,2.826235821009283,0.08847736625514403,US,0.16666666666666666,0.3211009174311927,Xenophon Zabulis,GR
https://openalex.org/A5071220716,204,5,40,2.825605444576402,0.12432718185313342,US,0.3088235294117647,0.2413793103448276,Arkaitz Zubiaga,GB
https://openalex.org/A5076012918,78,5,26,2.8197974449712007,0.0811965811965812,FR,0.15384615384615385,0.2692307692307692,Thibault Clérice,FR
https://openalex.org/A5089919340,123,3,29,2.8170555398470247,0.09656950228038866,US,0.24390243902439024,0.3191489361702128,Leen‐Kiat Soh,US
https://openalex.org/A5063642131,158,5,35,2.8147971946493153,0.09613843935266785,CN,0.18354430379746836,0.23622047244094488,Ruina Chen,CN
https://openalex.org/A5080111149,135,6,31,2.8143146384909254,0.10353909465020575,US,0.25925925925925924,0.44871794871794873,Giulia Venturi⋄,IT
https://openalex.org/A5065026122,257,3,36,2.8092375682665227,0.10917652046208119,GB,0.2607003891050584,0.43169398907103823,Marta Ziosi,GB
https://openalex.org/A5051059391,95,3,27,2.808811126080251,0.09961218836565097,DE,0.25263157894736843,0.6944444444444444,Nanette Rißler-Pipka,DE
https://openalex.org/A5052334463,88,3,27,2.807761626999239,0.09168388429752065,IT,0.19318181818181818,0.3695652173913043,Giorgio Maria Di Nunzio,IT
https://openalex.org/A5065862748,85,5,24,2.807620873265195,0.07737024221453287,CN,0.15294117647058825,0.208955223880597,Tong Wei,CN
https://openalex.org/A5103282437,128,3,29,2.807618223601173,0.093505859375,US,0.2265625,0.12698412698412698,Robert Östling,SE
https://openalex.org/A5017940779,198,4,36,2.8065737751279802,0.11723293541475359,US,0.29292929292929293,0.39669421487603307,Jennifer D’Souza,DE
https://openalex.org/A5031461768,370,9,39,2.806279145070464,0.09636230825420015,US,0.1918918918918919,0.3915094339622642,Silvio Peroni,IT
https://openalex.org/A5015315345,108,4,29,2.8062063581204444,0.08864883401920438,IT,0.16666666666666666,0.352112676056338,Owen Conlan,IE
https://openalex.org/A5055991257,135,3,28,2.8049446036585066,0.0865294924554184,US,0.2,0.16666666666666666,Ivan Sipiran,PE
https://openalex.org/A5051192482,201,6,36,2.804554248603917,0.10645776094651122,US,0.25870646766169153,0.08227848101265822,Steven Verstockt,BE
https://openalex.org/A5051340560,218,6,34,2.80384107301699,0.11072300311421597,US,0.2798165137614679,0.33980582524271846,Özlem Çetinoğlu,DE
https://openalex.org/A5001408607,160,9,32,2.8015775859934986,0.109140625,US,0.275,0.21649484536082475,Krister Lindén,FI
https://openalex.org/A5005227218,314,7,40,2.799413358163697,0.09925351941255224,US,0.20063694267515925,0.21951219512195122,Giovanni Colavizza,CH
https://openalex.org/A5068789709,270,12,36,2.7982324547507456,0.0978326474622771,US,0.22962962962962963,0.24456521739130435,Mike Kestemont,BE
https://openalex.org/A5083820676,88,4,30,2.7959050024585186,0.11621900826446283,US,0.29545454545454547,0.43283582089552236,Orsolya Ring,HU
https://openalex.org/A5072567427,45,4,21,2.793521025025001,0.07950617283950617,US,0.17777777777777778,0.3157894736842105,Mats Wirén,CH;GR;US
https://openalex.org/A5042333468,107,4,26,2.793453694744278,0.08620840248056598,US,0.16822429906542055,0.15384615384615385,Ioanna Lykourentzou,NL
https://openalex.org/A5101437756,58,3,22,2.7911112678074246,0.07966706302021404,DE,0.1724137931034483,0.6363636363636364,Frank Fischer,DE
https://openalex.org/A5036246506,155,4,29,2.790885655984009,0.08894901144640999,US,0.17419354838709677,0.358695652173913,Matteo Romanello,CH
https://openalex.org/A5046117814,111,4,30,2.790768693191001,0.09536563590617644,FR,0.2072072072072072,0.38666666666666666,Carmen Brando,FR
https://openalex.org/A5071940355,136,4,35,2.7895307296690097,0.10986159169550173,IT,0.25,0.3469387755102041,Antonia Teresa Spano,IT
https://openalex.org/A5073444259,112,3,31,2.788548068235236,0.09917091836734694,IT,0.22321428571428573,0.15584415584415584,Lidia Ortega,ES;US
https://openalex.org/A5013265922,72,3,28,2.7884880483760104,0.10069444444444445,RU,0.2222222222222222,0.34782608695652173,Vladimir Tsyganov,RU
https://openalex.org/A5020923882,247,3,43,2.7882638280685064,0.13425887983740104,US,0.32793522267206476,0.03723404255319149,Mario D. Schultz,CH
https://openalex.org/A5086677960,203,4,35,2.7879264819735585,0.10276881263801597,US,0.22167487684729065,0.4318181818181818,Claudio Novelli,IT
https://openalex.org/A5014534985,171,5,36,2.7868167576116396,0.11603570329332101,US,0.27485380116959063,0.23275862068965517,Udo Kruschwitz,GB
https://openalex.org/A5038857893,112,4,29,2.786384321342595,0.0980548469387755,US,0.19642857142857142,0.25842696629213485,Leonardo Impett,GB;US
https://openalex.org/A5069688549,76,5,25,2.786125563682493,0.09037396121883655,GB,0.21052631578947367,0.5319148936170213,Andreas Vlachidis,GB
https://openalex.org/A5100611610,80,3,29,2.7854888817899104,0.0984375,CN,0.1875,0.12857142857142856,Wanwan Zheng,JP
https://openalex.org/A5064778594,194,4,27,2.785329653170512,0.08927622489106175,US,0.21649484536082475,0.17985611510791366,Yiorgos Chrysanthou,CY
https://openalex.org/A5053488957,75,4,29,2.7852573359410986,0.10328888888888889,US,0.22666666666666666,0.14285714285714285,Juan D. Machin‐Mastromatteo,MX
https://openalex.org/A5049722294,174,5,30,2.7842884617798527,0.09135949266745938,US,0.1839080459770115,0.20491803278688525,George Papagiannakis,GR
https://openalex.org/A5017855616,72,4,24,2.7841583270494796,0.08564814814814814,CZ,0.16666666666666666,0.7073170731707317,Roberts Darģis,LV
https://openalex.org/A5003497206,75,3,26,2.78096542916433,0.09759999999999999,US,0.22666666666666666,0.15,Javier Tarango,MX
https://openalex.org/A5050267995,144,3,34,2.779172103894534,0.1116898148148148,US,0.2708333333333333,0.1388888888888889,Minh‐Hoang Nguyen,VN
https://openalex.org/A5014615617,70,3,24,2.7770518567046794,0.08612244897959184,GB,0.17142857142857143,0.15555555555555556,Brenda O’Neill,IE
https://openalex.org/A5068067418,90,3,25,2.7762196008480355,0.0965432098765432,GB,0.24444444444444444,0.40298507462686567,Daniela Petrelli,GB
https://openalex.org/A5002896092,288,3,35,2.7721941937463725,0.09203800154320987,US,0.17708333333333334,0.32558139534883723,Andrea Lavazza,IT
https://openalex.org/A5006766510,469,13,45,2.767683925941881,0.11895290528775555,US,0.279317697228145,0.1685082872928177,Maayan Zhitomirsky‐Geffet,IL
https://openalex.org/A5064638062,223,6,36,2.7668468162047746,0.12280560638661546,US,0.30493273542600896,0.44,Holly Rushmeier,US
https://openalex.org/A5089012873,184,9,31,2.7664785624008736,0.10515122873345936,US,0.24456521739130435,0.30714285714285716,Veronika Vincze,HU
https://openalex.org/A5022078517,70,6,21,2.7657386741570655,0.0783673469387755,DE,0.15714285714285714,0.6363636363636364,Matej Ďurčo,AT
https://openalex.org/A5037026769,264,3,37,2.7651022244638925,0.11085284664830121,US,0.23863636363636365,0.30726256983240224,Xia Zheng,CN
https://openalex.org/A5069506463,41,3,21,2.764485099700513,0.08149910767400356,GB,0.14634146341463414,0.13793103448275862,Chunyu Kit,HK
https://openalex.org/A5029193854,206,4,38,2.763979228256629,0.11457253275520783,US,0.27184466019417475,0.35507246376811596,Alexander Gutkin,US
https://openalex.org/A5028199498,58,4,23,2.7638225544853894,0.0850178359096314,US,0.1724137931034483,0.26666666666666666,Federico Boschetti,IT
https://openalex.org/A5084734006,100,4,27,2.763136327010998,0.088,FR,0.15,0.5818181818181818,Francesca Frontini,FR;IT;NL
https://openalex.org/A5035632164,153,9,34,2.7599361141440397,0.11230723226109617,US,0.2679738562091503,0.15517241379310345,Quan‐Hoang Vuong,VN
https://openalex.org/A5063153446,385,10,38,2.758277295354767,0.10726260752234776,US,0.2545454545454545,0.1872791519434629,Pablo Gamallo,ES
https://openalex.org/A5028349532,184,3,36,2.7575304601933466,0.11885633270321361,US,0.27717391304347827,0.16901408450704225,Yasunobu Sumikawa,JP
https://openalex.org/A5083489156,110,8,26,2.7571834734825797,0.08892561983471074,US,0.18181818181818182,0.23684210526315788,Helena Bermúdez Sabel,CH
https://openalex.org/A5009349466,89,4,26,2.7569764434887096,0.09859866178512813,US,0.2247191011235955,0.5636363636363636,Starkaður Barkarson,IS
https://openalex.org/A5090835657,58,6,20,2.7566859395443295,0.07491082045184304,US,0.13793103448275862,0.2,Żeljko Agić,HR
https://openalex.org/A5102928107,83,4,25,2.7560652659900935,0.0881114820728698,US,0.18072289156626506,0.2318840579710145,Silvia Scolaro,IT
https://openalex.org/A5067499396,100,8,27,2.7550073510617725,0.09260000000000002,US,0.2,0.6290322580645161,Maciej Ogrodniczuk,PL
https://openalex.org/A5039494886,72,3,22,2.7546992893669966,0.08179012345679013,US,0.1527777777777778,0.29411764705882354,Valentina Vassallo,CY;SE
https://openalex.org/A5064486598,217,3,38,2.7540743098703206,0.1321964790078362,US,0.3225806451612903,0.03636363636363636,Peter Seele,CH
https://openalex.org/A5042845317,143,4,28,2.7539511003154633,0.09433224118538804,IT,0.1888111888111888,0.31,Nicola Orio,IT
https://openalex.org/A5063008577,84,3,22,2.7533944183084276,0.07794784580498866,DE,0.11904761904761904,0.5454545454545454,Lucia Giagnolini,IT
https://openalex.org/A5034136057,140,6,32,2.7528828138840913,0.1113265306122449,US,0.2642857142857143,0.18095238095238095,Seyed Mostafa Fakhrahmad,IR
https://openalex.org/A5058785189,212,15,38,2.7527880717797624,0.11788002847988609,GB,0.23113207547169812,0.4968152866242038,Paul Rayson,GB
https://openalex.org/A5047276842,196,3,35,2.752219956386464,0.12734277384423157,US,0.3163265306122449,0.1111111111111111,Avshalom Elmalech,IL
https://openalex.org/A5081395585,196,3,35,2.752219956386464,0.12734277384423157,US,0.3163265306122449,0.1111111111111111,Omri Suissa,IL
https://openalex.org/A5046574356,1181,13,62,2.749369629736002,0.13254815699607317,US,0.26164267569856053,0.4690721649484536,Luciano Floridi,GB
https://openalex.org/A5002870078,132,4,30,2.747586156451465,0.10651974288337925,US,0.25,0.18571428571428572,Murathan Kurfalı,SE
https://openalex.org/A5075509168,92,3,25,2.7465577011266693,0.1027882797731569,US,0.2608695652173913,0.07547169811320754,Thomas Demeester,BE
https://openalex.org/A5083411784,361,15,38,2.742982192221514,0.11882198571220294,US,0.29085872576177285,0.1417004048582996,Walter Daelemans,BE
https://openalex.org/A5065992117,71,3,25,2.7423865054645327,0.09898829597302122,US,0.23943661971830985,0.3269230769230769,Tomás Dodds,NL
https://openalex.org/A5059258933,87,3,25,2.7421881180558407,0.09102919804465584,GB,0.1724137931034483,0.28,Hartmut Hirsch‐Kreinsen,DE
https://openalex.org/A5110616325,239,4,32,2.7414745616434453,0.10957441221267135,US,0.2217573221757322,0.2919254658385093,Mark Ryan,NL
https://openalex.org/A5048795333,124,4,35,2.7412385910100765,0.1347554630593132,US,0.3225806451612903,0.30851063829787234,Martina Katalin Szabó,HU;SK
https://openalex.org/A5027820865,162,10,33,2.7410701844124388,0.11141594269166286,US,0.2654320987654321,0.19491525423728814,Iñaki Alegria,ES
https://openalex.org/A5012055259,328,6,36,2.738670581424967,0.132529000594884,US,0.32621951219512196,0.27049180327868855,Preslav Nakov,AE
https://openalex.org/A5084395826,207,12,30,2.7382806354102436,0.09883544540129291,NL,0.18840579710144928,0.28776978417266186,Victor de Boer,NL
https://openalex.org/A5000537188,192,3,32,2.7382485933276466,0.1008572048611111,US,0.21875,0.17857142857142858,NA,NA
https://openalex.org/A5017923713,90,3,25,2.7373518448591456,0.08864197530864197,GB,0.15555555555555556,0.1518987341772152,Patricia Ferreira-Lopes,ES
https://openalex.org/A5008213712,153,3,31,2.7373277815179198,0.1102567388611218,US,0.24836601307189543,0.13559322033898305,Katerina El Raheb,GR
https://openalex.org/A5084844685,153,3,31,2.7373277815179198,0.1102567388611218,US,0.24836601307189543,0.13559322033898305,Marina Stergiou,GR
https://openalex.org/A5072750611,193,5,34,2.737111200778647,0.10155977341673601,US,0.20725388601036268,0.22556390977443608,Marieke van Erp,NL
https://openalex.org/A5049574565,97,7,24,2.736667449290806,0.08683175682856839,US,0.15463917525773196,0.40816326530612246,Achille Felicetti,IT
https://openalex.org/A5001984598,66,6,28,2.735389700579509,0.13360881542699724,US,0.3333333333333333,0.2972972972972973,Lamia Hadrich Belguith,US
https://openalex.org/A5052506636,226,8,30,2.7336156600846353,0.09526979403242228,US,0.17699115044247787,0.41304347826086957,Daniele Metilli,IT
https://openalex.org/A5083923050,177,5,26,2.733180968869018,0.08793769351080469,US,0.15254237288135594,0.3023255813953488,Nicolò Pratelli,IT
https://openalex.org/A5029182918,113,8,25,2.731514410132827,0.08794737254287728,AT,0.17699115044247787,0.35294117647058826,Amelie Dorn,AT
https://openalex.org/A5055598777,331,9,41,2.7280674322134133,0.11831764952857313,US,0.26586102719033233,0.175,Heshaam Faili,IR
https://openalex.org/A5087067510,105,5,27,2.727947589596882,0.1163718820861678,US,0.29523809523809524,0.09836065573770492,Rodrigo Agerri,ES
https://openalex.org/A5006938721,119,8,29,2.727501871861633,0.11800014123296378,US,0.29411764705882354,0.3064516129032258,Simonetta Montemagni⋄,US
https://openalex.org/A5103163136,55,3,24,2.7266125886144863,0.10876033057851238,US,0.2727272727272727,0.2631578947368421,Kiyonori Nagasaki,JP
https://openalex.org/A5015764032,76,6,19,2.725283343557674,0.07479224376731301,US,0.11842105263157894,0.125,Chung Chang,TW
https://openalex.org/A5004559117,350,11,33,2.724999983975336,0.09503673469387755,US,0.16857142857142857,0.34673366834170855,Valentina Bartalesi,IT
https://openalex.org/A5102019604,150,11,26,2.723572650485638,0.09182222222222222,US,0.20666666666666667,0.14953271028037382,Chih‐Ming Chen,TW
https://openalex.org/A5026268052,92,5,27,2.7224858326719317,0.09735349716446125,IT,0.18478260869565216,0.32075471698113206,Angelo Mario Del Grosso,IT
https://openalex.org/A5003032735,896,12,58,2.718848818733567,0.13597138073979592,US,0.2544642857142857,0.39373970345963755,Mariarosaria Taddeo,GB
https://openalex.org/A5029199212,121,6,29,2.7184904702885295,0.1139949457004303,DE,0.256198347107438,0.5689655172413793,José Calvo Tello,DE
https://openalex.org/A5046812287,58,3,24,2.718455349045408,0.09750297265160524,CN,0.1896551724137931,0.1346153846153846,Mingzhe Jin,JP
https://openalex.org/A5082417280,194,8,32,2.7169122778510078,0.1268997768094378,US,0.30927835051546393,0.1171875,Jörg Tiedemann,FI
https://openalex.org/A5025599310,174,7,30,2.7145287086058665,0.10067380103051922,US,0.21264367816091953,0.2558139534883721,Simone Rebora,IT
https://openalex.org/A5110081955,303,3,43,2.713374076370829,0.1294317550566938,US,0.29372937293729373,0.26244343891402716,Hwee Tou Ng,SG
https://openalex.org/A5071765665,206,5,36,2.711546297867263,0.1247054387783957,US,0.2815533980582524,0.5042735042735043,Sören Auer,DE
https://openalex.org/A5042548732,88,5,27,2.709769532805303,0.10201446280991736,US,0.19318181818181818,0.328125,Matti La Mela,FI;SE
https://openalex.org/A5014143084,208,5,29,2.70768309193451,0.09911242603550295,GB,0.1875,0.45038167938931295,Enrico Daga,GB
https://openalex.org/A5076604380,60,5,21,2.7072285342761315,0.08388888888888889,US,0.15,0.2962962962962963,Francis M. Tyers,NO
https://openalex.org/A5024831674,156,3,28,2.7068910171879836,0.10141354372123604,US,0.21794871794871795,0.37254901960784315,Carlos Ramisch,BR;US
https://openalex.org/A5044019201,58,9,20,2.7061372420363736,0.08263971462544589,US,0.15517241379310345,0.23333333333333334,Marko Tadić,HR
https://openalex.org/A5023816166,171,6,32,2.704988259823331,0.10180910365582571,US,0.1871345029239766,0.22772277227722773,Andrea Bellandi,IT
https://openalex.org/A5029982012,57,3,22,2.7045005337794783,0.10126192674669128,US,0.24561403508771928,0.25,Janneke M. van der Zwaan,NL
https://openalex.org/A5000527265,63,6,22,2.7026140110717787,0.09448223733938019,US,0.2222222222222222,0.3170731707317073,Maciej Piasecki,PL
https://openalex.org/A5055324596,231,12,31,2.701378032086238,0.10136616630123123,US,0.19913419913419914,0.3125,Sander Münster,DE
https://openalex.org/A5081287697,358,8,36,2.7005698958959963,0.1041322056115602,IT,0.17597765363128492,0.45622119815668205,Marilena Daquino,IT
https://openalex.org/A5079106175,36,3,18,2.70025105591771,0.0787037037037037,US,0.1388888888888889,0.26666666666666666,Daša Berovi'c,HR
https://openalex.org/A5033582512,684,33,51,2.6994671779248796,0.13909408022981432,US,0.2719298245614035,0.42168674698795183,Melissa Terras,AU
https://openalex.org/A5001550408,51,5,19,2.6992869882551953,0.08035371011149559,DE,0.13725490196078433,0.7142857142857143,Thorsten Trippel,DE
https://openalex.org/A5079814716,120,8,25,2.6971756546503336,0.0948611111111111,US,0.18333333333333332,0.45588235294117646,Rebecca Grant,GB
https://openalex.org/A5100379682,99,3,28,2.6966562517695283,0.10927456382001838,US,0.24242424242424243,0.4142857142857143,Zeyu Wang,US
https://openalex.org/A5039604862,88,4,24,2.6956762937169514,0.10278925619834711,GB,0.2159090909090909,0.3728813559322034,Daniil Skorinkin,RU
https://openalex.org/A5000083284,488,6,38,2.6945787677227564,0.12256449879064768,US,0.2848360655737705,0.4720496894409938,Thierry Poibeau,FR
https://openalex.org/A5080606964,79,3,21,2.6942973960097576,0.0866848261496555,DE,0.1518987341772152,0.6818181818181818,Claus Zinn,DE
https://openalex.org/A5101468579,298,5,41,2.6923771834853465,0.14062429620287373,US,0.3221476510067114,0.5368421052631579,Derek F. Wong,MO
https://openalex.org/A5042580144,249,3,31,2.691165200838817,0.10714343317043273,US,0.2248995983935743,0.1951219512195122,Federico Cugurullo,IE
https://openalex.org/A5021451115,105,6,24,2.6909796657689524,0.09950113378684808,US,0.21904761904761905,0.08860759493670886,Erik Champion,AU
https://openalex.org/A5075586667,83,3,27,2.6908890944696084,0.13165916678763245,US,0.3253012048192771,0.6666666666666666,Mohammed Attia,IE
https://openalex.org/A5033632230,201,7,34,2.690547568335491,0.11873468478503008,US,0.24875621890547264,0.4375,Philipp Mayr,DE
https://openalex.org/A5103085805,209,6,32,2.6885668304845596,0.10839953297772487,US,0.24401913875598086,0.27388535031847133,Timothy Baldwin,AU
https://openalex.org/A5012871437,103,6,26,2.6836441292779307,0.10151757941370534,US,0.20388349514563106,0.3055555555555556,Salvador Ros,ES
https://openalex.org/A5074475302,94,3,27,2.6835272435114548,0.13399728383884107,US,0.32978723404255317,0.11267605633802817,Devendra K. Tayal,IN
https://openalex.org/A5007084743,176,3,30,2.6819732761802446,0.11079545454545456,IT,0.23863636363636365,0.3418803418803419,Bruno Sartini,IT
https://openalex.org/A5035151979,203,3,31,2.6816685730612284,0.11849353296609963,US,0.2857142857142857,0.4090909090909091,Marcos García,ES
https://openalex.org/A5055147367,103,4,26,2.6803242106886973,0.11056650014138937,US,0.2621359223300971,0.1527777777777778,Gonzalo Besuievsky,ES
https://openalex.org/A5025832925,255,3,40,2.678669193613828,0.14334486735870822,US,0.3254901960784314,0.6134969325153374,Lidia S. Chao,MO
https://openalex.org/A5006728922,123,4,25,2.6783394866498047,0.09828805605129222,US,0.2032520325203252,0.2537313432835821,Ivan Heibi,IT
https://openalex.org/A5078258583,141,6,32,2.678299214658884,0.1195613902721191,US,0.2553191489361702,0.15384615384615385,Anna Foka,SE
https://openalex.org/A5080614776,231,6,31,2.6778727008663914,0.1257285283259309,US,0.30735930735930733,0.20408163265306123,Lilja Øvrelid,NO
https://openalex.org/A5019559449,357,16,34,2.676322339831797,0.10177404295051354,IT,0.17366946778711484,0.3470319634703196,Francesca Tomasi,IT
https://openalex.org/A5044065181,62,5,20,2.675970908536271,0.09053069719042664,DE,0.1774193548387097,0.6470588235294118,Karlheinz Mörth,AT
https://openalex.org/A5067981207,68,4,23,2.6752609503474445,0.10121107266435986,GB,0.19117647058823528,0.1891891891891892,Xabier Saralegi,US
https://openalex.org/A5110283930,76,3,26,2.674554471839036,0.11945983379501385,US,0.2894736842105263,0.1111111111111111,Mohammad Hadi Sadreddini,IR
https://openalex.org/A5015850691,149,4,35,2.6741168992120476,0.13229133822800776,IT,0.3087248322147651,0.5,Ramona Quattrini,IT
https://openalex.org/A5058032142,381,3,34,2.6736708521533474,0.1204386853218151,US,0.2677165354330709,0.463519313304721,Olga Majewska,GB
https://openalex.org/A5049190332,110,7,26,2.6728512185555764,0.10214876033057851,ES,0.19090909090909092,0.3333333333333333,Elena González‐Blanco,ES
https://openalex.org/A5066740670,452,9,37,2.671787459897238,0.13038413344819483,US,0.31194690265486724,0.3482142857142857,Ruggero Pintus,US
https://openalex.org/A5030902070,145,4,29,2.6706172685237726,0.1180975029726516,GB,0.23448275862068965,0.375,Inna Kizhner,RU
https://openalex.org/A5084870386,403,12,39,2.6703667012728465,0.11884193609960039,US,0.2456575682382134,0.3344262295081967,Yannis Ioannidis,GR
https://openalex.org/A5079764764,90,3,23,2.670046822686444,0.10148148148148149,US,0.2,0.3090909090909091,Myrsini Samaroudi,GB
https://openalex.org/A5022034150,163,3,30,2.6692062786877324,0.10911212315104069,US,0.22085889570552147,0.22764227642276422,Eugene Ch’ng,CN
https://openalex.org/A5013230390,218,4,29,2.668051253419013,0.11366888309064895,US,0.24311926605504589,0.34782608695652173,Christofer Meinecke,DE
https://openalex.org/A5069545386,239,11,30,2.667576596673939,0.10089109084224715,US,0.1799163179916318,0.4105960264900662,Carlo Meghini,IT
https://openalex.org/A5079118565,223,12,33,2.667250783760018,0.11017716020832914,US,0.2242152466367713,0.49645390070921985,Joris van Zundert,NL
https://openalex.org/A5004193068,307,7,36,2.6670915882424926,0.11918428842746343,US,0.2280130293159609,0.24166666666666667,Akrivi Katifori,GR
https://openalex.org/A5067301751,220,10,36,2.6652506446231516,0.1225206611570248,US,0.2681818181818182,0.2222222222222222,Sara Tonelli,IT
https://openalex.org/A5103134735,213,6,32,2.664865013880047,0.1131389274614825,US,0.2347417840375587,0.27976190476190477,Stephen J. Cowley,GB;ZA
https://openalex.org/A5014613113,419,3,38,2.6648245550086496,0.13175477469369623,US,0.30071599045346065,0.5227272727272727,Edoardo Maria Ponti,GB
https://openalex.org/A5043305308,101,5,25,2.664587545296444,0.12067444368199196,US,0.297029702970297,0.125,Marco Rospocher,IT
https://openalex.org/A5074951699,103,5,24,2.6645845255281757,0.09868979168630408,US,0.18446601941747573,0.11956521739130435,George Lepouras,GR
https://openalex.org/A5009229122,520,10,38,2.6645810499694043,0.12499999999999999,US,0.2865384615384615,0.34908136482939633,Enrico Gobbetti,IT
https://openalex.org/A5003867225,214,3,34,2.664328721412751,0.11856930736308847,ES,0.21962616822429906,0.27485380116959063,Jaione Korro Bañuelos,ES
https://openalex.org/A5051041064,214,3,34,2.664328721412751,0.11856930736308847,ES,0.21962616822429906,0.27485380116959063,Álvaro Rodríguez Miranda,ES
https://openalex.org/A5054033830,340,18,41,2.66318534436667,0.13544982698961938,US,0.2676470588235294,0.27710843373493976,Julianne Nyhan,GB
https://openalex.org/A5030028705,88,3,22,2.6629855544765606,0.09814049586776859,US,0.22727272727272727,0.26785714285714285,Laura Hernández‐Lorenzo,ES
https://openalex.org/A5052039493,131,4,26,2.662936458697073,0.1057630674203135,US,0.1984732824427481,0.047619047619047616,Georgia Panagiotidou,BE
https://openalex.org/A5087960974,131,4,26,2.662936458697073,0.1057630674203135,US,0.1984732824427481,0.047619047619047616,Andrew Vande Moere,BE
https://openalex.org/A5059869608,53,4,20,2.6628607683094665,0.09362762548949805,US,0.20754716981132076,0.16666666666666666,Mats Dahllöf,SE
https://openalex.org/A5040165184,65,4,24,2.6620186087499316,0.12473372781065091,US,0.3076923076923077,0.13636363636363635,Rafael C. Carrasco,ES
https://openalex.org/A5041444516,92,3,25,2.661912814921461,0.11318525519848771,US,0.2717391304347826,0.14084507042253522,Milena Dobreva,BG
https://openalex.org/A5016085121,52,5,21,2.660753709241804,0.10798816568047337,US,0.2692307692307692,0.3333333333333333,Alíz Horváth,AT
https://openalex.org/A5021571150,146,3,27,2.6603701145442695,0.11568774629386376,US,0.2602739726027397,0.12121212121212122,Lars Wieneke,LU
https://openalex.org/A5033766968,258,8,36,2.6586314209517505,0.14166816898022955,US,0.32945736434108525,0.4095744680851064,Donghee Shin,AE
https://openalex.org/A5056001196,52,3,20,2.658341363151429,0.09467455621301776,US,0.19230769230769232,0.3023255813953488,Robert E. Mercer,CA
https://openalex.org/A5051981195,133,3,30,2.6583360736359807,0.1444400474871389,US,0.3458646616541353,0.13402061855670103,Kyo Kageura,JP
https://openalex.org/A5067178556,124,8,27,2.6575607864665907,0.1270811654526535,US,0.3064516129032258,0.0875,Luísa Coheur,PT
https://openalex.org/A5010235277,199,6,33,2.6567059416186782,0.12178985379157091,CN,0.24120603015075376,0.3618421052631579,Yue Jiang,CN
https://openalex.org/A5023265600,140,3,28,2.656297434600012,0.12265306122448981,US,0.29285714285714287,0.16853932584269662,Chris Emmery,NL
https://openalex.org/A5087325584,42,3,17,2.656264503645997,0.08276643990929704,US,0.16666666666666666,0.0967741935483871,Letizia Cinganotto,IT
https://openalex.org/A5080146945,102,4,25,2.6556061532766226,0.10861207227989234,US,0.24509803921568626,0.15384615384615385,Erik Velldal,NO
https://openalex.org/A5021347274,196,5,31,2.6554734221338907,0.12093919200333193,US,0.2755102040816326,0.18181818181818182,Heike Zinsmeister,DE
https://openalex.org/A5044490777,106,3,23,2.6543395090925532,0.09255962976148095,US,0.16981132075471697,0.3972602739726027,Piroska Lendvai,CH
https://openalex.org/A5087882533,187,8,33,2.652058621268987,0.11498756041064943,US,0.21390374331550802,0.2966101694915254,Paolo Manghi,RO
https://openalex.org/A5071623753,167,5,29,2.6504773405752315,0.1091828319409086,US,0.2215568862275449,0.2857142857142857,J. Berenike Herrmann,CH
https://openalex.org/A5103206914,69,3,22,2.6494545471251283,0.09850871665616467,US,0.2028985507246377,0.1896551724137931,Yusuf Ayodeji Ajani,NG
https://openalex.org/A5059975327,189,4,32,2.6471862938040647,0.12387671117829847,US,0.2698412698412698,0.04929577464788732,Enrica Salvatori,IT
https://openalex.org/A5067850526,507,4,51,2.6444800220873748,0.14774225925796247,US,0.28205128205128205,0.4375,Andreas Tsamados,GB
https://openalex.org/A5071631330,70,3,24,2.6441381315751333,0.11142857142857143,US,0.22857142857142856,0.14285714285714285,Lucas Freund,DE
https://openalex.org/A5014866912,564,4,40,2.643994546935617,0.1344059654946934,US,0.30141843971631205,0.5441988950276243,Ivan Vulić,GB
https://openalex.org/A5069697954,208,3,35,2.6428296230548702,0.13013128698224852,US,0.2644230769230769,0.2595419847328244,Henrik Skaug Sætra,NO
https://openalex.org/A5018399500,56,3,21,2.6424887248667464,0.10905612244897958,US,0.26785714285714285,0.08888888888888889,Rachid Benslimane,MA
https://openalex.org/A5084142489,265,9,35,2.641565741573691,0.11347810608757566,IT,0.2037735849056604,0.39106145251396646,Fabrizio Ivan Apollonio,IT
https://openalex.org/A5065912928,138,12,24,2.6395439136508534,0.09871875656374711,AT,0.17391304347826086,0.40217391304347827,Eveline Wandl-Vogt,AT
https://openalex.org/A5079733597,206,5,36,2.6379592115546386,0.12574229427844283,US,0.2669902912621359,0.2,Adam Jatowt,JP
https://openalex.org/A5064711490,236,8,31,2.6374303791371436,0.11756679115196782,US,0.2584745762711864,0.11494252873563218,Jeffrey White,JP;NL
https://openalex.org/A5049902815,88,4,23,2.6367042830438385,0.1087293388429752,US,0.25,0.2777777777777778,Rafael Gieschke,DE
https://openalex.org/A5091450706,238,17,32,2.6365639782560417,0.1297930937080715,US,0.3067226890756303,0.174496644295302,Núria Bel,ES
https://openalex.org/A5090918296,101,3,21,2.6354094352903705,0.09871581217527693,US,0.21782178217821782,0.2777777777777778,Klaus Rechert,DE
https://openalex.org/A5074427964,102,3,27,2.635064885179594,0.12168396770472896,US,0.2647058823529412,0.2857142857142857,Wolfgang Nejdl,DE
https://openalex.org/A5031440160,126,6,26,2.6348507674163337,0.1126228269085412,US,0.2619047619047619,0.17045454545454544,Gustavo Patow,ES
https://openalex.org/A5002848015,200,3,27,2.6347379555841415,0.11315,US,0.255,0.5036496350364964,Marco Idiart,BR;US
https://openalex.org/A5034071724,39,3,17,2.634217698056855,0.0861275476660092,US,0.1794871794871795,0.2,Ben Nagy,AU
https://openalex.org/A5037338094,130,5,28,2.6331153276256787,0.12449704142011836,US,0.27692307692307694,0.1791044776119403,Gorka Labaka,ES
https://openalex.org/A5021351968,205,12,34,2.631370916891783,0.12770969660916123,GB,0.2731707317073171,0.2978723404255319,Tobias Blanke,GB
https://openalex.org/A5073776277,139,4,25,2.6310296542381364,0.10677501164535998,US,0.2158273381294964,0.26666666666666666,Karina Rodríguez Echavarria,GB
https://openalex.org/A5086267657,115,4,23,2.6307340457224706,0.10275992438563326,US,0.19130434782608696,0.04819277108433735,Tuomo Hiippala,FI
https://openalex.org/A5029507861,76,4,25,2.630012450205142,0.11357340720221606,US,0.25,0.11764705882352941,Jiří Milička,CZ
https://openalex.org/A5067489760,134,4,30,2.6286798995948293,0.13198930719536645,US,0.29850746268656714,0.25252525252525254,Alberto Barrón‐Cedeño,ES
https://openalex.org/A5033602352,286,4,34,2.627394101386195,0.12340456746051152,US,0.2517482517482518,0.3869346733668342,Antonio Lieto,IT
https://openalex.org/A5016981270,79,3,19,2.6272916769727908,0.09373497836885115,US,0.189873417721519,0.25,Gualtiero Volpe,IT
https://openalex.org/A5021291777,306,23,37,2.6272319556215513,0.1288179759921398,FI,0.28104575163398693,0.5097087378640777,Jouni Tuominen,FI
https://openalex.org/A5045392938,165,13,30,2.6260888254082446,0.11500459136822774,FR,0.21212121212121213,0.5053763440860215,Laurent Romary,FR
https://openalex.org/A5101696469,88,3,23,2.6258421411233344,0.10666322314049587,GB,0.22727272727272727,0.01282051282051282,Changsoo Lee,KR
https://openalex.org/A5088515052,172,3,29,2.6248675961100805,0.10309626825310979,US,0.18023255813953487,0.4174757281553398,Giuseppe Sartori,IT
https://openalex.org/A5017310324,200,3,28,2.623799450257322,0.11535000000000001,US,0.255,0.3178294573643411,Tanja Samardżić,CH;IN
https://openalex.org/A5053978668,181,3,34,2.622546429011911,0.1434937883458991,US,0.3259668508287293,0.14545454545454545,André Freitas,CH
https://openalex.org/A5068425882,75,3,22,2.622213874157114,0.11146666666666667,US,0.26666666666666666,0.11764705882352941,Massimo Mecella,IT
https://openalex.org/A5054952724,483,3,39,2.6210168753065646,0.14156261118183883,US,0.3188405797101449,0.4775641025641026,Roi Reichart,IL
https://openalex.org/A5029129300,131,6,28,2.6203262274687606,0.11730085659343861,GB,0.22900763358778625,0.37349397590361444,Fabio Vitali,IT
https://openalex.org/A5055956397,67,3,24,2.6194300048477754,0.1298730229449766,DE,0.31343283582089554,0.6774193548387096,Stefan E. Funk,DK
https://openalex.org/A5038667175,116,5,29,2.618979529696434,0.12797265160523186,CN,0.25,0.32222222222222224,Jingyang Jiang,CN
https://openalex.org/A5087256237,106,6,26,2.618095224195848,0.11178355286578853,GB,0.22641509433962265,0.11538461538461539,Gabriele Griffin,SE
https://openalex.org/A5028040391,168,3,31,2.6164434845140967,0.12365362811791382,US,0.26785714285714285,0.330188679245283,Baosong Yang,US
https://openalex.org/A5089520663,240,8,30,2.6152246834704687,0.11145833333333333,GR,0.175,0.29381443298969073,Angeliki Antoniou,GR
https://openalex.org/A5029568096,394,6,38,2.6148746379160923,0.14951428792290447,US,0.3426395939086294,0.32669322709163345,Xiaojun Wan,CN;US
https://openalex.org/A5100733931,55,5,22,2.614693459112319,0.10942148760330578,GB,0.21818181818181817,0.20930232558139536,Defeng Li,MO
https://openalex.org/A5024937008,135,7,31,2.6135045071528675,0.14381344307270236,US,0.32592592592592595,0.6847826086956522,Marcos Zampieri,DE
https://openalex.org/A5052774003,40,4,18,2.609915072491677,0.09625000000000002,GB,0.2,0.5,Elena Volodina,SE
https://openalex.org/A5022713595,113,3,28,2.609174405964857,0.11723705850105724,DE,0.23893805309734514,0.2857142857142857,Christian Montag,DE
https://openalex.org/A5017683091,161,6,31,2.60906572608338,0.1367616990085259,US,0.3105590062111801,0.17525773195876287,Nora Aranberri,ES
https://openalex.org/A5007907503,178,5,29,2.608604666936726,0.12302739553086732,GB,0.25280898876404495,0.5238095238095238,Patricia Murrieta‐Flores,GB
https://openalex.org/A5065023822,144,5,27,2.6085234311852106,0.11641589506172839,US,0.24305555555555555,0.1951219512195122,Rasmus Gahrn-Andersen,DK
https://openalex.org/A5023493215,223,8,28,2.6084525840891537,0.14207001950572098,US,0.34080717488789236,0.1656441717791411,Els Lefever,BE
https://openalex.org/A5066546939,119,5,27,2.608252404281281,0.13014617611750584,IT,0.29411764705882354,0.36,Sergio Canazza,IT
https://openalex.org/A5108637841,102,9,26,2.6078255582755165,0.11687812379853903,US,0.24509803921568626,0.3188405797101449,Erhard Hinrichs,DE
https://openalex.org/A5042004416,34,4,17,2.6065253590979895,0.09169550173010381,GB,0.17647058823529413,0.3333333333333333,Marcel Schaeben,DE
https://openalex.org/A5078767816,66,3,21,2.6056452687336824,0.10101010101010102,US,0.21212121212121213,0.1276595744680851,Jean-Baptiste Camps,FR
https://openalex.org/A5003639622,84,6,22,2.6051882186481015,0.10459183673469387,US,0.20238095238095238,0.2909090909090909,Sorin Hermon,CY
https://openalex.org/A5075022301,50,4,18,2.605015325143894,0.0912,US,0.16,0.391304347826087,Toma Tasovac,RS
https://openalex.org/A5076331387,72,4,23,2.6041876957992836,0.1091820987654321,DE,0.19444444444444445,0.0784313725490196,Katrien Verbert,BE
https://openalex.org/A5081432914,69,3,22,2.6041849791338487,0.10859063222012182,US,0.21739130434782608,0.2916666666666667,Roberta Ferrario,IT
https://openalex.org/A5028476919,251,3,26,2.603923738590176,0.11934731194742942,US,0.28286852589641437,0.4523809523809524,Yoav Goldberg,IL
https://openalex.org/A5034892295,147,10,28,2.6038362578672034,0.1215697163219029,US,0.24489795918367346,0.17796610169491525,Patricia Martín-Rodilla,ES
https://openalex.org/A5030130884,200,5,25,2.6027299780529556,0.11205,DE,0.215,0.3902439024390244,Matteo Valleriani,DE
https://openalex.org/A5050974623,177,4,25,2.602303966856272,0.10428037920137892,NA,0.22598870056497175,0.4380952380952381,Heike Winschiers‐Theophilus,NA
https://openalex.org/A5064723143,240,5,33,2.602302841603093,0.13065972222222222,US,0.2708333333333333,0.33146067415730335,Fabio Marton,IT
https://openalex.org/A5109332978,90,3,25,2.6018534087484513,0.11432098765432099,US,0.23333333333333334,0.14285714285714285,Costantino Thanos,IT
https://openalex.org/A5049970479,53,4,21,2.5995785161652725,0.1064435742257031,US,0.20754716981132076,0.7027027027027027,M. Marx,NL
https://openalex.org/A5035039786,54,4,20,2.5995489351495453,0.10631001371742112,US,0.24074074074074073,0,Georg Vogeler,DE
https://openalex.org/A5014398832,151,5,25,2.598950174445518,0.11293364326126047,US,0.24503311258278146,0.288135593220339,Roman Kern,AT
https://openalex.org/A5011861720,476,4,48,2.5987483324787526,0.152867029164607,US,0.3025210084033613,0.3557692307692308,Josh Cowls,GB
https://openalex.org/A5000735400,64,3,20,2.5984174706361203,0.09912109375,GR,0.171875,0.22448979591836735,Dimitrios A. Koutsomitropoulos,GR
https://openalex.org/A5036045020,30,3,18,2.5981889722353992,0.1088888888888889,US,0.26666666666666666,0.5238095238095238,Jeffrey Tharsen,US
https://openalex.org/A5003735149,81,3,21,2.5976675681236663,0.10440481633897271,US,0.2345679012345679,0.125,Shaodan Sun,CN
https://openalex.org/A5048299290,239,3,35,2.596292367945232,0.1478090369566359,US,0.28870292887029286,0.03468208092485549,Nik Hynek,CZ
https://openalex.org/A5024471212,304,7,38,2.594329479257769,0.1359288434903047,US,0.28618421052631576,0.2962962962962963,Annika Hinze,NZ
https://openalex.org/A5057738797,175,8,27,2.5939992761072705,0.12026122448979593,US,0.2742857142857143,0.15503875968992248,Liviu P. Dinu,RO
https://openalex.org/A5053823442,450,7,34,2.5911851804774697,0.1337185185185185,US,0.29777777777777775,0.40718562874251496,Aline Villavicencio,BR;GB
https://openalex.org/A5015779693,86,3,25,2.5900520443723645,0.1292590589507842,US,0.2441860465116279,0.2714285714285714,Ivan Rudov,RU
https://openalex.org/A5053217291,542,12,38,2.588738106896659,0.14790103620593403,US,0.3191881918819188,0.260989010989011,Lucia Specia,GB
https://openalex.org/A5054581185,289,6,33,2.5887283428742633,0.12005363920451144,US,0.22837370242214533,0.38349514563106796,Rossana Damiano,IT
https://openalex.org/A5041918610,50,3,19,2.5883344815315295,0.10160000000000001,GB,0.2,0.3793103448275862,Kevin Page,GB
https://openalex.org/A5047107122,157,9,24,2.5866130186380265,0.12191163941742059,US,0.2802547770700637,0.2231404958677686,Jan Rybicki,PL
https://openalex.org/A5041689337,357,11,35,2.5862356208203274,0.13825922525873097,US,0.30532212885154064,0.20816326530612245,M. Antònia Martí,ES
https://openalex.org/A5047632950,150,3,28,2.5856133223536464,0.12862222222222222,US,0.2733333333333333,0.43564356435643564,Masoumeh Mansouri,GB
https://openalex.org/A5090258074,91,5,23,2.5849938545054347,0.10904480135249367,FR,0.23076923076923078,0.39285714285714285,Ariane Pinche,FR
https://openalex.org/A5080380429,53,3,19,2.584938522146777,0.10074759700961196,US,0.20754716981132076,0.18604651162790697,Arjuna Tuzzi,IT
https://openalex.org/A5044758497,159,7,32,2.5840357076336398,0.1435465369249634,US,0.3270440251572327,0.1652892561983471,Giovanni Moretti,IT
https://openalex.org/A5081681790,157,13,25,2.5837108007387797,0.13010669804048847,US,0.3057324840764331,0.18421052631578946,Roberto Therón,ES
https://openalex.org/A5039993352,165,5,33,2.583662992891802,0.14732782369146005,US,0.2727272727272727,0.3253968253968254,Nachum Dershowitz,IL
https://openalex.org/A5004791611,234,5,31,2.5810927372542047,0.13025056614800207,US,0.2606837606837607,0.3684210526315789,Fabio Bettio,IT
https://openalex.org/A5013666222,218,15,32,2.5783136070984605,0.1275986869792105,FI,0.27522935779816515,0.4304635761589404,Heikki Rantala,FI
https://openalex.org/A5002896120,424,14,38,2.577921541185863,0.12307538269846921,US,0.25943396226415094,0.24834437086092714,Martin Doerr,GR
https://openalex.org/A5006588855,139,8,24,2.5777166313447966,0.13068681745251282,US,0.30935251798561153,0.15625,Alejandro Benito-Santos,ES
https://openalex.org/A5049042452,29,3,16,2.575687917541698,0.09155766944114149,NL,0.1724137931034483,0.9,Inguna Skadiņa,LV
https://openalex.org/A5108108922,31,3,17,2.575236609735767,0.10093652445369405,US,0.22580645161290322,0.75,Maria Eskevich,IE
https://openalex.org/A5043060302,136,4,25,2.5750291459710932,0.12251297577854671,US,0.25735294117647056,0.29896907216494845,Björn W. Schuller,DE
https://openalex.org/A5074213110,93,9,21,2.5742086579103733,0.11087987050526073,US,0.23655913978494625,0.22972972972972974,César González-Pérez,ES
https://openalex.org/A5112291917,40,3,16,2.573527176737631,0.09375000000000001,NL,0.2,0.7272727272727273,Jasmin BÃ¶hmer,NL
https://openalex.org/A5021962825,147,3,27,2.5733348030695375,0.12045906798093386,US,0.24489795918367346,0.2727272727272727,Marco Gaiani,IT
https://openalex.org/A5040979021,236,7,32,2.570735746078376,0.13742459063487503,US,0.3008474576271186,0.2653061224489796,Mariona Taulé,ES
https://openalex.org/A5027019518,158,8,26,2.5700381056098784,0.12345777920205095,US,0.23417721518987342,0.32407407407407407,Jani Marjanen,FI
https://openalex.org/A5016219620,217,6,32,2.568957839447082,0.14234746968506445,US,0.3087557603686636,0.27848101265822783,Tobias Schreck,DE
https://openalex.org/A5037571749,422,15,37,2.568651120327903,0.14136025695739088,US,0.3009478672985782,0.2711267605633803,Stefan Jänicke,DE
https://openalex.org/A5056123517,49,3,19,2.5679967613197516,0.10370678883798416,US,0.20408163265306123,0.23529411764705882,Johanna Monti,IT
https://openalex.org/A5065368839,399,6,35,2.56742515666059,0.14854806188403338,US,0.3208020050125313,0.3795620437956204,Carolina Scarton,GB
https://openalex.org/A5080339182,69,3,21,2.5666612305531817,0.11027095148078135,US,0.21739130434782608,0.05555555555555555,Kenzo Milleville,BE
https://openalex.org/A5109699155,109,4,26,2.565300921798179,0.1364363269085094,US,0.29357798165137616,0.20212765957446807,Klaus U. Schulz,DE
https://openalex.org/A5058412010,211,8,26,2.5643478867157663,0.1289054603445565,US,0.2985781990521327,0.3620689655172414,Stephan Oepen,NO
https://openalex.org/A5070772234,241,8,35,2.564146868912612,0.1451937810988103,US,0.2946058091286307,0.30994152046783624,Dieter W. Fellner,DE
https://openalex.org/A5077054902,81,3,20,2.563440843433295,0.10531931108062795,GB,0.2222222222222222,0.5,Francesca Benatti,GB
https://openalex.org/A5085810173,81,3,20,2.563440843433295,0.10531931108062795,GB,0.2222222222222222,0.5,Alessio Antonini,GB
https://openalex.org/A5065705742,413,6,37,2.561534082389132,0.12797753401849105,US,0.25907990314769974,0.3357142857142857,Aldo Gangemi,IT
https://openalex.org/A5082155559,37,3,17,2.5615303158128477,0.09715120525931338,US,0.1891891891891892,0.38461538461538464,Bruno Almeida,PT
https://openalex.org/A5063749735,127,4,30,2.560756819667991,0.15270630541261082,US,0.33070866141732286,0.25773195876288657,Yunhyong Kim,GB
https://openalex.org/A5024924150,423,15,38,2.560437183288536,0.14393977499455093,US,0.3262411347517731,0.2616487455197133,Chu‐Ren Huang,HK
https://openalex.org/A5047182137,35,4,17,2.5598963729702415,0.1020408163265306,US,0.22857142857142856,0.09523809523809523,Ahmed Abdelalí,QA
https://openalex.org/A5016957740,293,11,37,2.559642904529575,0.1710095633030088,US,0.3822525597269625,0.593607305936073,J. Stephen Downie,US
https://openalex.org/A5011622556,122,7,28,2.5584604601167675,0.14888470841171728,US,0.3442622950819672,0.14285714285714285,George Mikros,GR
https://openalex.org/A5065817024,70,5,21,2.5573864004332694,0.11346938775510203,US,0.22857142857142856,0.5576923076923077,Steinþór Steingrímsson,IS
https://openalex.org/A5106976140,87,7,25,2.557101802830809,0.12088783194609592,ES,0.21839080459770116,0.35384615384615387,Juan Antonio Barceló,ES
https://openalex.org/A5081348430,454,3,39,2.55611421099434,0.1714083331716121,US,0.3788546255506608,0.18911174785100288,Joeran Beel,DE
https://openalex.org/A5073692224,312,3,35,2.555414984196511,0.13309500328731097,US,0.2564102564102564,0.2943722943722944,Chris Reed,GB
https://openalex.org/A5008517596,255,4,29,2.5530554642755208,0.11990772779700115,US,0.20784313725490197,0.4180790960451977,Luigi Asprino,IT
https://openalex.org/A5027915931,185,6,30,2.551802123205685,0.13332359386413442,US,0.2756756756756757,0.2638888888888889,Benno Stein,DE
https://openalex.org/A5034075214,125,3,28,2.551707541254185,0.137792,US,0.272,0.313953488372093,Sara Abdollahi,DE
https://openalex.org/A5066305082,414,7,39,2.5511620645489943,0.1612639734882961,US,0.35990338164251207,0.13125,Min‐Yen Kan,SG
https://openalex.org/A5005027058,106,6,24,2.550428641868841,0.12477750088999644,US,0.27358490566037735,0.18292682926829268,Rao Muhammad Adeel Nawab,PK
https://openalex.org/A5100379578,47,5,19,2.550290677772317,0.11362607514712539,US,0.2553191489361702,0.1388888888888889,Xiaoguang Wang,CN
https://openalex.org/A5078197673,41,4,16,2.548850604322857,0.09934562760261749,NL,0.21951219512195122,0.75,Alastair Dunning,NL
https://openalex.org/A5014322193,346,7,37,2.548331272441604,0.13508637107821844,US,0.24566473988439305,0.37383177570093457,Ramon Ferrer‐i‐Cancho,ES
https://openalex.org/A5054455924,94,6,23,2.5476025661366255,0.11249434133091897,GB,0.19148936170212766,0.5892857142857143,Toby Burrows,AU
https://openalex.org/A5042220566,105,6,24,2.547530761087981,0.12036281179138324,US,0.24761904761904763,0.18571428571428572,Jacco van Ossenbruggen,NL
https://openalex.org/A5088317432,208,11,26,2.5475048907979083,0.12929918639053253,US,0.2980769230769231,0.19285714285714287,Zdeněk Žabokrtský,CZ
https://openalex.org/A5032082399,417,14,39,2.5451214202062666,0.14183185825440367,US,0.29256594724220625,0.36156351791530944,Shuly Wintner,IL
https://openalex.org/A5063612469,206,6,31,2.545003265594158,0.1569422188707701,US,0.35436893203883496,0.29931972789115646,Richard Sproat,KR
https://openalex.org/A5028729642,176,4,28,2.5438847742037014,0.13726756198347106,SE,0.26136363636363635,0.1092436974789916,Normunds Grūzītis,LV
https://openalex.org/A5028481944,516,15,44,2.5434821343701364,0.1539871401959017,GB,0.2616279069767442,0.15789473684210525,Larry Stapleton,IE
https://openalex.org/A5038156267,161,6,26,2.5422403433143037,0.125342386482003,US,0.2795031055900621,0.15833333333333333,Alina Maria Ciobanu,RO
https://openalex.org/A5016695259,163,4,27,2.5416389045853993,0.12868380443373856,US,0.26993865030674846,0.1865671641791045,Isabel Pedersen,CA
https://openalex.org/A5049184075,242,4,33,2.5411803228026115,0.1508093709446076,IT,0.33884297520661155,0.4120603015075377,Fabrizio Banfi,IT
https://openalex.org/A5054013351,106,3,21,2.5399918856856143,0.10341758632965468,US,0.19811320754716982,0.2727272727272727,Christophe Debruyne,BE;IE
https://openalex.org/A5014971927,112,4,28,2.539494788299778,0.13982780612244897,US,0.30357142857142855,0.1780821917808219,Sally Chambers,NL
https://openalex.org/A5100324394,85,3,19,2.539190014449693,0.10837370242214533,CN,0.2235294117647059,0.3064516129032258,Heng Chen,CN
https://openalex.org/A5052550444,100,4,28,2.5380490264832445,0.1436,IT,0.31,0.4935064935064935,Piercarlo Dondi,IT
https://openalex.org/A5003608009,76,4,20,2.536159464137953,0.11634349030470914,US,0.25,0.20634920634920634,Michael Piotrowski,DE
https://openalex.org/A5114255303,79,3,21,2.5345208471687646,0.13347219996795387,US,0.31645569620253167,0.11940298507462686,Stoyan Mihov,BG
https://openalex.org/A5003746870,90,3,22,2.5329169376209157,0.11654320987654321,IT,0.24444444444444444,0.4727272727272727,Chiara Ponchia,IT
https://openalex.org/A5020552487,156,3,28,2.532713924706101,0.1351084812623274,US,0.28846153846153844,0.14173228346456693,Wulf Loh,DE
https://openalex.org/A5086685353,632,48,45,2.532640144009176,0.14300092132671047,FI,0.3037974683544304,0.4782608695652174,Eero Hyvönen,FI
https://openalex.org/A5053947754,200,8,29,2.5314757076247396,0.14400000000000002,US,0.315,0.24691358024691357,Paolo Rosso,ES
https://openalex.org/A5046911214,51,3,19,2.5311430308064935,0.10803537101114957,FI,0.17647058823529413,0.2972972972972973,Ruben Ros,LU
https://openalex.org/A5032242700,59,4,20,2.5292272035565206,0.12726228095374895,US,0.288135593220339,0.0625,Michele Daloiso,IT
https://openalex.org/A5102441021,81,3,26,2.528583160225473,0.13976527968297514,US,0.2839506172839506,0.23529411764705882,Ebikabowei Emmanuel Baro,NG
https://openalex.org/A5070822587,117,3,21,2.527993966223421,0.11490978157644825,US,0.23076923076923078,0.38095238095238093,Alan J. Wecker,IL
https://openalex.org/A5015883273,43,3,17,2.527986608773325,0.10221741481882098,US,0.20930232558139536,0.3,Anas Fahad Khan,IT
https://openalex.org/A5078645438,89,4,21,2.5278990517836615,0.11324327736396919,IT,0.21348314606741572,0.4576271186440678,Gary Munnelly,IE
https://openalex.org/A5019867041,469,14,36,2.5275504261181823,0.17836343715476835,US,0.39445628997867804,0.11764705882352941,Véronique Hoste,BE
https://openalex.org/A5035683627,20,3,14,2.527519150841569,0.09000000000000001,GB,0.15,0.6,Kellie Snow,GB
https://openalex.org/A5051802690,56,4,18,2.5270711558190286,0.10714285714285714,AU,0.19642857142857142,0.5238095238095238,Andrew Treloar,AU
https://openalex.org/A5053806445,171,3,27,2.5246161240581007,0.13689682295407132,US,0.30994152046783624,0.21238938053097345,Alessandro Raganato,FI
https://openalex.org/A5023588208,133,3,27,2.52362080418717,0.14195262592571653,US,0.2857142857142857,0.42718446601941745,Alberto Campagnolo,GB
https://openalex.org/A5004857927,148,3,23,2.5210784591998694,0.15376186997808622,US,0.3581081081081081,0.08653846153846154,Cynthia Van Hee,BE
https://openalex.org/A5005267732,81,5,22,2.5193828171795767,0.1226947111720774,US,0.25925925925925924,0.16666666666666666,Miroslav Kubát,CZ
https://openalex.org/A5019022830,746,7,44,2.5183235569493947,0.16612999446556792,US,0.3672922252010724,0.17637271214642264,Maite Taboada,CA
https://openalex.org/A5027028450,172,5,27,2.5180874392552,0.13980530016224985,US,0.3081395348837209,0.18181818181818182,Alkım Almila Akdağ Salah,NL;TR
https://openalex.org/A5085559967,49,4,19,2.51657221522056,0.12536443148688045,US,0.2857142857142857,0.041666666666666664,Siim Orasmaa,EE
https://openalex.org/A5047464344,29,3,15,2.5161674887585708,0.09631391200951248,DE,0.1724137931034483,0.2777777777777778,Jens Dörpinghaus,DE
https://openalex.org/A5009188443,134,5,27,2.513388603514053,0.1581644018712408,US,0.3582089552238806,0.14,Diana Inkpen,CA
https://openalex.org/A5028152896,52,5,19,2.512784660257279,0.11464497041420119,US,0.23076923076923078,0.21621621621621623,Maria Pia di Buono,IT
https://openalex.org/A5058897797,48,3,19,2.512261178558777,0.12413194444444443,US,0.2708333333333333,0.36363636363636365,Julien A. Raemy,CH
https://openalex.org/A5001244432,113,4,26,2.510829466552342,0.14809303782598482,IT,0.336283185840708,0.4418604651162791,M. Previtali,IT
https://openalex.org/A5029531769,90,4,25,2.51076203848396,0.15333333333333332,US,0.34444444444444444,0.15714285714285714,Qingshun He,CN
https://openalex.org/A5025406029,185,5,23,2.510240193927816,0.11474068663257854,US,0.23243243243243245,0.3360655737704918,Paul Buitelaar,IE
https://openalex.org/A5103213198,182,3,23,2.508212170174846,0.13784567081270377,US,0.31868131868131866,0.6178861788617886,Pawan Goyal,IN
https://openalex.org/A5003986704,125,4,21,2.5079327166317387,0.115776,US,0.232,0.2268041237113402,P. Boot,NL
https://openalex.org/A5002288369,367,8,41,2.506740369602742,0.1550312200699389,US,0.33242506811989103,0.256198347107438,Johan Bos,NL
https://openalex.org/A5078254809,253,6,26,2.50625019942642,0.1177803121436048,US,0.20948616600790515,0.2919254658385093,Gianmaria Silvello,IT
https://openalex.org/A5102738283,148,8,24,2.505815221380439,0.14061358655953252,US,0.32432432432432434,0.48148148148148145,Jan Hajič,CZ
https://openalex.org/A5003566053,282,10,38,2.504976715274568,0.17727981489864694,US,0.37943262411347517,0.3694581280788177,Kemal Oflazer,QA
https://openalex.org/A5087412588,90,3,21,2.5047044938701197,0.12,US,0.24444444444444444,0.20454545454545456,Thierry Etchegoyhen,ES
https://openalex.org/A5006866152,127,4,23,2.5046693109048044,0.12418624837249675,US,0.2677165354330709,0.29473684210526313,Michael Granitzer,DE
https://openalex.org/A5036940398,255,20,34,2.5045989496535834,0.14537485582468282,FI,0.3137254901960784,0.425531914893617,Petri Leskinen,FI
https://openalex.org/A5012248611,96,4,27,2.504018082847307,0.16427951388888887,US,0.3645833333333333,0.10810810810810811,Saeed Farzi,IR
https://openalex.org/A5088794630,92,3,21,2.5029112201288344,0.11696597353497164,GB,0.22826086956521738,0.3684210526315789,Eljas Oksanen,FI
https://openalex.org/A5029392229,216,4,33,2.5022610874448556,0.1707818930041152,US,0.37037037037037035,0.030120481927710843,Zahid Ashraf Wani,IN
https://openalex.org/A5081072666,337,7,37,2.50224161831783,0.16285253898511037,US,0.3560830860534125,0.36220472440944884,Tirthankar Ghosal,CZ
https://openalex.org/A5069890970,169,6,28,2.5013360546127466,0.13511431672560487,US,0.26627218934911245,0.26153846153846155,Jianwei Yan,CN
https://openalex.org/A5059804119,157,3,25,2.5001040906793297,0.1353807456691955,US,0.2929936305732484,0.3364485981308411,Christian Bentz,DE
https://openalex.org/A5010519567,133,4,26,2.4998598363776097,0.14455311210356717,US,0.3233082706766917,0.5853658536585366,Djamé Seddah,FR
https://openalex.org/A5072701587,195,14,32,2.4998465035981208,0.1536094674556213,US,0.31794871794871793,0.30985915492957744,Serge Sharoff,GB
https://openalex.org/A5036607482,256,7,29,2.499764091307367,0.1607666015625,US,0.359375,0.3872832369942196,Veronika Laippala,FI
https://openalex.org/A5049231784,92,4,18,2.499401557729387,0.11129489603024575,US,0.2391304347826087,0.4074074074074074,Joanna Byszuk,PL
https://openalex.org/A5059536435,48,4,19,2.4985002764635187,0.12239583333333333,US,0.25,0.2571428571428571,Emanuela Paone,IT
https://openalex.org/A5089212858,311,9,33,2.497702905169377,0.15521965240227042,US,0.3183279742765273,0.6438356164383562,Amir Zeldes,US
https://openalex.org/A5007426895,329,5,40,2.4976592489772647,0.17938673885126707,US,0.3829787234042553,0.2222222222222222,Maria Liakata,GB
https://openalex.org/A5063970822,27,3,14,2.4969355660125285,0.09465020576131686,GB,0.18518518518518517,0.26666666666666666,Raluca Tanasescu,NL
https://openalex.org/A5084758003,48,3,19,2.496183058814279,0.1293402777777778,US,0.2916666666666667,0.043478260869565216,Sven Laur,EE
https://openalex.org/A5012740432,24,4,15,2.4961806749775355,0.10416666666666667,DE,0.20833333333333334,0,Elena Irimia,RO
https://openalex.org/A5042675695,214,5,28,2.4958038883975227,0.1596209275919294,US,0.3598130841121495,0.12578616352201258,Víctor Fresno,ES
https://openalex.org/A5061671893,73,5,21,2.4952717318248387,0.13116907487333457,US,0.2876712328767123,0.1875,Carla Teixeira Lopes,PT
https://openalex.org/A5016878682,256,6,32,2.4939195086396118,0.166961669921875,US,0.359375,0.45108695652173914,Tim Weyrich,GB
https://openalex.org/A5104366289,69,8,22,2.493805325524436,0.13085486242386052,US,0.2753623188405797,0.35135135135135137,Georg Rehm,DE
https://openalex.org/A5052684695,91,3,20,2.493062694158074,0.12305277140441975,US,0.26373626373626374,0.375,Sofia Pescarin,IT
https://openalex.org/A5047618628,178,3,32,2.4917999053443025,0.15831334427471278,US,0.33707865168539325,0.23357664233576642,Guillaume Cabanac,FR
https://openalex.org/A5081393566,887,9,46,2.4903033143118605,0.1659356176971894,US,0.3438556933483653,0.4513556618819777,Anna Korhonen,GB
https://openalex.org/A5037450666,42,3,17,2.4902719027435145,0.1111111111111111,US,0.23809523809523808,0.25,Wouter Haverals,BE
https://openalex.org/A5079730303,121,3,24,2.4902655331068884,0.13407554128816337,US,0.2809917355371901,0.16304347826086957,Florian Windhager,AT
https://openalex.org/A5050444865,149,3,35,2.4901243239730526,0.19967569028422144,US,0.4228187919463087,0.5625,Audrey Bennett,US
https://openalex.org/A5074326413,149,3,35,2.4901243239730526,0.19967569028422144,US,0.4228187919463087,0.5625,Ron Eglash,US
https://openalex.org/A5084955075,149,3,35,2.4901243239730526,0.19967569028422144,US,0.4228187919463087,0.5625,Lionel Robert,US
https://openalex.org/A5109881851,242,5,25,2.490087109864282,0.12908954306399836,DE,0.2603305785123967,0.35135135135135137,Meinard Müller,DE
https://openalex.org/A5027124439,101,4,26,2.4886776304963987,0.1608665817076757,US,0.3564356435643564,0.16666666666666666,Suzan Verberne,NL
https://openalex.org/A5019800362,102,4,25,2.4883444204041707,0.13514033064206077,US,0.27450980392156865,0.3150684931506849,Alon Itai,IL
https://openalex.org/A5079227238,130,6,22,2.4876449212510536,0.11609467455621303,GB,0.2153846153846154,0.3956043956043956,Tara Lee Andrews,AT
https://openalex.org/A5042269065,163,10,32,2.4875710026445192,0.17339756859497912,US,0.3619631901840491,0.28776978417266186,Simon Mahony,GB
https://openalex.org/A5009195994,118,7,22,2.4867001376941804,0.11893134156851479,DE,0.22033898305084745,0.5128205128205128,Piotr Kuroczyński,DE
https://openalex.org/A5044309586,421,4,40,2.4854091817059287,0.15947213116603948,US,0.2850356294536817,0.45357142857142857,Huw Roberts,GB
https://openalex.org/A5025300307,41,3,15,2.48499346557156,0.09815585960737656,FI,0.17073170731707318,0.25,Emily Öhman,JP
https://openalex.org/A5059353777,82,3,23,2.4844776005424474,0.13950029744199882,US,0.2804878048780488,0.04477611940298507,Gabriele de Seta,NO
https://openalex.org/A5055023881,281,6,33,2.4840746385142114,0.15396208254708021,US,0.302491103202847,0.5594059405940595,Mark Steedman,GB
https://openalex.org/A5030874155,273,5,28,2.4838780480679623,0.1286613264635243,US,0.27472527472527475,0.25842696629213485,Carlos Gómez‐Rodríguez,ES
https://openalex.org/A5027315622,98,4,20,2.483715850657326,0.12578092461474386,US,0.2857142857142857,0.2112676056338028,Xavier Granier,FR
https://openalex.org/A5044271294,118,5,23,2.483655341588279,0.13516230968112614,US,0.2711864406779661,0.4482758620689655,David J. Gunkel,US
https://openalex.org/A5056262105,134,4,22,2.4831769121512477,0.12107373579861884,US,0.2537313432835821,0.38666666666666666,Steven Moran,CH
https://openalex.org/A5005183296,94,3,23,2.4815100062569866,0.13580805794477138,US,0.2978723404255319,0.05194805194805195,Nico Van de Weghe,BE
https://openalex.org/A5064018105,64,3,19,2.4800599067199256,0.1220703125,US,0.265625,0.2765957446808511,Javier de la Rosa,NO
https://openalex.org/A5045031910,55,4,21,2.479918903710887,0.143801652892562,US,0.32727272727272727,0.5454545454545454,Patrick Littell,US
https://openalex.org/A5085370631,541,19,42,2.4791506304794537,0.17874409339861486,US,0.38817005545286504,0.24937655860349128,Asif Ekbal,IN
https://openalex.org/A5000489917,104,7,19,2.4774216377391984,0.13202662721893493,US,0.3076923076923077,0.08955223880597014,Hugo Gonçalo Oliveira,PT
https://openalex.org/A5052211345,77,4,21,2.4773535530702486,0.12970146736380503,US,0.23376623376623376,0.2833333333333333,Gobinda Chowdhury,GB
https://openalex.org/A5028127124,42,3,17,2.4746675739285267,0.12358276643990929,US,0.2857142857142857,0.14285714285714285,Borja Navarro-Colorado,ES
https://openalex.org/A5052449132,58,6,18,2.473446837366522,0.12544589774078477,US,0.27586206896551724,0.1956521739130435,Christian Wolff,DE
https://openalex.org/A5025327745,45,6,19,2.472687510387839,0.1437037037037037,US,0.3333333333333333,0.10256410256410256,Maksym Vakulenko,UA
https://openalex.org/A5090401945,37,6,16,2.472453643758677,0.10737764791818846,US,0.1891891891891892,0.6,Stelios Piperidis,GR
https://openalex.org/A5073018684,153,3,23,2.4719347004569037,0.13580246913580246,US,0.3006535947712418,0.2857142857142857,Marco Marelli,IT
https://openalex.org/A5003388479,106,4,27,2.4711414518246286,0.14667141331434674,US,0.29245283018867924,0.16304347826086957,Robert Sparrow,AU
https://openalex.org/A5035913440,107,5,27,2.4696229056261405,0.18892479692549569,US,0.411214953271028,0.6301369863013698,Jane Greenberg,GB;US
https://openalex.org/A5078642167,91,3,19,2.4692482087948995,0.12208670450428692,US,0.26373626373626374,0.19672131147540983,Pedro Santos,DE
https://openalex.org/A5021287757,214,10,28,2.468576312100598,0.15027513319940605,US,0.32242990654205606,0.25149700598802394,Chris Biemann,DE
https://openalex.org/A5005443526,353,3,29,2.466296850299381,0.16396086960010917,US,0.3626062322946176,0.0648854961832061,Shafiq Joty,SG
https://openalex.org/A5027526343,85,3,24,2.4656160030088374,0.1587543252595156,US,0.35294117647058826,0.6122448979591837,Fernando Rios,US
https://openalex.org/A5077063699,378,12,30,2.464364783609196,0.15303322975280648,US,0.3306878306878307,0.4115384615384615,Joakim Nivre,SE
https://openalex.org/A5044684628,64,4,20,2.4638855705752634,0.142578125,US,0.328125,0.17391304347826086,Iñaki San Vicente,ES
https://openalex.org/A5060774978,81,6,23,2.4632278474040037,0.15561652187166589,US,0.345679012345679,0.23214285714285715,Jennifer Edmond,IE
https://openalex.org/A5100365206,59,3,20,2.4630545900741385,0.1370295891985062,US,0.3050847457627119,0.45714285714285713,Bin Li,CN
https://openalex.org/A5002064856,64,5,19,2.4628284151761233,0.13134765625,US,0.296875,0.22,Sophia Yat Mei Lee,HK
https://openalex.org/A5066945309,157,3,30,2.462089467153725,0.168566676132906,US,0.3630573248407643,0.15254237288135594,Khaled Shaalan,GB
https://openalex.org/A5003413978,93,3,21,2.4612987042938808,0.13631633714880334,US,0.2903225806451613,0.39473684210526316,Thomas C. Messerli,CH
https://openalex.org/A5103372090,267,4,29,2.460387671924043,0.16088036022387747,US,0.352059925093633,0.2923076923076923,Lluı́s Màrquez,ES
https://openalex.org/A5006297499,104,4,24,2.4595954734093652,0.13683431952662722,US,0.27884615384615385,0.24050632911392406,Simon Hengchen,FI
https://openalex.org/A5048888520,51,4,18,2.4576751604778933,0.1264898116109189,US,0.27450980392156865,0.225,Masood Ghayoomi,IR
https://openalex.org/A5034703920,134,3,23,2.4574796215218133,0.12887057251058143,US,0.2537313432835821,0.5806451612903226,Heiko Schuldt,CH
https://openalex.org/A5082219837,99,4,20,2.4570675700220606,0.11151923273135393,US,0.18181818181818182,0.28169014084507044,Tsvi Kuflik,IL
https://openalex.org/A5057560641,74,4,23,2.4569828840631107,0.14207450693937182,US,0.2702702702702703,0.627906976744186,Shih-Pei Chen,DE
https://openalex.org/A5075313163,518,4,35,2.4561198602844856,0.1718668475425232,US,0.3783783783783784,0.1608910891089109,Farah Benamara,FR
https://openalex.org/A5040931334,96,3,23,2.4555093634420575,0.15776909722222224,US,0.3541666666666667,0.7358490566037735,Alessandra Teresa Cignarella,ES;IT
https://openalex.org/A5049844809,48,3,16,2.4554608908739044,0.11458333333333333,US,0.25,0.22857142857142856,Martin Hilpert,CH
https://openalex.org/A5067722769,172,6,25,2.4544579158835926,0.13351811790156842,US,0.23255813953488372,0.3333333333333333,Noam Ordan,IL
https://openalex.org/A5054484216,114,3,22,2.4532811015746145,0.13973530317020622,US,0.2807017543859649,0.3333333333333333,Christin Seifert,DE;NL
https://openalex.org/A5041062417,157,7,28,2.4530608156877665,0.1578563024869163,US,0.34394904458598724,0.2,Akiko Aizawa,JP
https://openalex.org/A5006567976,31,6,15,2.4529759331863557,0.10718002081165452,US,0.1935483870967742,0.05,Verginica Barbu Mititelu,RO
https://openalex.org/A5027177449,121,4,21,2.45289355560718,0.12478655829519843,US,0.2396694214876033,0.27906976744186046,Marco Callieri,IT
https://openalex.org/A5043023185,267,7,28,2.451797062863068,0.1426447277981175,US,0.26217228464419473,0.4431818181818182,Maristella Agosti,IT
https://openalex.org/A5027297183,42,4,18,2.4507260342494814,0.1360544217687075,US,0.30952380952380953,0.08,Pēteris Paikens,LV
https://openalex.org/A5090544324,29,3,14,2.4503211954866937,0.10107015457788347,NL,0.1724137931034483,0.2,Kadri Muischnek,EE
https://openalex.org/A5091320920,56,3,20,2.4497107972335646,0.14285714285714288,US,0.32142857142857145,0.0625,Vladimír Matlach,CZ
https://openalex.org/A5021304637,47,3,16,2.44919806721559,0.11272068809416025,US,0.2127659574468085,0.22857142857142856,Gloria Gagliardi,IT
https://openalex.org/A5049482136,80,4,22,2.448916966759092,0.15250000000000002,US,0.3375,0.13114754098360656,Chengxi Yan,CN
https://openalex.org/A5049768806,209,5,33,2.447721825031724,0.19086101508665093,US,0.4019138755980861,0.16091954022988506,Klemens Böhm,DE
https://openalex.org/A5021294711,26,3,15,2.447477653684898,0.1183431952662722,JP,0.2692307692307692,0.4117647058823529,Wakako Kashino,JP
https://openalex.org/A5050795259,369,8,31,2.4474654600238934,0.15799678321986474,US,0.34146341463414637,0.20634920634920634,Alessandro Lenci,IT
https://openalex.org/A5016321799,271,5,32,2.444792707360559,0.15507686442178076,US,0.2915129151291513,0.15,Peter J. Carew,IE
https://openalex.org/A5029217850,86,3,19,2.4443428707100066,0.1292590589507842,US,0.2558139534883721,0.1111111111111111,Siyou Liu,MO
https://openalex.org/A5063975186,129,4,22,2.443035669099458,0.14500330508983836,US,0.32558139534883723,0.23157894736842105,Fabrizio Sebastiani,IT
https://openalex.org/A5027450194,607,16,44,2.4426717002992375,0.1930280717277018,US,0.40197693574958815,0.25727069351230425,Iryna Gurevych,DE
https://openalex.org/A5016245342,148,4,21,2.442555530613207,0.13102629656683712,US,0.22972972972972974,0.42990654205607476,Paul Mulholland,GB
https://openalex.org/A5002650357,78,3,18,2.4408078333028946,0.12294543063773833,GR,0.2692307692307692,0.38181818181818183,Athina Kritsotaki,GR
https://openalex.org/A5085673594,92,6,20,2.4395721824449663,0.12263705103969755,US,0.21739130434782608,0.22727272727272727,Xinying Chen,CZ
https://openalex.org/A5001999759,54,6,17,2.4395552467240456,0.1213991769547325,US,0.24074074074074073,0.22857142857142856,Marco Passarotti,IT
https://openalex.org/A5040049937,41,3,16,2.439126673665528,0.11124330755502676,US,0.1951219512195122,0.3225806451612903,José Borbinha,PT
https://openalex.org/A5056533574,105,3,23,2.4375826781960597,0.15809523809523812,US,0.3523809523809524,0.125,Nicola Liberati,IT
https://openalex.org/A5079921667,258,5,28,2.4373592854892507,0.1525449191755303,US,0.3333333333333333,0.27672955974842767,Emmanuele Chersoni,HK
https://openalex.org/A5016659120,109,3,24,2.436851596238911,0.13879303088965575,IT,0.25688073394495414,0.358974358974359,Simone Garagnani,IT
https://openalex.org/A5036804117,60,11,17,2.434564963633683,0.11333333333333334,US,0.21666666666666667,0.48148148148148145,Nicoletta Calzolari,US
https://openalex.org/A5000312455,64,4,23,2.4345081319815005,0.17724609375,CN,0.390625,0.5,Pengpeng Cheng,CN
https://openalex.org/A5019080098,64,4,23,2.4345081319815005,0.17724609375,CN,0.390625,0.5,Daoling Chen,CN
https://openalex.org/A5028150013,32,3,16,2.43447065085196,0.12109375,GB,0.25,0.6923076923076923,Iain Hrynaszkiewicz,GB
https://openalex.org/A5016184654,632,7,41,2.432862027939833,0.18090550392565294,US,0.3686708860759494,0.5106837606837606,Ekaterina Shutova,NL
https://openalex.org/A5034049364,59,3,21,2.4322151283672784,0.15426601551278368,US,0.3389830508474576,0.5405405405405406,Vivian B. Hutchison,PK;US
https://openalex.org/A5037580930,77,3,20,2.432207139723879,0.1350986675662,GB,0.2597402597402597,0.4074074074074074,Andrew Cox,GB
https://openalex.org/A5003215010,112,5,22,2.4312098339667285,0.15130739795918366,US,0.33035714285714285,0.18421052631578946,Cristina Ribeiro,PT
https://openalex.org/A5084812833,74,5,20,2.428347631866454,0.15704894083272464,US,0.35135135135135137,0.32558139534883723,Felice Dell’Orletta⋄,US
https://openalex.org/A5073822077,112,4,26,2.4272234965027892,0.16071428571428573,US,0.3392857142857143,0.10465116279069768,Kumiko Tanaka‐Ishii,JP
https://openalex.org/A5034540373,50,3,17,2.427032588981457,0.13920000000000002,US,0.32,0.09375,Nádia Félix Felipe da Silva,BR
https://openalex.org/A5038641951,190,6,26,2.426914200845445,0.13994459833795014,US,0.26842105263157895,0.3188405797101449,Matteo Dellepiane,IT
https://openalex.org/A5069734813,378,7,37,2.4265207193280833,0.16501497718428934,US,0.3333333333333333,0.2746478873239437,Emiel Krahmer,NL
https://openalex.org/A5036503167,143,3,23,2.4264126286415144,0.1332583500415668,US,0.2727272727272727,0.46808510638297873,John P. McCrae,DE
https://openalex.org/A5000118472,17,3,12,2.425479708432719,0.09342560553633218,GB,0.11764705882352941,0.2727272727272727,Eid Mohamed,QA
https://openalex.org/A5017701872,21,5,13,2.4254797046832532,0.1020408163265306,GB,0.19047619047619047,0.05555555555555555,Edgar Bisset Álvarez,BR
https://openalex.org/A5049441601,179,5,29,2.425268971056166,0.16781623544833185,US,0.36312849162011174,0.25925925925925924,Paolo Cignoni,IT
https://openalex.org/A5080353462,60,4,20,2.423636070287227,0.15,US,0.3333333333333333,0.37142857142857144,Lisa Goddard,CA
https://openalex.org/A5081925629,121,5,25,2.4234760712050365,0.15483915033126153,US,0.3305785123966942,0.18947368421052632,Haoran Zhu,CN
https://openalex.org/A5020991141,72,3,19,2.4202201186695382,0.1381172839506173,US,0.3055555555555556,0.23333333333333334,Animesh Mukherjee,IN
https://openalex.org/A5018444342,24,4,14,2.419500631817432,0.11458333333333333,US,0.25,0.14285714285714285,Gabriel Altmann,DE
https://openalex.org/A5047813485,24,3,14,2.419500631817432,0.11458333333333333,US,0.25,0.14285714285714285,Yahis Martari,IT
https://openalex.org/A5003571713,181,12,26,2.4191159841770684,0.14654619822349743,US,0.292817679558011,0.20512820512820512,Mark Coeckelbergh,AT
https://openalex.org/A5076958058,74,3,17,2.4186476699023687,0.11212563915266618,GR,0.17567567567567569,0.4791666666666667,Μαρία Θεοδωρίδου,GR
https://openalex.org/A5101512376,52,3,20,2.4183668131752283,0.15088757396449706,US,0.3269230769230769,0.03125,Sanasam Ranbir Singh,IN
https://openalex.org/A5048937508,323,6,29,2.417616850404364,0.15185614737992312,US,0.3126934984520124,0.21721311475409835,Chaya Liebeskind,IL
https://openalex.org/A5061615480,78,3,20,2.4173913125341095,0.14102564102564102,US,0.3076923076923077,0.04225352112676056,Gagan Deep Kaur,IN
https://openalex.org/A5060825274,34,3,14,2.4171951326694003,0.10726643598615918,FR,0.20588235294117646,0.5263157894736842,Peter A. Stokes,GB
https://openalex.org/A5046360661,99,3,23,2.4166175551322953,0.14151617181920212,US,0.2828282828282828,0.17105263157894737,Masatoshi Yoshikawa,JP
https://openalex.org/A5013546425,295,10,31,2.4153483195829937,0.15238149956908936,US,0.3016949152542373,0.3755868544600939,Roberto Scopigno,IT
https://openalex.org/A5020994673,54,6,16,2.4138695328384108,0.11728395061728394,US,0.2222222222222222,0.16666666666666666,Satoshi Nakamura,JP
https://openalex.org/A5080765853,76,4,21,2.413408881348735,0.15477839335180055,US,0.34210526315789475,0.08333333333333333,Doménico Fiormonte,IT
https://openalex.org/A5033491986,195,7,25,2.412679748284347,0.14824457593688362,FR,0.2717948717948718,0.3904109589041096,Antoine Doucet,FR
https://openalex.org/A5058837356,597,4,43,2.412635827332731,0.21214671907836222,US,0.4321608040201005,0.1719077568134172,Béla Gipp,DE
https://openalex.org/A5017432361,183,5,31,2.412308630168088,0.155842216847323,US,0.30601092896174864,0.42953020134228187,David Bainbridge,NZ
https://openalex.org/A5053290799,236,3,23,2.4122387179797538,0.14984918126975008,US,0.3305084745762712,0.2653061224489796,Weiwei Sun,CN
https://openalex.org/A5032196786,95,4,19,2.411381376305961,0.12797783933518006,IT,0.24210526315789474,0.43283582089552236,Riccardo Foschi,IT
https://openalex.org/A5063444213,145,4,23,2.410524774252821,0.14720570749108206,US,0.3103448275862069,0.16216216216216217,Stefanie Dipper,DE
https://openalex.org/A5007412395,46,3,17,2.4101162115231487,0.1285444234404537,US,0.2608695652173913,0.4,Lu Xiao,US
https://openalex.org/A5013952812,70,6,21,2.410022022099863,0.14448979591836733,GB,0.2571428571428571,0.6363636363636364,Douglas Tudhope,GB
https://openalex.org/A5048899939,105,8,18,2.4098636404454865,0.12308390022675736,US,0.23809523809523808,0.3333333333333333,Mark Hedges,GB
https://openalex.org/A5022574838,67,3,16,2.409319346455926,0.11383381599465359,US,0.208955223880597,0.28888888888888886,Raphaël Troncy,FR
https://openalex.org/A5090167566,59,3,16,2.4079577204173455,0.11864406779661019,US,0.23728813559322035,0.30303030303030304,Inger Leemans,NL
https://openalex.org/A5012965551,155,4,20,2.407611184111525,0.13848074921956294,US,0.3032258064516129,0.17592592592592593,Daniel Gática-Pérez,CH
https://openalex.org/A5053358969,155,4,20,2.407611184111525,0.13848074921956294,US,0.3032258064516129,0.17592592592592593,Jean‐Marc Odobez,CH
https://openalex.org/A5044885966,110,3,29,2.407439927943034,0.19851239669421483,US,0.41818181818181815,0.10714285714285714,Takeshi Ebina,JP
https://openalex.org/A5061860578,110,3,29,2.407439927943034,0.19851239669421483,US,0.41818181818181815,0.10714285714285714,Keita Kinjo,JP
https://openalex.org/A5028971452,98,3,22,2.4071573890713855,0.16805497709287798,US,0.3673469387755102,0.47058823529411764,Tomi S. Melka,US
https://openalex.org/A5019399575,189,4,28,2.4061036259125355,0.15976596399876822,US,0.328042328042328,0.3816793893129771,Teresa Scantamburlo,IT
https://openalex.org/A5081317103,120,8,23,2.4057218866186454,0.1711111111111111,US,0.375,0.25,Oliver Hellwig,DE
https://openalex.org/A5009022319,137,6,25,2.4048556500486553,0.1546699344664074,CN,0.30656934306569344,0.38392857142857145,Yaqin Wang,CN
https://openalex.org/A5038314215,40,3,17,2.4047252455749724,0.14375000000000002,US,0.325,0,Radhika Mamidi,IN
https://openalex.org/A5031600582,76,3,21,2.4042312338156466,0.15581717451523547,US,0.34210526315789475,0.14545454545454545,Michael Färber,DE
https://openalex.org/A5091790643,112,3,20,2.4026304058618444,0.1364795918367347,DE,0.25,0.4057971014492754,Wolfgang Seeker,DE
https://openalex.org/A5022216838,215,4,30,2.4024106355679953,0.18187128177393186,US,0.386046511627907,0.2875816993464052,Mark Dras,AU
https://openalex.org/A5081310398,296,10,37,2.4009998937038235,0.1989819211102995,US,0.41216216216216217,0.1885245901639344,Lars Borin,SE
https://openalex.org/A5026648049,551,10,40,2.400456866110037,0.16549681983919684,US,0.3248638838475499,0.2850467289719626,Roberto Navigli,IT
https://openalex.org/A5083285009,35,3,16,2.3999965487362878,0.13142857142857142,CN,0.2857142857142857,0.45454545454545453,Jiangfeng Liu,CN
https://openalex.org/A5032597808,58,5,20,2.3995753011186096,0.1516052318668252,FR,0.3275862068965517,0.3469387755102041,Joachim Schöpfel,FR
https://openalex.org/A5033473979,100,3,26,2.3981569811922245,0.1934,US,0.41,0.5694444444444444,Jesse Egbert,US
https://openalex.org/A5091017313,225,4,31,2.3973654756520126,0.16183703703703706,US,0.3377777777777778,0.24444444444444444,Mohammad Taher Pilehvar,IT
https://openalex.org/A5032356837,37,6,15,2.397086297337258,0.12052593133674216,US,0.24324324324324326,0.4074074074074074,Franco Niccolucci,IT
https://openalex.org/A5061819226,67,3,22,2.393473812575124,0.15526843394965473,US,0.31343283582089554,0.3137254901960784,Olivia Vane,GB
https://openalex.org/A5031136900,83,5,18,2.392660360089965,0.12120772245608942,US,0.20481927710843373,0.5111111111111111,Jorge Gracia,CZ;DE;ES;RS
https://openalex.org/A5030503109,230,4,32,2.392470703471907,0.1816257088846881,US,0.3826086956521739,0.47619047619047616,Shay B. Cohen,US
https://openalex.org/A5114885149,35,3,17,2.392265788606321,0.13795918367346938,GB,0.2857142857142857,0.25,Tania González-Cantera,ES
https://openalex.org/A5002182456,103,4,17,2.389622330768714,0.12904137996041096,NL,0.2621359223300971,0.6153846153846154,Ivo Zandhuis,NL
https://openalex.org/A5088241337,129,5,23,2.388736727386339,0.15389700138212847,US,0.3178294573643411,0.30392156862745096,Hiroo Iwata,JP
https://openalex.org/A5029884366,78,3,21,2.38870529255889,0.1413543721236029,GB,0.24358974358974358,0.23076923076923078,Karin van Es,NL
https://openalex.org/A5014360834,109,8,19,2.388262162793938,0.13121791095025673,US,0.23853211009174313,0.24390243902439024,Kimmo Kettunen,FI
https://openalex.org/A5000811543,135,7,22,2.387827104126219,0.15368998628257888,US,0.3333333333333333,0.13333333333333333,Pablo Ruiz Fabo,FR
https://openalex.org/A5025509228,475,4,42,2.3878078185915323,0.18117229916897507,US,0.32421052631578945,0.5870967741935483,Jakob Mökander,GB
https://openalex.org/A5070270772,161,5,29,2.3869089691121945,0.16747039080282397,US,0.33540372670807456,0.23076923076923078,Paola Velardi,IT
https://openalex.org/A5015319002,76,3,20,2.386531937579683,0.14958448753462605,US,0.27631578947368424,0.3064516129032258,Maxim Rumyantsev,RU
https://openalex.org/A5053739039,59,8,16,2.386397283807378,0.12324044814708418,RS,0.23728813559322035,0.5405405405405406,Cvetana Krstev,RS
https://openalex.org/A5061737423,170,7,20,2.3863303255773776,0.13577854671280276,US,0.28823529411764703,0.2,Efstathios Stamatatos,GR
https://openalex.org/A5031439294,51,3,18,2.3860888105515508,0.13571703191080353,US,0.2549019607843137,0.32558139534883723,Maarten de Rijke,NL
https://openalex.org/A5070723608,82,4,22,2.385982290414602,0.16864961332540154,US,0.36585365853658536,0.46153846153846156,Tyler L. Jaynes,US
https://openalex.org/A5061908631,45,3,16,2.3858828094068625,0.12197530864197531,US,0.2222222222222222,0.4,Rosa Rita Maria Tamborrino,IT
https://openalex.org/A5033684482,436,11,40,2.385043486747124,0.19584841343321266,US,0.3922018348623853,0.5372670807453416,Saif M. Mohammad,CA
https://openalex.org/A5019929457,121,6,20,2.3846200007828484,0.1439109350454204,US,0.3140495867768595,0.2,Filip Ginter,FI
https://openalex.org/A5077203158,105,3,21,2.3841168670658597,0.14140589569161,US,0.26666666666666666,0.24324324324324326,Sanna Kumpulainen,FI
https://openalex.org/A5101990096,72,7,16,2.38377283503953,0.11844135802469136,US,0.20833333333333334,0.20754716981132076,Sang-Chul Park,KR
https://openalex.org/A5083994661,101,3,27,2.3828879583365894,0.18909910793059506,US,0.39603960396039606,0.6,Xiaofei Lu,US
https://openalex.org/A5034059867,155,16,24,2.3826318493854677,0.15879292403746098,US,0.3419354838709677,0.13592233009708737,António Branco,PT
https://openalex.org/A5009564435,82,4,23,2.380445379747253,0.17162403331350387,US,0.36585365853658536,0.14516129032258066,Thomas Mandl,DE
https://openalex.org/A5017409996,263,6,34,2.37887837818915,0.1856467492662898,US,0.38022813688212925,0.32275132275132273,Simone Paolo Ponzetto,DE
https://openalex.org/A5072804902,66,3,18,2.3788352025769193,0.1326905417814509,JP,0.24242424242424243,0.2807017543859649,Kaira Sekiguchi,JP
https://openalex.org/A5004562177,79,4,23,2.3784435655743663,0.17417080596058324,US,0.3670886075949367,0.22641509433962265,Liam Magee,AU
https://openalex.org/A5081859722,159,5,20,2.3784374658786045,0.1266959376606938,GR,0.2389937106918239,0.39823008849557523,Yannis Marketakis,GR
https://openalex.org/A5027223586,141,3,25,2.3778314983270707,0.14219606659624767,GB,0.2198581560283688,0.36936936936936937,Maria Vayanou,GR
https://openalex.org/A5088866186,26,3,13,2.3778116152577686,0.1124260355029586,US,0.23076923076923078,0.19047619047619047,Nicola Barbuti,IT
https://openalex.org/A5051070514,38,5,13,2.3765065036090034,0.10664819944598336,US,0.18421052631578946,0.125,Juan Carlos Torres,ES
https://openalex.org/A5070002404,76,3,21,2.3764122256681515,0.1603185595567867,US,0.34210526315789475,0.125,Kepa Sarasola,ES
https://openalex.org/A5074961334,40,3,15,2.374877132647862,0.12875,US,0.275,0.375,Annie Chen,US
https://openalex.org/A5036668703,27,4,14,2.374867533938294,0.11934156378600821,ES,0.2222222222222222,0.34782608695652173,Pilar León-Araúz,ES
https://openalex.org/A5038861507,63,3,16,2.3747716220442543,0.12522045855379188,DE,0.2222222222222222,0.5757575757575758,Igor Piotr Bajena,DE
https://openalex.org/A5100404067,139,3,26,2.374645063193872,0.16898711246829873,US,0.35251798561151076,0.17142857142857143,Qingquan Li,CN
https://openalex.org/A5070093927,157,3,28,2.3742380497003084,0.16491541238995497,US,0.29936305732484075,0.358974358974359,Qin Zou,CN
https://openalex.org/A5034130880,103,3,22,2.374187910804518,0.1543029503251956,GB,0.27184466019417475,0.46987951807228917,James Muldoon,GB
https://openalex.org/A5068408717,143,4,29,2.373337098677768,0.17560760917404272,US,0.34965034965034963,0.2571428571428571,Enrico Motta,GB
https://openalex.org/A5054443807,62,3,18,2.372798552815004,0.13059313215400625,US,0.22580645161290322,0.40476190476190477,Kai Li,CN
https://openalex.org/A5037636644,174,6,29,2.3727461744771374,0.16494913462808825,US,0.3333333333333333,0.5309734513274337,Donatella Castelli,IT
https://openalex.org/A5055015531,203,7,25,2.3725736033606686,0.14819578247470214,GR,0.24630541871921183,0.32894736842105265,Yannis Tzitzikas,GR
https://openalex.org/A5077738658,204,6,33,2.3723101076930906,0.19982698961937714,US,0.39705882352941174,0.6282051282051282,Svetlana Kiritchenko,CA
https://openalex.org/A5015103527,67,3,20,2.3721407002218076,0.16016930274003116,US,0.34328358208955223,0.034482758620689655,Giacomo Alliata,CH
https://openalex.org/A5077663332,88,4,18,2.3717800027332596,0.13713842975206614,US,0.2840909090909091,0.21739130434782608,Benoît Sagot,FR
https://openalex.org/A5047549045,151,10,23,2.3708023410575048,0.17143984912942417,US,0.3708609271523179,0.17346938775510204,Dipti Misra Sharma,US
https://openalex.org/A5030948871,67,3,19,2.370283224084744,0.13744709289374024,US,0.2537313432835821,0.26666666666666666,Rita Cucchiara,IT
https://openalex.org/A5066519737,67,3,19,2.370283224084744,0.13744709289374024,US,0.2537313432835821,0.26666666666666666,Marcella Cornia,IT
https://openalex.org/A5017509696,79,3,21,2.370067729095272,0.17000480692196765,US,0.3670886075949367,0.09523809523809523,Simona Chiodo,IT
https://openalex.org/A5047797750,65,5,17,2.3700002018620454,0.1289940828402367,US,0.23076923076923078,0.22641509433962265,Patrick Paroubek,FR
https://openalex.org/A5007625579,41,3,19,2.3693775210651657,0.17787031528851874,US,0.3902439024390244,0.7272727272727273,Rachel Wittmann,US
https://openalex.org/A5085011444,83,3,18,2.368494809945627,0.12207867615038467,CA,0.1927710843373494,0.38596491228070173,Douglas Walton,CA
https://openalex.org/A5071822121,115,3,22,2.36827920900548,0.1544801512287335,US,0.3130434782608696,0.1326530612244898,Nicholas Vanderschantz,NZ
https://openalex.org/A5049484955,30,3,13,2.367736747559855,0.1088888888888889,GB,0.16666666666666666,0.14285714285714285,Maurizio Toscano,ES
https://openalex.org/A5029231499,95,3,21,2.36752642254785,0.14282548476454293,US,0.22105263157894736,0.4594594594594595,Lara S. G. Piccolo,GB
https://openalex.org/A5034924491,93,3,22,2.366614265564173,0.15828419470459013,US,0.3118279569892473,0.7608695652173914,Paul Groth,NL
https://openalex.org/A5035048262,64,4,17,2.3664146248201217,0.1318359375,IR,0.234375,0.36,Hadi Veisi,IR
https://openalex.org/A5022095958,655,17,32,2.366122800517202,0.17883107045043997,US,0.3801526717557252,0.15063520871143377,Jacques Savoy,CH
https://openalex.org/A5024942135,124,5,26,2.3657870739219167,0.1850936524453694,US,0.3790322580645161,0.06666666666666667,George Buchanan,NZ
https://openalex.org/A5069029343,59,4,19,2.3655487959791315,0.15828784831944842,US,0.3389830508474576,0.2631578947368421,Andrew Caines,GB
https://openalex.org/A5043262011,111,3,22,2.3654328708392196,0.17863809755701648,US,0.38738738738738737,0.575,Smaranda Muresan,US
https://openalex.org/A5040108974,46,5,15,2.3649642663121604,0.1219281663516068,US,0.21739130434782608,0.09523809523809523,Sakriani Sakti,JP
https://openalex.org/A5076395593,137,3,20,2.3647467548892753,0.1586126058926954,US,0.34306569343065696,0.21296296296296297,Richárd Farkas,DE
https://openalex.org/A5055101594,103,4,21,2.3643513403482617,0.1480818173249128,US,0.27184466019417475,0.3333333333333333,Bruno Martins,PT
https://openalex.org/A5045510206,103,3,25,2.364123855274896,0.18767084550853047,US,0.3883495145631068,0.0547945205479452,Rui Liu,AU
https://openalex.org/A5055864641,288,9,28,2.363904347644234,0.17259837962962962,US,0.3611111111111111,0.13636363636363635,Andy Way,IE
https://openalex.org/A5041605161,56,3,17,2.3635589493072793,0.1409438775510204,US,0.30357142857142855,0.59375,Kyeongmin Rim,US
https://openalex.org/A5069843101,195,3,23,2.3635279713314143,0.1453517422748192,IT,0.2717948717948718,0.44274809160305345,Nicola Ferro,IT
https://openalex.org/A5003714034,301,4,30,2.362592906362479,0.18773523471043366,US,0.38870431893687707,0.6179245283018868,Marianna Apidianaki,US
https://openalex.org/A5012930597,305,4,31,2.362080005009957,0.15599032518140282,US,0.29180327868852457,0.37320574162679426,Kees van Deemter,GB
https://openalex.org/A5008340710,178,16,24,2.362055247309438,0.16330008837268023,US,0.33707865168539325,0.2421875,Alexander Mehler,DE
https://openalex.org/A5091887839,108,6,25,2.361845387953516,0.18998628257887518,US,0.39814814814814814,0.06097560975609756,Frédé́ric Kaplan,CH
https://openalex.org/A5011363981,41,3,16,2.361427557178865,0.1433670434265318,IT,0.3170731707317073,0.5909090909090909,Francesca Murano,IT
https://openalex.org/A5089146605,90,4,22,2.360973521535669,0.15530864197530866,US,0.32222222222222224,0.24242424242424243,Christof Schöch,DE
https://openalex.org/A5029438201,186,9,29,2.36089766562878,0.17591629090068217,US,0.3602150537634409,0.23140495867768596,Arantza Díaz de Ilarraza,ES
https://openalex.org/A5082450455,311,9,33,2.3606425841061944,0.19705131253812513,US,0.40514469453376206,0.6590909090909091,Rada Mihalcea,US
https://openalex.org/A5027377131,147,8,22,2.3594931487685904,0.1628488129945856,US,0.3469387755102041,0.30097087378640774,Greta Franzini,DE
https://openalex.org/A5108479305,51,3,16,2.3590233815307897,0.13571703191080353,US,0.29411764705882354,0.02702702702702703,Jean‐Louis Kraus,FR
https://openalex.org/A5045479225,99,6,16,2.3588202233657514,0.1374349556167738,US,0.30303030303030304,0.12121212121212122,Montserrat Marimon,ES
https://openalex.org/A5026766545,35,3,16,2.358812132566083,0.14448979591836733,US,0.3142857142857143,0.20833333333333334,Tatjana Scheffler,DE
https://openalex.org/A5069887938,90,3,22,2.3561398727455636,0.16666666666666669,GB,0.32222222222222224,0.42857142857142855,David Kirk,GB
https://openalex.org/A5074102447,87,4,24,2.356122383584535,0.1750561500858766,US,0.367816091954023,0.2835820895522388,Karën Fort,FR
https://openalex.org/A5049212516,99,3,19,2.355944690740285,0.1425364758698092,US,0.2727272727272727,0.8636363636363636,Amy Nurnberger,US
https://openalex.org/A5014136509,284,3,34,2.3545411994444483,0.1791063281095021,US,0.3274647887323944,0.35323383084577115,Jessica Morley,GB
https://openalex.org/A5028399018,30,3,15,2.354476542657687,0.13333333333333333,IT,0.23333333333333334,0.25,Paolo Nitti,IT
https://openalex.org/A5101531241,295,17,28,2.353484288015717,0.17304222924446996,US,0.33559322033898303,0.3103448275862069,Jonas Kuhn,DE
https://openalex.org/A5064384923,119,4,24,2.3534822245021543,0.18268483864133891,US,0.3865546218487395,0.18055555555555555,Tommaso Caselli,US
https://openalex.org/A5026717063,13,6,11,2.3516733019046305,0.10059171597633138,DE,0.15384615384615385,0.2857142857142857,Carmén García Mateo,ES
https://openalex.org/A5025529049,103,4,21,2.351231204642328,0.1477047789612593,US,0.27184466019417475,0.38961038961038963,Florian Kräutli,DE
https://openalex.org/A5089413311,364,3,45,2.3491571945948797,0.2526415891800507,US,0.48626373626373626,0.7875,Diyi Yang,FR;US
https://openalex.org/A5014008069,355,6,32,2.3489202542112175,0.21786947034318588,US,0.4422535211267606,0.6299212598425197,Nathan Schneider,US
https://openalex.org/A5020583960,138,5,27,2.3470976096067475,0.174438143247217,US,0.30434782608695654,0.34951456310679613,Claire Ross,GB
https://openalex.org/A5081359539,106,4,25,2.3462932921525947,0.18191527233891064,US,0.36792452830188677,0.3103448275862069,Adam Gibson,GB
https://openalex.org/A5057392864,290,4,32,2.346248380882235,0.18994054696789536,US,0.3620689655172414,0.29333333333333333,Stephen Clark,GB
https://openalex.org/A5013165259,17,3,12,2.3439329813080194,0.11418685121107267,US,0.23529411764705882,0.2,Tiziana Margaria,IE
https://openalex.org/A5033112212,17,3,12,2.3439329813080194,0.11418685121107267,US,0.23529411764705882,0.2,Ciara Breathnach,IE
https://openalex.org/A5000817457,64,4,20,2.3437038800112995,0.1513671875,CZ,0.265625,0.288135593220339,Martina Benešová,CZ
https://openalex.org/A5086385685,139,6,26,2.342938683014853,0.17033279850939392,US,0.3381294964028777,0.3153153153153153,Fazlı Can,TR
https://openalex.org/A5062029765,171,7,24,2.342065352729694,0.17759310557094488,US,0.38011695906432746,0.1864406779661017,Antonio Toral,NL
https://openalex.org/A5000357955,151,5,22,2.3420315563571275,0.16187886496206308,US,0.33112582781456956,0.3805309734513274,Massimiliano Corsini,IT
https://openalex.org/A5006779213,143,9,25,2.3417341449647022,0.2000586825761651,US,0.4195804195804196,0.6185567010309279,Ted Underwood,US
https://openalex.org/A5071144367,391,12,34,2.3407982369335185,0.19481165089187014,US,0.3989769820971867,0.19256756756756757,Hinrich Schütze,DE
https://openalex.org/A5024922064,31,3,15,2.3407408707289985,0.1383975026014568,US,0.2903225806451613,0.1111111111111111,Laura Rituma,LV
https://openalex.org/A5045494777,79,3,14,2.340264108526393,0.12610158628424933,NL,0.24050632911392406,0.6153846153846154,Rinke Hoekstra,NL
https://openalex.org/A5086855067,79,3,14,2.340264108526393,0.12610158628424933,NL,0.24050632911392406,0.6153846153846154,Kathrin Dentler,NL
https://openalex.org/A5069303169,46,3,14,2.339510397585892,0.1219281663516068,US,0.2391304347826087,0.15151515151515152,Mauro Dragoni,IT
https://openalex.org/A5005937041,47,3,14,2.3391254493145057,0.12539610683567223,DE,0.23404255319148937,0.5238095238095238,Andreas Henrich,DE
https://openalex.org/A5111475018,30,3,13,2.338968540314677,0.11333333333333333,BE,0.16666666666666666,0.21739130434782608,Harris Papageorgiou,GR
https://openalex.org/A5065100828,365,21,33,2.3388838588186482,0.21004316006755488,US,0.4301369863013699,0.10112359550561797,Pushpak Bhattacharyya,IN
https://openalex.org/A5074364073,88,6,20,2.3373406448288785,0.15909090909090912,US,0.2840909090909091,0.1917808219178082,Andrew Flinn,GB
https://openalex.org/A5072032804,99,10,20,2.33721987561827,0.15600448933782265,US,0.3333333333333333,0.24193548387096775,Yūji Matsumoto,JP
https://openalex.org/A5075698724,67,4,18,2.3362942216192892,0.1427934952105146,NL,0.26865671641791045,0.4186046511627907,Martijn Wieling,NL
https://openalex.org/A5087505547,67,4,20,2.336185188722118,0.15972376921363332,US,0.3283582089552239,0.22916666666666666,Helena de Medeiros Caseli,BR
https://openalex.org/A5082873538,109,4,20,2.335825765533534,0.16118171871054626,GB,0.3394495412844037,0.5058823529411764,Alan Chalmers,GB
https://openalex.org/A5019540386,107,6,18,2.332990814394964,0.13878941392261332,US,0.2336448598130841,0.5483870967741935,Albert Meroño-Peñuela,GB
https://openalex.org/A5090125308,64,4,17,2.332474696587381,0.15625,US,0.34375,0.08333333333333333,Vandan Mujadia,IN
https://openalex.org/A5073812421,79,4,19,2.332387711221987,0.15942957859317416,US,0.34177215189873417,0.2923076923076923,Niloy Ganguly,IN
https://openalex.org/A5013357764,142,5,22,2.3318388071780443,0.16663360444356276,US,0.352112676056338,0.1523809523809524,Yugo Murawaki,JP
https://openalex.org/A5100381349,203,10,28,2.3317011840838684,0.16309544031643575,US,0.270935960591133,0.4025157232704403,Lei Lei,CN
https://openalex.org/A5040950818,88,8,21,2.3315697144468737,0.16193181818181818,US,0.32954545454545453,0.4264705882352941,James O’Sullivan,IE
https://openalex.org/A5053947568,104,3,23,2.3312680599001774,0.1569896449704142,US,0.2980769230769231,0.2558139534883721,Steffen Eger,DE
https://openalex.org/A5037000753,46,3,15,2.3310806693580375,0.1323251417769376,ES,0.2608695652173913,0.375,María José Viñals Blasco,ES
https://openalex.org/A5062940611,44,9,16,2.3300966169081376,0.1415289256198347,US,0.2727272727272727,0.10714285714285714,Dan Tufiş,RO
https://openalex.org/A5008408638,67,3,20,2.3297117479873757,0.16061483626642906,BR,0.26865671641791045,0.3673469387755102,Denilson Alves Pereira,BR
https://openalex.org/A5067651242,98,3,20,2.3290967167866037,0.17971678467305288,US,0.3877551020408163,0.5846153846153846,Glen Worthey,US
https://openalex.org/A5043535590,95,3,18,2.3290704648361813,0.14060941828254847,US,0.25263157894736843,0.925,Varsha Khodiyar,GB
https://openalex.org/A5019908505,66,5,19,2.3286261407172755,0.1629935720844812,US,0.3484848484848485,0.4375,Moshe Koppel,IL
https://openalex.org/A5071610277,200,5,23,2.328409088586306,0.16315000000000002,US,0.32,0.29559748427672955,Jonathan Schler,IL
https://openalex.org/A5057739549,130,6,20,2.3283327160545118,0.15266272189349114,US,0.3076923076923077,0.20754716981132076,Elisabet Comelles,ES
https://openalex.org/A5100439255,53,6,17,2.3278211435431455,0.1569953720185119,US,0.33962264150943394,0.06666666666666667,João Silva,PT
https://openalex.org/A5018903731,53,3,15,2.326949918762657,0.13065147739409042,IR,0.24528301886792453,0.38095238095238093,Hawre Hosseini,CA
https://openalex.org/A5030850681,53,3,15,2.326949918762657,0.13065147739409042,IR,0.24528301886792453,0.38095238095238093,Mohammad Mohammadamini,IR
https://openalex.org/A5077549322,100,8,27,2.3263772370537894,0.2164,US,0.44,0.35135135135135137,Geoffrey Rockwell,CA
https://openalex.org/A5013999263,117,7,24,2.3241380515732133,0.1629775732339835,US,0.3247863247863248,0.379746835443038,Paula Buttery,GB
https://openalex.org/A5102822613,60,3,17,2.324132735579476,0.15611111111111112,US,0.3333333333333333,0.2571428571428571,Sarah Schulz,DE
https://openalex.org/A5000491019,144,4,26,2.323299892130112,0.21334876543209877,US,0.4375,0.05263157894736842,Matej Martinc,SI
https://openalex.org/A5101880946,34,5,14,2.3231477397215987,0.1262975778546713,US,0.23529411764705882,0.26666666666666666,Koichiro Yoshino,JP
https://openalex.org/A5087503706,70,3,27,2.322699560111109,0.24816326530612245,US,0.4857142857142857,0.5964912280701754,Sawood Alam,US
https://openalex.org/A5080799981,63,3,20,2.322534594392578,0.16250944822373392,US,0.3333333333333333,0.13636363636363635,María Luisa Alvite Díez,ES
https://openalex.org/A5029094200,111,4,20,2.321811606094875,0.18415713010307605,US,0.3963963963963964,0.5866666666666667,Yuerong Hu,US
https://openalex.org/A5012551487,58,3,15,2.3216001796113837,0.13198573127229488,US,0.27586206896551724,0.10638297872340426,Gesa Lindemann,DE
https://openalex.org/A5008257790,78,6,22,2.320638610655646,0.19559500328731097,US,0.41025641025641024,0.6981132075471698,Lori Levin,US
https://openalex.org/A5038153180,78,4,19,2.3204436025289326,0.148586456278764,US,0.2948717948717949,0.5925925925925926,Yukiko Nakano,JP
https://openalex.org/A5108193412,100,4,20,2.3197547141089156,0.1552,US,0.32,0.2777777777777778,Suresh Manandhar,GB
https://openalex.org/A5050090679,65,3,14,2.319296779679882,0.12142011834319529,US,0.23076923076923078,0.24489795918367346,Anna Jordanous,GB
https://openalex.org/A5047595231,78,5,20,2.318049453622535,0.1745562130177515,IT,0.3717948717948718,0.5272727272727272,Filiberto Chiabrando,IT
https://openalex.org/A5059614463,104,3,22,2.3174692774771586,0.1606878698224852,US,0.27884615384615385,0.6081081081081081,David De Roure,GB
https://openalex.org/A5061392927,112,5,22,2.316939463001552,0.16103316326530612,US,0.30357142857142855,0.4583333333333333,Daniel Zeman,CZ
https://openalex.org/A5023208913,83,4,14,2.315692995658419,0.1304978951952388,NL,0.24096385542168675,0.5813953488372093,Auke Rijpma,NL
https://openalex.org/A5084505122,106,3,24,2.315313850418699,0.20523317906728375,US,0.42452830188679247,0.7241379310344828,Dirk Hovy,IT
https://openalex.org/A5052924491,30,3,13,2.314815097672296,0.12666666666666668,US,0.26666666666666666,0.13043478260869565,Emiliano Giovannetti,IT
https://openalex.org/A5034480540,66,3,17,2.314633663882598,0.1455463728191001,IT,0.30303030303030304,0.7073170731707317,Emilio M. Sanfilippo,FR;IT
https://openalex.org/A5004191382,95,5,22,2.3142849493241995,0.17362880886426593,US,0.3473684210526316,0.28125,Sabina Jeschke,DE
https://openalex.org/A5067851924,58,4,19,2.314274175924801,0.17122473246135556,US,0.3620689655172414,0.022222222222222223,Jan Šnajder,HR
https://openalex.org/A5036402213,62,3,17,2.313882683858496,0.14255983350676377,IT,0.27419354838709675,0.5641025641025641,Cormac Hampson,IE
https://openalex.org/A5077297626,91,3,16,2.3118340911552213,0.13537012438111343,IT,0.27472527472527475,0.42857142857142855,Federico Ponchio,IT
https://openalex.org/A5017783821,39,3,16,2.3117850120092114,0.16370808678500987,US,0.358974358974359,0.125,Armin Hoenen,DE
https://openalex.org/A5003859694,194,8,28,2.3113513480237673,0.1977362100116909,US,0.39690721649484534,0.2597402597402597,Nina Tahmasebi,SE
https://openalex.org/A5088517824,510,5,29,2.3106784957563096,0.2132487504805844,US,0.43529411764705883,0.6149732620320856,Noah A. Smith,US
https://openalex.org/A5015337389,33,5,12,2.3091396144451335,0.11478420569329661,SE,0.18181818181818182,0.24,Laurette Pretorius,ZA
https://openalex.org/A5012726864,107,3,23,2.3084063264432473,0.18403354004716568,IT,0.38317757009345793,0.4880952380952381,Raffaella Brumana,IT
https://openalex.org/A5037500994,66,3,19,2.3074966639917163,0.16850321395775944,US,0.3484848484848485,0.19298245614035087,Lou Boves,NL
https://openalex.org/A5084039699,41,6,14,2.306736757798526,0.13384889946460443,US,0.2682926829268293,0.20588235294117646,D. Scott Brandt,DE
https://openalex.org/A5042478033,52,4,13,2.306695263051847,0.11834319526627218,ES,0.19230769230769232,0.22727272727272727,Juan Moyano,ES
https://openalex.org/A5061565354,52,4,13,2.306695263051847,0.11834319526627218,ES,0.19230769230769232,0.22727272727272727,Juan E. Nieto-Julián,ES
https://openalex.org/A5010108427,75,3,14,2.305837900908591,0.14204444444444445,US,0.30666666666666664,0.38,Melina Jander,DE
https://openalex.org/A5037074903,75,3,14,2.305837900908591,0.14204444444444445,US,0.30666666666666664,0.38,Gabriela Rotari,DE
https://openalex.org/A5040074153,78,4,22,2.3052478271784507,0.17981591058514138,US,0.3717948717948718,0.18032786885245902,Rachele Sprugnoli,IT
https://openalex.org/A5065296262,167,5,28,2.3051300961677046,0.2097959769084585,US,0.41916167664670656,0.15384615384615385,Ahmet Aker,DE
https://openalex.org/A5024170958,61,4,18,2.3050522910686335,0.1695780704111798,US,0.36065573770491804,0.2978723404255319,Utpal Garain,IN
https://openalex.org/A5025297509,46,3,17,2.305037625267493,0.14461247637051042,AU,0.2391304347826087,0.5,Marcus Smith,AU
https://openalex.org/A5035503960,51,5,17,2.3046796874245246,0.14801999231064977,US,0.27450980392156865,0.5,Andreas Witt,DE
https://openalex.org/A5017388937,14,3,11,2.3046193848206715,0.11224489795918366,US,0.21428571428571427,0.4,Sara Goggi,US
https://openalex.org/A5047792644,14,3,11,2.3046193848206715,0.11224489795918366,US,0.21428571428571427,0.4,Gabriella Pardelli,IT
https://openalex.org/A5012610465,151,3,19,2.3045704192163097,0.15433533616946626,FR,0.26490066225165565,0.37735849056603776,Emanuela Boroş,FR
https://openalex.org/A5004663257,39,3,14,2.303405598362894,0.1413543721236029,US,0.3076923076923077,0.19047619047619047,Isa Maks,NL
https://openalex.org/A5017039054,60,6,10,2.3025850929940455,0.10000000000000002,BE,0.1,1,Felicitas Lea Kleinkopf,DE
https://openalex.org/A5043424064,116,6,24,2.2996008401826806,0.20109988109393578,US,0.41379310344827586,0.14772727272727273,Mikko Kurimo,FI
https://openalex.org/A5014467412,78,3,19,2.2980502173148665,0.15746219592373442,US,0.32051282051282054,0.15384615384615385,Marta Severo,FR
https://openalex.org/A5108427048,491,23,37,2.2978814452070404,0.1791638494945682,US,0.31568228105906315,0.4716981132075472,Toyoaki Nishida,JP
https://openalex.org/A5019001786,93,5,21,2.297840742649341,0.1573592322811886,US,0.3118279569892473,0.2222222222222222,Jane Hunter,US
https://openalex.org/A5047490968,71,3,19,2.296851869581956,0.16286451100972027,US,0.3380281690140845,0.20754716981132076,Nikolay Arefyev,NO
https://openalex.org/A5004829991,71,4,15,2.2965525450164423,0.13072803015274748,US,0.2535211267605634,0.28205128205128205,Ondřej Dušek,CZ
https://openalex.org/A5034690905,119,3,22,2.2965482022639985,0.15585057552432738,US,0.3025210084033613,0.35714285714285715,Gert Jan Hofstede,NL
https://openalex.org/A5061887705,105,8,19,2.2960099172819812,0.15265306122448982,US,0.3047619047619048,0.41025641025641024,Karina van Dalen-Oskam,NL
https://openalex.org/A5052463845,28,3,13,2.2955954012772533,0.12499999999999999,US,0.21428571428571427,0.14285714285714285,Riccardo Del Gratta,US
https://openalex.org/A5067054454,83,4,20,2.294375587026569,0.15314269124691537,US,0.26506024096385544,0.3103448275862069,Marijn Koolen,NL
https://openalex.org/A5028430562,129,6,26,2.294280109692993,0.18562586383029864,GB,0.3178294573643411,0.45054945054945056,Lise Jaillant,GB
https://openalex.org/A5040564747,98,5,21,2.2939305383115585,0.1749271137026239,US,0.32653061224489793,0.273972602739726,Malvina Nissim,GB
https://openalex.org/A5013950699,106,3,26,2.2919939564789154,0.18672125311498752,US,0.36792452830188677,0.32926829268292684,Joanna Richardson,AU
https://openalex.org/A5064395265,39,4,14,2.2914792997442635,0.13083497698882315,GB,0.23076923076923078,0.13793103448275862,Brian Davis,IE
https://openalex.org/A5076025395,51,3,19,2.2912329302427534,0.18031526336024606,GB,0.37254901960784315,0.5135135135135135,Jonathan Ives,GB
https://openalex.org/A5018362446,127,6,24,2.291031577792983,0.21681443362886726,US,0.4409448818897638,0.20689655172413793,Kristoffer Laigaard Nielbo,DK
https://openalex.org/A5074881863,153,5,26,2.2909852449505097,0.22397368533470033,US,0.45098039215686275,0.04950495049504951,Senja Pollak,SI
https://openalex.org/A5040767296,164,3,20,2.290234848106482,0.18181142177275433,US,0.38414634146341464,0.1322314049586777,Alejandro Ariza-Casabona,ES
https://openalex.org/A5071264603,79,4,19,2.290189916063528,0.15590450248357635,US,0.31645569620253167,0.16417910447761194,Alberto Romele,FR;PT
https://openalex.org/A5001336086,59,4,18,2.2892491969077606,0.1496696351623097,GB,0.23728813559322035,0.2682926829268293,Hugh Craig,AU
https://openalex.org/A5070887534,49,3,13,2.288764490486491,0.1236984589754269,IT,0.1836734693877551,0.32432432432432434,Rafael J. Segura,ES;US
https://openalex.org/A5023718997,134,3,19,2.28864898135414,0.17019380708398307,US,0.3582089552238806,0.20952380952380953,David Weir,GB
https://openalex.org/A5042206068,96,4,25,2.2877672673490284,0.22200520833333334,US,0.4479166666666667,0.5584415584415584,Lior Shamir,US
https://openalex.org/A5088688888,87,5,14,2.2866225245658827,0.13594926674593738,NL,0.2413793103448276,0.5531914893617021,Richard Zijdeman,NL
https://openalex.org/A5025482164,66,4,20,2.2862817389953247,0.20339761248852162,IT,0.42424242424242425,0.5490196078431373,Grazia Tucci,IT
https://openalex.org/A5091204323,66,4,20,2.2862817389953247,0.20339761248852162,IT,0.42424242424242425,0.5490196078431373,Alessandro Conti,IT
https://openalex.org/A5103104154,66,4,20,2.2862817389953247,0.20339761248852162,IT,0.42424242424242425,0.5490196078431373,Lidia Fiorini,IT
https://openalex.org/A5086074520,95,3,20,2.286272342751419,0.1860387811634349,US,0.3894736842105263,0.10144927536231885,Martina Miliani,IT
https://openalex.org/A5028836340,181,15,26,2.285445317655022,0.2011232868349562,US,0.4143646408839779,0.10526315789473684,Sadao Kurohashi,JP
https://openalex.org/A5089679707,79,4,19,2.284679655686087,0.1674411152058965,GB,0.34177215189873417,0.48214285714285715,Helen Smith,GB
https://openalex.org/A5053696616,66,3,19,2.2834855230231788,0.1937557392102847,US,0.4090909090909091,0.06666666666666667,Matthias Arnold,DE
https://openalex.org/A5029444496,62,4,14,2.283474165020878,0.1347554630593132,US,0.27419354838709675,0.2894736842105263,Alex Chengyu Fang,HK
https://openalex.org/A5083588157,60,4,18,2.2834170068895356,0.1661111111111111,US,0.3333333333333333,0.2037037037037037,Oliver Duke‐Williams,GB
https://openalex.org/A5110825416,58,3,14,2.2832687266537506,0.1474435196195006,US,0.3103448275862069,0.5,E. Franzini,DE
https://openalex.org/A5006337041,38,3,13,2.281595164060109,0.1301939058171745,US,0.2631578947368421,0.14814814814814814,Romaric Besançon,FR
https://openalex.org/A5064195823,68,4,17,2.2813968750933715,0.15051903114186851,CZ,0.25,0.288135593220339,Ján Andres,CZ
https://openalex.org/A5007696956,40,3,15,2.2794000074036402,0.14875000000000002,US,0.275,0.625,Ceri Binding,GB
https://openalex.org/A5003600234,133,6,24,2.27923689792748,0.1755328170049183,US,0.2932330827067669,0.37254901960784315,Tomohiro Suzuki,JP
https://openalex.org/A5063398043,46,4,15,2.278583156677258,0.15311909262759923,US,0.32608695652173914,0.08333333333333333,Hiroyuki Shindo,JP
https://openalex.org/A5031323457,110,4,20,2.278560799758896,0.1705785123966942,US,0.34545454545454546,0.2,Marcus Foth,AU
https://openalex.org/A5045736011,42,3,17,2.2783904174111775,0.1621315192743764,GB,0.3333333333333333,0.6818181818181818,Marta Teperek,NL
https://openalex.org/A5091796714,151,4,25,2.2765261620659105,0.19512302092013506,US,0.3973509933774834,0.5544554455445545,Richard Eckart de Castilho,DE
https://openalex.org/A5046126345,161,4,27,2.2761043754497523,0.1942440492264959,US,0.391304347826087,0.6020408163265306,David Jurgens,US
https://openalex.org/A5044511901,45,3,16,2.2754436030926817,0.14864197530864195,US,0.28888888888888886,0.21212121212121213,Jaap Kamps,NL
https://openalex.org/A5015630332,47,3,13,2.2752742564775748,0.1244907197827071,CA,0.2127659574468085,0.07407407407407407,M. Victoria Luzón,ES
https://openalex.org/A5029303588,27,3,12,2.274742820856893,0.12208504801097393,US,0.2222222222222222,0.22727272727272727,Paul Eggert,US
https://openalex.org/A5069485198,247,8,23,2.273169151662083,0.1695651461259814,US,0.3441295546558704,0.24242424242424243,Marco Kuhlmann,SE
https://openalex.org/A5090743286,161,4,24,2.2729115429234246,0.18984607075344317,US,0.38509316770186336,0.144,Roman Klinger,DE
https://openalex.org/A5076624374,41,3,14,2.272753534261911,0.14812611540749554,US,0.3170731707317073,0.08333333333333333,S. Palanivel,IN
https://openalex.org/A5017973533,93,4,17,2.272022027626724,0.14140363047751184,US,0.26881720430107525,0.12857142857142856,Panos Constantopoulos,GR
https://openalex.org/A5021702418,93,5,17,2.2720028067039633,0.13978494623655913,US,0.26881720430107525,0.6379310344827587,Lynn Ransom,US
https://openalex.org/A5002137758,123,3,23,2.271409419852943,0.16121356335514575,US,0.2601626016260163,0.3229166666666667,Yaqian Shi,CN
https://openalex.org/A5086487990,73,3,20,2.270380977742552,0.17095139801088383,US,0.3150684931506849,0.40350877192982454,Elena Musi,GB
https://openalex.org/A5074002980,102,3,19,2.2699445866591876,0.17589388696655134,US,0.37254901960784315,0.1794871794871795,Patrick Reuter,FR
https://openalex.org/A5051895413,66,3,13,2.2695882402600205,0.12993572084481175,US,0.24242424242424243,0.2222222222222222,Gil Francopoulo,FR
https://openalex.org/A5056328434,46,3,13,2.2693021869388694,0.12570888468809074,US,0.21739130434782608,0.2962962962962963,Jan Štěpánek,CZ
https://openalex.org/A5063848163,376,8,29,2.2687643324871707,0.1885892937980987,US,0.3404255319148936,0.6236933797909407,Diana McCarthy,GB
https://openalex.org/A5064977687,199,6,30,2.268383415021819,0.19951516375849096,US,0.3869346733668342,0.3624161073825503,Federico Nanni,DE
https://openalex.org/A5033562494,88,3,18,2.268372582534774,0.1678719008264463,US,0.3522727272727273,0.6551724137931034,Valeria de Paiva,US
https://openalex.org/A5088045012,36,4,13,2.2680311230008,0.12808641975308643,ES,0.19444444444444445,0.55,Aitziber Egusquiza,ES
https://openalex.org/A5005096951,24,3,11,2.268015842667635,0.11458333333333333,ES,0.16666666666666666,0.26666666666666666,José Luis Lerma,ES
https://openalex.org/A5080296686,146,11,24,2.267420658420966,0.16138112216175643,US,0.2534246575342466,0.37719298245614036,Mikko Tolonen,FI
https://openalex.org/A5083340449,82,4,20,2.266979848085042,0.1933372992266508,US,0.4024390243902439,0.171875,Ildikó Pilán,NO
https://openalex.org/A5026988679,75,11,15,2.265780077549622,0.13564444444444446,US,0.24,0.4375,Thierry Declerck,DE
https://openalex.org/A5089032031,291,9,33,2.265479219455492,0.22688678688253563,US,0.43986254295532645,0.3273542600896861,Bonnie Webber,GB
https://openalex.org/A5066077296,60,8,16,2.2652576470816874,0.15777777777777777,US,0.3333333333333333,0.2571428571428571,Bernardo Magnini,IT
https://openalex.org/A5025944060,241,4,25,2.263225286369549,0.17553072433325873,US,0.3029045643153527,0.32642487046632124,Ephraim Nissan,GB
https://openalex.org/A5029663653,96,6,22,2.263127258298492,0.2144097222222222,US,0.4375,0.5245901639344263,Cristina Bosco,IT
https://openalex.org/A5071882882,113,3,23,2.2619891522417963,0.19790116688855824,US,0.39823008849557523,0.2261904761904762,Giannis Tsakonas,GR
https://openalex.org/A5055529425,35,4,15,2.2604683669468275,0.16244897959183674,US,0.34285714285714286,0.5,Wenyi Shang,US
https://openalex.org/A5072493928,41,3,14,2.2594292732999453,0.13979773944080903,DE,0.24390243902439024,0.43478260869565216,Andy Lücking,DE
https://openalex.org/A5082460266,29,3,13,2.2591081801598123,0.13912009512485135,GB,0.27586206896551724,0.08,Yubin Qian,CN
https://openalex.org/A5058041556,74,3,20,2.258668390307419,0.1906501095690285,IT,0.3918918918918919,0.4838709677419355,Niccolò Pretto,IT
https://openalex.org/A5030279774,115,3,19,2.2579024103608187,0.1516068052930057,US,0.28695652173913044,0.4025974025974026,Gülşen Eryiğit,TR
https://openalex.org/A5009579756,104,4,19,2.2577782499756447,0.17474112426035504,US,0.3557692307692308,0.35802469135802467,Thorsten Ries,BE
https://openalex.org/A5061915514,63,3,21,2.2562819813193427,0.20433358528596623,US,0.4126984126984127,0.896551724137931,Chung‐Yi Hou,US
https://openalex.org/A5066030227,74,3,16,2.256137428764226,0.1504747991234478,US,0.2972972972972973,0.29545454545454547,David Mareček,CZ
https://openalex.org/A5011889540,125,3,23,2.255503161219863,0.187712,US,0.376,0.21153846153846154,Paul Clough,GB
https://openalex.org/A5085060462,26,4,14,2.2554420666088255,0.15384615384615385,GB,0.3076923076923077,0.5294117647058824,Leif Isaksen,GB
https://openalex.org/A5101957153,224,5,25,2.255202601483051,0.19957748724489796,US,0.39732142857142855,0.22941176470588234,Alexander Fraser,DE
https://openalex.org/A5020665735,28,3,12,2.2551088719235324,0.13520408163265304,US,0.2857142857142857,0.047619047619047616,Allan Hanbury,AT
https://openalex.org/A5028845571,89,3,21,2.2549509901969502,0.20262593106930946,US,0.4157303370786517,0.11864406779661017,Patrick Mapulanga,MW
https://openalex.org/A5016381010,123,6,24,2.2544026788375002,0.20047590719809635,US,0.4065040650406504,0.7837837837837838,Lora Aroyo,US
https://openalex.org/A5010343514,64,5,15,2.254089688919433,0.1494140625,GB,0.25,0.06666666666666667,Gila Prebor,IL
https://openalex.org/A5071611767,12,3,10,2.2538575896013517,0.1111111111111111,DK,0.16666666666666666,0.3,L. W. C. van Lit,NL
https://openalex.org/A5024664329,58,3,17,2.253091023694047,0.16825208085612367,US,0.3448275862068966,0.32432432432432434,Viviana Patti,IT
https://openalex.org/A5057328421,55,3,16,2.252543389405139,0.15834710743801653,US,0.32727272727272727,0.1111111111111111,Filip Klubička,HR
https://openalex.org/A5006827595,78,3,17,2.2518552255066147,0.16633793556870477,GR,0.34615384615384615,0.4909090909090909,Pavlos Fafalios,GR
https://openalex.org/A5059492029,28,3,12,2.251600818145708,0.13010204081632654,US,0.25,0.3888888888888889,Jorge Baptista,CL;PT
https://openalex.org/A5003763773,38,3,14,2.2514709063414724,0.1412742382271468,US,0.2631578947368421,0.5,Rainer Simon,GB
https://openalex.org/A5004444958,116,10,20,2.25008661051464,0.19456004756242565,US,0.4051724137931034,0.3291139240506329,Yusuke Miyao,JP
https://openalex.org/A5022023965,97,4,21,2.249285578204479,0.19056222765437347,US,0.3917525773195876,0.175,Alyssa Arbuckle,GB
https://openalex.org/A5100672312,46,5,14,2.2492792675730087,0.1502835538752363,US,0.30434782608695654,0.2222222222222222,Jun Wang,CN
https://openalex.org/A5010723046,161,16,21,2.2491436976401067,0.1501871069788974,FI,0.2795031055900621,0.5172413793103449,Mikko Koho,FI
https://openalex.org/A5110152763,26,3,11,2.2483862946790656,0.1183431952662722,US,0.19230769230769232,0.13636363636363635,Alejandro León,ES
https://openalex.org/A5014423423,69,3,17,2.248182919072431,0.1653014072673808,US,0.3333333333333333,0.5625,Birgit Endraß,DE;US
https://openalex.org/A5100333729,195,5,26,2.2479689438591324,0.2095726495726496,US,0.4153846153846154,0.23943661971830985,Yue Zhang,GB
https://openalex.org/A5049798044,116,4,23,2.2471224236870984,0.19366825208085614,US,0.39655172413793105,0.5227272727272727,Veljko Dubljević,US
https://openalex.org/A5012681064,38,6,14,2.245483766772866,0.14542936288088643,US,0.2894736842105263,0,Darinka Verdonik,SI
https://openalex.org/A5075631545,152,3,22,2.2449998756348664,0.22126038781163435,US,0.4473684210526316,0.08108108108108109,Bart Desmet,BE
https://openalex.org/A5028760842,139,4,22,2.244708685509805,0.15604782361161432,NL,0.22302158273381295,0.5092592592592593,Mehdi Dastani,NL
https://openalex.org/A5041588827,21,3,12,2.243618513741878,0.1383219954648526,US,0.2857142857142857,0.058823529411764705,José Carlos Mariátegui,IT
https://openalex.org/A5058807988,350,16,33,2.241674719081786,0.2,US,0.32857142857142857,0.4409722222222222,Claire Warwick,GB
https://openalex.org/A5034058346,91,3,21,2.2414565600393384,0.18270740248762227,US,0.3626373626373626,0.6666666666666666,John W. Murphy,US
https://openalex.org/A5033031761,39,6,13,2.2403314261730043,0.13872452333990798,GB,0.23076923076923078,0.25,Andrew Wilson,GB
https://openalex.org/A5079355657,51,6,15,2.2400559382174206,0.15340253748558244,DE,0.2549019607843137,0.40625,Giuseppe Abrami,DE
https://openalex.org/A5065784264,86,8,17,2.2398369246059735,0.1584640346133045,US,0.313953488372093,0.13414634146341464,Arun Kumar Tripathi,IN
https://openalex.org/A5050966080,22,3,12,2.2397458666084575,0.13636363636363635,SE,0.2727272727272727,0.5,Beáta Megyesi,SE
https://openalex.org/A5048857081,110,5,22,2.239114267857165,0.18099173553719006,US,0.3090909090909091,0.35365853658536583,Martin Paul Eve,GB
https://openalex.org/A5049148461,478,11,42,2.2386195469180272,0.2734108296423382,US,0.5062761506276151,0.6684210526315789,Edward A. Fox,US
https://openalex.org/A5002889503,61,4,18,2.2379508581566916,0.19699005643644182,US,0.4098360655737705,0,Surangika Ranathunga,LK
https://openalex.org/A5074866247,43,3,16,2.2375738594365107,0.17036235803136832,IT,0.3488372093023256,0.4166666666666667,Luca Lombardi,IT
https://openalex.org/A5070155789,203,5,28,2.2362288306137033,0.21206532553568397,US,0.4039408866995074,0.24848484848484848,Thomas Risse,DE
https://openalex.org/A5050120100,39,5,14,2.2357016225737953,0.14398422090729782,GB,0.2564102564102564,0.27586206896551724,Kim Martin,CA
https://openalex.org/A5063718835,39,5,14,2.2357016225737953,0.14398422090729782,GB,0.2564102564102564,0.27586206896551724,Anabel Quan‐Haase,CA
https://openalex.org/A5059558616,157,5,28,2.235432263118936,0.22211854436285447,US,0.4267515923566879,0.07563025210084033,Dana McKay,NZ
https://openalex.org/A5071798304,97,3,25,2.2351213346202723,0.19778935062174513,US,0.3402061855670103,0.35135135135135137,Hermann Kroll,DE
https://openalex.org/A5070222190,64,6,17,2.234417711640699,0.17431640625,US,0.359375,0.08823529411764706,Toshiaki Nakazawa,JP
https://openalex.org/A5079026902,48,5,16,2.234201505507512,0.1701388888888889,US,0.3541666666666667,0.2727272727272727,Catherine Pélachaud,FR
https://openalex.org/A5024890366,55,3,12,2.2332777229855534,0.12859504132231406,US,0.21818181818181817,0.5217391304347826,Carolyn Hank,US
https://openalex.org/A5056436366,32,5,14,2.232460345685437,0.15234375,GB,0.28125,0.44,Elton Barker,GB
https://openalex.org/A5091536677,32,3,14,2.232460345685437,0.15234375,US,0.28125,0.25,Hendrik Herold,DE
https://openalex.org/A5007287346,94,7,18,2.2323119199374406,0.1699864191942055,US,0.3404255319148936,0.2631578947368421,Randa El Khatib,GB
https://openalex.org/A5034544789,82,3,23,2.2314425637954542,0.23497917906008328,US,0.4634146341463415,0.6666666666666666,Jon Chun,US
https://openalex.org/A5010503433,176,4,30,2.2310800011723133,0.23586002066115702,US,0.4602272727272727,0.27941176470588236,Sarantos Kapidakis,GR
https://openalex.org/A5089038869,28,6,12,2.2298696499971644,0.13265306122448978,GB,0.21428571428571427,0.13043478260869565,Gimena del Río Riande,AR
https://openalex.org/A5047059560,102,8,18,2.2296733922891967,0.15263360246059207,US,0.2549019607843137,0.3918918918918919,Rongqian Ma,US
https://openalex.org/A5042375258,36,3,12,2.2295229463030255,0.12962962962962962,GB,0.19444444444444445,0.21875,Alice Fiorentino,FR
https://openalex.org/A5056684559,91,5,19,2.228890722550015,0.16894094916072935,US,0.31868131868131866,0.609375,Elisabeth André,DE
https://openalex.org/A5057630576,90,3,17,2.228817180584565,0.15382716049382714,US,0.28888888888888886,0.2833333333333333,Alessio Palmero Aprosio,IT
https://openalex.org/A5030854263,82,4,19,2.2281669403843365,0.18709101725163593,US,0.3780487804878049,0.22807017543859648,Anja Richert,DE
https://openalex.org/A5091081930,54,3,15,2.2279073729967513,0.15980795610425239,US,0.3333333333333333,0.15384615384615385,Dominiek Sandra,BE
https://openalex.org/A5019439792,62,4,16,2.2273270734264505,0.17637877211238295,US,0.3709677419354839,0.02631578947368421,Pruthwik Mishra,IN
https://openalex.org/A5033951837,36,4,14,2.2255410834687854,0.1589506172839506,US,0.3333333333333333,0,Steven Coats,FI
https://openalex.org/A5020068498,350,6,39,2.2252172753842356,0.26088163265306125,US,0.49142857142857144,0.5777777777777777,Brian Roark,US
https://openalex.org/A5039315268,22,3,12,2.224300499627058,0.14049586776859502,US,0.2727272727272727,0,Antoni Oliver,ES
https://openalex.org/A5041456603,22,3,12,2.224300499627058,0.14049586776859502,US,0.2727272727272727,0,Micaela Aguiar,PT
https://openalex.org/A5067247134,22,3,12,2.224300499627058,0.14049586776859502,US,0.2727272727272727,0,Sílvia Araújo,PT
https://openalex.org/A5102715103,196,3,20,2.224298640926146,0.19340899625156183,US,0.3979591836734694,0.543046357615894,Paola Merlo,CH
https://openalex.org/A5081337679,112,5,19,2.224057849636228,0.17012117346938777,US,0.3392857142857143,0.3258426966292135,Peter Bell,DE
https://openalex.org/A5017503149,114,4,18,2.2223603706229085,0.167590027700831,US,0.3333333333333333,0.6056338028169014,Roeland Ordelman,NL
https://openalex.org/A5077497779,106,7,24,2.221341124525483,0.23460306158775365,US,0.46226415094339623,0.550561797752809,Chris Alen Sula,US
https://openalex.org/A5043344696,344,3,34,2.2212006244837954,0.24643388318009735,US,0.4738372093023256,0.6626016260162602,Benjamin K. Bergen,US
https://openalex.org/A5088665315,64,3,18,2.2211978560087084,0.205078125,US,0.421875,0.7352941176470589,Zdeňka Urešová,CZ
https://openalex.org/A5016251992,51,4,16,2.22087239316351,0.15724721261053443,IT,0.29411764705882354,0.39473684210526316,Christian Morbidoni,IT
https://openalex.org/A5067393355,131,5,21,2.2205076038744513,0.17801992890857177,GB,0.3435114503816794,0.18556701030927836,Chonglong Gu,HK
https://openalex.org/A5006358945,99,5,20,2.220389624906431,0.1841648811345781,US,0.3333333333333333,0.43661971830985913,Miriam Butt,DE
https://openalex.org/A5044762550,33,4,14,2.2203839560918963,0.1496786042240588,IT,0.24242424242424243,0.5217391304347826,Valeria Quochi,IT
https://openalex.org/A5004638212,35,3,15,2.21627699907204,0.17714285714285716,ES,0.37142857142857144,0.40625,Víctor Manuel López-Menchero Bendicho,ES
https://openalex.org/A5002462356,162,3,24,2.216259283129961,0.177030940405426,US,0.3271604938271605,0.5752212389380531,Frank Drewes,SE
https://openalex.org/A5070380110,291,5,29,2.21541818012887,0.218478761469515,US,0.42955326460481097,0.3786407766990291,Jan-Christoph Klie,DE
https://openalex.org/A5012766481,142,10,20,2.2139535621945887,0.18607419162864514,US,0.36619718309859156,0.26595744680851063,Renata Vieira,PT
https://openalex.org/A5065474822,232,9,36,2.2128894174134772,0.2540873959571938,US,0.4698275862068966,0.56476683937823835,Richard Furuta,US
https://openalex.org/A5028939608,203,6,28,2.212724207646051,0.19512727802179136,US,0.3645320197044335,0.26993865030674846,Takayuki Kanda,JP
https://openalex.org/A5027008075,41,5,14,2.2122644722795415,0.1505056513979774,GB,0.24390243902439024,0.08823529411764706,Yuxiang Zhao,CN
https://openalex.org/A5001187074,67,3,19,2.2095476658660127,0.18734684785030073,US,0.3582089552238806,0.06779661016949153,Yves Bestgen,BE
https://openalex.org/A5010018979,64,3,14,2.2089308716977163,0.14208984375,US,0.25,0.14583333333333334,Vayianos Pertsas,GR
https://openalex.org/A5014687886,93,4,17,2.2072821126660327,0.1788646086252746,SE,0.3655913978494624,0.3684210526315789,Francesco Vallerossa,IT
https://openalex.org/A5088821287,113,4,18,2.206869037176428,0.16720181690030544,US,0.3008849557522124,0.711864406779661,Angus Whyte,GB
https://openalex.org/A5019225012,181,3,31,2.2056559837186676,0.24874088092549068,CN,0.4696132596685083,0.5704697986577181,Kai Cui,CN
https://openalex.org/A5030771512,63,6,17,2.2044289009773506,0.17057193247669436,US,0.3333333333333333,0.4222222222222222,Richard Tzong‐Han Tsai,TW
https://openalex.org/A5058881904,56,4,16,2.2036969910166415,0.15752551020408162,US,0.2857142857142857,0.1951219512195122,Mirko Tavoni,IT
https://openalex.org/A5042043337,44,5,15,2.203112597663483,0.17458677685950413,US,0.36363636363636365,0.15625,Brigitte Krenn,AT
https://openalex.org/A5083307694,107,3,21,2.2030987440626086,0.17739540571228926,US,0.3177570093457944,0.38271604938271603,Nello Cristianini,GB
https://openalex.org/A5101788189,40,3,15,2.2028204056022815,0.165,CN,0.325,0.4642857142857143,Dongbo Wang,CN
https://openalex.org/A5020989002,38,3,14,2.2000602816489008,0.15650969529085873,US,0.2894736842105263,0.030303030303030304,Miłosz Stelmach,PL
https://openalex.org/A5047605634,66,3,16,2.1996813363700385,0.15472910927456382,US,0.2727272727272727,0.15384615384615385,Gordana Dodig-Crnković,SE
https://openalex.org/A5003446912,63,3,18,2.1996091689444213,0.21088435374149658,US,0.42857142857142855,0.045454545454545456,Natalia Loukachevitch,RU
https://openalex.org/A5044770336,84,3,16,2.1981818236362076,0.1717687074829932,US,0.34523809523809523,0.05555555555555555,Max Kemman,LU
https://openalex.org/A5006300553,31,3,12,2.1978550743448526,0.14464099895941726,US,0.2903225806451613,0.08333333333333333,Paola Celentin,IT
https://openalex.org/A5047823931,23,3,11,2.197653559417036,0.13043478260869565,US,0.21739130434782608,0.26666666666666666,José Manuel Martínez Martínez,DE
https://openalex.org/A5020363123,36,3,12,2.1969162725749976,0.13580246913580246,US,0.2222222222222222,0.35714285714285715,Malte Rehbein,DE;MN
https://openalex.org/A5031671568,55,3,14,2.1966645322269245,0.15173553719008262,GB,0.2545454545454545,0.9615384615384616,Jonathan Tedds,GB
https://openalex.org/A5009440845,22,3,12,2.1960516973750748,0.15289256198347106,US,0.3181818181818182,0.16666666666666666,Miguel Escobar Varela,SG
https://openalex.org/A5016391596,110,4,20,2.195905661159827,0.19239669421487604,US,0.39090909090909093,0.14634146341463414,Qin Lu,HK
https://openalex.org/A5113617702,46,3,15,2.195170328957649,0.16162570888468808,GB,0.2608695652173913,0.39473684210526316,Maria das Graças Volpe Nunes,BR
https://openalex.org/A5075943427,84,3,24,2.1942312807953623,0.25538548752834467,US,0.4880952380952381,0.7068965517241379,Katherine Elkins,US
https://openalex.org/A5040363499,110,3,17,2.1939308451445605,0.17206611570247932,DE,0.2818181818181818,0.6111111111111112,Hubert Mara,DE;US
https://openalex.org/A5055359934,110,3,17,2.1939308451445605,0.17206611570247932,DE,0.2818181818181818,0.6111111111111112,Bartosz Bogacz,DE;US
https://openalex.org/A5048408884,88,3,20,2.1919579663324646,0.20377066115702483,US,0.4090909090909091,0.410958904109589,Aoife Cahill,IE
https://openalex.org/A5043718944,66,6,18,2.1918109696457395,0.2001836547291093,US,0.4090909090909091,0.075,Attila Novák,HU
https://openalex.org/A5017467259,141,12,21,2.1911339607270803,0.17961873145214025,GB,0.3120567375886525,0.030612244897959183,Ivandré Paraboni,PE
https://openalex.org/A5084517393,452,20,36,2.1906906841573277,0.2703324457670921,US,0.5022123893805309,0.5692771084337349,Nizar Habash,US
https://openalex.org/A5101855592,187,5,33,2.190138829732808,0.25848608767765735,US,0.48663101604278075,0.10256410256410256,Juan Luis Suárez,CA
https://openalex.org/A5083792330,118,12,17,2.1886078744984605,0.1486641769606435,GB,0.2542372881355932,0.4666666666666667,Øyvind Eide,DE
https://openalex.org/A5026521498,19,6,10,2.187270992063101,0.12465373961218834,US,0.21052631578947367,0.15384615384615385,Mats Fridlund,SE
https://openalex.org/A5079619886,139,3,20,2.187221037181161,0.191242689301796,US,0.381294964028777,0.6373626373626373,Thomas Funkhouser,US
https://openalex.org/A5052195291,40,3,12,2.185701964664169,0.13874999999999998,US,0.25,0.56,Alexandre Rademaker,BR;US
https://openalex.org/A5078932059,108,3,20,2.1856713416009343,0.20061728395061726,US,0.4074074074074074,0.14864864864864866,Bernhard Haslhofer,AT
https://openalex.org/A5057033593,157,3,25,2.185026599265889,0.22779828796300053,US,0.4394904458598726,0.1532258064516129,Laura Plaza,ES
https://openalex.org/A5068504877,327,9,24,2.1846085323250786,0.20354627837162978,US,0.40672782874617736,0.5330396475770925,Giorgio Satta,IT
https://openalex.org/A5088654932,28,3,12,2.18443872999759,0.14795918367346939,US,0.2857142857142857,0.20833333333333334,Anna De Marco,IT
https://openalex.org/A5076549048,30,3,13,2.1828974994105366,0.1622222222222222,US,0.3333333333333333,0.13636363636363635,Roman Schneider,DE
https://openalex.org/A5038681243,68,5,15,2.1822661350772767,0.1583044982698962,IT,0.3088235294117647,0.5882352941176471,Paola Ronzino,IT
https://openalex.org/A5043486945,118,3,20,2.1811615447140404,0.21114622234989944,US,0.423728813559322,0.1724137931034483,Stefan Kopp,DE
https://openalex.org/A5074779761,33,3,14,2.181015234069327,0.17722681359044995,US,0.36363636363636365,0.16666666666666666,Konstantinos Kyprianos,GR
https://openalex.org/A5043841899,20,5,11,2.180945560561596,0.14500000000000002,IT,0.3,0.4,Massimo Prada,IT
https://openalex.org/A5003870894,248,11,23,2.179376989669226,0.1865894901144641,US,0.36693548387096775,0.5409836065573771,Sebastian Padó,DE
https://openalex.org/A5073435985,25,3,11,2.1788840333607156,0.136,US,0.24,0.2222222222222222,Arkadiusz Janz,PL
https://openalex.org/A5087794293,109,3,21,2.17853302798471,0.21067250231462,US,0.41284403669724773,0.26506024096385544,Christos Papatheodorou,GR
https://openalex.org/A5005474414,433,8,37,2.178445372019495,0.25373755260308606,US,0.47575057736720555,0.735202492211838,Franciska de Jong,NL
https://openalex.org/A5006446756,128,3,19,2.178152839036066,0.1826171875,US,0.34375,0.29347826086956524,Daniele P. Radicioni,IT
https://openalex.org/A5088328008,34,3,14,2.1780064818880716,0.17301038062283738,GB,0.35294117647058826,0.09375,Abdulmohsen Al-Thubaity,SA
https://openalex.org/A5103029787,26,3,13,2.1776047163774317,0.16863905325443787,US,0.34615384615384615,0.46153846153846156,Rui Correia,PT
https://openalex.org/A5081950770,26,3,12,2.1776047163774312,0.14497041420118345,CH,0.23076923076923078,0.35294117647058826,Oliver Bendel,CH
https://openalex.org/A5062662647,15,3,10,2.176185661560307,0.12888888888888891,DE,0.2,0.42857142857142855,Piotr Pęzik,PL
https://openalex.org/A5109041926,30,3,14,2.176185661560307,0.19111111111111115,US,0.4,0.21739130434782608,Varvara Logacheva,RU
https://openalex.org/A5017535472,135,5,24,2.1760096438629906,0.22754458161865568,US,0.4444444444444444,0.1388888888888889,Lluís Padró,ES
https://openalex.org/A5020877325,222,10,26,2.1756194846655905,0.20034899764629496,JP,0.3153153153153153,0.41379310344827586,Tatsuya Nomura,JP
https://openalex.org/A5038612405,213,8,24,2.1751082444476357,0.17741188917542816,US,0.323943661971831,0.15976331360946747,Marco Baroni,IT
https://openalex.org/A5044567059,54,3,15,2.174169694128231,0.16392318244170095,US,0.2962962962962963,0.5333333333333333,James H. Brusuelas,US
https://openalex.org/A5063485128,91,3,21,2.172461390621679,0.21700277744233787,US,0.42857142857142855,0.18840579710144928,Teemu Ruokolainen,FI
https://openalex.org/A5009482088,45,3,15,2.172173165107659,0.17234567901234568,US,0.3333333333333333,0.058823529411764705,Benjamin Adams,NZ
https://openalex.org/A5049747132,95,3,17,2.1720113474810483,0.15922437673130194,US,0.24210526315789474,0.14473684210526316,Fabio Tollon,DE
https://openalex.org/A5054610664,88,3,16,2.1719653585170664,0.19266528925619833,US,0.3977272727272727,0.13846153846153847,John M. Carroll,GB
https://openalex.org/A5013658527,95,3,19,2.1718537374559683,0.1716343490304709,US,0.29473684210526313,0.2857142857142857,Michael Elhadad,IL
https://openalex.org/A5001438384,30,5,12,2.17157089695751,0.16,US,0.3333333333333333,0.56,Mans Hulden,US
https://openalex.org/A5112142067,32,3,10,2.1709708143566115,0.130859375,US,0.25,0.375,Evandro Fonseca,BR;US
https://openalex.org/A5052407843,66,5,14,2.169229206730544,0.17079889807162538,US,0.3484848484848485,0.19230769230769232,Maciej Eder,PL
https://openalex.org/A5048855408,111,3,25,2.1691205717052506,0.25606687768849934,US,0.4864864864864865,0.2976190476190476,Gerd Kortemeyer,CH
https://openalex.org/A5007367807,50,5,12,2.1690161234775287,0.14720000000000003,US,0.26,0.37037037037037035,Elke Teich,DE
https://openalex.org/A5015070080,74,5,19,2.1687912390001807,0.21183345507669832,US,0.4189189189189189,0.018518518518518517,Phillippe Langlais,CA
https://openalex.org/A5078953383,35,3,12,2.1679892678122616,0.15428571428571428,US,0.3142857142857143,0.16666666666666666,Gaël de Chalendar,FR
https://openalex.org/A5047512371,75,4,16,2.1674568079017993,0.18435555555555558,US,0.37333333333333335,0.09803921568627451,Miquel Esplà-Gomis,ES
https://openalex.org/A5059183364,66,7,21,2.1669290690831566,0.24242424242424243,US,0.4696969696969697,0.6415094339622641,Marcia Lei Zeng,US
https://openalex.org/A5062570637,29,3,11,2.166506035750685,0.1343638525564804,DE,0.20689655172413793,0.35294117647058826,Mihaela Vela,DE
https://openalex.org/A5043855577,70,3,16,2.1664818315662293,0.17224489795918366,US,0.3142857142857143,0.3191489361702128,Gemma Bel-Enguix,FR
https://openalex.org/A5110428773,119,3,20,2.165980469037488,0.1924299131417273,US,0.3697478991596639,0.25882352941176473,Aina Peris,ES
https://openalex.org/A5085719625,335,10,38,2.165680967424893,0.29566495878814886,US,0.5313432835820896,0.6568265682656826,Michele C. Weigle,US
https://openalex.org/A5009134331,175,4,21,2.165411332529154,0.2246857142857143,US,0.44571428571428573,0.19858156028368795,Roser Morante,BE
https://openalex.org/A5029336209,122,5,20,2.164369902268156,0.2014243482934695,US,0.4016393442622951,0.18292682926829268,Gerik Scheuermann,DE
https://openalex.org/A5017544608,137,5,21,2.1637066065171275,0.18962118386701474,US,0.36496350364963503,0.0847457627118644,Lorella Viola,NL
https://openalex.org/A5101722493,78,4,23,2.163618921755873,0.24884944115713345,US,0.47435897435897434,0.7454545454545455,David A. Smith,US
https://openalex.org/A5057735324,46,6,12,2.1623089825738298,0.13705103969754254,GB,0.1956521739130435,0.1388888888888889,Fan Fengxiang,CN
https://openalex.org/A5011827545,89,4,22,2.162204973284795,0.25186213861886125,US,0.48314606741573035,0.6557377049180327,Josef Ruppenhofer,DE
https://openalex.org/A5049768940,205,7,24,2.1621849234259574,0.21856038072575845,US,0.4195121951219512,0.21511627906976744,Mark Stevenson,GB
https://openalex.org/A5012866534,65,3,20,2.161951808975767,0.23644970414201186,US,0.46153846153846156,0.5660377358490566,Sara Mannheimer,US
https://openalex.org/A5065382850,217,11,24,2.1617198677319127,0.2146361145915182,US,0.41935483870967744,0.26256983240223464,Manfred Stede,DE
https://openalex.org/A5055699066,37,5,14,2.161711144796205,0.1950328707085464,US,0.40540540540540543,0.07407407407407407,Behnam Sabeti,IR
https://openalex.org/A5068508539,315,5,34,2.1616253452701457,0.2838095238095239,US,0.5174603174603175,0.6861924686192469,Chris Callison-Burch,US
https://openalex.org/A5026333045,107,3,23,2.160819717124478,0.22595859900427984,US,0.4392523364485981,0.03614457831325301,Susan Leavy,IE
https://openalex.org/A5082609675,26,4,11,2.160757655632436,0.14201183431952663,US,0.2692307692307692,0.38461538461538464,Koenraad De Smedt,NO
https://openalex.org/A5082432511,83,3,14,2.1603514749078,0.15401364494121061,IT,0.2891566265060241,0.34782608695652173,Diego Magro,IT
https://openalex.org/A5061021795,74,5,14,2.1602369946504094,0.16581446311176043,US,0.32432432432432434,0.23636363636363636,Michael Gertz,DE
https://openalex.org/A5006914318,23,5,10,2.160129810836369,0.13043478260869565,US,0.21739130434782608,0.3,Claudia Soria,IT
https://openalex.org/A5069625710,61,3,17,2.159973166054046,0.1969900564364418,US,0.39344262295081966,0.10638297872340426,H. Yokoyama,JP
https://openalex.org/A5111477044,122,5,19,2.1597273292964028,0.1906745498521903,US,0.36885245901639346,0.25,Horacio Rodríguez,ES
https://openalex.org/A5041024491,477,7,38,2.1595942352693713,0.22591845435087396,US,0.4171907756813417,0.5617977528089888,Mirella Lapata,GB
https://openalex.org/A5045584156,42,4,14,2.1595565294588566,0.17573696145124718,US,0.35714285714285715,0.16666666666666666,Takafumi Suzuki,JP
https://openalex.org/A5073919282,66,3,17,2.1593734842111383,0.18549127640036733,US,0.3484848484848485,0.2545454545454545,Daniel A. Keim,DE
https://openalex.org/A5011096211,78,5,19,2.1590069999815285,0.19000657462195925,US,0.3076923076923077,0.3492063492063492,Alan Cottey,GB
https://openalex.org/A5103541274,63,4,16,2.158565453072179,0.19526329050138572,US,0.3968253968253968,0.2222222222222222,Anupam Basu,IN
https://openalex.org/A5054608227,95,7,16,2.157330506478591,0.16454293628808864,FI,0.3157894736842105,0.40540540540540543,Minna Tamper,FI
https://openalex.org/A5010144873,207,6,21,2.156767444656941,0.21683119792760627,US,0.42995169082125606,0.281437125748503,Caroline Sporleder,DE
https://openalex.org/A5075761551,175,7,23,2.156645333374457,0.20568163265306125,US,0.37714285714285717,0.3028169014084507,Satinder P. Gill,GB
https://openalex.org/A5112741673,41,6,14,2.156430174225343,0.16716240333135038,US,0.3170731707317073,0.1935483870967742,Bolette Sandford Pedersen,DK
https://openalex.org/A5001370002,64,8,16,2.156161846240364,0.17529296875,US,0.3125,0.2727272727272727,H.S. Dhami,IN
https://openalex.org/A5068361127,30,3,10,2.1554698732421858,0.13111111111111112,IT,0.23333333333333334,0.16666666666666666,Gerald Hiebel,AT
https://openalex.org/A5045306408,54,4,15,2.1543790602331,0.16941015089163236,DE,0.2777777777777778,0.5,Maja Popović,DE
https://openalex.org/A5047151336,205,10,25,2.153127151010348,0.1948602022605592,US,0.36097560975609755,0.5,Eneko Agirre,ES
https://openalex.org/A5053230169,99,5,17,2.1531167593233724,0.1751862054892358,US,0.30303030303030304,0.379746835443038,Aitor Soroa,ES
https://openalex.org/A5069821716,71,6,19,2.1505709775957746,0.19579448522118625,GB,0.30985915492957744,0.43859649122807015,Stuart Dunn,GB
https://openalex.org/A5039394295,17,3,10,2.1500602244842355,0.13494809688581316,GB,0.23529411764705882,0.06666666666666667,Fabiane Führ,BR
https://openalex.org/A5009697206,41,3,12,2.1497053426426165,0.14693634741225461,US,0.24390243902439024,0.4857142857142857,Maud Ehrmann,CH
https://openalex.org/A5087317462,46,4,15,2.149039967831664,0.19470699432892252,US,0.391304347826087,0.17073170731707318,Sofia Zapounidou,GR
https://openalex.org/A5084402546,66,3,19,2.1483575378546145,0.2323232323232323,US,0.45454545454545453,0.7317073170731707,Micah Altman,US
https://openalex.org/A5089787580,138,3,24,2.1475007439845233,0.2282083595883218,US,0.427536231884058,0.2857142857142857,Gerhard Gossen,DE
https://openalex.org/A5046749782,61,3,16,2.14687401784634,0.2104273044880408,US,0.4262295081967213,0.125,Iana Atanassova,FR
https://openalex.org/A5007586603,27,3,12,2.1458803417391863,0.16323731138545952,DE,0.3333333333333333,0.5,Paul Molitor,DE
https://openalex.org/A5031643099,27,3,12,2.1458803417391863,0.16323731138545952,DE,0.3333333333333333,0.5,J. Ritter,DE
https://openalex.org/A5004268590,125,4,21,2.145574947013155,0.22022399999999998,US,0.432,0.36363636363636365,Laura Kallmeyer,DE
https://openalex.org/A5080300851,160,5,31,2.143572312056723,0.251796875,US,0.46875,0.6486486486486487,Ossama Obeid,AE
https://openalex.org/A5052468484,41,4,15,2.1427888171320495,0.18024985127900062,US,0.34146341463414637,0.21052631578947367,Tayebeh Mosavi Miangah,IR
https://openalex.org/A5051244131,54,3,14,2.1422713141824974,0.17695473251028807,US,0.35185185185185186,0.13333333333333333,Mark J. Hill,FI
https://openalex.org/A5048736402,60,3,18,2.142184105397358,0.21944444444444447,US,0.43333333333333335,0.6190476190476191,Yuval Marton,AT
https://openalex.org/A5044948242,62,4,15,2.1418938951118793,0.16857440166493234,US,0.3225806451612903,0.14705882352941177,Sanja Štajner,DE
https://openalex.org/A5020945377,423,10,25,2.1418900938638314,0.2385136003666259,US,0.46099290780141844,0.6645569620253164,Daniel Gildea,US
https://openalex.org/A5073264941,131,11,20,2.1418709131015263,0.20377600372938642,US,0.40458015267175573,0.13592233009708737,Germán Rigau,ES
https://openalex.org/A5037912029,99,7,17,2.1416784081916935,0.19620446893174165,US,0.3939393939393939,0.08695652173913043,Paul Cook,BE;ZA
https://openalex.org/A5061807922,105,3,18,2.1396548712501406,0.17895691609977324,US,0.3142857142857143,0.3103448275862069,Oier López de Lacalle,ES;GB
https://openalex.org/A5005934819,13,5,9,2.1383972463477243,0.12426035502958581,CN,0.15384615384615385,0,Konstantin Ryabinin,RU
https://openalex.org/A5009539280,12,4,9,2.1383330595080277,0.125,BR,0.16666666666666666,0.1111111111111111,Ignacio Bugueño-Córdova,CL
https://openalex.org/A5043845890,23,3,11,2.1373798915422584,0.1493383742911153,US,0.2608695652173913,0.29411764705882354,Jan Kocoń,PL
https://openalex.org/A5056679551,81,4,18,2.1367730706735166,0.19981710105166892,US,0.3950617283950617,0.1724137931034483,Sidney Evaldo Leal,BR
https://openalex.org/A5101756071,54,4,15,2.136038501269484,0.18449931412894374,US,0.37037037037037035,0.7407407407407407,Eduardo Blanco,US
https://openalex.org/A5074720526,109,9,25,2.135518541713815,0.21959431024324555,US,0.41284403669724773,0.2235294117647059,Manuel Burghardt,DE
https://openalex.org/A5002196974,46,6,13,2.134587778825739,0.16351606805293004,US,0.2826086956521739,0.4838709677419355,Masayuki Asahara,JP
https://openalex.org/A5035215828,22,3,10,2.134356682630404,0.13636363636363635,US,0.22727272727272727,0.23529411764705882,Wenqi Li,CN
https://openalex.org/A5078892242,32,3,13,2.130871916500609,0.169921875,US,0.3125,0.19230769230769232,Yoshija Walter,CH
https://openalex.org/A5016174489,40,4,14,2.1304738860099084,0.1775,US,0.35,0.18518518518518517,Peter Bourgonje,DE
https://openalex.org/A5001653924,39,5,13,2.1293511177586164,0.17817225509533202,SE,0.358974358974359,0.5555555555555556,Dana Dannélls,SE
https://openalex.org/A5064974921,66,3,20,2.1284381138457733,0.2539026629935721,US,0.48484848484848486,0.6511627906976745,Ines Rehbein,DE
https://openalex.org/A5088565202,44,4,13,2.128207214345203,0.17768595041322313,US,0.36363636363636365,0.12121212121212122,Olivier Ferret,FR
https://openalex.org/A5017080439,111,5,26,2.1267129457650435,0.2794416037659281,US,0.5135135135135135,0.6785714285714286,Erik Radio,US
https://openalex.org/A5000404764,87,6,17,2.1265550291767648,0.16977143612101997,US,0.26436781609195403,0.375,Tanja Säily,FI
https://openalex.org/A5100427076,62,3,16,2.1261489138340592,0.20967741935483872,US,0.41935483870967744,0.06818181818181818,Jiajun Chen,CN
https://openalex.org/A5102865824,62,3,16,2.1261489138340592,0.20967741935483872,US,0.41935483870967744,0.06818181818181818,Shujian Huang,CN
https://openalex.org/A5102994315,62,3,16,2.1261489138340592,0.20967741935483872,US,0.41935483870967744,0.06818181818181818,Xinyu Dai,CN
https://openalex.org/A5019260966,167,6,23,2.125719955435221,0.23001900390835095,US,0.4431137724550898,0.11764705882352941,Pavel Pecina,CZ
https://openalex.org/A5014086872,112,4,23,2.125395150518444,0.25510204081632654,US,0.48214285714285715,0.25274725274725274,Martyn Harris,GB
https://openalex.org/A5059202822,102,6,17,2.1252877840582918,0.1903114186851211,US,0.37254901960784315,0.1267605633802817,Sandra Maria Aluísio,BR
https://openalex.org/A5109994521,154,5,21,2.124464811078116,0.22238151458930677,US,0.42857142857142855,0.512396694214876,Aravind K. Joshi,US
https://openalex.org/A5020424604,28,3,13,2.123934226241415,0.1913265306122449,US,0.39285714285714285,0.3333333333333333,Ichiro Fujinaga,CA
https://openalex.org/A5110302916,45,4,13,2.1221427667263555,0.18419753086419752,US,0.37777777777777777,0.15625,Nasredine Semmar,FR
https://openalex.org/A5068512024,52,4,14,2.121933290592676,0.17011834319526625,ES,0.2692307692307692,0.358974358974359,César González-Ferreras,ES
https://openalex.org/A5033236044,165,6,23,2.121259006900792,0.1975757575757576,US,0.3575757575757576,0.17692307692307693,Oliviero Stock,IT
https://openalex.org/A5035117073,48,5,16,2.121038813331076,0.19618055555555555,US,0.375,0.21951219512195122,Urszula Pawlicka-Deger,GB
https://openalex.org/A5012058127,56,4,15,2.120788782204571,0.1836734693877551,GR,0.32142857142857145,0.3333333333333333,Kyriakos Sgarbas,GR
https://openalex.org/A5067604806,68,4,17,2.1205621944741897,0.19550173010380625,US,0.35294117647058826,0.38636363636363635,Kaspar Beelen,GB
https://openalex.org/A5008810983,18,4,10,2.12020822394067,0.1419753086419753,IT,0.2222222222222222,0.26666666666666666,Alessandra Setti,IT
https://openalex.org/A5043172131,18,4,10,2.12020822394067,0.1419753086419753,IT,0.2222222222222222,0.26666666666666666,Virginio Cantoni,IT
https://openalex.org/A5026244674,17,3,9,2.11928092190985,0.12802768166089967,FR,0.17647058823529413,0.13333333333333333,Pedro Cano,ES
https://openalex.org/A5068310714,17,3,11,2.11928092190985,0.16955017301038064,US,0.35294117647058826,0.25,Sérgio Manuel Serra da Cruz,BR
https://openalex.org/A5061141515,35,3,13,2.118962428899026,0.17551020408163265,US,0.34285714285714286,0.14814814814814814,Itziar González-Dios,ES
https://openalex.org/A5056086147,68,4,14,2.117608395750709,0.16782006920415224,US,0.29411764705882354,0.45454545454545453,Philipp Cimiano,DE
https://openalex.org/A5074797749,38,4,13,2.1174421536860772,0.167590027700831,US,0.2894736842105263,0.03571428571428571,Борис Орехов,RU
https://openalex.org/A5103944315,49,3,15,2.116776141703106,0.19533527696793002,US,0.3877551020408163,0.037037037037037035,João António Rodrigues,PT
https://openalex.org/A5038574146,33,3,12,2.1167123064391653,0.15702479338842976,US,0.2727272727272727,0.25,Susana Benavente Ferrera,IT
https://openalex.org/A5064802580,30,4,13,2.1151000267850804,0.1844444444444444,US,0.36666666666666664,0.08333333333333333,Dimitrios Kokkinakis,SE
https://openalex.org/A5077165478,73,5,16,2.1148079421359576,0.177706886845562,US,0.3287671232876712,0.25862068965517243,Irene Castellón Masalles,ES
https://openalex.org/A5113020902,19,3,10,2.1143081309515277,0.1412742382271468,CN,0.21052631578947367,0.21428571428571427,Youjun Chen,TW
https://openalex.org/A5021055773,198,3,26,2.1141808299609735,0.24844403632282422,US,0.4696969696969697,0.7307692307692307,Dipanjan Das,US
https://openalex.org/A5075124337,34,3,12,2.1138853316106223,0.17301038062283738,US,0.35294117647058826,0.18181818181818182,Tak‐sum Wong,HK
https://openalex.org/A5013143796,37,3,12,2.113569181565179,0.15850986121256394,US,0.2972972972972973,0.3333333333333333,Alessandro Mazzei,IT
https://openalex.org/A5072142627,144,3,18,2.113543049475158,0.20225694444444442,US,0.3958333333333333,0.20175438596491227,Marco C. Rozendaal,NL
https://openalex.org/A5091818245,39,3,13,2.113412962022531,0.16239316239316237,US,0.2564102564102564,0.25,Melvin Wevers,NL
https://openalex.org/A5050294127,120,3,21,2.1132655203618134,0.24819444444444444,US,0.475,0.03225806451612903,Tanik Saikh,IN
https://openalex.org/A5049194403,100,7,18,2.1124241996288884,0.1954,US,0.38,0.23684210526315788,Josef van Genabith,IE
https://openalex.org/A5023605306,158,3,24,2.111807040305392,0.21951610318859158,US,0.3987341772151899,0.3853211009174312,Vera Demberg,DE
https://openalex.org/A5089887413,158,3,28,2.111763509165625,0.26510174651498153,US,0.4873417721518987,0.5042735042735043,Nasser Zalmout,US
https://openalex.org/A5015785439,166,6,21,2.111559899684279,0.24074611699811294,US,0.463855421686747,0.2196969696969697,Chengqing Zong,CN
https://openalex.org/A5030436217,39,5,11,2.1097890987433385,0.1492439184746877,PL,0.23076923076923078,0.48,Adam Przepiórkowski,PL
https://openalex.org/A5100383939,164,11,25,2.1090022175674408,0.24457168352171327,US,0.4634146341463415,0.1984732824427481,John Lee,HK
https://openalex.org/A5016999253,31,3,13,2.10841672846615,0.19042663891779396,US,0.3870967741935484,0.14285714285714285,Cristina Mota,PT
https://openalex.org/A5077746237,74,6,17,2.1079371337919564,0.18407596785975167,US,0.32432432432432434,0.627906976744186,Ondřej Bojar,CZ
https://openalex.org/A5052738299,86,6,18,2.107565214392027,0.21849648458626283,US,0.43023255813953487,0.17391304347826086,Jean‐Gabriel Ganascia,FR
https://openalex.org/A5004209770,370,3,33,2.1070412911736724,0.25995617238860486,US,0.4810810810810811,0.6655052264808362,Dong Nguyen,NL
https://openalex.org/A5080229193,30,3,11,2.1064192423917003,0.15555555555555556,DE,0.3,0.7142857142857143,Milan Dojchinovski,DE
https://openalex.org/A5081337078,18,3,10,2.106170916206464,0.14814814814814814,GB,0.2777777777777778,0.7777777777777778,Andrejs Vasiļjevs,LV
https://openalex.org/A5088769942,18,3,10,2.106170916206464,0.14814814814814814,US,0.2777777777777778,0.375,Peter Fornaro,CH
https://openalex.org/A5019932877,43,3,13,2.105915533492516,0.1692806922660898,US,0.32558139534883723,0.11538461538461539,Alina Wróblewska,PL
https://openalex.org/A5084121304,81,8,15,2.1058414768537186,0.18030787989635724,US,0.35802469135802467,0.27450980392156865,Monica Monachini,IT
https://openalex.org/A5028160430,132,3,22,2.105729764802371,0.2234848484848485,US,0.4090909090909091,0.2692307692307692,Wolf‐Tilo Balke,DE
https://openalex.org/A5043599887,159,4,28,2.1036993253696297,0.25192832562003087,US,0.46540880503144655,0.6936936936936937,Fadhl Eryani,AE
https://openalex.org/A5011964003,37,3,12,2.1023050860187342,0.16727538349159973,US,0.32432432432432434,0.08695652173913043,Junji Tomita,JP
https://openalex.org/A5070753993,58,3,16,2.1013859390699325,0.1854934601664685,US,0.3103448275862069,0.08695652173913043,Maximilian Schich,EE
https://openalex.org/A5046006076,164,6,23,2.1010477245073855,0.24791790600832833,US,0.4695121951219512,0.5735294117647058,Christopher D. Manning,US
https://openalex.org/A5027452875,178,3,21,2.100250319042145,0.2178386567352607,US,0.4101123595505618,0.2517482517482518,Helmut Schmid,DE
https://openalex.org/A5080671910,13,3,9,2.098147389135067,0.13609467455621305,NL,0.23076923076923078,0.5,Maite Melero,ES
https://openalex.org/A5112249167,70,12,15,2.097543972452781,0.18775510204081633,US,0.35714285714285715,0.37209302325581395,Hans Uszkoreit,DE
https://openalex.org/A5033950182,130,3,23,2.0973315700182376,0.2594082840236686,US,0.4846153846153846,0.14563106796116504,Martin Schäler,DE
https://openalex.org/A5085074611,85,4,17,2.095210605043728,0.19695501730103804,US,0.3764705882352941,0.136986301369863,John‐Stewart Gordon,LT
https://openalex.org/A5002884306,35,4,13,2.0948155388412486,0.17387755102040814,US,0.2857142857142857,0.2903225806451613,David Maulén de los Reyes,CL
https://openalex.org/A5074237551,20,3,10,2.0946409388260623,0.14500000000000002,BE,0.2,0.3157894736842105,Stefania Spina,IT
https://openalex.org/A5052638982,57,3,15,2.0943093222932267,0.185595567867036,US,0.3508771929824561,0.2,Rabea Kleymann,DE
https://openalex.org/A5027893527,22,4,11,2.093808943808019,0.1652892561983471,US,0.3181818181818182,0.05555555555555555,Antton Gurrutxaga,ES
https://openalex.org/A5102867777,108,10,20,2.0931064049881916,0.23559670781893005,US,0.4537037037037037,0.2916666666666667,Daisuke Kawahara,JP
https://openalex.org/A5021314411,142,9,28,2.0929767509344797,0.29974211465978967,US,0.5352112676056338,0.7669902912621359,Owen Rambow,US
https://openalex.org/A5075729799,30,4,10,2.0918184564127045,0.14444444444444446,US,0.23333333333333334,0.05,Pedro Ortiz Coder,ES
https://openalex.org/A5006508438,213,5,29,2.091812626476421,0.24164076792523528,US,0.4460093896713615,0.3163841807909605,Sally Jo Cunningham,NZ
https://openalex.org/A5068984964,35,3,12,2.091261776730413,0.16734693877551018,IT,0.3142857142857143,0.34375,Andrea Ghirarduzzi,IT
https://openalex.org/A5080726881,78,9,17,2.090698876383091,0.19822485207100593,US,0.3717948717948718,0.45454545454545453,James Smithies,NZ;US
https://openalex.org/A5062184048,96,7,19,2.0873085088826246,0.23828124999999997,US,0.4583333333333333,0.5595238095238095,Lauren Tilton,US
https://openalex.org/A5005276940,24,3,10,2.0870852946037424,0.14583333333333334,US,0.25,0.7692307692307693,Jan Hajič,CZ
https://openalex.org/A5009027177,72,5,19,2.086662249905932,0.23958333333333331,US,0.4583333333333333,0.576271186440678,Sandra Kübler,US
https://openalex.org/A5071261172,30,3,11,2.0862368905853366,0.15555555555555556,GB,0.23333333333333334,0.5,Mārcis Pinnis,GB
https://openalex.org/A5058819676,91,5,15,2.0858182582247915,0.1976814394396812,US,0.3956043956043956,0.4305555555555556,Fangli Su,CN
https://openalex.org/A5015006173,27,5,11,2.085107457653408,0.15775034293552812,CA,0.25925925925925924,0.36363636363636365,Susan Brown,CA
https://openalex.org/A5065391596,36,4,12,2.0846175916792347,0.16049382716049385,IT,0.2777777777777778,0.1875,Francisco R. Feito Higueruela,ES
https://openalex.org/A5076312021,136,3,18,2.0844037491919623,0.2106401384083045,US,0.40441176470588236,0.12121212121212122,Nicolas Pécheux,FR
https://openalex.org/A5103597366,185,4,22,2.083738173508026,0.2261212563915267,US,0.41081081081081083,0.25157232704402516,Phil Turner,GB
https://openalex.org/A5034154991,61,5,17,2.0837254480828498,0.22816447191615155,US,0.4426229508196721,0.09090909090909091,Philippe Langlais,CA
https://openalex.org/A5035904366,96,5,15,2.0831253711365365,0.19205729166666666,US,0.375,0.13636363636363635,Vassilis Papavassiliou,IE
https://openalex.org/A5048843230,96,5,15,2.0831253711365365,0.19205729166666666,US,0.375,0.13636363636363635,Prokopis Prokopidis,GR
https://openalex.org/A5001170144,52,3,13,2.080005722638888,0.17085798816568049,US,0.3076923076923077,0.7368421052631579,Aaron Quigley,GB
https://openalex.org/A5012676548,65,3,13,2.0786484345736107,0.1588165680473373,DE,0.26153846153846155,0.3695652173913043,Johann‐Mattis List,DE
https://openalex.org/A5031192315,72,4,17,2.078098828585545,0.22299382716049385,US,0.4305555555555556,0.4642857142857143,Matthias Rehm,DE
https://openalex.org/A5030615769,157,5,21,2.078054920670764,0.23201752606596618,US,0.4394904458598726,0.1016949152542373,François Yvon,FR
https://openalex.org/A5053555806,46,3,13,2.0770180603831183,0.17485822306238183,ES,0.2826086956521739,0.37142857142857144,Valentín Cardeñoso-Payo,ES
https://openalex.org/A5032257675,146,3,24,2.07505504995991,0.281572527678739,US,0.5136986301369864,0.8461538461538461,Suzie Allard,US
https://openalex.org/A5048483716,66,5,13,2.074851959305607,0.16161616161616163,US,0.25757575757575757,0.22807017543859648,Dirk Speelman,BE
https://openalex.org/A5065920740,104,15,17,2.074532251141979,0.19360207100591717,NL,0.34615384615384615,0.39325842696629215,John Nerbonne,NL
https://openalex.org/A5004045909,36,5,13,2.0735674209274277,0.19598765432098766,US,0.3888888888888889,0.1111111111111111,Ryuichiro Higashinaka,JP
https://openalex.org/A5076418251,53,5,11,2.07317881390444,0.16126735493058025,US,0.3018867924528302,0.2222222222222222,Patrizia Paggio,DK
https://openalex.org/A5024535535,39,4,14,2.073111121510298,0.22024983563445102,US,0.4358974358974359,0,Gerardo Sierra,MX
https://openalex.org/A5064159344,116,8,22,2.0730151730577724,0.23454221165279432,US,0.4224137931034483,0.6730769230769231,Adam Kilgarriff,GB
https://openalex.org/A5025830443,99,3,22,2.0715871351785085,0.22416079991837567,US,0.3434343434343434,0.4696969696969697,Jeremy G. Frey,GB
https://openalex.org/A5071561586,99,3,22,2.0715871351785085,0.22416079991837567,US,0.3434343434343434,0.4696969696969697,Cerys Willoughby,GB
https://openalex.org/A5059932027,30,3,12,2.071197597049149,0.18444444444444444,US,0.36666666666666664,0.7647058823529411,Marjan Grootveld,NL
https://openalex.org/A5067235438,334,7,29,2.070024197507867,0.22137760407329055,US,0.39820359281437123,0.6577946768060836,Katrin Erk,US
https://openalex.org/A5082033579,78,5,15,2.06958263322446,0.17915844838921766,US,0.32051282051282054,0.26666666666666666,Vincenzo Lombardo,IT
https://openalex.org/A5031562992,40,4,14,2.0684785316378345,0.20500000000000004,US,0.4,0.17647058823529413,Antal van den Bosch,IN;NL
https://openalex.org/A5054060679,217,4,26,2.068362667660084,0.25783091592516294,US,0.4792626728110599,0.6179775280898876,Bonnie J. Dorr,US
https://openalex.org/A5042788880,150,13,23,2.0681958738995623,0.2408,US,0.4533333333333333,0.5798319327731093,Patrick Juola,US
https://openalex.org/A5085617401,40,3,11,2.066470520626686,0.15625,US,0.25,0.391304347826087,Nuno Freire,PT
https://openalex.org/A5091329964,82,10,14,2.0663146597205997,0.17281380130874477,FI,0.2926829268292683,0.4782608695652174,Eetu Mäkelä,FI
https://openalex.org/A5090939009,63,6,15,2.0654467023454313,0.21088435374149658,US,0.4126984126984127,0.14583333333333334,Anne Baillot,FR
https://openalex.org/A5065304247,35,4,12,2.0644040716166137,0.17877551020408164,US,0.34285714285714286,0.21875,Nirmala Menon,IN
https://openalex.org/A5007329650,27,3,12,2.0621953916939018,0.2016460905349794,US,0.4074074074074074,0,NA,NA
https://openalex.org/A5063750849,27,3,12,2.0621953916939018,0.2016460905349794,US,0.4074074074074074,0,NA,NA
https://openalex.org/A5076873353,27,3,12,2.0621953916939018,0.2016460905349794,US,0.4074074074074074,0,NA,NA
https://openalex.org/A5087927458,27,3,12,2.0621953916939018,0.2016460905349794,US,0.4074074074074074,0,NA,NA
https://openalex.org/A5089081696,27,3,12,2.0621953916939018,0.2016460905349794,US,0.4074074074074074,0,NA,NA
https://openalex.org/A5012230079,75,3,15,2.062114061794467,0.18186666666666665,US,0.30666666666666664,0.3157894736842105,Marta Gatius Vila,ES
https://openalex.org/A5047065550,359,8,29,2.0596605323228987,0.24576935312419984,US,0.4456824512534819,0.38943894389438943,Massimo Poesio,GB
https://openalex.org/A5066381309,60,3,16,2.0596389748694737,0.22388888888888892,US,0.43333333333333335,0.2857142857142857,Katrine Frøkjær Baunvig,DK
https://openalex.org/A5100408983,123,4,19,2.0595543439599093,0.23246744662568578,US,0.44715447154471544,0.40860215053763443,Wenjie Li,HK
https://openalex.org/A5088112856,143,4,16,2.0593445556936123,0.2029928113844198,US,0.3986013986013986,0.21739130434782608,Mark-Jan Nederhof,NL
https://openalex.org/A5071509092,46,3,12,2.0584087470467267,0.166351606805293,US,0.2608695652173913,0.3333333333333333,Deniz Zeyrek,TR
https://openalex.org/A5086760595,42,3,14,2.0573894639868424,0.21768707482993194,US,0.42857142857142855,0.625,Richard F. E. Sutcliffe,IE
https://openalex.org/A5102757632,81,7,18,2.0564551324906377,0.2388355433622923,US,0.4567901234567901,0.022222222222222223,Chenhui Chu,JP
https://openalex.org/A5076614218,59,5,15,2.056187588428189,0.19390979603562197,DE,0.3050847457627119,0.5454545454545454,Markus Gärtner,DE
https://openalex.org/A5084804777,33,3,12,2.0549884739675184,0.1864095500459137,US,0.36363636363636365,0.24,Rogelio Nazar,ES
https://openalex.org/A5016860678,32,3,11,2.0535904139708023,0.16796875,US,0.3125,0.24,Luís Gomes,PT
https://openalex.org/A5062862131,55,3,13,2.053390088992245,0.16760330578512395,US,0.2727272727272727,0.35714285714285715,Pierluigi Feliciati,IT
https://openalex.org/A5111579476,42,4,14,2.0527120589497434,0.18820861678004533,US,0.3333333333333333,0.5454545454545454,Victoria Vesna,US
https://openalex.org/A5008367909,40,3,13,2.0523838812249515,0.17500000000000002,NL,0.25,0.24242424242424243,Thomas Smits,NL
https://openalex.org/A5079215275,64,3,17,2.0514978950289016,0.23095703125,US,0.4375,0.09615384615384616,Lorenzo Gatti,NL
https://openalex.org/A5074475740,26,3,11,2.05084175999265,0.17751479289940827,US,0.34615384615384615,0,Matej Rojc,SI
https://openalex.org/A5080534466,26,6,11,2.05084175999265,0.17751479289940827,DE,0.34615384615384615,0.4166666666666667,Emmerich Kelih,AT
https://openalex.org/A5103978745,107,4,17,2.0489700557991357,0.20447200628875883,US,0.38317757009345793,0.22784810126582278,Marta Vilar Recasens,ES
https://openalex.org/A5045934263,52,3,13,2.048431614366961,0.1841715976331361,US,0.34615384615384615,0.3170731707317073,Ian H. Witten,NZ
https://openalex.org/A5055158857,25,3,10,2.0470505587205423,0.1648,US,0.32,0.3181818181818182,Susanna Allés Torrent,US
https://openalex.org/A5038251371,133,13,18,2.0468169131410536,0.19724122335914973,FI,0.37593984962406013,0.5490196078431373,Esko Ikkala,FI
https://openalex.org/A5086430091,14,3,9,2.0449311748495913,0.1530612244897959,GB,0.2857142857142857,0.08333333333333333,Sang-Chul Park,SE
https://openalex.org/A5113722253,98,3,17,2.0440406938909237,0.19991670137442732,GB,0.30612244897959184,0.38461538461538464,Steve Torrance,GB
https://openalex.org/A5091515246,50,3,13,2.0435176791956504,0.18,NL,0.3,0.3953488372093023,Rik Hoekstra,NL
https://openalex.org/A5043776428,72,4,16,2.0428899124664337,0.21836419753086422,US,0.4166666666666667,0.1206896551724138,Guglielmo Tamburrini,IT
https://openalex.org/A5073901446,27,3,12,2.0428158308137334,0.20438957475994513,US,0.4074074074074074,0.6666666666666666,Claudia Leacock,US
https://openalex.org/A5008208316,182,4,21,2.042616661337977,0.2474338847965222,US,0.46153846153846156,0.1678832116788321,Kam‐Fai Wong,CN
https://openalex.org/A5043345274,30,3,11,2.042429389803971,0.1844444444444444,US,0.36666666666666664,0.1,Miguel‐Ángel Sicilia,ES
https://openalex.org/A5054313571,21,3,9,2.042280201722753,0.1473922902494331,US,0.23809523809523808,0.3125,Jens Allwood,SE
https://openalex.org/A5008944385,94,8,19,2.041522783674545,0.24988682661837935,US,0.46808510638297873,0.3026315789473684,Monojit Choudhury,IN
https://openalex.org/A5008199340,32,3,12,2.041005718001622,0.19140625,IT,0.375,0.16,Georgios Artopoulos,CY
https://openalex.org/A5002317364,40,3,14,2.040982530639801,0.21874999999999997,US,0.425,0.8095238095238095,Jake Carlson,US
https://openalex.org/A5046714242,40,3,14,2.040982530639801,0.21874999999999997,US,0.425,0.8095238095238095,Wendy Kozlowski,US
https://openalex.org/A5102868864,40,3,14,2.040982530639801,0.21874999999999997,US,0.425,0.8095238095238095,Joel Herndon,US
https://openalex.org/A5071030816,66,5,14,2.0408867297638875,0.18135904499540864,ES,0.2878787878787879,0.38,David Escudero-Mancebo,ES
https://openalex.org/A5014523463,106,4,18,2.0402922468804996,0.20879316482734073,US,0.3867924528301887,0.7971014492753623,Leonardo Candela,IT;US
https://openalex.org/A5108443941,55,4,13,2.039781619434688,0.17553719008264462,US,0.2909090909090909,0.10416666666666667,Nikos Fakotakis,GR
https://openalex.org/A5007138994,149,5,22,2.0389699169195636,0.20931489572541778,US,0.3691275167785235,0.14285714285714285,Massimo Zancanaro,IT
https://openalex.org/A5031321146,95,3,12,2.0383360561023545,0.18227146814404432,US,0.35789473684210527,0.1111111111111111,Jen‐Shin Hong,TW
https://openalex.org/A5089483970,69,4,16,2.0379786773477186,0.23377441713925645,US,0.4492753623188406,0.18333333333333332,Rafael Muñoz,ES
https://openalex.org/A5047892152,38,3,12,2.0377799897009217,0.1745152354570637,US,0.2894736842105263,0.26666666666666666,Marc Wilhelm Küster,DE
https://openalex.org/A5013522667,80,3,18,2.03727613434301,0.2390625,US,0.45,0.3333333333333333,Deniz Yüret,TR
https://openalex.org/A5050186207,37,5,12,2.0367635007197267,0.18334550766983201,US,0.2972972972972973,0.37037037037037035,Manh‐Toan Ho,VN
https://openalex.org/A5074169307,34,3,10,2.035371828889682,0.16435986159169552,US,0.29411764705882354,0.07692307692307693,Christer Johansson,NO
https://openalex.org/A5068641495,13,3,9,2.031759218569271,0.15976331360946747,US,0.3076923076923077,0.25,Antonio Pareja-Lora,ES
https://openalex.org/A5074075557,45,4,14,2.0315903812470304,0.21777777777777776,US,0.4222222222222222,0.16666666666666666,Antske Fokkens,NL
https://openalex.org/A5069910894,45,5,14,2.0303062912213745,0.21086419753086422,US,0.4,0.65,Sarah Jones,GB
https://openalex.org/A5026157285,88,3,16,2.0297917884613916,0.22520661157024793,US,0.4318181818181818,0.2028985507246377,Alexander Panchenko,RU
https://openalex.org/A5084258695,224,12,23,2.027239990984558,0.24509725765306123,US,0.45089285714285715,0.2857142857142857,Ray Siemens,GB
https://openalex.org/A5060188217,42,3,12,2.0270568989875923,0.19727891156462582,US,0.38095238095238093,0.6,Ted Pedersen,US
https://openalex.org/A5041030859,102,3,19,2.026581907518165,0.23740868896578238,US,0.4411764705882353,0.13636363636363635,Jesper Aagaard,DK
https://openalex.org/A5091794794,15,6,9,2.026229622995291,0.15555555555555556,US,0.26666666666666666,0.25,Daniel Brodén,SE
https://openalex.org/A5059859009,20,3,11,2.0253262207700677,0.20000000000000004,US,0.4,0.6666666666666666,David R. Mortensen,US
https://openalex.org/A5009782447,22,3,10,2.023775289509995,0.16528925619834708,US,0.2727272727272727,0.1875,Sara Sillaurren,ES
https://openalex.org/A5012134485,22,3,10,2.023775289509995,0.16528925619834708,US,0.2727272727272727,0.1875,Pablo Aguirrezabal,ES
https://openalex.org/A5000334344,62,11,14,2.023584736459663,0.2242455775234131,US,0.43548387096774194,0.06382978723404255,Hsin‐Hsi Chen,TW
https://openalex.org/A5023706333,24,3,12,2.023554573803584,0.21180555555555558,US,0.4166666666666667,0.05263157894736842,Jungyeul Park,CA
https://openalex.org/A5006564889,81,4,15,2.0222873554333707,0.19067215363511658,US,0.3333333333333333,0.3333333333333333,Aleš Tamchyna,CZ
https://openalex.org/A5049195161,24,3,11,2.021679276633174,0.1909722222222222,US,0.375,0.16666666666666666,Lieve Macken,BE
https://openalex.org/A5013934685,69,4,17,2.021252464528191,0.24553665196387314,US,0.463768115942029,0.5892857142857143,Shlomo Argamon,US
https://openalex.org/A5112073332,73,5,15,2.0208456382648725,0.207355976731094,US,0.3835616438356164,0.24561403508771928,Patrick Saint‐Dizier,FR
https://openalex.org/A5057602714,11,3,8,2.0198149924929463,0.14049586776859505,GB,0.18181818181818182,0.25,Chris Tănăsescu,CA
https://openalex.org/A5087050126,22,3,11,2.019814992492946,0.19008264462809918,US,0.36363636363636365,0.2222222222222222,Vít Baisa,CZ
https://openalex.org/A5043233036,58,3,13,2.0188982485256712,0.18133174791914386,ES,0.29310344827586204,0.38636363636363635,Lourdes Aguilar,ES
https://openalex.org/A5046211773,29,3,12,2.0188072510183086,0.1985731272294887,US,0.3793103448275862,0.18181818181818182,Amália Mendes,PT
https://openalex.org/A5079327088,59,3,13,2.0180321084086694,0.20195346164895145,US,0.3898305084745763,0.5434782608695652,Yin Zhang,US
https://openalex.org/A5019390269,182,5,28,2.016384687546868,0.2744837580002415,US,0.489010989010989,0.734375,Salam Khalifa,AE
https://openalex.org/A5057836864,20,3,9,2.0161537172613797,0.16,US,0.3,0.2727272727272727,Gunn Inger Lyse,NO
https://openalex.org/A5047298465,21,3,10,2.015982478841721,0.1746031746031746,US,0.3333333333333333,0.5,Eleni Bozia,US
https://openalex.org/A5082971401,207,7,24,2.0148703484460646,0.2290135125673878,US,0.3961352657004831,0.4678362573099415,Katja Markert,GB
https://openalex.org/A5081256263,30,3,11,2.014533054828798,0.1711111111111111,DE,0.26666666666666666,0.47058823529411764,Jörg Knappen,DE
https://openalex.org/A5113960229,87,3,18,2.0144971221221373,0.25274144536926935,US,0.47126436781609193,0.16901408450704225,Jordi Turmo,ES
https://openalex.org/A5043582622,41,4,11,2.0133593773604357,0.173111243307555,CZ,0.2926829268292683,0.4666666666666667,Pavel Straňák,CZ
https://openalex.org/A5021883921,27,4,11,2.0128941266463984,0.19067215363511658,GB,0.37037037037037035,0.45454545454545453,Paul Spence,GB
https://openalex.org/A5067817148,128,3,17,2.0119675826478813,0.2257080078125,US,0.4296875,0.5217391304347826,Samar Husain,IN
https://openalex.org/A5001177249,82,6,16,2.0106525959943773,0.2257584770969661,US,0.4268292682926829,0.19117647058823528,Jordi Atserias,ES
https://openalex.org/A5009492089,91,12,10,2.0103228826202812,0.15855572998430142,US,0.27472527472527475,0.16216216216216217,Hartmut Ilsemann,DE
https://openalex.org/A5033559074,40,3,11,2.010311063484822,0.1675,FI,0.275,0.76,Hanno Wijsman,FR
https://openalex.org/A5037497934,41,3,12,2.0092289152921077,0.18857822724568712,US,0.34146341463414637,0.2,Jörg Lehmann,DE
https://openalex.org/A5044793533,47,3,14,2.008957944086429,0.22317790855590763,US,0.425531914893617,0.027777777777777776,Abbas Ghaddar,CN
https://openalex.org/A5073358375,26,3,10,2.008545042253483,0.16568047337278108,US,0.2692307692307692,0.6428571428571429,Yair Neuman,IL
https://openalex.org/A5064329721,28,4,10,2.0071599156019806,0.16326530612244897,US,0.25,0.2857142857142857,Armando Stellato,IT
https://openalex.org/A5111697087,63,3,15,2.007006574552618,0.21592340639959684,US,0.38095238095238093,0.3137254901960784,Erik Duval,BE
https://openalex.org/A5006685038,59,7,12,2.0063927761533806,0.18758977305372018,US,0.3559322033898305,0.10638297872340426,Carlo Strapparava,IT
https://openalex.org/A5063605821,116,4,20,2.0052195062827027,0.2519322235434007,US,0.46551724137931033,0.27722772277227725,Markus Forsberg,SE
https://openalex.org/A5042633942,17,3,9,2.0028830410906506,0.16262975778546715,SE,0.29411764705882354,0.5555555555555556,Yvonne Adesam,SE
https://openalex.org/A5033006575,322,7,21,2.001511400438739,0.2197831873770302,US,0.40062111801242234,0.32075471698113206,Ido Dagan,IL
https://openalex.org/A5003203619,57,6,13,2.001426981046199,0.1966759002770083,US,0.3684210526315789,0.20833333333333334,Daniel Memmi,CA
https://openalex.org/A5019967091,34,3,11,2.0008471155305934,0.1782006920415225,US,0.29411764705882354,0.25806451612903225,Steven L. Neale,PT
https://openalex.org/A5045839835,46,4,14,1.9999672240792994,0.23913043478260865,US,0.45652173913043476,0.7241379310344828,Vasile Rus,US
https://openalex.org/A5069985935,46,4,14,1.9999672240792994,0.23913043478260865,US,0.45652173913043476,0.7241379310344828,Rajendra Banjade,US
https://openalex.org/A5083279481,21,3,10,1.9998016181945402,0.17913832199546484,US,0.3333333333333333,0.2,Aris Xanthos,CH;US
https://openalex.org/A5080737776,38,4,14,1.9993229935754715,0.24930747922437668,US,0.47368421052631576,0.5,Humberto Cavallín,PR
https://openalex.org/A5108037649,82,5,23,1.997729406383648,0.30517549077929806,US,0.5365853658536586,0.8148148148148148,Carl Lagoze,US
https://openalex.org/A5002163146,140,3,22,1.997375219020357,0.2330612244897959,US,0.39285714285714285,0.2926829268292683,Marion Hersh,GB
https://openalex.org/A5022991626,19,3,11,1.9959217847159891,0.21329639889196672,US,0.42105263157894735,0,Amita Dev,IN
https://openalex.org/A5112401163,60,5,15,1.995788431635458,0.2216666666666667,US,0.4,0.7674418604651163,Kallirroi Georgila,US
https://openalex.org/A5091854881,31,3,10,1.9954005583651762,0.17377731529656607,FI,0.3225806451612903,0.4,Kirsi Keravuori,FI
https://openalex.org/A5102919398,81,3,16,1.9934235958559543,0.2501143118427069,US,0.4691358024691358,0.03278688524590164,Christoph Meinel,DE
https://openalex.org/A5082727309,82,8,19,1.9930930269200642,0.2575847709696609,US,0.4634146341463415,0.24193548387096775,Paul Gooding,GB
https://openalex.org/A5036567696,171,8,16,1.9930352130169458,0.21719503436954957,US,0.40350877192982454,0.3049645390070922,Sabine Schulte im Walde,DE
https://openalex.org/A5074570184,98,4,14,1.9926566607935559,0.1961682632236568,US,0.3469387755102041,0.14285714285714285,Denis Paperno,IT
https://openalex.org/A5088044797,32,6,10,1.991633921000338,0.1796875,US,0.34375,0.16,Georgios Petasis,GR
https://openalex.org/A5014846400,43,3,9,1.9914107940754011,0.159545700378583,US,0.27906976744186046,0.5238095238095238,Antoine Isaac,NL
https://openalex.org/A5075246797,38,3,12,1.991094151290364,0.2160664819944598,US,0.42105263157894735,0.39285714285714285,Estela Saquete,GB
https://openalex.org/A5060938605,86,6,17,1.9907591567438985,0.21552190373174687,US,0.36046511627906974,0.4603174603174603,Ewan Klein,GB
https://openalex.org/A5066026428,57,4,11,1.9903546385617366,0.1806709756848261,US,0.3333333333333333,0.24390243902439024,Jannik Strötgen,DE
https://openalex.org/A5007152557,24,4,9,1.9892700410931459,0.16319444444444445,US,0.2916666666666667,0.15,Desmond Schmidt,AU
https://openalex.org/A5007017103,59,3,15,1.9885382540241952,0.22321172076989376,US,0.4067796610169492,0.23076923076923078,Barry Devereux,GB
https://openalex.org/A5001224773,109,14,19,1.9877544164028813,0.22649608618803133,JP,0.3577981651376147,0.4673913043478261,Shinsuke Mori,JP
https://openalex.org/A5048013031,81,8,15,1.9871724575996277,0.2171925011431184,US,0.38271604938271603,0.390625,Nils Reiter,DE
https://openalex.org/A5049169182,15,4,9,1.9867316488081912,0.17333333333333334,US,0.3333333333333333,0.25,Inma Hernáez,ES
https://openalex.org/A5109500211,15,3,9,1.9867316488081912,0.17333333333333334,US,0.3333333333333333,0,Kazuhide Yamamoto,JP
https://openalex.org/A5046881440,82,4,17,1.9863233774869806,0.26264128494943484,US,0.4878048780487805,0.6949152542372882,Arya D. McCarthy,US
https://openalex.org/A5011774939,28,5,10,1.9853608199541366,0.1760204081632653,US,0.2857142857142857,0.125,Parthasarathi Banerjee,IN
https://openalex.org/A5032076558,79,3,13,1.984873204504327,0.21038295145008812,US,0.3924050632911392,0.6440677966101694,Fabian Offert,US
https://openalex.org/A5023373923,132,3,25,1.984799032193659,0.31416437098255273,US,0.5454545454545454,0.6990291262135923,Yasmin AlNoamany,US
https://openalex.org/A5019585114,89,4,14,1.984769414079158,0.1968185835121828,NL,0.29213483146067415,0.34210526315789475,Helmer Strik,NL
https://openalex.org/A5013170767,58,4,12,1.9842319591131057,0.1813317479191439,US,0.3103448275862069,0.26,NA,NA
https://openalex.org/A5106235159,74,3,14,1.9842263507756075,0.19905040175310446,IT,0.3108108108108108,0.43333333333333335,Marco Callieri,IT
https://openalex.org/A5072892826,31,5,12,1.9837309244940606,0.2174817898022893,RS,0.41935483870967744,0.6666666666666666,Mihailo Škorić,RS
https://openalex.org/A5016722544,22,4,9,1.9832275506876105,0.16942148760330578,US,0.3181818181818182,0.26666666666666666,Kristiina Jokinen,FI
https://openalex.org/A5021952588,151,6,23,1.982885284811791,0.25862900749967105,US,0.45695364238410596,0.3709677419354839,Kalina Bontcheva,GB
https://openalex.org/A5045901935,71,5,16,1.98281886216336,0.23269192620511803,US,0.4225352112676056,0.46875,Robert Rosenberger,US
https://openalex.org/A5100657245,70,3,14,1.9822277140552527,0.20326530612244897,US,0.35714285714285715,0.3018867924528302,María Jesús Aranzabe,ES
https://openalex.org/A5101842086,54,3,13,1.9820986854346796,0.19135802469135801,US,0.3148148148148148,0.28888888888888886,Wei Huang,CN
https://openalex.org/A5101466477,18,3,9,1.9812075507356177,0.16666666666666669,US,0.2777777777777778,0.15384615384615385,Arantza del Pozo,CH
https://openalex.org/A5068398350,25,3,11,1.9787230639454403,0.20640000000000003,US,0.4,0.125,Salvador Climent,ES
https://openalex.org/A5080003793,23,3,9,1.978047762136508,0.16824196597353497,US,0.30434782608695654,0.35714285714285715,NA,NA
https://openalex.org/A5049490459,25,3,10,1.9780068613321151,0.1776,IT,0.32,0.5,Irene Fioravanti,IT
https://openalex.org/A5047026001,126,9,18,1.9774445974972723,0.272612748803225,US,0.5,0.7111111111111111,Winston Wu,US
https://openalex.org/A5073069826,28,3,10,1.977372694865616,0.18622448979591835,US,0.35714285714285715,0.2777777777777778,Alberto Lavelli,IT
https://openalex.org/A5012038702,44,5,13,1.9772301658061693,0.23760330578512395,US,0.45454545454545453,0.75,Keith Suderman,US
https://openalex.org/A5041392788,31,4,12,1.9742592096480962,0.20915712799167532,US,0.3870967741935484,0.68,Seamus Ross,CA
https://openalex.org/A5076616129,46,3,12,1.973771874866402,0.1984877126654064,US,0.3695652173913043,0.14285714285714285,Karim Jebari,SE
https://openalex.org/A5101492974,61,4,14,1.9731021409447236,0.1996775060467616,ES,0.29508196721311475,0.35294117647058826,José Luís Pérez,ES
https://openalex.org/A5052471374,10,3,8,1.9730014063936128,0.16,US,0.3,0.4,Luis Chiruzzo,UY
https://openalex.org/A5043889554,11,4,8,1.9722469794234416,0.15702479338842973,IT,0.2727272727272727,0.3333333333333333,Elena Maria Duso,IT
https://openalex.org/A5033553615,37,5,14,1.9719645045622058,0.24470416362308256,US,0.4594594594594595,0.53125,Laura Estill,CA
https://openalex.org/A5054224217,38,4,13,1.9683824087283812,0.22437673130193903,US,0.42105263157894735,0.13793103448275862,Jan Kyrre Berg Olsen Friis,DK
https://openalex.org/A5041878322,20,3,10,1.9680901311046588,0.19,US,0.35,0.07142857142857142,Špela Arhar Holdt,SI
https://openalex.org/A5110317553,95,13,17,1.9662904573632756,0.23036011080332405,US,0.42105263157894735,0.21333333333333335,Wolfgang Minker,DE
https://openalex.org/A5079881269,175,5,26,1.9654330447179493,0.29933061224489793,US,0.5257142857142857,0.21678321678321677,Richard Johansson,SE
https://openalex.org/A5050063782,88,4,12,1.9653528122109256,0.18956611570247933,US,0.3181818181818182,0.375,Ainara Estarrona,ES
https://openalex.org/A5012141433,297,16,25,1.9650601371186418,0.3093448514323935,US,0.5387205387205387,0.6900826446280992,James Pustejovsky,US
https://openalex.org/A5011470177,38,4,9,1.9640259612325757,0.16204986149584485,CA,0.2631578947368421,0.045454545454545456,Germán Arroyo,ES
https://openalex.org/A5078496738,50,4,12,1.9639709795323237,0.1872,US,0.32,0.3111111111111111,Hans van Halteren,NL
https://openalex.org/A5033995312,22,3,10,1.963908339870089,0.1818181818181818,DE,0.2727272727272727,0.5,Ingo Siegert,DE
https://openalex.org/A5056138547,86,3,17,1.9638762332307076,0.22958355868036778,US,0.3372093023255814,0.6607142857142857,James Cheney,GB
https://openalex.org/A5009840594,95,3,19,1.9636143496084857,0.2866481994459834,US,0.5157894736842106,0.7,Inna Kouper,US
https://openalex.org/A5109899624,130,9,15,1.9634417503504706,0.19786982248520713,US,0.3230769230769231,0.27358490566037735,Lauge Baungaard Rasmussen,US
https://openalex.org/A5008607010,86,3,13,1.9633302656511744,0.22038939967550028,US,0.4186046511627907,0.2222222222222222,Niccolò Albertini,IT
https://openalex.org/A5073675822,45,3,15,1.9621448414529963,0.25234567901234567,US,0.4666666666666667,0.7777777777777778,Eleanor Mattern,US
https://openalex.org/A5020998070,70,3,16,1.9618811823527869,0.2624489795918367,US,0.4857142857142857,0.7142857142857143,Aaron Mueller,US
https://openalex.org/A5071795413,70,3,16,1.9618811823527869,0.2624489795918367,US,0.4857142857142857,0.7142857142857143,NA,NA
https://openalex.org/A5039011774,58,4,13,1.9606189060602988,0.19976218787158148,US,0.3448275862068966,0.5833333333333334,Anke Lüdeling,DE
https://openalex.org/A5064464117,16,3,8,1.9600951351245584,0.15625,SE,0.25,0.3076923076923077,Seong-Keun Lee,KR
https://openalex.org/A5005700214,31,3,11,1.958832080239235,0.19458896982310092,US,0.3225806451612903,0.45454545454545453,Alex C. Williams,US
https://openalex.org/A5048560710,52,5,12,1.95749588492373,0.19304733727810647,GB,0.28846153846153844,0.47368421052631576,Sarah Callaghan,GB
https://openalex.org/A5039462411,26,3,11,1.9572728888907656,0.19822485207100593,US,0.34615384615384615,0.09090909090909091,Rafael Capurro,DE
https://openalex.org/A5026809679,20,3,9,1.9569067559807298,0.17,DE,0.25,0.21428571428571427,Francesco Mambrini,US
https://openalex.org/A5021670462,22,5,10,1.9568016124420418,0.19421487603305787,ES,0.36363636363636365,0.11764705882352941,José Ignacio Rojas‐Sola,FR;PE
https://openalex.org/A5075314861,17,3,9,1.9561874676604514,0.18339100346020765,US,0.35294117647058826,0.26666666666666666,Maciej Janicki,FI
https://openalex.org/A5109529606,53,4,14,1.9560702459390755,0.22392310430758278,JP,0.39622641509433965,0.6486486486486487,Osamu Katai,JP
https://openalex.org/A5063529058,117,11,14,1.9559682133066445,0.19804222368324934,GB,0.358974358974359,0.5212765957446809,Arianna Ciula,GB
https://openalex.org/A5001923670,26,4,9,1.9552260283642564,0.16863905325443787,US,0.2692307692307692,0.1111111111111111,Cecilia Lindhé,SE
https://openalex.org/A5073148629,24,4,10,1.9545182835673869,0.1875,US,0.3333333333333333,0,Shipra Tholia,DE;IN
https://openalex.org/A5101936938,24,4,10,1.9545182835673869,0.1875,US,0.3333333333333333,0,Amar Singh,DE;IN
https://openalex.org/A5064071797,44,6,11,1.953853092574443,0.1952479338842975,US,0.3409090909090909,0.2702702702702703,Hemlata Pande,IN
https://openalex.org/A5006678637,87,4,14,1.952284256933254,0.20438631259083107,NL,0.2988505747126437,0.3466666666666667,Catia Cucchiarini,NL
https://openalex.org/A5055531045,18,3,8,1.9521382094153652,0.16049382716049382,US,0.2777777777777778,0.2,Mirjam Sepesy Maučec,SI
https://openalex.org/A5079503351,30,3,10,1.951848439223888,0.18666666666666668,US,0.3333333333333333,0.25,Federica Cavicchio,IT
https://openalex.org/A5072459546,51,4,11,1.951603532090679,0.20492118415993849,US,0.39215686274509803,0.2,Torsten Zesch,DE
https://openalex.org/A5046370637,119,5,17,1.9507717981083388,0.23734199562177813,US,0.42016806722689076,0.4,Marcos André Gonçalves,BR
https://openalex.org/A5024322708,18,4,10,1.9505268740410802,0.20370370370370372,US,0.3888888888888889,0.25,Siegfried Handschuh,IE
https://openalex.org/A5041636820,17,3,10,1.95040949673227,0.21107266435986158,US,0.4117647058823529,0.5,Matthew J. Lavin,US
https://openalex.org/A5090277859,92,4,15,1.9498918453570018,0.22400756143667297,US,0.41304347826086957,0.22388059701492538,Ian Milligan,CA
https://openalex.org/A5026675870,158,3,17,1.9482386795203075,0.23217433103669285,US,0.43037974683544306,0.1984126984126984,Gemma Boleda,IT
https://openalex.org/A5075768330,31,4,11,1.947512820723274,0.19250780437044743,US,0.3225806451612903,0.25925925925925924,Mireia Farrús,ES
https://openalex.org/A5047390057,110,6,23,1.9471726690963393,0.30264462809917353,US,0.5272727272727272,0.5540540540540541,Wajdi Zaghouani,QA
https://openalex.org/A5031628096,36,3,13,1.9469860588915544,0.2515432098765432,US,0.4722222222222222,0.375,Mariem Ellouze,TN
https://openalex.org/A5081335221,117,4,20,1.9468931364983066,0.2668566001899335,US,0.47863247863247865,0.1875,Orphée De Clercq,BE
https://openalex.org/A5079762083,20,4,9,1.9468389992053854,0.17500000000000002,IS,0.3,0.4,Jón Guðnason,IS
https://openalex.org/A5058983757,39,4,12,1.946577717245172,0.22945430637738332,US,0.4358974358974359,0.09375,Jieh Hsiang,TW
https://openalex.org/A5108104297,190,5,23,1.946464540002433,0.24631578947368424,US,0.4105263157894737,0.3522012578616352,Simone Teufel,GB;SS
https://openalex.org/A5002548520,14,3,8,1.9459101490553132,0.16326530612244897,US,0.2857142857142857,0.6666666666666666,Meliha Yetişgen,US
https://openalex.org/A5082383543,45,3,14,1.945255263413191,0.2404938271604938,US,0.4444444444444444,0.1,Anselmo Peñas,ES
https://openalex.org/A5057747130,58,3,13,1.9442567513972921,0.20035671819262782,IT,0.3103448275862069,0.3333333333333333,Antonio Tomás Mozas‐Calvache,ES
https://openalex.org/A5066940046,49,4,15,1.9440284912208945,0.25614327363598505,US,0.46938775510204084,0.2777777777777778,Naoaki Okazaki,JP
https://openalex.org/A5062762480,69,4,16,1.9438333291804772,0.2215921024994749,US,0.34782608695652173,0.38461538461538464,Hermann Moisl,AU;GB
https://openalex.org/A5029435204,28,3,12,1.9432931140509344,0.24489795918367346,IN,0.4642857142857143,0.52,Niraj Kumar Singh,IN
https://openalex.org/A5043815929,28,3,12,1.9432931140509344,0.24489795918367346,IN,0.4642857142857143,0.52,Komal Naaz,IN
https://openalex.org/A5082796790,125,7,16,1.941228201928248,0.21548799999999999,US,0.376,0.3522727272727273,Uta Hinrichs,GB
https://openalex.org/A5103197186,86,4,17,1.9410888157185209,0.243374797187669,US,0.43023255813953487,0.02631578947368421,David Casacuberta,ES
https://openalex.org/A5088351032,82,5,15,1.9405199973261638,0.20553242117787032,GB,0.3048780487804878,0.43859649122807015,Tom Cheesman,GB
https://openalex.org/A5006644924,75,4,16,1.9390401286332555,0.26933333333333337,US,0.49333333333333335,0.71698113207547165,Garrett Nicolai,CA
https://openalex.org/A5002272253,44,4,12,1.9389580514328637,0.2086776859504132,GR,0.3409090909090909,0.3488372093023256,Panagiotis Gakis,GR
https://openalex.org/A5110214161,44,4,12,1.9389580514328637,0.2086776859504132,GR,0.3409090909090909,0.3488372093023256,NA,NA
https://openalex.org/A5019999408,43,4,13,1.9381181112971804,0.21795565170362355,US,0.3953488372093023,0.3870967741935484,Vivi Năstase,DE
https://openalex.org/A5081811192,598,18,44,1.9355231396349901,0.3740785897249472,US,0.6036789297658863,0.7176938369781312,Michael L. Nelson,US
https://openalex.org/A5028105549,33,3,9,1.9350633846386462,0.17539026629935722,ES,0.30303030303030304,0.3333333333333333,Daniel Antón,ES
https://openalex.org/A5110284751,34,3,12,1.9340441403867985,0.21799307958477507,US,0.38235294117647056,0.48148148148148145,Michael A. Covington,US
https://openalex.org/A5066176620,38,3,10,1.9339017035139392,0.1786703601108033,US,0.2631578947368421,0.28125,Dirk Geeraerts,BE
https://openalex.org/A5076648294,36,3,11,1.9333428245714506,0.19135802469135804,DE,0.3055555555555556,0.4782608695652174,Arndt Riester,DE
https://openalex.org/A5008245214,40,3,11,1.931095880397619,0.195,US,0.3,0.5909090909090909,Matthias Urban,DE
https://openalex.org/A5075415435,56,4,12,1.9298142091585442,0.21173469387755103,US,0.32142857142857145,0.3333333333333333,Koichi Hori,JP
https://openalex.org/A5061005776,23,4,10,1.92884250770504,0.20604914933837432,US,0.391304347826087,0.13333333333333333,Simon Krek,SI
https://openalex.org/A5047957194,23,3,12,1.928401069759499,0.2551984877126654,US,0.4782608695652174,0,Cyril Bornet,CH
https://openalex.org/A5100678332,74,11,15,1.9280891662304813,0.23557341124908696,US,0.43243243243243246,0.21153846153846154,Toru Ishida,JP
https://openalex.org/A5035784772,71,5,18,1.928073772992366,0.28426899424717317,US,0.5070422535211268,0.6290322580645161,Taylor Arnold,US
https://openalex.org/A5030636732,38,4,13,1.927491179395646,0.24238227146814403,US,0.4473684210526316,0.21428571428571427,Anne Vilnat,FR
https://openalex.org/A5033927812,16,4,8,1.9273921261392744,0.1640625,US,0.25,0.3333333333333333,Piroska Lendvai,NL
https://openalex.org/A5110468664,17,3,9,1.9254081650860662,0.19031141868512114,US,0.35294117647058826,0.09090909090909091,Sebastian Krause,DE
https://openalex.org/A5044280576,51,6,11,1.9241097471434456,0.2164552095347943,US,0.4117647058823529,0.5714285714285714,Francis Bond,SG
https://openalex.org/A5082120765,60,4,11,1.9239634711682014,0.19833333333333333,US,0.31666666666666665,0.35714285714285715,Renkui Hou,CN;HK
https://openalex.org/A5054412238,47,6,12,1.9236528127274553,0.20597555454956992,IS,0.3404255319148936,0.48484848484848486,Anton Karl Ingason,IS
https://openalex.org/A5018366953,51,3,13,1.9215166473271978,0.25259515570934254,US,0.47058823529411764,0.7105263157894737,Heather Richards-Rissetto,US
https://openalex.org/A5104090152,25,3,11,1.9210648813071531,0.23199999999999998,US,0.44,0.29411764705882354,Joseph Mariani,FR
https://openalex.org/A5066842476,31,3,9,1.9204537278070406,0.17793964620187305,GB,0.2903225806451613,0.2692307692307692,Teemu Roos,FI
https://openalex.org/A5061206863,114,3,21,1.9204176411444547,0.27485380116959063,US,0.4824561403508772,0.11578947368421053,Claes H. de Vreese,NL
https://openalex.org/A5085246934,176,3,25,1.9199739694805928,0.3103693181818182,US,0.5284090909090909,0.8017241379310345,Peter T. Darch,US
https://openalex.org/A5111930106,72,3,20,1.9199491369818786,0.31249999999999994,US,0.5416666666666666,0.22033898305084745,Stan Śzpakowicz,PL
https://openalex.org/A5010298238,98,8,17,1.9192693945864883,0.24864639733444396,US,0.4387755102040816,0.6666666666666666,Glenn Roe,AU;FR
https://openalex.org/A5059502743,42,3,10,1.919035894342088,0.19160997732426302,US,0.3333333333333333,0,Andreia Querido,PT
https://openalex.org/A5050912164,27,3,11,1.9181840406268342,0.22085048010973934,US,0.4074074074074074,0.21739130434782608,Ilias Nitsos,GR
https://openalex.org/A5086352738,27,3,11,1.9181840406268342,0.22085048010973934,US,0.4074074074074074,0.21739130434782608,Afrodite Malliari,GR
https://openalex.org/A5100676785,34,5,12,1.9167412086937943,0.2283737024221453,US,0.4117647058823529,0.6086956521739131,Fei Xia,US
https://openalex.org/A5043094101,102,6,17,1.9165880486941373,0.2775855440215302,US,0.5,0.7083333333333334,Dan Moldovan,IL
https://openalex.org/A5057761218,187,11,18,1.914910578281359,0.2362950041465298,US,0.40106951871657753,0.2887323943661972,Takenobu Tokunaga,JP
https://openalex.org/A5044337399,85,10,17,1.9144403099519802,0.22989619377162632,US,0.35294117647058826,0.4153846153846154,Ulrich Heid,DE
https://openalex.org/A5023977688,191,7,21,1.913978371704563,0.27167566678544997,US,0.4816753926701571,0.30612244897959184,Anette Frank,DE
https://openalex.org/A5068811427,201,3,19,1.9118876107362361,0.28090888839385164,US,0.5024875621890548,0.7065868263473054,Graham Neubig,JP
https://openalex.org/A5060225743,176,5,23,1.9112831014227747,0.3253486570247933,US,0.5568181818181818,0.6950354609929078,Eduard Hovy,US
https://openalex.org/A5072826753,52,7,13,1.9110096469312985,0.24852071005917165,US,0.46153846153846156,0.2857142857142857,Koraljka Golub,SE
https://openalex.org/A5111880566,55,3,11,1.9092691491846137,0.20132231404958678,US,0.36363636363636365,0.20454545454545456,Yin Hei Kong,HK
https://openalex.org/A5101472431,34,4,10,1.909187047680263,0.20588235294117646,US,0.38235294117647056,0,Ângela Costa,PT
https://openalex.org/A5053932280,47,8,12,1.9090807923626054,0.25033952014486194,US,0.46808510638297873,0.05555555555555555,Hen‐Hsen Huang,TW
https://openalex.org/A5008334059,160,4,21,1.9090737080244735,0.27531249999999996,US,0.4875,0.4961832061068702,Alan F. Smeaton,IE
https://openalex.org/A5087323271,110,13,19,1.9086315794948856,0.2738842975206612,US,0.4909090909090909,0.0898876404494382,Leo Wanner,ES
https://openalex.org/A5080484251,25,5,8,1.9078790812734192,0.16799999999999998,GB,0.24,0.3076923076923077,Yohei Murakami,JP
https://openalex.org/A5101977206,75,4,17,1.907601245678306,0.24551111111111115,US,0.4266666666666667,0.3220338983050847,Milad Momeni,CA
https://openalex.org/A5024398674,47,4,13,1.9075248421392188,0.23585332729741965,IR,0.425531914893617,0.4878048780487805,Ali Abbasalizadeh,IR
https://openalex.org/A5029669651,58,3,12,1.9055575983164263,0.21403091557669443,US,0.3448275862068966,0.5581395348837209,Shaun Gallagher,US
https://openalex.org/A5067037708,28,3,9,1.9050272278657354,0.18367346938775508,US,0.2857142857142857,0.5,David Vilar,DE
https://openalex.org/A5020337880,29,4,8,1.9040554166892698,0.17003567181926277,US,0.27586206896551724,0.3333333333333333,Volha Petukhova,DE
https://openalex.org/A5087743588,138,3,20,1.9023441777315138,0.27494223902541487,US,0.4782608695652174,0.2892561983471074,Julian Brooke,CA
https://openalex.org/A5026936665,99,6,14,1.9020723235939414,0.2270176512600755,US,0.36363636363636365,0.2,Gerold Schneider,CH
https://openalex.org/A5026144330,55,3,13,1.9014107234040274,0.22247933884297524,US,0.4,0.38,Aatu Liimatta,FI
https://openalex.org/A5108723775,59,4,12,1.9005080239025918,0.20827348463085318,US,0.3389830508474576,0.4489795918367347,Jon Patton,US
https://openalex.org/A5070093758,69,4,13,1.9001633821379518,0.21403066582650704,DE,0.34782608695652173,0.46153846153846156,Christian Chiarcos,DE
https://openalex.org/A5046596536,15,4,8,1.8989267893363286,0.17333333333333334,US,0.26666666666666666,0.3333333333333333,Marta Villegas,ES
https://openalex.org/A5100600870,15,3,9,1.8989267893363286,0.20888888888888893,US,0.4,0.09090909090909091,José Luis Sierra,ES
https://openalex.org/A5026383657,92,3,16,1.8983879081434836,0.25401701323251413,US,0.45652173913043476,0.47692307692307695,Steven Bird,AU;US
https://openalex.org/A5020347604,136,5,17,1.8980978029702509,0.23951124567474047,US,0.4117647058823529,0.6018518518518519,Michael Strube,DE;IE;US
https://openalex.org/A5015876016,140,12,18,1.8956663037694754,0.30000000000000004,US,0.5285714285714286,0.7211538461538461,David Yarowsky,CH;FR;US
https://openalex.org/A5085818578,66,7,17,1.893401792081158,0.30257116620752983,US,0.5303030303030303,0.5357142857142857,Gerard de Melo,DE
https://openalex.org/A5033674031,42,3,10,1.893161758155566,0.1984126984126984,GB,0.35714285714285715,0.47058823529411764,Apostolos Antonacopoulos,GB
https://openalex.org/A5088097841,47,7,11,1.8924887099277656,0.20054323223177908,GB,0.3191489361702128,0.2857142857142857,Peter Robinson,CA
https://openalex.org/A5056650539,22,3,12,1.8920948169591305,0.2727272727272727,US,0.5,0.6153846153846154,Humphrey Keah,IT
https://openalex.org/A5087007976,22,3,12,1.8920948169591305,0.2727272727272727,US,0.5,0.6153846153846154,Joseph Kiplang’at,KE
https://openalex.org/A5036325310,39,5,10,1.890625223095672,0.19789612097304404,DE,0.3333333333333333,0.75,Michael Kipp,DE
https://openalex.org/A5010635728,16,3,8,1.8903627753388679,0.1796875,US,0.3125,0.3333333333333333,Gerhard van Huyssteen,ZA
https://openalex.org/A5010343739,18,3,10,1.8891591637540215,0.2345679012345679,US,0.4444444444444444,0,Arturo Oncevay,PE
https://openalex.org/A5089325744,18,3,10,1.8891591637540215,0.2345679012345679,US,0.4444444444444444,0,Marco Antonio Sobrevilla Cabezudo,PE
https://openalex.org/A5085496182,80,3,11,1.888658775281715,0.20906249999999998,US,0.35,0.3448275862068966,Izaskun Aldezabal,ES
https://openalex.org/A5023802054,185,5,27,1.8881894281331548,0.33884587289992696,US,0.5675675675675675,0.6774193548387096,Dan Roth,US
https://openalex.org/A5014324079,26,3,9,1.8848713335781606,0.18934911242603553,US,0.3076923076923077,0.17647058823529413,Marie‐Jean Meurs,CA
https://openalex.org/A5087366961,36,3,11,1.8845606913973376,0.21141975308641975,US,0.3333333333333333,0.25806451612903225,R. Harald Baayen,NL
https://openalex.org/A5085076709,23,3,9,1.884521019845371,0.19470699432892247,US,0.34782608695652173,0.2631578947368421,Anna Maria Tammaro,IT
https://openalex.org/A5060605626,40,4,9,1.8818806078681451,0.185,US,0.3,0.3,Chikara Hashimoto,JP
https://openalex.org/A5017464054,366,20,29,1.881725031701108,0.3422019170473886,US,0.5683060109289617,0.7731958762886598,Martha Palmer,US
https://openalex.org/A5072356600,62,7,11,1.880950061088115,0.20187304890738814,AU,0.3225806451612903,0.28,David L. Hoover,US
https://openalex.org/A5014656063,79,6,15,1.8798347918833431,0.24563371254606634,IT,0.4050632911392405,0.6557377049180327,Filippo Stanco,IT
https://openalex.org/A5084230459,185,4,26,1.8795338832247948,0.34527392257121986,US,0.572972972972973,0.8217054263565892,Jillian C. Wallis,US
https://openalex.org/A5110193136,80,7,19,1.8774022877715562,0.2771875,US,0.475,0.6964285714285714,Liz Lyon,CL;US
https://openalex.org/A5019332166,232,7,25,1.8759725032167376,0.27965219976218786,US,0.47844827586206895,0.22727272727272727,Orland Hoeber,CA
https://openalex.org/A5008518709,46,3,13,1.8755143165279993,0.2637051039697543,US,0.4782608695652174,0.7096774193548387,Plato Smith,US
https://openalex.org/A5055741193,28,3,11,1.8750951674479188,0.25,US,0.4642857142857143,0,Mehrnoush Shamsfard,IR
https://openalex.org/A5001616788,56,7,14,1.8750438545000798,0.27869897959183676,US,0.5,0.12244897959183673,Sophie Rosset,FR
https://openalex.org/A5019243190,17,3,9,1.874640740535752,0.20415224913494812,GB,0.35294117647058826,0.5454545454545454,Veerle Van den Eynden,GB
https://openalex.org/A5044532377,69,6,13,1.873205277328958,0.21571098508716655,GB,0.36231884057971014,0.3220338983050847,Christopher J. Howe,GB
https://openalex.org/A5080030626,20,4,9,1.8726130058604369,0.19999999999999998,US,0.35,0.3076923076923077,Stefan Scherer,IE
https://openalex.org/A5032665404,21,3,9,1.8724509888392689,0.2063492063492063,US,0.38095238095238093,0.25,Olivier Hamon,FR
https://openalex.org/A5087415650,35,3,12,1.8717979104309976,0.24081632653061225,US,0.42857142857142855,0.46875,Justin Wigard,US
https://openalex.org/A5054138681,14,3,9,1.8711604142318063,0.22448979591836732,US,0.42857142857142855,0.16666666666666666,S. Ghosh,GB;IN
https://openalex.org/A5047699861,206,4,23,1.8674681845113061,0.32585540578753885,US,0.5533980582524272,0.7581699346405228,Jacob Eisenstein,US
https://openalex.org/A5035865925,14,3,8,1.8662160235859526,0.19387755102040816,US,0.35714285714285715,0.45454545454545453,Hongsu Wang,US
https://openalex.org/A5110478635,53,3,12,1.8657907352149847,0.23460306158775368,US,0.41509433962264153,0.32432432432432434,John McNaught,GB
https://openalex.org/A5034757155,36,5,11,1.8637633805067866,0.22067901234567902,US,0.3888888888888889,0.48148148148148145,Octavian Popescu,IT
https://openalex.org/A5080316728,68,4,16,1.8636808350536078,0.3140138408304498,US,0.5441176470588235,0.034482758620689655,Tibor Koltay,HU
https://openalex.org/A5040587162,77,6,13,1.8634382750069332,0.24709057176589644,US,0.44155844155844154,0.53125,Robert Gaizauskas,GB
https://openalex.org/A5015900970,198,4,26,1.8621664257096853,0.3446076930925416,US,0.5707070707070707,0.8129496402877698,Christine L. Borgman,US
https://openalex.org/A5039744538,22,3,9,1.861665586303033,0.19421487603305781,GB,0.2727272727272727,0.3,Thorsten Wübbena,DE
https://openalex.org/A5057949302,22,3,9,1.861665586303033,0.19421487603305781,GB,0.2727272727272727,0.3,Fabian Cremer,DE
https://openalex.org/A5084744674,56,5,12,1.8613987404993741,0.20727040816326534,US,0.32142857142857145,0.325,Ina Rösiger,DE
https://openalex.org/A5074210163,83,8,14,1.8608802148687855,0.22746407316011033,US,0.3855421686746988,0.2878787878787879,Marta R. Costa‐jussà,ES
https://openalex.org/A5074322406,115,5,15,1.8601518312839453,0.27954631379962197,US,0.4956521739130435,0.7666666666666667,Douglas W. Oard,US
https://openalex.org/A5100526248,48,3,12,1.8600813251579296,0.2517361111111111,US,0.4583333333333333,0.5365853658536586,Jinyun Ke,HK
https://openalex.org/A5091392919,141,7,21,1.8600458307816763,0.2721694079774659,US,0.475177304964539,0.23333333333333334,Anton Nijholt,NL
https://openalex.org/A5070570893,35,4,10,1.8598013062126393,0.21469387755102043,US,0.37142857142857144,0.1111111111111111,Sanni Nimb,DK
https://openalex.org/A5052850851,29,5,9,1.8568695789035194,0.19857312722948872,US,0.3448275862068966,0.2,Fotis Jannidis,DE
https://openalex.org/A5044841280,106,10,14,1.8560454300480025,0.2742969028123887,US,0.49056603773584906,0.14606741573033707,Udo Hahn,DE
https://openalex.org/A5110228068,72,4,17,1.8558337135616405,0.2735339506172839,US,0.4583333333333333,0.13114754098360656,Fabio Pianesi,IT
https://openalex.org/A5110712603,35,3,11,1.8556988939718726,0.23591836734693875,US,0.42857142857142855,0.045454545454545456,Hisako Asano,JP
https://openalex.org/A5047699502,354,5,29,1.8546520285508934,0.3507612754955473,US,0.5790960451977402,0.7473684210526316,Mihai Surdeanu,US
https://openalex.org/A5077976343,116,8,18,1.8542827458208602,0.2769024970273484,US,0.4827586206896552,0.26506024096385544,Sophia Ananiadou,GB
https://openalex.org/A5050256142,104,4,17,1.8529456590404074,0.2860576923076923,US,0.5,0.5842696629213483,Mihai Nadin,US
https://openalex.org/A5111994814,114,3,17,1.8506950283141583,0.26115727916281933,US,0.45614035087719296,0.35051546391752575,Suzanne Stevenson,CA;US
https://openalex.org/A5004079107,18,3,8,1.8498981518685602,0.19135802469135801,ES,0.3333333333333333,0.5,Javier Bermejo Meléndez,ES
https://openalex.org/A5068287840,18,3,8,1.8498981518685602,0.19135802469135801,ES,0.3333333333333333,0.5,Juan Manuel Campos Carrasco,ES
https://openalex.org/A5000405202,35,4,10,1.8497756763556452,0.21306122448979595,ES,0.37142857142857144,0.3939393939393939,Antonio Bonafonte,ES
https://openalex.org/A5049383736,76,6,16,1.848973788810896,0.2652354570637119,US,0.4605263157894737,0.5652173913043478,Susan Schreibman,NL
https://openalex.org/A5062343882,57,3,15,1.8471110656357772,0.2822406894429055,US,0.49122807017543857,0.04,Ariel Guersenzvaig,ES
https://openalex.org/A5082997975,77,4,14,1.8461614956099157,0.2541743970315399,US,0.45454545454545453,0.26229508196721313,Jimmy Lin,CA
https://openalex.org/A5060497847,34,3,10,1.8460416024610926,0.22491349480968859,US,0.4117647058823529,0.23076923076923078,Víctor M. Sánchez-Cartagena,ES
https://openalex.org/A5033118332,13,3,7,1.8446214763655029,0.1715976331360947,AU,0.23076923076923078,0.3333333333333333,Dirk Van Hülle,BE
https://openalex.org/A5026122018,62,3,13,1.8443161714931309,0.24089490114464102,GB,0.41935483870967744,0.49056603773584906,Kieran O’Halloran,GB
https://openalex.org/A5100702485,61,4,16,1.8438306176421921,0.30287557108304225,US,0.5245901639344263,0.47058823529411764,William Yang Wang,US
https://openalex.org/A5065806480,46,4,13,1.8436762259217487,0.2495274102079395,GB,0.41304347826086957,0.475,Andrew Hardie,GB
https://openalex.org/A5083456507,21,4,8,1.8428570055276674,0.19274376417233557,PL,0.3333333333333333,0.5384615384615384,Marcin Woliński,PL
https://openalex.org/A5087459652,111,3,15,1.8424387201209222,0.2281470659849038,US,0.36936936936936937,0.3010752688172043,Claire Gardent,FR
https://openalex.org/A5090637448,18,3,8,1.8422068775305656,0.19135802469135804,HK,0.2777777777777778,0,Roberta Ferroni,IT
https://openalex.org/A5024530852,24,3,8,1.8418779813508106,0.1909722222222222,US,0.3333333333333333,0.2727272727272727,Helge Dyvik,NO
https://openalex.org/A5055140718,24,3,8,1.8418779813508106,0.1909722222222222,US,0.3333333333333333,0.2727272727272727,Martha Thunes,NO
https://openalex.org/A5059881849,24,3,8,1.8418779813508106,0.1909722222222222,US,0.3333333333333333,0.2727272727272727,Gyri Smørdal Losnegaard,NO
https://openalex.org/A5070082766,24,3,8,1.8418779813508106,0.1909722222222222,US,0.3333333333333333,0.2727272727272727,Victoria Rosén,NO
https://openalex.org/A5083731825,24,3,8,1.8418779813508106,0.1909722222222222,US,0.3333333333333333,0.2727272727272727,Petter Haugereid,NO
https://openalex.org/A5084949286,49,3,9,1.8410200893315936,0.21282798833819241,US,0.3877551020408163,0,Alexandros Potamianos,GR
https://openalex.org/A5108068056,49,3,9,1.8410200893315936,0.21282798833819241,US,0.3877551020408163,0,Elias Iosif,GR
https://openalex.org/A5084604226,24,3,7,1.8397397978629433,0.1701388888888889,DK,0.20833333333333334,0.29411764705882354,Relja Vulanović,NL
https://openalex.org/A5074922588,37,3,12,1.8393006915701955,0.26953981008035066,US,0.4864864864864865,0.19230769230769232,Wolfgang Menzel,DE
https://openalex.org/A5036594939,13,3,8,1.8392967479776605,0.20710059171597633,US,0.38461538461538464,0.3,Lik Hang Tsui,US
https://openalex.org/A5030705917,63,3,11,1.8380296484753682,0.21894683799445702,US,0.3492063492063492,0.4,Bridget Moynihan,GB
https://openalex.org/A5015183469,41,3,12,1.837059618926684,0.23854848304580606,DE,0.4146341463414634,0.6296296296296297,Kerstin Eckart,DE
https://openalex.org/A5100381754,160,3,18,1.8370058534825546,0.282265625,US,0.49375,0.22131147540983606,Yan Song,CN
https://openalex.org/A5042583724,91,8,17,1.8353764424489534,0.32182103610675045,US,0.5494505494505495,0.864406779661017,Eric Kansa,US
https://openalex.org/A5007501527,23,3,8,1.8347505070928416,0.1947069943289225,DE,0.30434782608695654,0.4666666666666667,Sven Havemann,AT
https://openalex.org/A5021351470,43,4,10,1.8344771402584543,0.22444564629529473,GB,0.3953488372093023,0.5483870967741935,Brian Matthews,GB
https://openalex.org/A5078126450,43,4,10,1.8344771402584543,0.22444564629529473,GB,0.3953488372093023,0.5483870967741935,Catherine Jones,GB
https://openalex.org/A5014788276,20,3,9,1.8343719702816237,0.22000000000000003,US,0.4,0.21428571428571427,Elisabetta Ježek,IT
https://openalex.org/A5075489729,20,3,9,1.8343719702816237,0.22000000000000003,US,0.4,0.21428571428571427,NA,NA
https://openalex.org/A5009885745,101,3,19,1.8333381056452027,0.28046269973532006,US,0.48514851485148514,0.18518518518518517,Robert Hogenraad,BE
https://openalex.org/A5086870753,40,3,10,1.8324115085199855,0.21875,IT,0.375,0.6206896551724138,Federico Fallavollita,IT
https://openalex.org/A5031570473,56,3,11,1.8321530573227327,0.2098214285714286,US,0.32142857142857145,0.358974358974359,Robert S. Laramee,GB
https://openalex.org/A5012574491,25,4,10,1.831091258168144,0.2416,US,0.44,0.05555555555555555,Coppélie Cocq,FI;SE
https://openalex.org/A5059869175,41,4,10,1.830896898458008,0.2278405710886377,IT,0.4146341463414634,0.6538461538461539,Eva Pietroni,IT
https://openalex.org/A5061259426,65,7,15,1.8294330781160397,0.2728994082840237,US,0.47692307692307695,0.4074074074074074,Anne Welsh,GB
https://openalex.org/A5082785238,42,3,14,1.8279313654401987,0.30045351473922904,FR,0.5238095238095238,0.6111111111111112,Bernard Jacquemin,FR
https://openalex.org/A5043113844,32,6,10,1.8278401331407375,0.228515625,IT,0.40625,0.41935483870967744,Michela Dota,IT
https://openalex.org/A5004785151,64,3,14,1.8277952343113781,0.25146484375,US,0.4375,0.21818181818181817,Rieks op den Akker,NL
https://openalex.org/A5072394336,72,7,10,1.8265312645450185,0.20254629629629634,GB,0.2916666666666667,0.32786885245901637,Bárbara Bordalejo,BE
https://openalex.org/A5024746221,90,3,15,1.8260682476806327,0.2866666666666667,US,0.5,0.26666666666666666,Leon Derczynski,GB
https://openalex.org/A5049835651,42,4,12,1.8257665963528509,0.2800453514739229,US,0.5,0.8148148148148148,Rebecca Sutton Koeser,US
https://openalex.org/A5049243510,26,3,10,1.8244965477591744,0.25147928994082847,US,0.46153846153846156,0.15,Chantal van Son,NL
https://openalex.org/A5108836596,39,3,10,1.8238819357541718,0.23208415516107822,US,0.41025641025641024,0.05128205128205128,Zhiwei Feng,CN
https://openalex.org/A5006117547,34,3,12,1.8238733159854377,0.2664359861591696,US,0.47058823529411764,0.038461538461538464,Tomoyuki Kajiwara,JP
https://openalex.org/A5024695613,34,4,11,1.8238733159854377,0.2595155709342561,US,0.47058823529411764,0.2413793103448276,Jedrzej Rybicki,PL
https://openalex.org/A5110165830,63,4,14,1.8230709241588903,0.27236079617031994,US,0.47619047619047616,0.09259259259259259,Yunhua Qu,CN
https://openalex.org/A5049617931,31,4,8,1.823019193559606,0.19250780437044746,US,0.3225806451612903,0.3125,Harry Bunt,NL
https://openalex.org/A5088047776,189,9,20,1.8208170615990877,0.27325662775398224,US,0.4603174603174603,0.4358974358974359,Graeme Hirst,CA
https://openalex.org/A5030013102,123,15,18,1.8183551038094048,0.2602286998479741,GB,0.36585365853658536,0.41284403669724773,Richard Ennals,GB
https://openalex.org/A5045067400,97,6,13,1.8177172528660057,0.25411839727920077,US,0.4536082474226804,0.6470588235294118,Matthew L. Jockers,US
https://openalex.org/A5036691231,29,4,10,1.8170218755132448,0.24613555291319858,US,0.4482758620689655,0.5263157894736842,Dan Ştefănescu,US
https://openalex.org/A5030145468,23,4,8,1.8162712619630388,0.19092627599243855,GB,0.2608695652173913,0.2222222222222222,Lucie Poláková,CZ
https://openalex.org/A5102732054,46,4,13,1.8162712619630388,0.29678638941398866,US,0.5217391304347826,0.5853658536585366,Vincent Ng,US
https://openalex.org/A5054936589,135,3,15,1.8154951243372408,0.23983539094650205,US,0.3851851851851852,0.39090909090909093,Frank Keller,GB
https://openalex.org/A5018492547,60,5,13,1.8152179824398156,0.2733333333333333,US,0.48333333333333334,0.5416666666666666,Jürgen Wedekind,DK
https://openalex.org/A5068034729,32,3,9,1.8143380675685872,0.212890625,US,0.375,0.5416666666666666,Jan Borchers,US
https://openalex.org/A5033831523,33,4,11,1.8116768225482043,0.25436179981634527,US,0.45454545454545453,0.16,Sarmad Hussain,PK
https://openalex.org/A5013628099,42,4,10,1.8101595431530133,0.22335600907029476,US,0.38095238095238093,0.6296296296296297,Michael Neff,US
https://openalex.org/A5022346020,23,3,8,1.8094735226840368,0.20226843100189035,US,0.34782608695652173,0,Andrej Žgank,SI
https://openalex.org/A5112237032,86,7,17,1.8093931101370884,0.2912385073012439,US,0.5,0.6142857142857143,Gregory Crane,US
https://openalex.org/A5086324861,19,3,8,1.8091581844412503,0.20221606648199444,US,0.3157894736842105,0.4166666666666667,Silke Schwandt,DE
https://openalex.org/A5036715761,169,7,24,1.808042941614456,0.3758621896992402,US,0.6035502958579881,0.8320610687022901,Nianwen Xue,US
https://openalex.org/A5002938093,31,3,12,1.8072180062889975,0.2924037460978147,US,0.5161290322580645,0.034482758620689655,Katia Lida Kermanidis,GR
https://openalex.org/A5074676409,31,3,11,1.8059243608650903,0.2570239334027055,US,0.45161290322580644,0.03571428571428571,Natalia Grincheva,AU
https://openalex.org/A5001301383,28,6,9,1.805711519829778,0.22193877551020408,NL,0.39285714285714285,0.4,William A. Kretzschmar,US
https://openalex.org/A5087568487,101,7,15,1.805309158463597,0.28457994314282914,US,0.49504950495049505,0.7037037037037037,Marc Verhagen,US
https://openalex.org/A5043268657,94,4,11,1.8043852292072797,0.23675871435038479,US,0.3723404255319149,0.04411764705882353,Ryu Iida,JP
https://openalex.org/A5108653041,38,3,11,1.801931023503632,0.2340720221606648,US,0.34210526315789475,0.4666666666666667,Claire Grover,GB
https://openalex.org/A5100606557,54,3,13,1.797345624420137,0.27572016460905346,US,0.48148148148148145,0.2631578947368421,Paul M. Thompson,GB
https://openalex.org/A5027763845,101,9,18,1.7963533816370874,0.26438584452504654,US,0.42574257425742573,0.7816091954022989,Stan Ruecker,US
https://openalex.org/A5081793544,36,4,10,1.7943421513663984,0.2160493827160494,US,0.3055555555555556,0.3125,Christian Schmidt,FR
https://openalex.org/A5017104888,50,3,17,1.7926361007016043,0.35119999999999996,US,0.58,0.7631578947368421,Deryle Lonsdale,US
https://openalex.org/A5006966951,26,3,10,1.7913024624762766,0.25739644970414205,US,0.46153846153846156,0.25,Andreas Kerren,SE
https://openalex.org/A5071745185,31,3,13,1.790851218317551,0.31945889698231006,US,0.5483870967741935,0.07407407407407407,Stephen D. Edwards,ZA
https://openalex.org/A5073920793,52,3,12,1.7897388817018507,0.2951183431952663,US,0.5192307692307693,0.07317073170731707,Montse Cuadros,ES
https://openalex.org/A5007550097,51,3,10,1.7881985352689465,0.235678585159554,US,0.4117647058823529,0.24444444444444444,Björn Lundgren,SE
https://openalex.org/A5100319572,72,4,13,1.7875374144652145,0.28587962962962965,US,0.5,0.37037037037037035,Jiajun Zhang,CN
https://openalex.org/A5073413742,59,4,14,1.7873885971370933,0.28756104567652974,US,0.4915254237288136,0.08,Nigel Collier,GB
https://openalex.org/A5113945532,17,3,8,1.7873160424828711,0.22491349480968859,US,0.4117647058823529,0.07692307692307693,Yoshihiro Matsuo,JP
https://openalex.org/A5044192522,55,5,12,1.7860850800540242,0.2502479338842975,IT,0.36363636363636365,0.6829268292682927,Davide Tanasi,IT
https://openalex.org/A5049674705,50,6,11,1.7854484905180263,0.24,US,0.42,0.25,Reinhard Rapp,DE
https://openalex.org/A5088546447,15,4,7,1.7838539603556165,0.19111111111111112,DE,0.26666666666666666,0.375,Gerhard Budin,AT
https://openalex.org/A5076655386,72,5,14,1.7831067855978109,0.3267746913580247,US,0.5555555555555556,0.9302325581395349,Sarah Whitcher Kansa,US
https://openalex.org/A5047351656,18,3,9,1.7830734690382193,0.24691358024691357,US,0.4444444444444444,0.5714285714285714,Thamar Solorio,US
https://openalex.org/A5071521721,60,3,11,1.7826921202463502,0.2811111111111111,US,0.5,0.6521739130434783,Alia Reza,US
https://openalex.org/A5038583917,30,3,9,1.782517193417579,0.2555555555555556,US,0.4666666666666667,0.7777777777777778,Benjamin Charles Germain Lee,US
https://openalex.org/A5063116902,55,4,12,1.781651917530117,0.23768595041322313,US,0.34545454545454546,0.3333333333333333,Terttu Nevalainen,FI
https://openalex.org/A5023859439,84,8,16,1.7815739568193247,0.3032879818594104,US,0.5119047619047619,0.2571428571428571,Ruslan Mitkov,GB
https://openalex.org/A5065119770,39,4,12,1.780541363855597,0.2925706771860617,US,0.5128205128205128,0.034482758620689655,Raquel Hervás,ES
https://openalex.org/A5028500171,87,3,11,1.7799762773774475,0.23926542475888493,US,0.3563218390804598,0.01639344262295082,Naoko Kuriyama,JP
https://openalex.org/A5035723712,87,3,11,1.7799762773774475,0.23926542475888493,US,0.3563218390804598,0.01639344262295082,Asuka Terai,JP
https://openalex.org/A5061249142,131,10,21,1.7784985919620453,0.3353534176330051,US,0.5572519083969466,0.75,Nancy Ide,US
https://openalex.org/A5090152787,17,4,7,1.7782309816924815,0.19031141868512114,DE,0.29411764705882354,0.6153846153846154,Jochen Schirrwagen,DE
https://openalex.org/A5012774046,43,7,11,1.7772653778587768,0.253650621957815,US,0.4418604651162791,0.1875,Donghui Lin,JP
https://openalex.org/A5041921676,34,3,7,1.776195056132424,0.18858131487889276,CA,0.29411764705882354,0.05555555555555555,Domingo Martín,ES
https://openalex.org/A5091409488,62,3,12,1.77434395145357,0.24713839750260147,US,0.41935483870967744,0.21818181818181817,Dirk Heylen,NL
https://openalex.org/A5025079639,139,4,17,1.774060877205021,0.28036851094663834,US,0.4748201438848921,0.3425925925925926,Michael Roth,GB
https://openalex.org/A5055482463,102,4,15,1.7732022006779373,0.33121876201460976,US,0.5588235294117647,0.6785714285714286,Justin F. Brunelle,US
https://openalex.org/A5019304065,40,7,10,1.7728746523964811,0.2525,US,0.45,0.30303030303030304,Francesco Garibaldo,IT
https://openalex.org/A5001208939,23,3,9,1.7727282552048105,0.2438563327032136,US,0.43478260869565216,0.47619047619047616,Annamarie Klose Hrubes,US
https://openalex.org/A5080566146,64,3,12,1.772075375974279,0.26904296875,US,0.46875,0.7446808510638298,Pasquale Pagano,IT;US
https://openalex.org/A5064230075,53,4,13,1.7716328126020642,0.3065147739409042,US,0.5283018867924528,0.6904761904761905,James E. Dobson,US
https://openalex.org/A5045978751,60,3,12,1.7715587810218931,0.2527777777777778,US,0.4166666666666667,0.28846153846153844,Alberto H. F. Laender,BR
https://openalex.org/A5007926767,35,3,10,1.771387542484141,0.23755102040816328,GR,0.37142857142857144,0.38235294117647056,Christos Panagiotakopoulos,GR
https://openalex.org/A5000560543,22,3,8,1.7704034040001457,0.21074380165289255,US,0.3181818181818182,0.2,Beatríz Fisas,ES
https://openalex.org/A5075624316,24,3,9,1.7684051657585256,0.2534722222222222,US,0.4583333333333333,0.043478260869565216,Séamus Lawless,IE
https://openalex.org/A5040875069,11,3,7,1.7677614722893296,0.2066115702479339,US,0.36363636363636365,0.2222222222222222,Jean Burgess,AU
https://openalex.org/A5058667349,49,3,11,1.7676021272710096,0.25531028738025824,US,0.4489795918367347,0.18421052631578946,Andreas Niekler,DE
https://openalex.org/A5082648063,18,4,8,1.7674248259297285,0.2222222222222222,FI,0.3888888888888889,0.4375,Leo Lahti,FI
https://openalex.org/A5045436171,73,3,14,1.767345490298695,0.2692812910489773,US,0.4520547945205479,0.25757575757575757,Robert Pepperell,GB
https://openalex.org/A5041985882,71,4,12,1.7670857030972966,0.2894267010513787,IT,0.5070422535211268,0.6545454545454545,Cettina Santagati,IT
https://openalex.org/A5012396877,25,3,8,1.7658626662654011,0.21280000000000002,GB,0.32,0.631578947368421,Ann Copestake,GB
https://openalex.org/A5060081515,45,3,11,1.7656778567755764,0.2671604938271605,US,0.4666666666666667,0.09090909090909091,Milan Straka,CZ
https://openalex.org/A5051011343,18,3,7,1.765190524135016,0.19753086419753088,ES,0.2777777777777778,0.29411764705882354,Roque Angulo Fornos,ES
https://openalex.org/A5046825099,44,4,12,1.764001686364854,0.2768595041322314,US,0.4772727272727273,0.0975609756097561,Horacio Saggion,ES
https://openalex.org/A5075429049,41,7,8,1.7637589397208566,0.22070196311719215,IS,0.36585365853658536,0.6,Eiríkur Rögnvaldsson,IS
https://openalex.org/A5029540488,22,3,9,1.7633831297530265,0.23966942148760334,US,0.4090909090909091,0.5263157894736842,Cristina España-Bonet,DE
https://openalex.org/A5085984796,119,4,15,1.7626390899813664,0.3219405409222512,US,0.5462184873949579,0.6153846153846154,R. Supyan Sauri,ES
https://openalex.org/A5006529599,17,4,7,1.7623147108366672,0.20415224913494812,US,0.35294117647058826,0.23076923076923078,Elena Spadini,IT;NL
https://openalex.org/A5080544237,87,3,18,1.7604280941037993,0.34839476813317477,US,0.5747126436781609,0.7027027027027027,Jena D. Hwang,US
https://openalex.org/A5049233966,38,3,9,1.7603547733972877,0.2257617728531856,DE,0.34210526315789475,0.4642857142857143,Benjamin Gittel,DE
https://openalex.org/A5047012047,29,3,9,1.759093685122045,0.23900118906064208,FR,0.41379310344827586,0.5217391304347826,Juliette Kahn,FR
https://openalex.org/A5102164664,17,3,8,1.756536739908486,0.23183391003460208,US,0.4117647058823529,0.4666666666666667,Sarah L. Jacobson,US
https://openalex.org/A5110326522,59,3,11,1.7565284893074997,0.23987359954036197,US,0.3559322033898305,0.2830188679245283,Richard Power,GB
https://openalex.org/A5088135366,46,3,11,1.7549669807784436,0.27504725897920607,US,0.4782608695652174,0.5526315789473685,Gerhard Weikum,DE
https://openalex.org/A5005530678,119,5,19,1.7547799224709693,0.3288609561471647,US,0.5462184873949579,0.45555555555555555,Roxana Gîrju,US
https://openalex.org/A5058967954,33,3,9,1.7538118981577668,0.25436179981634527,US,0.45454545454545453,0.16666666666666666,M. Eder,PL
https://openalex.org/A5089400821,29,6,8,1.7527678206332948,0.2057074910820452,US,0.3103448275862069,0.2608695652173913,Jiří Mírovský,CZ
https://openalex.org/A5047504661,47,6,12,1.7516457855463714,0.26844726120416473,US,0.44680851063829785,0.2926829268292683,Wilbert Heeringa,NL
https://openalex.org/A5021071397,67,4,11,1.7512149333413871,0.289374025395411,US,0.5074626865671642,0.6666666666666666,Jessica Grimmer,US
https://openalex.org/A5002257700,111,9,15,1.7498543497211212,0.3135297459621784,US,0.5315315315315315,0.6941176470588235,Katrina Fenlon,US
https://openalex.org/A5028822761,16,3,7,1.7497789891841657,0.203125,US,0.3125,0.3333333333333333,Marion Weller,DE
https://openalex.org/A5046158145,12,3,7,1.748155457247676,0.20833333333333331,BR,0.3333333333333333,0.3333333333333333,Renan Marinho de Castro,BR
https://openalex.org/A5055868875,10,4,7,1.7480673485460894,0.22000000000000003,US,0.4,0.8,Mark Liberman,US
https://openalex.org/A5081911753,10,5,7,1.7480673485460894,0.22000000000000003,US,0.4,0.8,Christopher Cieri,US
https://openalex.org/A5001185971,16,4,8,1.7479662368880953,0.2421875,US,0.4375,0.09090909090909091,Joaquín Gayoso-Cabada,ES
https://openalex.org/A5035819309,16,3,8,1.7479662368880953,0.2421875,US,0.4375,0.15384615384615385,Emer Gilmartin,IE
https://openalex.org/A5002216594,67,3,14,1.7475928155665117,0.32902650924482074,US,0.5522388059701493,0.8409090909090909,Ixchel M. Faniel,US
https://openalex.org/A5078234452,94,5,19,1.7475190662788678,0.35151652331371663,US,0.574468085106383,0.873015873015873,Houda Bouamor,QA
https://openalex.org/A5043179000,65,5,12,1.745549435715324,0.24449704142011838,GB,0.35384615384615387,0.5510204081632653,Beatrice Alex,GB
https://openalex.org/A5029476870,24,3,8,1.7441419765893982,0.22222222222222224,US,0.375,0.14285714285714285,Thomas Proisl,DE
https://openalex.org/A5003791447,37,5,10,1.742201903565095,0.26223520818115414,US,0.4594594594594595,0.3793103448275862,Piek Vossen,NL
https://openalex.org/A5078390777,66,3,17,1.7418713232259848,0.35169880624426086,US,0.5757575757575758,0.6909090909090909,Jeffrey Pomerantz,US
https://openalex.org/A5015725705,65,3,17,1.740272451520198,0.3472189349112426,US,0.5692307692307692,0.061224489795918366,Mark Levene,GB
https://openalex.org/A5015784640,65,3,17,1.740272451520198,0.3472189349112426,US,0.5692307692307692,0.061224489795918366,Dell Zhang,GB
https://openalex.org/A5111310912,65,3,17,1.740272451520198,0.3472189349112426,US,0.5692307692307692,0.061224489795918366,Dan Levene,GB
https://openalex.org/A5027417114,50,6,10,1.7401393285581932,0.2712,US,0.48,0.2894736842105263,Andrew Piper,CA
https://openalex.org/A5071546094,33,4,12,1.7394533008839441,0.2892561983471075,US,0.48484848484848486,0.041666666666666664,Manuel Cebral-Loureda,MX
https://openalex.org/A5002615696,19,3,7,1.7325520881169427,0.20221606648199444,NO,0.2631578947368421,0.3125,James Karlsen,NO
https://openalex.org/A5103532912,27,4,7,1.7320811825026867,0.1989026063100137,IT,0.25925925925925924,0.21739130434782608,Rafael Jesús Segura Sánchez,ES
https://openalex.org/A5058386804,29,5,9,1.7307455955928674,0.2556480380499406,US,0.4482758620689655,0,Radu Ion,RO
https://openalex.org/A5083592532,60,4,12,1.7303356063702218,0.2888888888888889,US,0.5,0.16326530612244897,Roberto Basili,IT
https://openalex.org/A5025841679,19,3,9,1.7301832916911615,0.26869806094182824,IT,0.47368421052631576,0.9230769230769231,Fabio Remondino,IT;US
https://openalex.org/A5011681012,21,3,7,1.7283909763890075,0.2018140589569161,IT,0.2857142857142857,0.2631578947368421,Juan J. Jiménez,ES
https://openalex.org/A5084768034,55,4,7,1.7273668413855336,0.20264462809917355,GB,0.32727272727272727,0.4883720930232558,Patrick Sahle,DE
https://openalex.org/A5048171501,66,3,11,1.725833626686059,0.23737373737373738,US,0.3333333333333333,0.4807692307692308,Ross S. Purves,CH
https://openalex.org/A5053854022,56,4,11,1.7254208041728367,0.25701530612244894,US,0.42857142857142855,0.16666666666666666,Itziar Aldabe,ES
https://openalex.org/A5037356570,31,3,9,1.7252142925524794,0.2570239334027055,US,0.45161290322580644,0.5833333333333334,Ana Jofré,US
https://openalex.org/A5067105930,31,3,9,1.7252142925524794,0.2570239334027055,US,0.45161290322580644,0.5833333333333334,Josh Cole,CA
https://openalex.org/A5100947652,49,8,10,1.7246693342007127,0.2802998750520616,US,0.4897959183673469,0.25,Feiyu Xu,DE
https://openalex.org/A5103861221,21,3,10,1.722468039537615,0.30158730158730157,US,0.5238095238095238,0.6875,Walter Chang,US
https://openalex.org/A5113912213,77,4,14,1.7223913101371984,0.3256872997132737,US,0.5454545454545454,0.6129032258064516,Ronald M. Kaplan,US
https://openalex.org/A5020860954,26,3,10,1.72209594652115,0.2869822485207101,US,0.5,0.15,Cheikh M. Bamba Dione,NO
https://openalex.org/A5057698911,11,3,6,1.7201934592198251,0.19008264462809915,NL,0.2727272727272727,0.4,Tamás Váradi,HU
https://openalex.org/A5024857671,47,3,11,1.7198512237372694,0.282933454051607,US,0.48936170212765956,0.6764705882352942,Mikala Narlock,US
https://openalex.org/A5112501010,100,6,17,1.7186193398692422,0.2908,US,0.44,0.43529411764705883,Hermann Ney,DE
https://openalex.org/A5017448247,18,4,9,1.7147431158325055,0.2839506172839506,US,0.5,0.15384615384615385,F. de Vriend,NL
https://openalex.org/A5035785775,24,4,8,1.7146169689261184,0.21875000000000003,NO,0.2916666666666667,0.3181818181818182,Jens Kristian Fosse,NO
https://openalex.org/A5062272413,44,5,9,1.7142419014780232,0.24483471074380167,US,0.4090909090909091,0.7575757575757576,Takaaki Tanaka,JP
https://openalex.org/A5007426493,70,6,16,1.7140464374592574,0.3314285714285714,US,0.5428571428571428,0.375,Richard Evans,GB
https://openalex.org/A5023539329,88,3,13,1.712674176570287,0.31559917355371897,US,0.5340909090909091,0.6103896103896104,Jason Borenstein,US
https://openalex.org/A5057428211,29,3,8,1.7112904312903245,0.24137931034482757,AT,0.41379310344827586,0.7058823529411765,Renato Rocha Souza,BR
https://openalex.org/A5091540710,29,4,9,1.7079033448841492,0.2508917954815696,IS,0.41379310344827586,0.5454545454545454,Hrafn Loftsson,US
https://openalex.org/A5014351252,20,4,8,1.7078211625602204,0.235,US,0.35,0.3333333333333333,Hajime Murai,JP
https://openalex.org/A5033068052,15,4,8,1.7075391741350712,0.26222222222222225,US,0.4666666666666667,0.5833333333333334,Quinn Dombrowski,US
https://openalex.org/A5034180838,18,4,8,1.7060571156426698,0.25308641975308643,US,0.4444444444444444,0.14285714285714285,Xin Wei Sha,US
https://openalex.org/A5013726665,34,4,10,1.7015532252983885,0.2750865051903114,US,0.47058823529411764,0.2413793103448276,Charlotte Gooskens,AU;NL
https://openalex.org/A5051647632,37,3,11,1.7010475805780583,0.3177501826150475,US,0.5405405405405406,0,Dina Wonsever,UY
https://openalex.org/A5081787254,119,5,19,1.7006455706092678,0.38041098792458156,US,0.6050420168067226,0.7474747474747475,Dragomir Radev,US
https://openalex.org/A5037737417,51,3,10,1.700461648128514,0.27412533640907344,GB,0.47058823529411764,0.43478260869565216,Nuria Yáñez‐Bouza,ES
https://openalex.org/A5035483552,66,3,14,1.699791796982356,0.31313131313131315,US,0.5151515151515151,0.25862068965517243,Christina Kamposiori,GB
https://openalex.org/A5109565051,192,3,22,1.6988144473836129,0.3722873263888889,US,0.59375,0.7784431137724551,Kathleen McKeown,US
https://openalex.org/A5039598495,12,4,7,1.698782989513801,0.23611111111111113,DE,0.4166666666666667,0.75,Uwe Quasthoff,DE
https://openalex.org/A5075684144,43,3,8,1.698297333782489,0.2244456462952948,US,0.32558139534883723,0.2,Maddalen López de Lacalle,ES
https://openalex.org/A5060938475,39,4,12,1.697810569681272,0.3201840894148586,US,0.5384615384615384,0.6774193548387096,Ramy Eskander,US
https://openalex.org/A5074817028,43,4,11,1.6966177146427153,0.2677122769064359,US,0.4186046511627907,0.7058823529411765,Eric Atwell,GB
https://openalex.org/A5109966554,57,7,11,1.6959295426883154,0.28654970760233917,US,0.49122807017543857,0,Key‐Sun Choi,KR
https://openalex.org/A5019780560,36,3,9,1.6958654450774613,0.24382716049382713,US,0.3333333333333333,0.4666666666666667,Marelie H. Davel,IN;ZA
https://openalex.org/A5062363345,10,3,6,1.6957425341696346,0.2,US,0.3,0.6,Jan Odijk,NL
https://openalex.org/A5057600294,86,5,18,1.6954831434905238,0.38020551649540285,US,0.6046511627906976,0.8870967741935484,Bertram Ludäscher,US
https://openalex.org/A5000734437,42,4,9,1.6949576567115545,0.24716553287981857,JP,0.38095238095238093,0.45714285714285713,Tetsuro Sasada,JP
https://openalex.org/A5026850687,64,6,12,1.6940471451570027,0.302734375,US,0.515625,0.26785714285714285,Béatrice Daille,FR
https://openalex.org/A5045407805,13,3,7,1.69240886298655,0.23076923076923078,US,0.38461538461538464,0.09090909090909091,Verena Lyding,IT
https://openalex.org/A5002283728,51,4,12,1.6921674080531934,0.31410995770857364,US,0.5294117647058824,0.6585365853658537,Collin F. Baker,US
https://openalex.org/A5004179234,65,11,13,1.6917567495055035,0.3221301775147929,US,0.5384615384615384,0.6140350877192983,Roopika Risam,US
https://openalex.org/A5070855105,44,4,10,1.690371441762343,0.253099173553719,US,0.36363636363636365,0.3783783783783784,James Baker,GB
https://openalex.org/A5074839699,139,3,20,1.6891340506645034,0.3803633352310957,US,0.60431654676259,0.8958333333333334,Michael J. Collins,US
https://openalex.org/A5042827302,46,4,15,1.6890527159367628,0.36389413988657854,US,0.5869565217391305,0.7297297297297297,Trevor Owens,US
https://openalex.org/A5023098725,23,3,9,1.6873063982603875,0.277882797731569,IT,0.4782608695652174,0.5,Carlo Bianchini,IT
https://openalex.org/A5035847124,38,5,12,1.6859472159422892,0.3310249307479225,US,0.5526315789473685,0.6470588235294118,Clayton McCarl,US
https://openalex.org/A5050345737,42,4,11,1.6850931721258617,0.30952380952380953,US,0.5238095238095238,0.6470588235294118,Stephen Tratz,US
https://openalex.org/A5009053854,67,4,7,1.6849252604175906,0.21719759411895745,GB,0.3582089552238806,0.5192307692307693,Cristina Marras,IT
https://openalex.org/A5058212934,97,3,19,1.6824140791713633,0.39483473270273145,US,0.6185567010309279,0.8,David Bamman,US
https://openalex.org/A5102252584,23,3,7,1.6809500969269267,0.22495274102079393,US,0.34782608695652173,0.375,Felix Sasaki,DE;JP
https://openalex.org/A5087088138,185,5,20,1.6781413122270064,0.342118334550767,US,0.5513513513513514,0.740506329113924,Dan Jurafsky,US
https://openalex.org/A5023469057,228,16,21,1.677285368957881,0.35914896891351183,US,0.5745614035087719,0.8486486486486486,Renate Fruchter,US
https://openalex.org/A5018138946,26,3,10,1.677108626560971,0.3165680473372781,US,0.5384615384615384,0.1,Anders Søgaard,DK
https://openalex.org/A5019427964,12,3,6,1.6762349391347307,0.20833333333333331,US,0.3333333333333333,0,Xia Cuijuan,CN
https://openalex.org/A5046092248,17,4,7,1.6749900127837865,0.23875432525951557,IT,0.4117647058823529,0.5384615384615384,Francesca Malagnini,IT
https://openalex.org/A5058137519,14,3,7,1.6731183626432506,0.24489795918367344,US,0.42857142857142855,0.23076923076923078,Tarrin Wills,GB
https://openalex.org/A5076711268,14,3,6,1.6731183626432506,0.2040816326530612,GB,0.2857142857142857,0.23076923076923078,Carlo Caccia,IT
https://openalex.org/A5079181337,38,3,10,1.672510751498511,0.2936288088642659,US,0.5,0.17142857142857143,Yann Ryan,GB
https://openalex.org/A5020610681,117,4,16,1.6700467971004522,0.373657681349989,US,0.5982905982905983,0.7142857142857143,Mat Kelly,US
https://openalex.org/A5023397694,62,8,11,1.668807064279734,0.26638917793964617,DE,0.3709677419354839,0.4339622641509434,André Blessing,DE
https://openalex.org/A5061931124,14,4,7,1.6681739719973967,0.2346938775510204,US,0.35714285714285715,0.36363636363636365,Mamoru Komachi,JP
https://openalex.org/A5103969452,14,3,6,1.6681739719973967,0.21428571428571427,US,0.35714285714285715,0.25,Sussi Olsen,DK
https://openalex.org/A5042758182,59,3,13,1.6680380540911224,0.33869577707555293,US,0.559322033898305,0.6,Ann Heylighen,BE
https://openalex.org/A5015791051,23,3,9,1.6669547487418113,0.2703213610586011,IT,0.43478260869565216,0.47619047619047616,Federico Valacchi,IT
https://openalex.org/A5048682514,58,3,12,1.6654238435129383,0.3323424494649227,US,0.5517241379310345,0.6923076923076923,Diane Litman,US
https://openalex.org/A5013030842,23,4,7,1.6619882878230372,0.23629489603024575,US,0.391304347826087,0.11764705882352941,Jorge Vivaldi,ES
https://openalex.org/A5089511165,27,3,7,1.6614628626416692,0.2400548696844993,SE,0.4074074074074074,0.23809523809523808,Franco Pauletto,ES
https://openalex.org/A5109432004,21,3,8,1.659080698762253,0.27437641723356004,US,0.47619047619047616,0.14285714285714285,Seung Won Hwang,KR
https://openalex.org/A5087449310,37,3,9,1.6578381625231724,0.2534696859021184,US,0.40540540540540543,0.2857142857142857,Václav Cvrček,CZ
https://openalex.org/A5108471155,19,4,8,1.6572204305795883,0.27423822714681434,US,0.47368421052631576,0.125,Nick Campbell,IE
https://openalex.org/A5006527903,34,3,9,1.6559108910054323,0.24740484429065748,JP,0.35294117647058826,0.37037037037037035,Inderjeet Mani,US
https://openalex.org/A5076843516,24,3,7,1.6533036803630117,0.2361111111111111,US,0.375,0.3157894736842105,Sam Pepler,GB
https://openalex.org/A5035003789,29,3,8,1.6531821273695837,0.262782401902497,GB,0.4482758620689655,0.6190476190476191,Warren Maguire,GB
https://openalex.org/A5045037642,96,3,16,1.651884258520128,0.38129340277777773,US,0.6041666666666666,0.7126436781609196,Julia Hirschberg,US
https://openalex.org/A5019023497,28,4,8,1.6462300366681009,0.27040816326530615,US,0.4642857142857143,0,Younggyun Hahm,KR
https://openalex.org/A5042704546,17,3,7,1.6459168300174678,0.2387543252595156,JP,0.35294117647058826,0.4,Takayuki Shiose,JP
https://openalex.org/A5101498764,17,3,7,1.6459168300174678,0.2387543252595156,JP,0.35294117647058826,0.4,Hiroshi Kawakami,JP
https://openalex.org/A5014662947,138,3,18,1.644632711592086,0.39371980676328494,US,0.6159420289855072,0.7899159663865546,Furu Wei,GB;US
https://openalex.org/A5066811166,11,3,6,1.6417347121875212,0.2231404958677686,IT,0.36363636363636365,0.5,Maria Vittoria Dell’Anna,IT
https://openalex.org/A5025254950,25,4,7,1.6402831117619097,0.2384,US,0.36,0.35,Axel Bruns,AU
https://openalex.org/A5079244060,69,23,13,1.639528093299147,0.3182104599873976,GB,0.5072463768115942,0.5555555555555556,Karamjit S. Gill,GB
https://openalex.org/A5041627156,51,5,13,1.6387793317715285,0.3648596693579393,US,0.5882352941176471,0.09302325581395349,Johannes Hellrich,DE
https://openalex.org/A5057048945,18,5,8,1.637726762436956,0.29012345679012347,US,0.5,0.13333333333333333,Emilio Rebecchi,IT
https://openalex.org/A5041691163,20,3,8,1.6364955728889845,0.29000000000000004,US,0.5,0.13333333333333333,Christian Wachter,DE
https://openalex.org/A5026514658,48,5,11,1.636220405224576,0.2934027777777778,US,0.4791666666666667,0.8181818181818182,Teresa Dobson,CA
https://openalex.org/A5015094039,13,3,7,1.6313454208085967,0.26627218934911245,US,0.46153846153846156,0,Ho‐Jin Choi,KR
https://openalex.org/A5031031799,13,3,7,1.6313454208085967,0.26627218934911245,US,0.46153846153846156,0,Chae-Gyun Lim,KR
https://openalex.org/A5037298191,13,3,6,1.6313454208085967,0.21893491124260359,CA,0.3076923076923077,0.2727272727272727,Paola Maria Carmela Italia,IT
https://openalex.org/A5111890705,13,3,7,1.6313454208085967,0.26627218934911245,US,0.46153846153846156,0.75,Robert Frederking,US
https://openalex.org/A5006191098,51,4,9,1.630493577698463,0.2764321414840446,US,0.45098039215686275,0.023255813953488372,Marie Flüh,DE
https://openalex.org/A5068978543,36,3,9,1.6295413036220325,0.25617283950617287,US,0.3888888888888889,0.5,Steven Bethard,US
https://openalex.org/A5034536236,55,4,14,1.6288343203072637,0.3771900826446281,US,0.6,0.023255813953488372,Pablo Gervás,ES
https://openalex.org/A5026873916,71,3,11,1.6286966728140038,0.2676056338028169,GB,0.352112676056338,0.390625,Ann Blandford,GB
https://openalex.org/A5042702924,53,5,11,1.6285183584508902,0.2830188679245283,US,0.4528301886792453,0.7021276595744681,Alan Galey,CA
https://openalex.org/A5063632614,43,3,12,1.628502907069301,0.34234721471065443,US,0.5581395348837209,0.6842105263157895,Jeffrey A. Rydberg-Cox,US
https://openalex.org/A5085491820,47,6,12,1.6269666465259864,0.3535536441828882,US,0.574468085106383,0.02857142857142857,Leonardo Campillos Llanos,FR
https://openalex.org/A5041559636,99,3,14,1.6265691329397194,0.3494541373329252,US,0.5656565656565656,0.46987951807228917,Adrià de Gispert,GB
https://openalex.org/A5011682416,17,3,7,1.6242225882334722,0.25259515570934254,US,0.4117647058823529,0.6666666666666666,Scott Weingart,US
https://openalex.org/A5086662281,25,5,8,1.6228760833325933,0.2704,US,0.44,0.2727272727272727,Menno van Zaanen,NL
https://openalex.org/A5016661742,42,5,10,1.6210179834320848,0.30045351473922904,US,0.5,0.1891891891891892,Stefan Evert,DE
https://openalex.org/A5038955014,53,5,9,1.6207244895129014,0.28088287646849414,US,0.4528301886792453,0.06818181818181818,Sybille Krämer,DE
https://openalex.org/A5018763993,78,6,12,1.6170632884225802,0.2905982905982906,US,0.44871794871794873,0.5074626865671642,Duška Rosenberg,GB
https://openalex.org/A5073056311,15,6,6,1.6170531525095537,0.22666666666666666,US,0.3333333333333333,0.3076923076923077,Massimo Negrotti,IT
https://openalex.org/A5035349970,41,5,12,1.6165634702118705,0.36347412254610345,US,0.5853658536585366,0.05555555555555555,Christa Womser‐Hacker,DE
https://openalex.org/A5058049725,15,3,7,1.6151195500604119,0.27111111111111114,US,0.4666666666666667,0.18181818181818182,Tanja Schultz,DE
https://openalex.org/A5087746014,89,3,17,1.615082878414691,0.379876278247696,US,0.5955056179775281,0.726027397260274,Rebekah Cummings,US
https://openalex.org/A5066183817,40,3,10,1.6137970997569473,0.31625000000000003,US,0.525,0.16216216216216217,Luisa Bentivogli,IT
https://openalex.org/A5049114201,47,3,11,1.6100767582639994,0.3526482571299231,US,0.574468085106383,0.05405405405405406,Robert Nelson,JP
https://openalex.org/A5012512008,36,3,7,1.6097078753429,0.23611111111111113,DE,0.3055555555555556,0.22580645161290322,Egoitz Laparra,ES
https://openalex.org/A5026719663,20,3,7,1.6080828090962647,0.265,US,0.45,0.17647058823529413,Ruifeng Xu,CN
https://openalex.org/A5075001284,25,3,9,1.6078432867642234,0.31200000000000006,US,0.52,0.05555555555555555,Sebastian Möller,DE
https://openalex.org/A5067101640,38,3,9,1.6015044592108962,0.27285318559556787,GB,0.39473684210526316,0.5454545454545454,Jon Oberlander,GB
https://openalex.org/A5081308684,79,4,14,1.600425687489836,0.3561929178016344,US,0.569620253164557,0.6521739130434783,Mark Sammons,US
https://openalex.org/A5005499870,54,4,13,1.5971773565508978,0.36008230452674894,US,0.5740740740740741,0.17073170731707318,Aurélie Névéol,FR
https://openalex.org/A5076490754,73,5,13,1.5967768116188117,0.34434227810095697,US,0.547945205479452,0.23880597014925373,Willard McCarty,GB
https://openalex.org/A5057377495,49,4,7,1.5962616063117538,0.26530612244897955,US,0.42857142857142855,0.09302325581395349,Janina Jacke,DE
https://openalex.org/A5066456246,14,4,6,1.59342423717389,0.2346938775510204,US,0.35714285714285715,0.2727272727272727,Takehito Utsuro,JP
https://openalex.org/A5081559083,19,3,8,1.5866263658937965,0.3130193905817174,US,0.5263157894736842,0.1875,Maria Moritz,DE
https://openalex.org/A5004384107,66,6,15,1.5848479643026256,0.40128558310376494,US,0.6212121212121212,0.7884615384615384,David Traum,US
https://openalex.org/A5004224082,38,3,8,1.5820938218252159,0.2617728531855955,US,0.3684210526315789,0.16129032258064516,José A. R. Fonollosa,ES
https://openalex.org/A5000531397,18,3,7,1.5810937501718236,0.2716049382716049,US,0.4444444444444444,0.26666666666666666,Hirotaka Kameko,JP
https://openalex.org/A5015531707,18,3,7,1.5810937501718236,0.2716049382716049,US,0.4444444444444444,0.6923076923076923,Ngoc Phuoc An Vo,FR
https://openalex.org/A5080202461,73,3,15,1.579211763382704,0.39763557890786266,US,0.6164383561643836,0.05357142857142857,Melvin Chen,GB;SG
https://openalex.org/A5009475449,22,3,6,1.577489420011312,0.24793388429752067,DE,0.4090909090909091,0.5294117647058824,Maxim Sidorov,DE
https://openalex.org/A5018688029,30,3,8,1.5766517760972298,0.3,US,0.5,0.2,Emmanuel Morin,FR
https://openalex.org/A5015092872,37,3,10,1.5745034933584847,0.3323593864134405,US,0.5405405405405406,0.0625,Jennifer O’Mahoney,IE
https://openalex.org/A5073505036,14,3,6,1.5691529462031188,0.24489795918367346,US,0.35714285714285715,0.4166666666666667,Tomek Strzalkowski,US
https://openalex.org/A5087311312,25,4,7,1.5674243088877977,0.2736,GB,0.44,0.5,Anne Inga Hilsen,NO
https://openalex.org/A5063975847,22,3,7,1.5659178968660337,0.2603305785123967,US,0.36363636363636365,0.4117647058823529,Andreas Eisele,DE
https://openalex.org/A5075335677,38,5,10,1.5651258757987205,0.3587257617728532,US,0.5789473684210527,0.6176470588235294,Stefan Τh. Gries,DK
https://openalex.org/A5038978211,17,3,6,1.5626639830847018,0.25259515570934254,US,0.4117647058823529,0.25,Hannu Salmi,FI
https://openalex.org/A5057386453,65,3,12,1.560090474004771,0.3562130177514793,US,0.5692307692307692,0.7321428571428571,Mark Hepple,GB
https://openalex.org/A5042670150,52,3,11,1.5598942946983871,0.3136094674556213,US,0.4807692307692308,0.675,Sharon Farnel,CA
https://openalex.org/A5038603050,19,3,8,1.5590869899061888,0.31855955678670356,US,0.5263157894736842,0.7142857142857143,Lucy Vanderwende,GB;US
https://openalex.org/A5064876801,47,4,10,1.5587402934931613,0.34178361249434136,US,0.5531914893617021,0.08108108108108109,Chloé Clavel,FR
https://openalex.org/A5042937911,15,4,6,1.5519014979437442,0.25333333333333335,US,0.4,0.3,Henk van den Heuvel,NL
https://openalex.org/A5040760480,16,3,6,1.5481155268740174,0.25,US,0.375,0.23076923076923078,Achim Stein,DE
https://openalex.org/A5070511738,40,3,11,1.547940594548958,0.38,US,0.6,0.7272727272727273,Claire Cardie,US
https://openalex.org/A5107337645,57,4,12,1.547254466342594,0.37888581101877494,US,0.5964912280701754,0.7446808510638298,Alan W. Black,US
https://openalex.org/A5113570494,22,4,8,1.5465986860485126,0.33057851239669417,FR,0.5454545454545454,0.7368421052631579,Dominique Labbé,FR
https://openalex.org/A5058838995,45,5,11,1.5446722857199213,0.3501234567901235,US,0.5555555555555556,0.08571428571428572,Stefan Ultes,GB
https://openalex.org/A5101425832,53,3,9,1.544097444409916,0.2858668565325739,JP,0.37735849056603776,0.4444444444444444,Hiroshi Ishiguro,JP
https://openalex.org/A5074318718,80,5,16,1.5427219383467394,0.42124999999999996,US,0.6375,0.75,Anna Neatrour,US
https://openalex.org/A5020556428,44,5,9,1.5424293662718362,0.33471074380165283,US,0.5454545454545454,0.7941176470588235,Loretta Auvil,US
https://openalex.org/A5004256995,16,3,6,1.5419764327628247,0.265625,US,0.4375,0.21428571428571427,Anna Braasch,DK
https://openalex.org/A5060644399,16,3,6,1.5419764327628247,0.265625,US,0.4375,0.25,Ryo Masumura,JP
https://openalex.org/A5079585875,145,9,21,1.5403439461425263,0.4416171224732461,US,0.6551724137931034,0.7886178861788617,Herbert Van de Sompel,US
https://openalex.org/A5053336792,11,4,6,1.540305825226517,0.2727272727272727,US,0.45454545454545453,0.375,Khalid Choukri,NL
https://openalex.org/A5048751530,31,7,8,1.5389029686528897,0.3132154006243496,US,0.5161290322580645,0.15384615384615385,Ernesto William De Luca,DE
https://openalex.org/A5008301697,30,4,7,1.5382675131893193,0.2666666666666667,US,0.4,0.20833333333333334,Johanna Barzen,DE
https://openalex.org/A5001019197,60,6,11,1.5380912195237741,0.34666666666666673,US,0.55,0.24489795918367346,Irina Temnikova,QA
https://openalex.org/A5109829072,21,3,7,1.5377034978212434,0.27437641723356004,ES,0.38095238095238093,0.6,Marí­a Teresa,ES
https://openalex.org/A5025110478,206,7,19,1.5360188257269376,0.40371382788198695,IR,0.616504854368932,0.7635135135135135,Mohammad Reza Mahmoudi,IR
https://openalex.org/A5100367846,32,3,9,1.5358298448120473,0.328125,US,0.53125,0.6206896551724138,James Lee,US
https://openalex.org/A5082574140,18,3,6,1.5325301285740827,0.2592592592592593,US,0.3888888888888889,0.16666666666666666,Mercè Lorente Casafont,ES
https://openalex.org/A5040513195,45,4,10,1.5323889745463248,0.3333333333333333,US,0.5333333333333333,0.20512820512820512,Manfred Pinkal,DE
https://openalex.org/A5021596300,34,3,10,1.5295189491982684,0.370242214532872,US,0.5882352941176471,0.7142857142857143,Nikhil Krishnaswamy,US
https://openalex.org/A5089679677,34,5,10,1.5295189491982684,0.370242214532872,US,0.5882352941176471,0.6333333333333333,Christopher W. Forstall,US
https://openalex.org/A5000619430,15,3,6,1.5292482930376912,0.26222222222222225,US,0.4,0.5714285714285714,Nicole Kong,US
https://openalex.org/A5073828706,176,3,21,1.5281573215881923,0.4597753099173553,US,0.6704545454545454,0.7919463087248322,Martin Klein,US
https://openalex.org/A5088134995,22,3,8,1.5263134732241077,0.3140495867768595,US,0.5,0.29411764705882354,Alicia Burga,ES
https://openalex.org/A5020070742,31,8,8,1.5261555496728811,0.2924037460978148,GB,0.41935483870967744,0.68,Alexander Ball,GB
https://openalex.org/A5041500492,43,3,9,1.5210792087041558,0.2979989183342347,US,0.46511627906976744,0.2777777777777778,Mary Anne Kennan,AU
https://openalex.org/A5087092493,72,6,14,1.5199763400356334,0.421682098765432,US,0.6388888888888888,0.8392857142857143,Claire Bonial,US
https://openalex.org/A5086088412,60,3,10,1.5196405177467949,0.3327777777777778,US,0.5333333333333333,0.375,Matthew Stone,NL;US
https://openalex.org/A5108558668,53,5,10,1.5190080974857856,0.30722677109291563,JP,0.39622641509433965,0.6818181818181818,Naohiro Matsumura,JP
https://openalex.org/A5029074659,43,3,12,1.5183555731009837,0.4094104921579232,US,0.627906976744186,0.7714285714285715,Kevin Seppi,US
https://openalex.org/A5054581569,27,5,8,1.5152637931933233,0.3415637860082305,FR,0.5555555555555556,0.7083333333333334,Cyril Labbé,FR
https://openalex.org/A5018243718,17,3,5,1.5136026783424539,0.2318339100346021,JP,0.29411764705882354,0.5,Hideki Mima,JP
https://openalex.org/A5065291136,18,3,6,1.5127633969661096,0.25925925925925924,GB,0.3333333333333333,0.375,Toine Pieters,NL
https://openalex.org/A5091596000,16,3,6,1.511086176073611,0.265625,GB,0.375,0.23076923076923078,Elena Pierazzo,FR
https://openalex.org/A5032571629,127,3,13,1.5093538936866158,0.3724347448694897,US,0.5748031496062992,0.87,Ani Nenkova,US
https://openalex.org/A5031797634,27,4,6,1.5086597717181076,0.289437585733882,FI,0.48148148148148145,0.52,Erkki Heino,FI
https://openalex.org/A5022844634,32,3,8,1.5074570957263542,0.314453125,US,0.5,0.6153846153846154,Mehdi Manshadi,US
https://openalex.org/A5040828522,25,4,6,1.5056807783600583,0.2576,NL,0.36,0.4090909090909091,Pim Huijnen,NL
https://openalex.org/A5061828516,11,3,5,1.499030672979008,0.23966942148760328,CZ,0.2727272727272727,0.6,Alexandr Rosen,CZ
https://openalex.org/A5091506712,10,3,6,1.4978661367769954,0.3,US,0.5,0.42857142857142855,Natasha Simons,AT;GB;US
https://openalex.org/A5059946729,46,3,11,1.4962262301276104,0.37712665406427226,US,0.5869565217391305,0.75,Philip Resnik,US
https://openalex.org/A5060170090,63,3,11,1.4955267510895855,0.38674729150919623,US,0.6031746031746031,0.10714285714285714,Michael Wiegand,AT
https://openalex.org/A5027991610,39,3,11,1.494560156512466,0.3990795529257068,US,0.6153846153846154,0.8275862068965517,Lyudmila Balakireva,US
https://openalex.org/A5018887199,15,3,5,1.494365083453388,0.25333333333333335,US,0.4,0.23076923076923078,Vangelis Karkaletsis,GR
https://openalex.org/A5010602808,64,3,11,1.494235485363145,0.31591796875,US,0.421875,0.7115384615384616,Jean Carletta,GB
https://openalex.org/A5017227697,35,3,11,1.4935818598539101,0.41061224489795917,US,0.6285714285714286,0.3870967741935484,Chak Yan Yeung,HK
https://openalex.org/A5110688695,38,4,10,1.4921630146871474,0.3698060941828255,US,0.5789473684210527,0.2647058823529412,Louise Guthrie,GB
https://openalex.org/A5075985782,43,5,10,1.4916430113002228,0.3564088696592753,GB,0.5581395348837209,0.6,Christopher Donaldson,GB
https://openalex.org/A5109811961,35,3,6,1.490980867687273,0.2587755102040816,GB,0.34285714285714286,0.6666666666666666,Jim Clifford,CA
https://openalex.org/A5112959617,35,3,6,1.490980867687273,0.2587755102040816,GB,0.34285714285714286,0.6666666666666666,Colin M. Coates,CA
https://openalex.org/A5006595915,62,3,11,1.4896272963595014,0.33350676378772115,GB,0.4838709677419355,0.5555555555555556,Huma Shah,GB
https://openalex.org/A5013447033,62,3,11,1.4896272963595014,0.33350676378772115,GB,0.4838709677419355,0.5555555555555556,Kevin Warwick,GB
https://openalex.org/A5044729983,69,3,13,1.4883457481157958,0.40978785969334175,US,0.6231884057971014,0.7413793103448276,Line Pouchard,US
https://openalex.org/A5004243939,39,4,10,1.4880311908561805,0.37672583826429984,US,0.5897435897435898,0.696969696969697,Javed Mostafa,US
https://openalex.org/A5052956256,36,4,10,1.4874729961436948,0.39351851851851855,US,0.6111111111111112,0.7586206896551724,Teruko Mitamura,US
https://openalex.org/A5041206900,42,4,8,1.4872250539685077,0.30498866213151926,US,0.42857142857142855,0.8125,Gabriel Egan,GB
https://openalex.org/A5090002679,59,4,11,1.4855755805834288,0.36857224935363403,US,0.576271186440678,0.7083333333333334,James F. Allen,US
https://openalex.org/A5016256545,166,6,25,1.4806282879615256,0.49484685730875316,US,0.6987951807228916,0.8226950354609929,Oksana L. Zavalina,US
https://openalex.org/A5005020376,104,4,16,1.4787942356845432,0.44138313609467456,US,0.6538461538461539,0.7555555555555555,Daniel Marcu,US
https://openalex.org/A5002852096,81,7,13,1.4787844622424509,0.4150281969212011,US,0.6296296296296297,0.3088235294117647,Mark Alfano,NL
https://openalex.org/A5088513557,17,4,6,1.4770454048398876,0.28027681660899656,DE,0.4117647058823529,0.8,Thomas Eckart,DE
https://openalex.org/A5038581447,100,9,15,1.4770348069673218,0.44680000000000003,US,0.66,0.825,Mona Diab,US
https://openalex.org/A5056069205,28,5,8,1.4763552442927759,0.336734693877551,US,0.5357142857142857,0.20833333333333334,John Bradley,GB
https://openalex.org/A5039494956,45,3,9,1.4761413849211895,0.31160493827160496,GB,0.4,0.4186046511627907,Getaneh Alemu,GB
https://openalex.org/A5025919093,33,4,11,1.475066351938248,0.4196510560146924,US,0.6363636363636364,0.6774193548387096,Arjun Sabharwal,US
https://openalex.org/A5062594450,12,6,6,1.4735023850806486,0.3055555555555556,US,0.5,0.5454545454545454,H. Frank Cervone,US
https://openalex.org/A5065571629,12,3,6,1.4735023850806486,0.3055555555555556,GB,0.5,0.2,Xavier Rubio‐Campillo,ES
https://openalex.org/A5103197007,36,3,9,1.4665639459303401,0.3533950617283951,US,0.5555555555555556,0.1875,Jaap Verheul,NL
https://openalex.org/A5051313364,48,5,11,1.4637204486688749,0.4097222222222222,US,0.625,0.7692307692307693,Ron Artstein,US
https://openalex.org/A5046292035,34,4,9,1.4633618733607614,0.37543252595155713,US,0.5882352941176471,0.7407407407407407,Paul McNamee,US
https://openalex.org/A5019505971,15,3,5,1.459481873869085,0.26222222222222225,US,0.4,0.23076923076923078,Hannah Kermes,DE
https://openalex.org/A5034831664,63,3,10,1.4558082488736188,0.32275132275132273,GB,0.4126984126984127,0.5416666666666666,Thomas Lansdall-Welfare,GB
https://openalex.org/A5103231149,63,3,10,1.4558082488736188,0.32275132275132273,GB,0.4126984126984127,0.5416666666666666,Nello Cristianini,GB
https://openalex.org/A5055314556,15,3,6,1.454867109266288,0.2888888888888889,GB,0.4,0.42857142857142855,Sean Wallis,GB
https://openalex.org/A5113752069,22,8,8,1.4493638002110543,0.37603305785123975,US,0.5909090909090909,0.65,Robert Fox,US
https://openalex.org/A5001294898,78,3,14,1.4492429686537311,0.45529257067718604,US,0.6666666666666666,0.7647058823529411,C. Lee Giles,US
https://openalex.org/A5052428595,23,3,8,1.4446455597778654,0.36105860113421545,US,0.5652173913043478,0,Gerald Penn,CA
https://openalex.org/A5078797277,24,4,8,1.4435149202755355,0.37152777777777785,US,0.5833333333333334,0.7272727272727273,María Esteva,US
https://openalex.org/A5014924576,25,3,7,1.4428149223090958,0.35040000000000004,US,0.56,0.3333333333333333,Hėctor Martínez Alonso,FR
https://openalex.org/A5061592220,18,3,6,1.4420930769667715,0.2962962962962963,JP,0.4444444444444444,0.5714285714285714,Hideki Ogura,JP
https://openalex.org/A5026971062,45,3,8,1.4315434195154977,0.3076543209876543,US,0.4444444444444444,0.47368421052631576,Alan Dix,GB
https://openalex.org/A5012193392,38,4,9,1.430577202051783,0.3601108033240998,US,0.5526315789473685,0.24242424242424243,Margot Mieskes,DE
https://openalex.org/A5102942927,45,3,6,1.430280301911093,0.3066666666666667,US,0.4666666666666667,0,Jan Horstmann,DE
https://openalex.org/A5113436361,29,5,8,1.4295121128058506,0.32223543400713434,GB,0.41379310344827586,0.2222222222222222,Matthew Spencer,CA;GB
https://openalex.org/A5062221063,28,4,7,1.426844731395637,0.33928571428571425,US,0.5357142857142857,0.6521739130434783,Kevin Bretonnel Cohen,US
https://openalex.org/A5109845830,45,4,10,1.4231487140631134,0.3807407407407407,US,0.5777777777777777,0.6341463414634146,Branimir Boguraev,US
https://openalex.org/A5070135550,68,3,13,1.4201985344791292,0.43728373702422146,US,0.6470588235294118,0.7857142857142857,Rebecca Hwa,US
https://openalex.org/A5101416492,64,3,15,1.4191118614395564,0.48095703125,US,0.6875,0.7857142857142857,Seungwon Yang,US
https://openalex.org/A5074151321,46,4,6,1.415485717459611,0.31379962192816635,US,0.4782608695652174,0,Mareike Schumacher,DE
https://openalex.org/A5047002517,38,4,7,1.4149858964516122,0.3490304709141275,US,0.5526315789473685,0.25925925925925924,Cyril Grouin,FR
https://openalex.org/A5027603954,15,3,6,1.4141754640569788,0.3333333333333333,US,0.5333333333333333,0.16666666666666666,Roald Eiselen,ZA
https://openalex.org/A5101990072,47,3,7,1.4139056081245245,0.3110004526935265,US,0.425531914893617,0.6388888888888888,Adam Hammond,US
https://openalex.org/A5086169433,33,3,8,1.4130027196009132,0.39210284664830125,US,0.6060606060606061,0.6666666666666666,Teressa Keenan,US
https://openalex.org/A5102868325,152,8,12,1.412740171451645,0.38928324099722994,US,0.5855263157894737,0.7890625,Marilyn Walker,US
https://openalex.org/A5041082969,35,4,9,1.4045481294789361,0.3926530612244898,US,0.6,0.65625,Allison R. B. Tyler,US
https://openalex.org/A5008875255,74,5,11,1.4022631333976625,0.4236669101533966,US,0.6351351351351351,0.10606060606060606,Dietrich Klakow,DE
https://openalex.org/A5112241147,124,4,12,1.4015358481208176,0.33415712799167535,JP,0.49193548387096775,0.8352941176470589,Jun’ichi Tsujii,GB;JP
https://openalex.org/A5015140593,18,3,5,1.397991702060472,0.2901234567901234,US,0.4444444444444444,0.16666666666666666,David Lukeš,CZ
https://openalex.org/A5070976638,17,3,5,1.395498677715188,0.28719723183391005,DE,0.4117647058823529,0.5833333333333334,Rafael Friesen,DE
https://openalex.org/A5056609831,15,3,7,1.3897154547004784,0.38666666666666666,US,0.6,0.08333333333333333,A.P.C. Swanenberg,NL
https://openalex.org/A5039457717,22,3,5,1.3884492798585997,0.28512396694214875,US,0.4090909090909091,0,Itay Marienberg-Milikowsky,DE
https://openalex.org/A5111445254,18,4,5,1.3823430589519812,0.29012345679012347,DE,0.3888888888888889,0.5384615384615384,Dietmar Rösner,DE
https://openalex.org/A5021040346,18,4,6,1.3801087571572688,0.35185185185185186,US,0.5555555555555556,0.42857142857142855,Anne-Kathrin Schumann,DE
https://openalex.org/A5085919087,81,3,12,1.3796111403073616,0.44520652339582384,US,0.654320987654321,0.8412698412698413,Lauren Klein,US
https://openalex.org/A5007852841,15,4,6,1.3792922544726758,0.3422222222222222,US,0.5333333333333333,0.25,Markéta Lopatková,CZ
https://openalex.org/A5065837860,113,5,14,1.37594409269912,0.45117080429164386,US,0.6548672566371682,0.7956989247311828,Deborah A. Garwood,US
https://openalex.org/A5083339034,20,4,5,1.3747764025076898,0.27999999999999997,US,0.35,0.3333333333333333,Hans Chr. Garmann Johnsen,NO
https://openalex.org/A5039878306,33,3,8,1.3709937995669772,0.3976124885215795,US,0.6060606060606061,0.07407407407407407,Stefan Gelfgren,SE
https://openalex.org/A5111458384,16,3,5,1.3686896376228384,0.296875,US,0.4375,0.26666666666666666,Maria Teresa Pazienza,IT
https://openalex.org/A5010513947,19,3,6,1.3677377825590769,0.34072022160664817,US,0.5263157894736842,0.2222222222222222,Anna-Maria Sichani,GR
https://openalex.org/A5031756120,31,3,8,1.364195500658721,0.3839750260145682,US,0.5806451612903226,0.75,Devan Ray Donaldson,US
https://openalex.org/A5054590402,49,3,9,1.3639620255502494,0.4227405247813411,US,0.6326530612244898,0.7560975609756098,Isabel Trancoso,PT
https://openalex.org/A5049740369,24,3,7,1.363950649238684,0.37847222222222227,US,0.5833333333333334,0.5789473684210527,Richard Jean So,CA
https://openalex.org/A5075145274,30,3,6,1.362077519478162,0.3288888888888889,US,0.5,0.6818181818181818,Kris Liu,US
https://openalex.org/A5050719415,69,5,10,1.3591634786236286,0.39550514597773573,US,0.5942028985507246,0.24193548387096775,Yorick Wilks,GB
https://openalex.org/A5046253004,30,4,7,1.3548322451161752,0.3911111111111111,US,0.6,0.68,Francesca Bonin,US
https://openalex.org/A5043608616,39,4,6,1.3539892527417845,0.33464825772518075,US,0.5128205128205128,0.6666666666666666,Jean E. Fox Tree,US
https://openalex.org/A5027991405,21,3,5,1.353927191055829,0.31065759637188206,US,0.47619047619047616,0.5,James Yékú,US
https://openalex.org/A5085863498,14,3,6,1.351783994289646,0.36734693877551017,DE,0.5714285714285714,0.8888888888888888,Evelyn Gius,DE
https://openalex.org/A5113453542,18,3,6,1.351039415837016,0.3580246913580247,US,0.5555555555555556,0.3333333333333333,Marc El-Bèze,FR
https://openalex.org/A5087916044,37,5,7,1.350044324502953,0.3484295105916727,US,0.5135135135135135,0.08108108108108109,Rajakishore Nath,IN
https://openalex.org/A5038638955,24,3,8,1.3481959185755505,0.4166666666666667,US,0.625,0.7142857142857143,Matthew Wilkens,US
https://openalex.org/A5041651499,20,3,6,1.3473061869144543,0.35500000000000004,CZ,0.55,0.6111111111111112,Pavel Rychlý,CZ
https://openalex.org/A5045001481,31,3,7,1.3465696245975467,0.3381893860561915,US,0.45161290322580644,0.4074074074074074,Ying Yuan,CN
https://openalex.org/A5102883534,23,3,6,1.3458461191625917,0.34215500945179583,US,0.5217391304347826,0.23809523809523808,Alessandra Zarcone,DE
https://openalex.org/A5049405285,17,3,6,1.343789894614714,0.3494809688581315,US,0.5294117647058824,0.25,Michael Oakes,GB
https://openalex.org/A5074033688,25,4,5,1.343178396457618,0.28640000000000004,NO,0.32,0.34782608695652173,Roger Normann,NO
https://openalex.org/A5000140583,35,3,6,1.3409698247450268,0.3387755102040816,US,0.5142857142857142,0.27586206896551724,Hamish Cunningham,GB
https://openalex.org/A5017915354,28,4,5,1.3391071172869515,0.3112244897959184,FI,0.4642857142857143,0.5,Ilkka Jokipii,FI
https://openalex.org/A5109351552,55,3,10,1.3364319578506425,0.4314049586776859,US,0.6363636363636364,0.19148936170212766,C. Brew,US
https://openalex.org/A5037631051,28,3,6,1.336063382844285,0.3316326530612245,GB,0.4642857142857143,0.6842105263157895,Philip Murgatroyd,GB
https://openalex.org/A5018005705,17,3,5,1.334592953237241,0.314878892733564,US,0.47058823529411764,0.8,Elizabeth Willson Gordon,US
https://openalex.org/A5024826132,17,3,5,1.334592953237241,0.314878892733564,US,0.47058823529411764,0.8,Alice Staveley,US
https://openalex.org/A5028543064,17,3,5,1.334592953237241,0.314878892733564,US,0.47058823529411764,0.8,Helen Southworth,US
https://openalex.org/A5019879095,16,3,5,1.331660286822432,0.3125,US,0.4375,0.38461538461538464,Xabier Artola Zubillaga,ES
https://openalex.org/A5013593821,20,3,8,1.328515191203992,0.44000000000000006,US,0.65,0.8125,Mark Algee‐Hewitt,US
https://openalex.org/A5025118242,44,5,8,1.317122264435886,0.4287190082644628,US,0.6363636363636364,0.08333333333333333,Anne‐Laure Ligozat,FR
https://openalex.org/A5110322074,28,5,7,1.3149761881868105,0.40306122448979587,US,0.6071428571428571,0.7083333333333334,Stéfan Sinclair,CA
https://openalex.org/A5056239978,47,6,11,1.3023909378786727,0.4784970574920779,US,0.6808510638297872,0.75,Christiane Fellbaum,US
https://openalex.org/A5036270568,22,4,6,1.2995530335744938,0.38842975206611574,US,0.5909090909090909,0.7647058823529411,James Mayfield,US
https://openalex.org/A5059270696,15,3,6,1.297295830625819,0.39555555555555555,US,0.6,0.6428571428571429,Luís Meneses,CA
https://openalex.org/A5023750515,73,5,11,1.296517253034613,0.4824544942765997,US,0.684931506849315,0.847457627118644,Emily M. Bender,US
https://openalex.org/A5029977781,11,4,5,1.294545165844896,0.3553719008264462,US,0.5454545454545454,0.2,Shigeki Matsubara,JP
https://openalex.org/A5004510221,25,7,9,1.2922907509099737,0.47520000000000007,US,0.68,0.8947368421052632,Stephanie Strassel,US
https://openalex.org/A5049782229,20,4,5,1.289921982609012,0.335,US,0.5,0.8333333333333334,Claire Battershill,CA
https://openalex.org/A5082314059,15,3,5,1.2868726303980162,0.3511111111111111,GB,0.5333333333333333,0.25,Kyle Dase,CA
https://openalex.org/A5026052516,193,9,15,1.2847944487227618,0.4827243684394212,US,0.6787564766839378,0.7797619047619048,Alex H. Poole,US
https://openalex.org/A5041834124,39,3,9,1.278221231891752,0.4635108481262327,US,0.6666666666666666,0.7222222222222222,Martin Chodorow,US
https://openalex.org/A5053950143,60,4,9,1.2782108953925695,0.42555555555555563,US,0.6166666666666667,0.7551020408163265,Stacy Kowalczyk,US
https://openalex.org/A5086362177,101,4,12,1.271731233520525,0.475345554357416,US,0.6732673267326733,0.7391304347826086,William Schuler,US
https://openalex.org/A5069007440,18,3,6,1.2709586066171725,0.40740740740740744,FR,0.6111111111111112,0.7333333333333333,Julien Longhi,FR;NL
https://openalex.org/A5010732266,13,3,5,1.2636256721237273,0.3609467455621302,US,0.5384615384615384,0.3,Václava Kettnerová,CZ
https://openalex.org/A5081749669,31,6,5,1.2574587971945679,0.32778355879292403,US,0.45161290322580644,0.36,Lynne Siemens,CA
https://openalex.org/A5053716967,41,4,7,1.2566045631955862,0.4312908982748364,US,0.6341463414634146,0.7647058823529411,Colin Allen,CN;US
https://openalex.org/A5050229964,35,3,5,1.2512701429568185,0.3518367346938775,US,0.5142857142857142,0,Hideki Nakayama,JP
https://openalex.org/A5014521968,23,3,7,1.2488271838085874,0.44801512287334594,US,0.6521739130434783,0.75,Simon Penny,US
https://openalex.org/A5006314068,81,3,11,1.2471889220827344,0.47142203932327387,US,0.6666666666666666,0.7297297297297297,Lane Schwartz,US
https://openalex.org/A5025394168,26,5,5,1.2435007435173986,0.36390532544378695,GB,0.5384615384615384,0.7727272727272727,Manjula Patel,GB
https://openalex.org/A5055258367,111,4,12,1.2425813987497567,0.44062981900819737,US,0.6216216216216216,0.8958333333333334,Barbara Di Eugenio,US
https://openalex.org/A5014177404,12,3,5,1.2342678660790767,0.38888888888888895,ES,0.5833333333333334,0.7777777777777778,José Antonio Barrera Vera,ES
https://openalex.org/A5021782089,10,3,5,1.2275294114572126,0.4,US,0.6,0.25,R.K. Gairola,AU
https://openalex.org/A5067610549,44,5,10,1.2268707946618147,0.5082644628099174,US,0.7045454545454546,0.8611111111111112,Jeremy Myntti,US
https://openalex.org/A5013639574,26,6,7,1.225528919710717,0.45266272189349116,US,0.6538461538461539,0.9444444444444444,Kalika Bali,US
https://openalex.org/A5111900696,35,3,6,1.2234337811134233,0.4073469387755102,US,0.6,0.1875,Stefan Thater,DE
https://openalex.org/A5085816136,31,3,6,1.2187078046962079,0.4172736732570239,US,0.6129032258064516,0.42857142857142855,Victoria Yaneva,GB
https://openalex.org/A5040938903,23,4,5,1.2143130643167008,0.3534971644612477,GB,0.43478260869565216,0.47619047619047616,Michael Day,GB
https://openalex.org/A5014682058,102,5,13,1.211641909547634,0.5144175317185699,US,0.7058823529411765,0.8181818181818182,Sanda M. Harabagiu,US
https://openalex.org/A5079066886,41,4,7,1.2009011998757524,0.4265318262938727,US,0.6097560975609756,0.24324324324324326,Constantin Orǎsan,GB
https://openalex.org/A5051906525,68,3,13,1.2003134287165989,0.5484429065743945,US,0.7352941176470589,0.847457627118644,Tamara Sumner,US
https://openalex.org/A5012007074,37,3,5,1.1911904431174511,0.36888239590942296,US,0.4864864864864865,0.8928571428571429,Santiago Segarra,US
https://openalex.org/A5078862959,37,3,5,1.1911904431174511,0.36888239590942296,US,0.4864864864864865,0.8928571428571429,Alejandro Ribeiro,US
https://openalex.org/A5091474691,37,3,5,1.1911904431174511,0.36888239590942296,US,0.4864864864864865,0.8928571428571429,Mark Eisen,US
https://openalex.org/A5010219468,54,5,9,1.1884623527967517,0.5089163237311386,US,0.7037037037037037,0.8666666666666667,Michael Wayne Goodman,US
https://openalex.org/A5027057380,15,3,4,1.1822230016451067,0.34222222222222226,DE,0.4,0.42857142857142855,Michael Cysouw,DE
https://openalex.org/A5040009333,37,6,8,1.1810427898065106,0.4813732651570489,US,0.6756756756756757,0.7941176470588235,Richard Marciano,US
https://openalex.org/A5006576404,13,3,5,1.1786549963416462,0.4201183431952663,US,0.6153846153846154,0.1,Francis Jeffry Pelletier,CA
https://openalex.org/A5034672538,18,3,5,1.1648729119013703,0.4197530864197531,US,0.6111111111111112,0.7857142857142857,Susanne Burger,US
https://openalex.org/A5004580149,20,4,6,1.1637233479037756,0.45500000000000007,US,0.65,0.7777777777777778,Ralph Grishman,US
https://openalex.org/A5060672408,24,3,5,1.1389488643790917,0.4340277777777778,US,0.625,0.9375,Beth Plale,US
https://openalex.org/A5101552848,24,3,5,1.1389488643790917,0.4340277777777778,US,0.625,0.9375,Zong Peng,US
https://openalex.org/A5032877157,44,4,8,1.1323507245854585,0.5134297520661157,US,0.7045454545454546,0.38461538461538464,Alan Akbik,DE
https://openalex.org/A5041208530,11,3,4,1.1209503926735833,0.38842975206611563,US,0.5454545454545454,0.09090909090909091,Kartikay Chadha,CA
https://openalex.org/A5110026645,11,3,4,1.1209503926735833,0.38842975206611563,US,0.5454545454545454,0.6666666666666666,Eduardo Urbina,US
https://openalex.org/A5091234228,37,3,7,1.1199657521598316,0.510591672753835,US,0.7027027027027027,0.7647058823529411,Krystyna K. Matusiak,US
https://openalex.org/A5061085243,13,3,4,1.1189688668816267,0.3727810650887574,US,0.46153846153846156,0.38461538461538464,Vera Moitinho de Almeida,ES
https://openalex.org/A5011522090,18,3,5,1.1169258998260736,0.4320987654320988,US,0.6111111111111112,0.6470588235294118,Francesca Giannetti,US
https://openalex.org/A5013290612,31,4,6,1.1097453771442418,0.46097814776274715,US,0.6451612903225806,0.9130434782608695,Jeroen Bekaert,BE;US
https://openalex.org/A5038194294,25,5,6,1.105005501825005,0.4880000000000001,US,0.68,0.7391304347826086,Alexis J. Miller,US
https://openalex.org/A5086469262,64,3,11,1.0969361664084243,0.55419921875,US,0.734375,0.8103448275862069,Hollie White,US
https://openalex.org/A5104024486,10,3,4,1.0888999753452238,0.42,US,0.6,0.7777777777777778,Keith J. Miller,US
https://openalex.org/A5044462851,19,3,5,1.0831728085382528,0.45152354570637115,US,0.631578947368421,0.375,Andréi Popescu-Belis,CH
https://openalex.org/A5077354752,18,3,5,1.0797346179130656,0.47530864197530864,US,0.6666666666666666,0.5714285714285714,Peter J. Cobb,CN;HK
https://openalex.org/A5009415079,38,3,7,1.076918750546485,0.5235457063711911,US,0.7105263157894737,0.3611111111111111,Hussein Suleman,ZA
https://openalex.org/A5026358123,12,3,4,1.0751393240053735,0.41666666666666674,US,0.5833333333333334,0.3,Johanka Spoustová,CZ
https://openalex.org/A5039033276,12,3,4,1.0751393240053735,0.41666666666666674,US,0.5833333333333334,0.3,Miroslav Spousta,CZ
https://openalex.org/A5067725558,22,3,7,1.074614291729384,0.5413223140495868,US,0.7272727272727273,0.8,Sheila Bair,US
https://openalex.org/A5030502995,41,3,7,1.0718795864747275,0.5002974419988103,US,0.6829268292682927,0.7567567567567568,Elizabeth Yakel,US
https://openalex.org/A5067289531,124,3,7,1.071120551048931,0.49401664932362116,IR,0.6774193548387096,0.7441860465116279,Kim-Hung Pho,VN
https://openalex.org/A5087287236,25,7,6,1.0704836531307913,0.4944000000000001,US,0.68,0.64,Tanya Clement,US
https://openalex.org/A5112131967,19,7,4,1.0596846673731528,0.4182825484764543,JP,0.5789473684210527,0.6470588235294118,Yasuharu Den,JP
https://openalex.org/A5009361768,42,4,8,1.0585736914432815,0.5566893424036281,US,0.7380952380952381,0.8611111111111112,Clare R. Voss,US
https://openalex.org/A5090195478,33,7,7,1.0433129203914828,0.5445362718089991,US,0.7272727272727273,0.20689655172413793,Pierre Zweigenbaum,FR
https://openalex.org/A5053120878,18,3,6,1.0379083330628327,0.537037037037037,FR,0.7222222222222222,0.6875,Hélène Prost,FR
https://openalex.org/A5078897660,18,3,6,1.0379083330628327,0.537037037037037,US,0.7222222222222222,0.0625,Dhouha Bouamor,FR
https://openalex.org/A5010279607,13,3,4,1.0317671113505356,0.44378698224852076,US,0.6153846153846154,0.23076923076923078,Hercules Dalianis,SE
https://openalex.org/A5039621382,59,3,9,1.0173554511298526,0.5708129847744902,US,0.7457627118644068,0.88,Rebecca J. Passonneau,US
https://openalex.org/A5062227648,55,3,8,1.0171054146796201,0.5689256198347108,US,0.7454545454545455,0.8541666666666666,Kevin S. Kiernan,US
https://openalex.org/A5069563399,14,3,5,0.9943536917623688,0.5306122448979592,US,0.7142857142857143,0,Jean-Guy Meunier,CA
https://openalex.org/A5054328654,25,3,4,0.9937390880265914,0.4464,US,0.6,0.6818181818181818,Anton Leuski,US
https://openalex.org/A5058847920,16,3,4,0.9868994488385301,0.4609375,US,0.625,0.15384615384615385,Juliana Miehle,DE
https://openalex.org/A5034613088,26,3,6,0.9796281737843014,0.5532544378698224,US,0.7307692307692307,0.8260869565217391,Neil Coffee,US
https://openalex.org/A5059209944,29,3,5,0.9759810232840529,0.5124851367419739,US,0.6896551724137931,0.17391304347826086,Louise Deléger,FR
https://openalex.org/A5112870321,32,3,5,0.9754338194526705,0.47265625,GB,0.625,0,M Bagavandas,IN
https://openalex.org/A5100764276,33,3,7,0.9580914254752879,0.5867768595041322,US,0.7575757575757576,0.8620689655172413,Zhiyi Zhang,US
https://openalex.org/A5008706150,28,3,6,0.9497916560883587,0.576530612244898,US,0.75,0.84,Kathryn Conger,US
https://openalex.org/A5014205123,36,3,6,0.9430739115016379,0.5771604938271605,US,0.75,0.9642857142857143,William D. Lewis,US
https://openalex.org/A5066404637,31,5,4,0.9273497463291308,0.44432882414151925,US,0.5161290322580645,0.43333333333333335,Asako Miura,JP
https://openalex.org/A5042661007,29,3,6,0.9267605646029317,0.5885850178359096,GB,0.7586206896551724,0.8214285714285714,Catherine Porter,GB
https://openalex.org/A5080702364,71,9,8,0.8991726233337914,0.5711168418964492,GB,0.7323943661971831,0.7647058823529411,Ian Gregory,GB
https://openalex.org/A5067401582,10,3,3,0.8979457248567798,0.45999999999999996,DE,0.6,0.3333333333333333,Silvia B. Southwick,US
https://openalex.org/A5078101516,10,3,3,0.8979457248567798,0.45999999999999996,US,0.6,0.6666666666666666,Matthew W. Wilson,US
https://openalex.org/A5079536241,10,3,3,0.8979457248567798,0.45999999999999996,GB,0.6,0,Christophe Magis,FR
https://openalex.org/A5003616734,40,3,6,0.8889099345259589,0.6112500000000001,US,0.775,0.8378378378378378,Anne R. Diekema,US
https://openalex.org/A5002696763,34,3,5,0.8823998489768117,0.5432525951557095,US,0.7058823529411765,1,Patrick Hochstenbach,BE
https://openalex.org/A5028971617,15,3,3,0.8823109245150755,0.4488888888888889,US,0.5333333333333333,0.6153846153846154,Bethany Nowviskie,US
https://openalex.org/A5086934220,34,3,7,0.868304943932727,0.6384083044982698,US,0.7941176470588235,0.9,David Mimno,US
https://openalex.org/A5030862603,74,7,9,0.8381130389104356,0.6643535427319212,US,0.8108108108108109,0.8695652173913043,Myung-Ja Han,US
https://openalex.org/A5111631801,12,3,4,0.8369882167858358,0.5833333333333334,US,0.75,0.75,George A. Miller,US
https://openalex.org/A5103355620,74,3,9,0.8310421180487525,0.664718772826881,US,0.8108108108108109,0.8695652173913043,Janyce Wiebe,US
https://openalex.org/A5015733070,19,4,4,0.8264053222918116,0.5734072022160664,IT,0.7368421052631579,0.7777777777777778,Davide Mastrantonio,IT
https://openalex.org/A5039008492,16,4,4,0.8222653373287878,0.5859375,US,0.75,0.8571428571428571,Martha Evens,US
https://openalex.org/A5007295995,24,3,5,0.7892773734611849,0.6388888888888888,US,0.7916666666666666,0.9047619047619048,Dharma Akmon,US
https://openalex.org/A5036468321,20,3,5,0.777661295762166,0.6500000000000001,US,0.8,0.8888888888888888,Virginia Dressler,US
https://openalex.org/A5075314242,11,3,3,0.7595473914748635,0.5702479338842975,US,0.7272727272727273,0.7272727272727273,Paul T. Durbin,US
https://openalex.org/A5076154096,11,5,3,0.7595473914748635,0.5702479338842975,JP,0.7272727272727273,0.7272727272727273,Toshinobu Ogiso,JP
https://openalex.org/A5078379218,11,3,3,0.7595473914748635,0.5702479338842975,ES,0.7272727272727273,0.8,Francisco Sebastián Pinto Puerto,ES
https://openalex.org/A5016903177,14,3,4,0.7549967581308246,0.6326530612244897,US,0.7857142857142857,0.7857142857142857,Sylvia Fernández Quintanilla,US
https://openalex.org/A5052890005,36,3,5,0.7409158746579998,0.6604938271604939,US,0.8055555555555556,0.9666666666666667,Joshua Crowgey,US
https://openalex.org/A5100676786,36,3,5,0.7409158746579998,0.6604938271604939,US,0.8055555555555556,0.9666666666666667,Fei Xia,US
https://openalex.org/A5112302328,16,3,4,0.6885673693022826,0.671875,DK,0.8125,0.9285714285714286,René Víctor Valqui Vidal,DK
https://openalex.org/A5031546245,43,3,5,0.6643265141172918,0.7079502433747972,US,0.8372093023255814,0.9230769230769231,Amy Jackson,US
https://openalex.org/A5031860314,40,3,6,0.6568156491622019,0.7274999999999999,US,0.85,0.9722222222222222,Megan Senseney,US
https://openalex.org/A5016719744,31,3,5,0.656670935140681,0.7107180020811655,US,0.8387096774193549,0.9629629629629629,Timothy W. Cole,US
https://openalex.org/A5060724078,12,3,2,0.6365141682948128,0.5555555555555556,US,0.6666666666666666,0.6666666666666666,Nickoal Eichmann-Kalwara,US
https://openalex.org/A5006707661,14,3,3,0.509137344082687,0.7448979591836734,US,0.8571428571428571,0.9230769230769231,Xuansong Li,US
https://openalex.org/A5082669942,14,3,3,0.509137344082687,0.7448979591836734,US,0.8571428571428571,0.9230769230769231,Stephen Grimes,US
https://openalex.org/A5030964014,10,3,2,0.5004024235381879,0.6800000000000002,US,0.8,0,Shun Ishizaki,JP
https://openalex.org/A5101601810,10,3,2,0.5004024235381879,0.6800000000000002,US,0.8,0,Jun Okamoto,JP
https://openalex.org/A5025999439,27,5,4,0.4709001279172663,0.794238683127572,US,0.8888888888888888,0.8888888888888888,Ann Bies,US
https://openalex.org/A5053026044,20,3,3,0.39439769144744274,0.8150000000000001,US,0.9,0.9,Mohamed Maamouri,US
https://openalex.org/A5040646612,10,3,2,0.3250829733914482,0.8200000000000001,US,0.9,0.9,Andrew Weiss,US
https://openalex.org/A5077389466,11,3,2,0.30463609734923813,0.8347107438016528,US,0.9090909090909091,0.9090909090909091,Greg Janée,US
